{"type":"FeatureCollection","features":[{"type":"Feature","properties":{"code_muni":"3300100","name_muni":"Angra dos Reis","abbrev_state":"RJ"},"geometry":{"type":"MultiPolygon","coordinates":[[[[-44.39904362,-23.098570070999997],[-44.39918784300001,-23.099091709999996],[-44.399980831,-23.099801685999996],[-44.39904362,-23.098570070999997]]],[[[-44.410408176999994,-23.061694610999997],[-44.41017413899999,-23.063686956],[-44.41191462799999,-23.063906187],[-44.410408176999994,-23.061694610999997]]],[[[-44.407217333999995,-23.060872715000002],[-44.407363163,-23.059858570000003],[-44.406649066,-23.059743616000002],[-44.407217333999995,-23.060872715000002]]],[[[-44.405715918,-23.059060697],[-44.40625138099999,-23.059518317000002],[-44.40612614999999,-23.058948372],[-44.405715918,-23.059060697]]],[[[-44.412204947,-23.058911357999996],[-44.418416081,-23.061019979999998],[-44.419954713,-23.059099094999997],[-44.414723959999996,-23.056892243],[-44.412204947,-23.058911357999996]]],[[[-44.402235788999995,-23.054849496],[-44.4013978,-23.057221868999996],[-44.40387056699999,-23.058200049],[-44.404455661,-23.055098649],[-44.402235788999995,-23.054849496]]],[[[-44.412678367999995,-23.055779324999996],[-44.41207537,-23.055733555000003],[-44.412476032,-23.055984266999996],[-44.412678367999995,-23.055779324999996]]],[[[-44.420604364,-23.053608211999997],[-44.421158413,-23.05347302],[-44.42067565300001,-23.053212662999993],[-44.420604364,-23.053608211999997]]],[[[-44.481749935,-23.041179911999997],[-44.484550313999996,-23.044199152],[-44.488876575999996,-23.045536309999992],[-44.488196894999994,-23.046697961],[-44.491027392,-23.049097027],[-44.491490526,-23.052389518],[-44.492717931,-23.051803250999992],[-44.499063012,-23.054820380999995],[-44.50315059,-23.055035718999996],[-44.50355520499999,-23.052981263],[-44.499811543,-23.050126436999996],[-44.501892351,-23.04832394499999],[-44.497478469,-23.048136224],[-44.495295247,-23.046203123999994],[-44.493092832,-23.047012116],[-44.48451592,-23.040482607999994],[-44.482285707,-23.040108867000008],[-44.481749935,-23.041179911999997]]],[[[-44.399773687,-23.04645860200001],[-44.399292628999994,-23.046332010999997],[-44.399580033999996,-23.046667322],[-44.399773687,-23.04645860200001]]],[[[-44.399698160999996,-23.045353925999997],[-44.399357314999996,-23.045534454999995],[-44.399666727,-23.045626540999997],[-44.399698160999996,-23.045353925999997]]],[[[-44.492438223,-23.044156430999994],[-44.493347781,-23.044343736999995],[-44.49261554,-23.043594143000004],[-44.492438223,-23.044156430999994]]],[[[-44.515463438,-23.035865895999997],[-44.519178636,-23.038402578000003],[-44.520689690999994,-23.038517718],[-44.518998252,-23.036079907000005],[-44.515463438,-23.035865895999997]]],[[[-44.397187218999996,-23.035067838999996],[-44.398640831,-23.036778347],[-44.400586156,-23.036725880999995],[-44.400279411,-23.034915877000003],[-44.397187218999996,-23.035067838999996]]],[[[-44.411405855999995,-23.034780999999995],[-44.41281976,-23.035058798999998],[-44.412656659999996,-23.033471353999992],[-44.41191523799999,-23.033406935],[-44.411405855999995,-23.034780999999995]]],[[[-44.44479870399999,-23.029331289000005],[-44.44777277699999,-23.034328162],[-44.450062865,-23.034170258999996],[-44.446897308,-23.031052034999988],[-44.446402617,-23.028597970999996],[-44.44479870399999,-23.029331289000005]]],[[[-44.482723794,-23.031156546],[-44.480199167,-23.030251225999994],[-44.482946104,-23.031948895999996],[-44.482723794,-23.031156546]]],[[[-44.39921883499999,-23.026815818],[-44.401038602,-23.03182335799999],[-44.405187452999996,-23.032641741999996],[-44.40289966600001,-23.026575786999995],[-44.400967699,-23.025698321],[-44.39921883499999,-23.026815818]]],[[[-44.435640806,-23.026042055],[-44.436866778,-23.026180893],[-44.436703697999995,-23.024841285999994],[-44.436249577999995,-23.024844981],[-44.435640806,-23.026042055]]],[[[-44.426027045,-23.015395556],[-44.426096939,-23.01455774599999],[-44.425646755,-23.015251053],[-44.426027045,-23.015395556]]],[[[-44.422129749,-23.003708216],[-44.422773336999995,-23.003291701999995],[-44.42246462,-23.003097099],[-44.422129749,-23.003708216]]],[[[-44.43103768099999,-23.001773642],[-44.432154268,-23.003785262999997],[-44.432187324000004,-23.001852447999998],[-44.43103768099999,-23.001773642]]],[[[-44.42363756299999,-23.002194370999995],[-44.42347225299999,-23.002403962],[-44.42368919799999,-23.002382664999995],[-44.42363756299999,-23.002194370999995]]],[[[-44.422336701,-22.994301974999992],[-44.42216511800001,-22.995406394],[-44.423078796,-22.995352969],[-44.422336701,-22.994301974999992]]],[[[-44.408085731999996,-22.994004404],[-44.40542849700001,-22.994260802],[-44.40692904499999,-22.996899547000005],[-44.408127549999996,-22.994802577999998],[-44.410451884,-22.994290971000005],[-44.409036664000006,-22.992415377999993],[-44.408085731999996,-22.994004404]]],[[[-44.40020860199999,-22.993904361999995],[-44.400320746000006,-22.993445042999998],[-44.399691783,-22.993770055000002],[-44.40020860199999,-22.993904361999995]]],[[[-44.400604859,-22.990301481],[-44.40118039299999,-22.992841723999998],[-44.404376973,-22.991448593999998],[-44.402604748,-22.989837738999995],[-44.400604859,-22.990301481]]],[[[-44.414198591,-22.985345723],[-44.412247973999996,-22.990092734000008],[-44.408928219,-22.989921999999996],[-44.410383241,-22.992750234999992],[-44.413386736999996,-22.993550816999996],[-44.413491189,-22.989721178],[-44.41592547599999,-22.988775081999997],[-44.416760225,-22.986519761999993],[-44.414198591,-22.985345723]]],[[[-44.41108313099999,-22.984259360999996],[-44.413652174000006,-22.984502284999998],[-44.414082532,-22.984067244999995],[-44.41197379199999,-22.983474335],[-44.41108313099999,-22.984259360999996]]],[[[-44.40217664099999,-22.97618656199999],[-44.397814268,-22.977872658],[-44.39861912399999,-22.979576949],[-44.39520753,-22.979450102000005],[-44.398669359,-22.982129079000007],[-44.3991157,-22.984870702],[-44.40151672599999,-22.981644852999995],[-44.405248242,-22.985027225],[-44.407495874,-22.982077583000002],[-44.40667643799999,-22.97953581499999],[-44.404062526,-22.976849441999995],[-44.40217664099999,-22.97618656199999]]],[[[-44.407307983,-22.978053292999995],[-44.408170171,-22.978096018],[-44.407360911,-22.977845631999998],[-44.407307983,-22.978053292999995]]],[[[-44.430883017,-22.975082438],[-44.43265407,-22.974246313],[-44.430804091999995,-22.973999614999997],[-44.430883017,-22.975082438]]],[[[-44.41474740299999,-22.970291743999994],[-44.42114762599999,-22.973676455999996],[-44.423478472,-22.973938075999996],[-44.425324813,-22.972126658999994],[-44.424054213999995,-22.969388176999992],[-44.41916467,-22.969335534999995],[-44.416306541000004,-22.966887719999995],[-44.414338572,-22.968448628000008],[-44.41474740299999,-22.970291743999994]]],[[[-44.40660716899999,-22.963127408],[-44.408107201,-22.963255733999993],[-44.40873286499999,-22.96243847299999],[-44.40742277999999,-22.961926280999997],[-44.40660716899999,-22.963127408]]],[[[-44.400508983,-22.951547311],[-44.399009961999994,-22.95129442199999],[-44.400257239999995,-22.952579937],[-44.400508983,-22.951547311]]],[[[-44.320518006,-22.839914875999998],[-44.32106639399999,-22.847083765999997],[-44.323442377,-22.849825635000002],[-44.314448454,-22.842646],[-44.311532306,-22.843772592999997],[-44.309951977999994,-22.846619675],[-44.30553637,-22.847497195999996],[-44.30464255399999,-22.852440868000002],[-44.30205155099999,-22.854111184000004],[-44.296503677,-22.844905592999993],[-44.291758494,-22.842464945000003],[-44.287978298999995,-22.84220115400001],[-44.285340161,-22.843875503],[-44.28203487299999,-22.842013204999994],[-44.279973258,-22.845571863000004],[-44.275406935,-22.846505563999997],[-44.272089705,-22.845640008],[-44.266858826,-22.84886378699999],[-44.26088816899999,-22.847597047999997],[-44.248002025000005,-22.857171826],[-44.244635853999995,-22.868080769000002],[-44.24041557599999,-22.869183472999996],[-44.237671917,-22.872031168000003],[-44.234812340000005,-22.870380862999994],[-44.231524638,-22.871414769],[-44.23169532699999,-22.874339188],[-44.234056495999994,-22.876386572000005],[-44.237749881,-22.886226454999996],[-44.23685811599999,-22.897233341000007],[-44.241696878999996,-22.902336478999995],[-44.23822491799999,-22.904002742999996],[-44.23702986199999,-22.906764670000005],[-44.240887611999995,-22.910778523],[-44.24119705999999,-22.914768953],[-44.23161481099999,-22.920175437],[-44.223438533,-22.928872216],[-44.214977448999996,-22.931874012999995],[-44.20374633099999,-22.928936459],[-44.19259010599999,-22.928914223999993],[-44.187429445999996,-22.940679736000003],[-44.187655676,-22.951827921],[-44.183982796,-22.958801516],[-44.181865528,-22.967048822999992],[-44.17819705,-22.973007303999996],[-44.178861211000005,-22.980499527999992],[-44.17242478499999,-22.984165066000003],[-44.172377868,-22.988653473000003],[-44.168518875,-22.996206275],[-44.16769885899999,-23.003356049],[-44.16517395599999,-23.005002851],[-44.16297986499999,-23.009790127000002],[-44.16617934599999,-23.015251359999997],[-44.164787498,-23.025867149],[-44.16618524399999,-23.028603663],[-44.165660116999995,-23.033936807999993],[-44.17058637,-23.032840851000003],[-44.176745061999995,-23.037447905999997],[-44.176171842,-23.042403734999994],[-44.172067109,-23.043037909000002],[-44.17138682099999,-23.044660861],[-44.173693752999995,-23.048748990999997],[-44.17938245799999,-23.050391313999995],[-44.182344631999996,-23.045417004],[-44.18578588199999,-23.049768186],[-44.18477935399999,-23.052523659],[-44.189375002999995,-23.052066535000005],[-44.19162944899999,-23.054135762],[-44.194937775999996,-23.054424739999998],[-44.195983621,-23.047892334000004],[-44.192859987,-23.044008693000002],[-44.193880922999995,-23.041060814],[-44.201378145,-23.038312699],[-44.203797662,-23.039373710999993],[-44.202819602999995,-23.040471408],[-44.205507104999995,-23.043035598000003],[-44.20815018999999,-23.043112241999992],[-44.21925197699999,-23.049978788999997],[-44.22385551499999,-23.048807319999995],[-44.2302202,-23.053152538],[-44.233077853,-23.052920705999995],[-44.232642182,-23.054431757000003],[-44.23706802,-23.056533571000003],[-44.242667178,-23.054302464999996],[-44.24415435800001,-23.055141945],[-44.24373298399999,-23.052780395999992],[-44.245674130999994,-23.049532173],[-44.24752705699999,-23.048505594000005],[-44.250386055,-23.050394707999992],[-44.25043342199999,-23.048627999999994],[-44.247843211,-23.045008892],[-44.24534055699999,-23.045980088],[-44.24387505599999,-23.044270481999995],[-44.243331491999996,-23.040752971000007],[-44.24029091399999,-23.036299023],[-44.240250015,-23.033165852],[-44.23717780999999,-23.032934255999994],[-44.23605315499999,-23.031625711],[-44.23597938899999,-23.029352737],[-44.237733893,-23.028413910000005],[-44.236444633999994,-23.026112611000002],[-44.23323917999999,-23.026945460999997],[-44.231586037999996,-23.022470900000002],[-44.22923831999999,-23.021292135999992],[-44.227251130999996,-23.022483036999994],[-44.22563312,-23.021825839000005],[-44.22464762199999,-23.017825883000004],[-44.22254405499999,-23.01782100699999],[-44.220960898,-23.015962140999996],[-44.222114227,-23.012377727],[-44.22424122499999,-23.010686810999996],[-44.23054986999999,-23.014222493000002],[-44.23545467299999,-23.007682188],[-44.23892856599999,-23.007250922],[-44.23762081499999,-23.006073859999997],[-44.24136166499999,-23.001087798],[-44.245409519999995,-22.999540446999994],[-44.247650736,-23.001757940999997],[-44.24933740499999,-23.000576185],[-44.24935513199999,-22.997834215],[-44.252933678,-22.998526563],[-44.253720005,-23.001069200999993],[-44.256507414999994,-23.001787426],[-44.25875437999999,-23.006072975999995],[-44.261176408999994,-23.007237406],[-44.26270338599999,-23.006893776999995],[-44.26265423699999,-23.004056001],[-44.265686458999994,-23.001564291],[-44.273366627,-23.004022544999998],[-44.274836981,-23.005750432],[-44.27424465599999,-23.008373151999997],[-44.27996714799999,-23.014104461],[-44.277650605999995,-23.015926602999997],[-44.278002437000005,-23.017054139999995],[-44.281048391,-23.016962967],[-44.282073181,-23.015047156],[-44.284470354999996,-23.014582209],[-44.289625256,-23.018874108000002],[-44.29036451,-23.020812606000003],[-44.28904339399999,-23.021841740999996],[-44.290524097,-23.024490566],[-44.299007958,-23.026066955999998],[-44.306319023,-23.024001221],[-44.305849783999996,-23.022198856],[-44.303844254,-23.021598799999996],[-44.303888103,-23.016291140999996],[-44.29985164899999,-23.015619108],[-44.29707242199999,-23.009802443000005],[-44.297773281,-23.007247070000005],[-44.301088334000006,-23.005426805],[-44.300219065,-23.004204702],[-44.301909514,-23.004075529999998],[-44.302434659,-23.003445461],[-44.300256532,-23.003935410999993],[-44.300733203,-23.002252566999996],[-44.302934482,-23.002255991000002],[-44.307211591999994,-23.006735404],[-44.310979203,-23.005990663],[-44.312793858,-23.008528345],[-44.31388474799999,-23.009073468],[-44.314662475,-23.007854527999996],[-44.317056959999995,-23.009109529999996],[-44.314913835999995,-23.015213331],[-44.318364535,-23.010867148],[-44.321584656999995,-23.012612426999993],[-44.32324264999999,-23.015839906],[-44.326463477,-23.013920742],[-44.328840172999996,-23.016100813],[-44.327490645999994,-23.019459807999997],[-44.325548644,-23.019410823],[-44.326228205999996,-23.020875223999997],[-44.329723261999995,-23.021368383],[-44.331581287999995,-23.019983123],[-44.336484399999996,-23.025455817],[-44.33760446,-23.022483770999997],[-44.34114212699999,-23.022460997],[-44.342297075,-23.024801102999998],[-44.346398885999996,-23.027355381],[-44.347001081,-23.030179205999996],[-44.351828665999996,-23.030317778999994],[-44.35173205600001,-23.029101400999995],[-44.348691214,-23.028210487000003],[-44.350405996999996,-23.022929712999996],[-44.353755585,-23.021589074000005],[-44.358382314,-23.023750579999998],[-44.35804136,-23.019720187],[-44.3630425,-23.018248566999997],[-44.363044338,-23.01564335100001],[-44.359597733,-23.011025151000002],[-44.362906165,-23.010152106000007],[-44.360581728999996,-23.008689374999992],[-44.358684798999995,-23.009808604000003],[-44.357115408999995,-23.008770234],[-44.35632378099999,-23.007017985999997],[-44.35809196999999,-23.005495735999997],[-44.35495867499999,-23.002758869999997],[-44.356006533999995,-23.001192906000004],[-44.35497587799999,-22.998595562999995],[-44.350297295,-22.994526427999997],[-44.34610472799999,-22.993375285999996],[-44.345302017,-22.991253005],[-44.341134155,-22.990523024],[-44.337118597,-22.990945946999997],[-44.33299295,-22.995677992999994],[-44.32767609399999,-22.995050727999995],[-44.32589153499999,-22.991813072999996],[-44.329663081,-22.987764217],[-44.329454146,-22.983359624999995],[-44.323439899,-22.982095402],[-44.32165405599999,-22.985958593000003],[-44.317526612,-22.985390730999992],[-44.314098745,-22.980236315999992],[-44.312321055999995,-22.980413898],[-44.311661398,-22.977639841],[-44.30937782899999,-22.976719322],[-44.313782417,-22.976983165],[-44.31187101399999,-22.975441395000004],[-44.31097553299999,-22.969520058],[-44.31005393299999,-22.970679694999998],[-44.307798446,-22.967534869999998],[-44.308381445,-22.964805651],[-44.299871329999995,-22.958667138],[-44.302094314,-22.956988405],[-44.304629786,-22.957024635000007],[-44.309253714,-22.961367051999996],[-44.306751853,-22.957913442],[-44.309750426,-22.957544518999992],[-44.313028106,-22.959720342000004],[-44.313144548,-22.957280551000004],[-44.318944271,-22.956469169],[-44.322732558999995,-22.959972881],[-44.32939093899999,-22.960876165999995],[-44.33065841199999,-22.966582497000005],[-44.33328413099999,-22.967495613],[-44.332721213,-22.965435262999996],[-44.33620004699999,-22.964580501],[-44.33541921799999,-22.961957189999996],[-44.338217773,-22.957675846999994],[-44.335908044,-22.956817282999996],[-44.33493742099999,-22.958103154],[-44.334274633,-22.955881779999995],[-44.330015,-22.956792500999995],[-44.328586487,-22.954134422],[-44.33241038799999,-22.952777992999994],[-44.334062847999995,-22.946818288],[-44.328918462,-22.943617992000004],[-44.323556464,-22.94268415],[-44.319643238,-22.936407163],[-44.325943674,-22.937014854],[-44.322848362,-22.931501003],[-44.329433607,-22.932565671999992],[-44.331119468999994,-22.925811666999998],[-44.332113354,-22.925698582999996],[-44.333259610000006,-22.926289738],[-44.333685716,-22.926778637999995],[-44.33385113199999,-22.928010171],[-44.336320566,-22.92766467],[-44.338117977,-22.923318512000005],[-44.33993088999999,-22.922186020000005],[-44.342057698999994,-22.924168999],[-44.344750575,-22.921967962999997],[-44.348763403,-22.923137847999996],[-44.34693485399999,-22.924409541],[-44.348021119,-22.926750917000003],[-44.349429369,-22.927951701999998],[-44.350570825999995,-22.926665765000003],[-44.352227043999996,-22.927373363999997],[-44.35184176100001,-22.930395762],[-44.353372136,-22.931194333000008],[-44.358331031999995,-22.926926757999997],[-44.358739583,-22.923453315999996],[-44.364809887999996,-22.924204281000005],[-44.36463526499999,-22.925183865999998],[-44.360549551999995,-22.925936679000003],[-44.36243349,-22.928066594999994],[-44.366622792,-22.928641466],[-44.36663621700001,-22.930623238999996],[-44.359973836,-22.931917662999993],[-44.366529611,-22.93407247],[-44.371392975,-22.937977898],[-44.370553714,-22.942717861],[-44.373739994,-22.94162951299999],[-44.373972237,-22.942825750999997],[-44.369703884,-22.943800658999994],[-44.370312262,-22.948401471999997],[-44.366735993,-22.948282077000002],[-44.36586702099999,-22.946466972999996],[-44.367024595,-22.946156111999993],[-44.363793562,-22.942859305999995],[-44.3652037,-22.941507423000004],[-44.36438999800001,-22.940502370000004],[-44.360121145,-22.941522759999998],[-44.358541169999995,-22.943602968],[-44.355464724,-22.944639005999996],[-44.350228230999996,-22.943527185999997],[-44.34948319,-22.945788806999996],[-44.353913677,-22.949688289],[-44.352301766,-22.950298642999996],[-44.352632740999994,-22.952049181000003],[-44.357568426,-22.954671430999998],[-44.359251283000006,-22.95748226],[-44.362361018,-22.954770176999997],[-44.367154305,-22.960435781999998],[-44.37142626499999,-22.958221690999995],[-44.373790421,-22.959745715000007],[-44.37501246899999,-22.962696231000002],[-44.373548510999996,-22.966738542],[-44.377172877,-22.969988303],[-44.380699449999994,-22.967122148],[-44.383632655999996,-22.972705302999998],[-44.385332532999996,-22.971887787999993],[-44.385545768,-22.969172518000004],[-44.387071308,-22.969288960999993],[-44.384376419,-22.965808615999997],[-44.380936212,-22.964680877999996],[-44.37782881599999,-22.958079332],[-44.38530087699999,-22.953400426],[-44.391438443999995,-22.951565845],[-44.391815120000004,-22.953900551000004],[-44.39585172499999,-22.954426843000004],[-44.39588060599999,-22.952281905999993],[-44.392693417,-22.952269736999998],[-44.39264444399999,-22.950955036],[-44.396727399,-22.947609287],[-44.397218003,-22.955504565999995],[-44.400299722999996,-22.954578161000004],[-44.397913200999994,-22.950040022],[-44.400207187999996,-22.950688042],[-44.401496718999994,-22.952345018000003],[-44.405056659,-22.951217169999996],[-44.406622082,-22.953242608000004],[-44.40791279,-22.952428844999996],[-44.414293025999996,-22.954095675000005],[-44.415774408000004,-22.951784412000002],[-44.41250080599999,-22.947785340999996],[-44.408852948,-22.951482795999997],[-44.407870508,-22.950736118999995],[-44.409206525,-22.947199501999997],[-44.41039185099999,-22.947249807000002],[-44.410469809999995,-22.945997233999996],[-44.408380142999995,-22.946450387],[-44.409843262,-22.945424285000005],[-44.409287741,-22.943351852999992],[-44.412243561,-22.940871218000005],[-44.414445504999996,-22.944150717],[-44.417387518,-22.944878555999995],[-44.41838503499999,-22.947421028999994],[-44.423001164999995,-22.950630971000002],[-44.424239907,-22.953319966],[-44.421802511,-22.955089027999993],[-44.42674916299999,-22.956242731999996],[-44.427539233,-22.957724301999995],[-44.425496998,-22.962181498],[-44.427680771999995,-22.963341388000003],[-44.42875415599999,-22.961902183],[-44.434161098,-22.962848396],[-44.435531501999996,-22.964736627000004],[-44.434886033,-22.967272543999997],[-44.43767020399999,-22.973403007999995],[-44.435711496,-22.973294779],[-44.434498038,-22.975647979999998],[-44.432317501,-22.975436181999996],[-44.430934233,-22.978403079000003],[-44.434823400999996,-22.979232034999995],[-44.437158223999994,-22.983898948],[-44.436591848,-22.985081951999998],[-44.434415431999994,-22.985153070000003],[-44.434847089,-22.987499225999997],[-44.43613381099999,-22.989084813000005],[-44.43825286,-22.988855727999997],[-44.44118216999999,-22.992153569],[-44.439259465999996,-22.996398631],[-44.429418047,-22.993368432],[-44.42938267699999,-22.994874019],[-44.42484737899999,-22.997607208000005],[-44.42676084499999,-22.999667898999995],[-44.431056618,-22.998468061],[-44.43299910399999,-23.001608345999998],[-44.437461986,-23.001508136999995],[-44.44353208799999,-23.006431726999995],[-44.444605638999995,-23.011046004999997],[-44.44672410599999,-23.012292278000004],[-44.44104001,-23.015436935999993],[-44.44050408799999,-23.020455714999994],[-44.43751078999999,-23.020956851000005],[-44.43486455099999,-23.017763921000004],[-44.43392793500001,-23.019462267],[-44.43056866599999,-23.020081180999995],[-44.439072126,-23.023263351],[-44.441359681,-23.026596122999997],[-44.44392922499999,-23.02614674999999],[-44.44486925999999,-23.027378519999996],[-44.44849324399999,-23.025192374999992],[-44.450458768999994,-23.017437693],[-44.45212384,-23.016228062999996],[-44.45755240199999,-23.01601472],[-44.460043207000005,-23.018121709999992],[-44.457822279000005,-23.011704923999996],[-44.458633043,-23.008730644],[-44.46118530999999,-23.007367755000004],[-44.461900316,-23.009576114999994],[-44.459753703,-23.010784413],[-44.45986621699999,-23.011124083000002],[-44.46214887099999,-23.009854481000005],[-44.469847485,-23.012426677999997],[-44.462139371,-23.009557965],[-44.462183073,-23.007739422999997],[-44.469683191,-23.011612360999994],[-44.471250267,-23.008981863000002],[-44.475244068,-23.007711543999996],[-44.476090082999995,-23.005774380999995],[-44.48370782300001,-23.008144391999995],[-44.486636424,-23.016248446000006],[-44.489579581,-23.020282180000002],[-44.493349325,-23.021000546000003],[-44.49482881,-23.024135022999996],[-44.50059648599999,-23.025363659999996],[-44.50507737899999,-23.030509359999996],[-44.51014887099999,-23.02589684],[-44.515642827,-23.025949093999987],[-44.520209376,-23.027648488000004],[-44.521767426,-23.025880285000007],[-44.52642634699999,-23.02541970599999],[-44.53050068799999,-23.020052205000002],[-44.533813304999995,-23.021628798000005],[-44.53537218299999,-23.024923699999995],[-44.53843679599999,-23.023028245],[-44.542948278999994,-23.023305338999997],[-44.54507974300001,-23.022195663],[-44.544371163,-23.020707642],[-44.546337474999994,-23.020087633999996],[-44.54460145099999,-23.016137294],[-44.547807780999996,-23.014790989999995],[-44.544778596,-23.013710404],[-44.546815767,-23.010858364999997],[-44.543715725,-23.00954749],[-44.543503151,-23.007900038999995],[-44.546638622,-23.008573191],[-44.54635519,-23.006819453],[-44.54816207099999,-23.006110872],[-44.547639493,-23.003471408000003],[-44.544743168,-23.006429733999994],[-44.545956613,-23.003249976],[-44.54298057199999,-23.003701696],[-44.545141744,-23.000451081],[-44.542829997999995,-23.002133961],[-44.541439408,-23.000451081],[-44.544548308,-22.998307622999995],[-44.54136855,-22.998644198999997],[-44.540615901,-22.996361154],[-44.54128823399999,-22.995523685999995],[-44.54385961399999,-22.996408334999998],[-44.54152414099999,-22.993188212999996],[-44.54595918099999,-22.992291767999998],[-44.543293439,-22.986582832999993],[-44.543446778,-22.984872511999992],[-44.545638059,-22.98353653],[-44.54450415,-22.980908532000004],[-44.545718099,-22.978627376],[-44.549319924,-22.978013731999997],[-44.548586219,-22.976252839000008],[-44.550702061,-22.972636343999998],[-44.55441583999999,-22.97573257599999],[-44.555016144,-22.972237470999993],[-44.56056562300001,-22.971803918000003],[-44.55742089699999,-22.963164223999993],[-44.557809340999995,-22.961320760999996],[-44.561766202,-22.959227114000004],[-44.561674029,-22.954434110999998],[-44.565086632,-22.954971793999995],[-44.57086500799999,-22.951254137],[-44.574255662999995,-22.950681346999996],[-44.577027535000006,-22.946411687999998],[-44.581480838,-22.947754654999997],[-44.584876044999994,-22.945661718999997],[-44.586765502,-22.947330254],[-44.59453262099999,-22.94766745],[-44.59693368399999,-22.945719855999997],[-44.602340436,-22.94528964099999],[-44.607770443,-22.94270254],[-44.612200490999996,-22.937278347],[-44.613781820999996,-22.938772469999996],[-44.62026411,-22.939615459000002],[-44.622654854,-22.936695155000002],[-44.62718820999999,-22.924113049999995],[-44.629608821,-22.921334232000003],[-44.630238397,-22.917084594],[-44.633547059,-22.914375086],[-44.635824405,-22.915353978999995],[-44.64032135299999,-22.913050756999997],[-44.634823458999996,-22.905896518000002],[-44.62975544099999,-22.905697799000002],[-44.62164966,-22.900121118999994],[-44.60731076599999,-22.885236958999997],[-44.60233449799999,-22.890191868999995],[-44.59977873199999,-22.890768517999998],[-44.59280910999999,-22.884439616999998],[-44.587441289999994,-22.882688311999992],[-44.58289217,-22.883734824000005],[-44.575729535,-22.878017522],[-44.569863485,-22.884001295000004],[-44.566204943,-22.882695432],[-44.562403331,-22.883649393999992],[-44.555953404,-22.888091727999996],[-44.543651558,-22.884945075],[-44.544989953,-22.880673599999998],[-44.538895983,-22.873696858999995],[-44.530609323,-22.868086989],[-44.523705555,-22.865565143999998],[-44.518421382,-22.865324768999997],[-44.515402873,-22.861822159999992],[-44.51167245199999,-22.860426810999996],[-44.511786357999995,-22.857564922999998],[-44.50908109099999,-22.856269243000003],[-44.50527847899999,-22.851549342000002],[-44.49464350800001,-22.846786570000003],[-44.490733146,-22.848032444999998],[-44.484943183,-22.846201015],[-44.481973726,-22.849589432],[-44.47872083200001,-22.850868156000004],[-44.475333336,-22.857239341999996],[-44.478796747,-22.861776821000003],[-44.480134159,-22.866504480999993],[-44.476026895,-22.867800774999992],[-44.477329939,-22.873615980000007],[-44.470723199,-22.876150996],[-44.46991558399999,-22.880503143999995],[-44.46619158,-22.885371268],[-44.458258257999994,-22.883306547999993],[-44.452305088,-22.877227816],[-44.444329888999995,-22.876532367999996],[-44.437644631,-22.873100005],[-44.433292480999995,-22.86883759199999],[-44.432664336,-22.861075514000003],[-44.423059173999995,-22.850496486000004],[-44.41819532299999,-22.848112310999998],[-44.410679259,-22.846358972],[-44.40314949199999,-22.848538995999995],[-44.403394192,-22.852925670999998],[-44.401915673,-22.854625459000005],[-44.396949801999995,-22.854805279999994],[-44.392059244,-22.852494603000004],[-44.38743789,-22.856487810999997],[-44.377536873,-22.858313101999997],[-44.37106124999999,-22.85745246199999],[-44.363904883,-22.853077881],[-44.34511603299999,-22.845603910999994],[-44.341365126,-22.845503115],[-44.339990504,-22.841395502999998],[-44.33788173,-22.840812226],[-44.332273291999996,-22.842965864999993],[-44.329087699999995,-22.841664707999996],[-44.325273962,-22.837761235999995],[-44.320518006,-22.839914875999998]]],[[[-44.410550838,-22.946057314],[-44.410735919,-22.946197071999997],[-44.410680395,-22.946060724000006],[-44.410550838,-22.946057314]]],[[[-44.41101354,-22.945801662],[-44.410658184999996,-22.945985731999997],[-44.410958015,-22.946033453999995],[-44.41101354,-22.945801662]]],[[[-44.410114048,-22.945048333],[-44.409751289999996,-22.944946071000007],[-44.410002999999996,-22.945297171000004],[-44.410114048,-22.945048333]]],[[[-44.357100309,-23.213982153999996],[-44.359394128000005,-23.215003065999998],[-44.360858547999996,-23.214540636],[-44.357382060999996,-23.212247108999993],[-44.357100309,-23.213982153999996]]],[[[-44.392338087,-23.067779672999997],[-44.394230535999995,-23.072429251000003],[-44.39608765500001,-23.071673603000004],[-44.395449352,-23.068761026000004],[-44.392338087,-23.067779672999997]]],[[[-44.376709744,-23.058546075999995],[-44.376270716,-23.058018607],[-44.37643830499999,-23.058612418],[-44.376709744,-23.058546075999995]]],[[[-44.3776577,-23.057056327999998],[-44.37707176,-23.057060464000003],[-44.377594773,-23.057512267],[-44.3776577,-23.057056327999998]]],[[[-44.376432023999996,-23.055764556999996],[-44.377139558,-23.056398520000002],[-44.377043678,-23.055814925999993],[-44.376432023999996,-23.055764556999996]]],[[[-44.371329518,-23.036964885000007],[-44.37165775,-23.040049939999996],[-44.369904236,-23.03900700599999],[-44.363987409,-23.041029664],[-44.361069512,-23.038941710000003],[-44.358860662,-23.039588009000003],[-44.35708795,-23.035181172],[-44.354946218,-23.037856188],[-44.35191250199999,-23.036955495000004],[-44.346687714,-23.039382891000002],[-44.349482172,-23.039331328000003],[-44.349778295,-23.042536996999996],[-44.347215468,-23.043256986000003],[-44.3503776,-23.047903811],[-44.34925152499999,-23.049204408999998],[-44.345988017,-23.048168658999998],[-44.344607507,-23.049363264999997],[-44.34675107899999,-23.051315817999996],[-44.34849719999999,-23.050505162999993],[-44.350585168,-23.051711064],[-44.351380791,-23.059454687999995],[-44.350681271,-23.06089936799999],[-44.345935934,-23.061667766999996],[-44.34611142399999,-23.063896068999995],[-44.34375678599999,-23.063687184999996],[-44.345684711,-23.068795200999997],[-44.34758526,-23.0685909],[-44.347569969999995,-23.064707972999997],[-44.351294511,-23.063707200999996],[-44.353961587,-23.066945861000004],[-44.359385926,-23.068111087999995],[-44.36029191,-23.070650151],[-44.362492096,-23.071649253],[-44.36251047299999,-23.068265218],[-44.35714214800001,-23.065154726],[-44.354907446,-23.065956298],[-44.35372213899999,-23.063378503],[-44.35593849199999,-23.060359137000006],[-44.358377264,-23.059450095999996],[-44.355701283,-23.055313408],[-44.35843966699999,-23.053517018999997],[-44.361936652,-23.046342824],[-44.36427483799999,-23.045445188999995],[-44.368179282,-23.046464087999997],[-44.374789586999995,-23.043868935999996],[-44.38135654599999,-23.046204543],[-44.38380904,-23.044262821],[-44.387071023,-23.046444064999992],[-44.39190651799999,-23.044744354999995],[-44.390747297,-23.042030943],[-44.38020013599999,-23.035495781000005],[-44.379990647,-23.033269277999995],[-44.37761530200001,-23.031537262999993],[-44.37427534399999,-23.031355081],[-44.37396497999999,-23.03519925299999],[-44.371329518,-23.036964885000007]]],[[[-44.395307257999995,-23.03929988599999],[-44.391301774,-23.03970439699999],[-44.391124853,-23.041341514],[-44.395123541,-23.04270907599999],[-44.395307257999995,-23.03929988599999]]],[[[-44.34042190299999,-23.037491424],[-44.343076861,-23.039741773],[-44.34338479299999,-23.038328126],[-44.34042190299999,-23.037491424]]],[[[-44.397709253,-23.037117714],[-44.397935446999995,-23.037262988999995],[-44.397817634,-23.037063509999996],[-44.397709253,-23.037117714]]],[[[-44.38386742,-23.034055890999998],[-44.383593106,-23.033955771],[-44.38369089999999,-23.034142417],[-44.38386742,-23.034055890999998]]],[[[-44.363253484,-23.014340704],[-44.363286823,-23.013886226000004],[-44.363090198,-23.014308241000002],[-44.363253484,-23.014340704]]],[[[-44.369694632,-23.012039538],[-44.368837299,-23.01207798899999],[-44.369432595999996,-23.012448402],[-44.369694632,-23.012039538]]],[[[-44.369706744,-23.010198615],[-44.36999011399999,-23.010551194000005],[-44.370030708,-23.010462087000008],[-44.369706744,-23.010198615]]],[[[-44.363968386,-23.00988013],[-44.36306119099999,-23.009867394999997],[-44.36413178099999,-23.010399425999992],[-44.363968386,-23.00988013]]],[[[-44.384024094999994,-23.006501390999997],[-44.383168561999994,-23.007403942],[-44.38417297499999,-23.006675175],[-44.384024094999994,-23.006501390999997]]],[[[-44.366205607,-22.999630121],[-44.365841166,-22.999835912999995],[-44.36622615699999,-22.999994089],[-44.366205607,-22.999630121]]],[[[-44.351960863,-22.993421678],[-44.352722637999996,-22.992786150999997],[-44.352077494,-22.992807843],[-44.351960863,-22.993421678]]],[[[-44.345276959,-22.990936107999996],[-44.345563728,-22.990400439000005],[-44.344924112,-22.990427238999995],[-44.345276959,-22.990936107999996]]],[[[-44.340864087,-22.985299163999997],[-44.342029890999996,-22.986659301000003],[-44.34205076100001,-22.985527353],[-44.340864087,-22.985299163999997]]],[[[-44.35937046899999,-22.985097085999993],[-44.363145063999994,-22.987427168999993],[-44.358962605,-22.984199849000007],[-44.35937046899999,-22.985097085999993]]],[[[-44.351695803,-22.984203027],[-44.35750361,-22.987059809],[-44.35509835999999,-22.983401867999998],[-44.350184956999996,-22.980868189000002],[-44.351695803,-22.984203027]]],[[[-44.34804662199999,-22.977511865],[-44.346800894,-22.975766665999995],[-44.344988032,-22.975255371999996],[-44.346383425999996,-22.977511579999998],[-44.34804662199999,-22.977511865]]],[[[-44.37530185899999,-22.975253915999993],[-44.376806949999995,-22.975471725999995],[-44.374808915,-22.974101887999993],[-44.37530185899999,-22.975253915999993]]],[[[-44.391277636,-22.974785297000004],[-44.391578547,-22.974644879000003],[-44.391265269,-22.974754937],[-44.391277636,-22.974785297000004]]],[[[-44.390637184999996,-22.973191436],[-44.389647456999995,-22.971668197],[-44.387273719999996,-22.971934792],[-44.38882228199999,-22.973870342999994],[-44.390637184999996,-22.973191436]]],[[[-44.37239206999999,-22.970549519],[-44.36984780899999,-22.967016934999993],[-44.367795369,-22.967187795],[-44.368656484,-22.969218093],[-44.37239206999999,-22.970549519]]],[[[-44.363799996999994,-22.965181088],[-44.363961849,-22.963631463999995],[-44.36311053899999,-22.963778565],[-44.363799996999994,-22.965181088]]],[[[-44.342392006,-22.963859026],[-44.34105335899999,-22.962095911],[-44.340611033,-22.963150765000005],[-44.342392006,-22.963859026]]],[[[-44.345182726999994,-22.96215127],[-44.351235102000004,-22.964815342999998],[-44.352086216,-22.962775711],[-44.345595077,-22.959784605999992],[-44.345182726999994,-22.96215127]]],[[[-44.34411295099999,-22.962491484999997],[-44.342374663,-22.960232762999993],[-44.341384905999995,-22.960488436999995],[-44.342255238,-22.962093522],[-44.34411295099999,-22.962491484999997]]],[[[-44.39921146,-22.958430806],[-44.398454999,-22.956488332999996],[-44.397440276,-22.956683251],[-44.398085497,-22.958857300999995],[-44.39921146,-22.958430806]]],[[[-44.3515235,-22.952739383999994],[-44.35196050599999,-22.954840321999995],[-44.353371556,-22.955196798000003],[-44.3515235,-22.952739383999994]]],[[[-44.368677649,-22.946812033000004],[-44.36840064599999,-22.947061801999997],[-44.368862318999994,-22.94709900199999],[-44.368677649,-22.946812033000004]]],[[[-44.36950998299999,-22.946616326999997],[-44.368653236,-22.946332093],[-44.369655877,-22.947154660999992],[-44.36950998299999,-22.946616326999997]]],[[[-44.369319835,-22.944258017],[-44.368928877,-22.943979220000006],[-44.36885506899999,-22.944313529],[-44.369319835,-22.944258017]]],[[[-44.370078002999996,-22.943257219999992],[-44.368792035,-22.942324781999996],[-44.36836772,-22.942562096],[-44.368609554,-22.943834548000005],[-44.370078002999996,-22.943257219999992]]],[[[-44.36875998599999,-22.94078112199999],[-44.36871112099999,-22.941860329999997],[-44.369681552,-22.942438441],[-44.36999761799999,-22.941131676],[-44.36875998599999,-22.94078112199999]]],[[[-44.348637518,-22.932206899999994],[-44.348962207999996,-22.932510566999998],[-44.348984797,-22.932385497000002],[-44.348637518,-22.932206899999994]]],[[[-44.345857126,-22.930427430999995],[-44.34613115999999,-22.93159093],[-44.347500118,-22.931484040999997],[-44.345857126,-22.930427430999995]]],[[[-44.30974421399999,-23.091520215999996],[-44.30946611699999,-23.090482814],[-44.30905150699999,-23.091139904000002],[-44.30974421399999,-23.091520215999996]]],[[[-44.312476262,-23.086744327999998],[-44.31214070299999,-23.085092762],[-44.31014217,-23.085172013999998],[-44.31135763999999,-23.086482240999995],[-44.312476262,-23.086744327999998]]],[[[-44.330097935,-23.087275599],[-44.33267184499999,-23.085450333000008],[-44.331490067,-23.083658133999993],[-44.329296551,-23.083233880000005],[-44.330097935,-23.087275599]]],[[[-44.316108107,-23.064884778999996],[-44.31585522799999,-23.063816186999997],[-44.31530239599999,-23.06433225699999],[-44.316108107,-23.064884778999996]]],[[[-44.33854754299999,-23.061339897999993],[-44.338501566999994,-23.061753883000005],[-44.33874080999999,-23.061594036000002],[-44.33854754299999,-23.061339897999993]]],[[[-44.309044522,-23.058931559999994],[-44.309629584,-23.06071612],[-44.313279473,-23.060228792],[-44.31632508399999,-23.062926205],[-44.319225847,-23.061737403999995],[-44.317772654,-23.059238855999997],[-44.313587146,-23.057186709],[-44.309044522,-23.058931559999994]]],[[[-44.329567255,-23.055933424999996],[-44.330586499,-23.055428444999993],[-44.329224546999995,-23.055214388999996],[-44.329567255,-23.055933424999996]]],[[[-44.328806017999995,-23.056034336999996],[-44.328317383,-23.054717292999996],[-44.32810628199999,-23.054838770999996],[-44.328806017999995,-23.056034336999996]]],[[[-44.333156329,-23.055678269],[-44.333202795,-23.05476324799999],[-44.332485943,-23.054880300999994],[-44.333156329,-23.055678269]]],[[[-44.312687135,-23.053094074],[-44.316665151,-23.055967537],[-44.317912801,-23.054016704],[-44.312687135,-23.053094074]]],[[[-44.332562378,-23.053202374],[-44.33330827799999,-23.054511386],[-44.33456636299999,-23.054310216999994],[-44.333899972,-23.05306077],[-44.332562378,-23.053202374]]],[[[-44.30912310299999,-23.05072821],[-44.308264162,-23.050785329000004],[-44.308320576,-23.051145998],[-44.30912310299999,-23.05072821]]],[[[-44.298665196,-23.03864254799999],[-44.298332262,-23.038555915000003],[-44.298455246,-23.038962234999993],[-44.298665196,-23.03864254799999]]],[[[-44.298644537,-23.037721956999995],[-44.298336522999996,-23.037737239000002],[-44.298457194,-23.037970906],[-44.298644537,-23.037721956999995]]],[[[-44.296966266,-23.03244675399999],[-44.29640536099999,-23.031097145],[-44.296151013999996,-23.030918088999996],[-44.296966266,-23.03244675399999]]],[[[-44.32708126699999,-23.029718763],[-44.32689397699999,-23.028788646000002],[-44.32658510899999,-23.028566232999992],[-44.32708126699999,-23.029718763]]],[[[-44.329381884,-23.02666389599999],[-44.32963877499999,-23.027969687999992],[-44.331381933,-23.028250308],[-44.333881473999995,-23.026539582999998],[-44.33273015699999,-23.025525244],[-44.329381884,-23.02666389599999]]],[[[-44.286061426,-23.025837219999996],[-44.287213567,-23.027783806000002],[-44.28802591,-23.026132798],[-44.286061426,-23.025837219999996]]],[[[-44.284836166999995,-23.026034331],[-44.285600712999994,-23.026116456000004],[-44.284898996,-23.025940208],[-44.284836166999995,-23.026034331]]],[[[-44.310142064999994,-23.026850407000005],[-44.310122322999995,-23.025331458999997],[-44.310430618999995,-23.024690921],[-44.309137987999996,-23.025633368],[-44.310142064999994,-23.026850407000005]]],[[[-44.33191343299999,-23.023736356],[-44.331783971,-23.023096805999995],[-44.33124433099999,-23.023079089999992],[-44.33191343299999,-23.023736356]]],[[[-44.319293107,-23.020140914000002],[-44.319549393,-23.018620482999996],[-44.318716431999995,-23.018444045],[-44.319293107,-23.020140914000002]]],[[[-44.32107279499999,-23.017530141],[-44.321035857,-23.016741610999993],[-44.320880755999994,-23.016564872999993],[-44.32107279499999,-23.017530141]]],[[[-44.30150761,-23.008884851999998],[-44.302513427,-23.010278305999996],[-44.302101718,-23.008152966999994],[-44.30150761,-23.008884851999998]]],[[[-44.30884813000001,-23.009774624000002],[-44.30905924199999,-23.008035624000005],[-44.307448069,-23.007744225999996],[-44.30884813000001,-23.009774624000002]]],[[[-44.33496397,-22.981854201999994],[-44.33590472099999,-22.9817254],[-44.335060457,-22.981325668999997],[-44.33496397,-22.981854201999994]]],[[[-44.330378983,-22.980558322],[-44.32980162,-22.978395613999997],[-44.329149342,-22.978325654000002],[-44.330378983,-22.980558322]]],[[[-44.340780071,-22.979426338],[-44.341471911,-22.976423608999994],[-44.340189597,-22.975545119999996],[-44.339189419,-22.977751414999997],[-44.340780071,-22.979426338]]],[[[-44.327854660999996,-22.972023481999997],[-44.329024738,-22.972584819999998],[-44.32911813199999,-22.972257156999994],[-44.327854660999996,-22.972023481999997]]],[[[-44.314909711,-22.969324333],[-44.316399588,-22.969305575],[-44.315266025,-22.968734718999997],[-44.314909711,-22.969324333]]],[[[-44.312489060999994,-22.967489527999998],[-44.311901234,-22.966416418999998],[-44.311537561,-22.967130269999995],[-44.312489060999994,-22.967489527999998]]],[[[-44.319339956,-22.966929574],[-44.31777761,-22.965885529],[-44.316698771999995,-22.966392200000005],[-44.318545736,-22.967629649000003],[-44.319339956,-22.966929574]]],[[[-44.32012535599999,-22.96108809099999],[-44.32116864399999,-22.962660446999998],[-44.322217658999996,-22.96185918700001],[-44.321404994,-22.96003146699999],[-44.32012535599999,-22.96108809099999]]],[[[-44.334584542,-22.953664793000005],[-44.338653132,-22.95498401099999],[-44.33633038599999,-22.950773274999996],[-44.336404543,-22.947746027999994],[-44.33504233299999,-22.947446191],[-44.334584542,-22.953664793000005]]],[[[-44.336468356999994,-22.946936721],[-44.335999650000005,-22.946787520000004],[-44.336173245,-22.947144536999996],[-44.336468356999994,-22.946936721]]],[[[-44.33688346700001,-22.935859141],[-44.337672363,-22.94051587199999],[-44.343035865999994,-22.942682861],[-44.344883186,-22.938295288999996],[-44.343009302,-22.938051745],[-44.33928170299999,-22.934470311],[-44.33688346700001,-22.935859141]]],[[[-44.33400326,-22.928296415],[-44.333585051,-22.928337681999995],[-44.333784462,-22.928716141],[-44.33400326,-22.928296415]]],[[[-44.33162763499999,-22.927867454999998],[-44.331315651,-22.928308897999994],[-44.332033217,-22.928821112999998],[-44.33162763499999,-22.927867454999998]]],[[[-44.332086094999994,-22.928242448],[-44.333534848,-22.927039156000003],[-44.331398478,-22.925861791000003],[-44.332086094999994,-22.928242448]]],[[[-44.152946922999995,-23.214286708999996],[-44.149129202,-23.217180073999998],[-44.150962848,-23.220845985999997],[-44.148455851,-23.222136683000002],[-44.148766961999996,-23.223110310999996],[-44.155742376,-23.2244045],[-44.160263299,-23.227649960999997],[-44.160835115999994,-23.226078596999997],[-44.162312128,-23.226393564999995],[-44.162150065,-23.222768484999996],[-44.15864791,-23.221277816],[-44.156565064999995,-23.222785910999992],[-44.153358158,-23.220442203999998],[-44.155100654,-23.215732786],[-44.152946922999995,-23.214286708999996]]],[[[-44.17973179,-23.18398929],[-44.180913744,-23.183325831999998],[-44.179126448,-23.183185487999992],[-44.17973179,-23.18398929]]],[[[-44.183335502,-23.184007512],[-44.18256092,-23.183058510000002],[-44.182039086,-23.183175759999994],[-44.183335502,-23.184007512]]],[[[-44.094321112,-23.174827317999995],[-44.094254395,-23.175109999],[-44.094441431,-23.175107495000002],[-44.094321112,-23.174827317999995]]],[[[-44.091389875,-23.174132612999998],[-44.092916257999995,-23.173433430999996],[-44.090812032,-23.173114785999996],[-44.091389875,-23.174132612999998]]],[[[-44.23009757199999,-23.075510950999995],[-44.228741066000005,-23.077485013],[-44.231889879,-23.079199268000004],[-44.232733059,-23.082195595000005],[-44.235102732,-23.084052046999997],[-44.234939321999995,-23.085626864000005],[-44.23318539499999,-23.086359358999996],[-44.235286538,-23.087692577000002],[-44.233560077,-23.090599574999995],[-44.226868563,-23.089322523000007],[-44.21630676499999,-23.089802169999995],[-44.21357136599999,-23.09218398499999],[-44.211082610999995,-23.091498564],[-44.211199463999996,-23.093106001999992],[-44.209194839999995,-23.092259851999998],[-44.210774596,-23.098835655000002],[-44.20220866499999,-23.097234799],[-44.19617904199999,-23.098300771],[-44.194385693,-23.099188750000007],[-44.19611772799999,-23.101235491000004],[-44.194883275,-23.103899042000002],[-44.189937134,-23.102716787],[-44.190870884,-23.104351113999996],[-44.193114603999994,-23.103823545999997],[-44.199503483,-23.108892125000004],[-44.201969422,-23.108302598000005],[-44.20007631899999,-23.106319493999997],[-44.200545536999996,-23.105175869],[-44.206913738,-23.103297423000004],[-44.208806622999994,-23.104294604999993],[-44.212347513999994,-23.103512272999996],[-44.218033563000006,-23.105746449000005],[-44.217744645,-23.109233342000003],[-44.212819099,-23.11147713899999],[-44.20890071,-23.111483526999994],[-44.208393064,-23.107731689999994],[-44.206284280999995,-23.108092494000005],[-44.201700396,-23.119692414999996],[-44.19730398,-23.121724670999992],[-44.193608716,-23.119387664999998],[-44.18944153599999,-23.121814261999997],[-44.186159609,-23.121045809999995],[-44.184483933,-23.118721117999993],[-44.17636058899999,-23.117107479],[-44.170402732,-23.117931379999998],[-44.168830633999995,-23.120492841999994],[-44.170174879,-23.123900958],[-44.172444873,-23.125055453999995],[-44.172620154,-23.128672326999993],[-44.169279605,-23.132482170000003],[-44.170129441,-23.13724352699999],[-44.164427095,-23.141905818999998],[-44.161883507,-23.142004994999997],[-44.161296824,-23.140610034999998],[-44.15522993199999,-23.138558722],[-44.157955877999996,-23.135196381999993],[-44.156413805,-23.133567306],[-44.154786817,-23.133449736],[-44.153911681,-23.135594666000006],[-44.151112119,-23.134345429999993],[-44.151331467,-23.131752906],[-44.146917859999995,-23.12871706499999],[-44.14804262599999,-23.124913385999996],[-44.14027355299999,-23.121608682999994],[-44.13370801000001,-23.121602193999998],[-44.126659845,-23.119560286000002],[-44.12425581899999,-23.124901712],[-44.12924250399999,-23.12668329],[-44.13574212399999,-23.136023679],[-44.140471156,-23.138930459],[-44.14016295199999,-23.143485448999996],[-44.13822236899999,-23.14638027599999],[-44.13443838599999,-23.144849493000002],[-44.132744224999996,-23.145388967999995],[-44.137960813999996,-23.151015858],[-44.138569634,-23.153743289999998],[-44.14105826200001,-23.155749210000003],[-44.14072222099999,-23.157341480999996],[-44.137697647,-23.159669798000003],[-44.135136470999996,-23.157615647999997],[-44.13242968,-23.157640874999988],[-44.12819875299999,-23.154036705999992],[-44.126426978999994,-23.155708991999994],[-44.122891913,-23.153001562],[-44.120594816,-23.153023954000002],[-44.116901597,-23.148427194],[-44.11414977599999,-23.148216819000005],[-44.114252093,-23.150930545000005],[-44.117152406,-23.153335799],[-44.11702746499999,-23.15464158599999],[-44.114101742,-23.155868075],[-44.114324312,-23.157634047000005],[-44.11248956099999,-23.15963697100001],[-44.107412086,-23.161888132],[-44.107480621,-23.164906362000004],[-44.09716139999999,-23.163840901],[-44.096192011,-23.165701893999998],[-44.091039996999996,-23.166090738],[-44.091328325,-23.168527737999998],[-44.09467432499999,-23.171861119999996],[-44.094502928999994,-23.174753449000004],[-44.108795911,-23.17853987499999],[-44.11377047999999,-23.184260689999995],[-44.117742142999994,-23.18590012],[-44.124210346999995,-23.184536733],[-44.131781866999994,-23.187501257999998],[-44.128785107,-23.183006952999996],[-44.12287499,-23.179279259999998],[-44.125578824,-23.173307373999993],[-44.13537663299999,-23.167815031],[-44.13996066,-23.167027170999997],[-44.14409619799999,-23.168863289999997],[-44.146340412,-23.168199020999992],[-44.152800916,-23.170934800000005],[-44.158602443,-23.171489073000004],[-44.16020663999999,-23.174051708000004],[-44.164626811999995,-23.174850022],[-44.164649711,-23.177498161],[-44.163571407999996,-23.177499528],[-44.167021557999995,-23.178667340000004],[-44.169242882,-23.181904432999996],[-44.167412053,-23.183118602000004],[-44.170865345,-23.184768833],[-44.172153968,-23.181579192999994],[-44.175246369,-23.181785713999997],[-44.177755780999995,-23.179666213],[-44.184816273,-23.179841852999992],[-44.189114685999996,-23.183578447000002],[-44.18998632,-23.18885747],[-44.18672862,-23.190744481999996],[-44.181901005,-23.191081072],[-44.181782223999996,-23.194093226999996],[-44.18425560199999,-23.196730441000003],[-44.192680407999994,-23.198672923000004],[-44.192543885999996,-23.201612343000004],[-44.19638786899999,-23.203734157],[-44.197470327,-23.196709488],[-44.206044151,-23.194851407999998],[-44.207037297,-23.192479761],[-44.219870141,-23.194894483999995],[-44.223506680999996,-23.197068290000004],[-44.22664652,-23.195736730999997],[-44.229549733999995,-23.196953266999998],[-44.231545318,-23.199870526],[-44.241728452,-23.201228417999992],[-44.244868993,-23.199988370000007],[-44.249090468999995,-23.202494873999996],[-44.247794252,-23.203604120999994],[-44.253197537000005,-23.205510680999996],[-44.25672915799999,-23.204303824999993],[-44.258137175,-23.202132100999997],[-44.25768656599999,-23.199608930000004],[-44.25371858100001,-23.199673027],[-44.250712455,-23.196715043],[-44.251014783,-23.193015716999994],[-44.253479707,-23.189281395],[-44.25663499299999,-23.188915845],[-44.262326662,-23.192475036],[-44.263882439999996,-23.191683878],[-44.27094061799999,-23.197162935000005],[-44.266525316,-23.191895466000002],[-44.265573448,-23.187426938999998],[-44.266451562,-23.185642479000002],[-44.27033548399999,-23.183825265],[-44.27004922,-23.180770177],[-44.281386906,-23.177505877999995],[-44.283928116,-23.177480316000004],[-44.287061687,-23.179457074000002],[-44.287102442,-23.177120077],[-44.288412251,-23.176576236000002],[-44.29896196499999,-23.177327216],[-44.311327614999996,-23.180469299000006],[-44.31605179099999,-23.183971830000004],[-44.31756237199999,-23.189304694],[-44.314932552,-23.190700372999988],[-44.32301176699999,-23.201532959000005],[-44.322275125999994,-23.202821412],[-44.329072209,-23.207069581000003],[-44.33364702499999,-23.214901248000007],[-44.33339387299999,-23.223617008999998],[-44.337885457,-23.223260122],[-44.348321884,-23.226957058],[-44.342835162,-23.220509509],[-44.339801485,-23.219180310000002],[-44.34084035899999,-23.217482256000007],[-44.34483694199999,-23.218535976000002],[-44.346313702,-23.218076262999997],[-44.346227151,-23.216653292999997],[-44.351181065999995,-23.216898491000002],[-44.34971812399999,-23.215793791],[-44.35120268599999,-23.214195926999995],[-44.349560634999996,-23.20565703100001],[-44.342334891,-23.196507322000002],[-44.342647144,-23.194642193999996],[-44.33947124499999,-23.190281162],[-44.33980431599999,-23.187416792],[-44.342398093,-23.186193039000003],[-44.340614341999995,-23.182469722],[-44.345599850999996,-23.18064378],[-44.348171744,-23.185932468],[-44.351153722999996,-23.185190277],[-44.35516866099999,-23.191134414000004],[-44.357546991999996,-23.191600592],[-44.359238697,-23.183915880999997],[-44.362567415,-23.182767810999998],[-44.362011842,-23.178847752999992],[-44.366637059999995,-23.180238465],[-44.36761617999999,-23.181836048999998],[-44.370293882999995,-23.181345352999998],[-44.371260168999996,-23.18376332],[-44.374288877,-23.182379972000003],[-44.37424406,-23.178936595],[-44.376859958999994,-23.179518311],[-44.378017771,-23.177569452],[-44.377131865,-23.175733384],[-44.37856379099999,-23.175045723],[-44.376945346999996,-23.171485514000004],[-44.369244816999995,-23.166851753],[-44.36823036599999,-23.16487195399999],[-44.363646444,-23.166146115000004],[-44.358168394,-23.164254273000008],[-44.35491226599999,-23.159606555],[-44.351026282,-23.159544814],[-44.350356956999995,-23.161124577999995],[-44.348682528999994,-23.161220306999997],[-44.344603608,-23.156202211999993],[-44.339966731,-23.153468703999998],[-44.33439904299999,-23.156321152000004],[-44.325393395999996,-23.154351726999995],[-44.32007251899999,-23.143676552],[-44.321208893999994,-23.141577632999997],[-44.323895908,-23.141670445],[-44.32413051399999,-23.140171325999997],[-44.327667988,-23.137980249000005],[-44.324315312,-23.13751239999999],[-44.323644332,-23.139719792000005],[-44.322346508,-23.139832959999996],[-44.320666104,-23.138815099],[-44.32039150300001,-23.136722275999993],[-44.316549417999994,-23.135265111999995],[-44.31367160199999,-23.136055398000003],[-44.312714843,-23.138062633999997],[-44.31103100000001,-23.137608029000003],[-44.310345269,-23.136691002000003],[-44.31382453599999,-23.133215462999996],[-44.311345386,-23.127675136],[-44.306161720000006,-23.121184838],[-44.297345805999996,-23.117561973],[-44.295199837999995,-23.113980943000005],[-44.294007184,-23.115395859],[-44.294033465999995,-23.122486094000003],[-44.29728260699999,-23.131392019],[-44.29399034099999,-23.133350555999993],[-44.290795339999995,-23.131718191999997],[-44.291605671999996,-23.135432409999996],[-44.29021496,-23.137344211000002],[-44.286711735999994,-23.136082350999988],[-44.28294230699999,-23.136619125999992],[-44.282023358000004,-23.134690937999995],[-44.284224224,-23.132675683999995],[-44.282958762999996,-23.130456086999995],[-44.28046683,-23.129934567999992],[-44.27960435,-23.125659849999995],[-44.27683313099999,-23.126157013],[-44.27231385099999,-23.122416949],[-44.275481831,-23.117190602],[-44.2733718,-23.116504246],[-44.272621324999996,-23.117432889000003],[-44.265047095,-23.114848872999993],[-44.26435757699999,-23.115699136],[-44.26194337,-23.114156691000005],[-44.258657787,-23.11579759],[-44.25737275,-23.114334562],[-44.258422732999996,-23.111345902999997],[-44.255742969,-23.112006970000003],[-44.24990710899999,-23.109995036999997],[-44.248532471,-23.10227041],[-44.25130182899999,-23.099781373000003],[-44.25832058,-23.100334635],[-44.25923585799999,-23.098701869999996],[-44.25539398499999,-23.098785032000006],[-44.237744872,-23.092785817],[-44.23850421099999,-23.086389766],[-44.23506366,-23.082818802000006],[-44.240777865,-23.081011576],[-44.237304492,-23.079874562999997],[-44.23664036099999,-23.076385456999997],[-44.23009757199999,-23.075510950999995]]],[[[-44.121149394,-23.147764983999995],[-44.120456556,-23.147682619000005],[-44.12097957999999,-23.148172264999996],[-44.121149394,-23.147764983999995]]],[[[-44.108101113,-23.143002816999996],[-44.108234829,-23.143705506999996],[-44.108670101,-23.143168872000004],[-44.108101113,-23.143002816999996]]],[[[-44.104034326,-23.137167370999997],[-44.10900304,-23.142491097],[-44.110076663,-23.142429509999996],[-44.109164495,-23.138693468],[-44.104034326,-23.137167370999997]]],[[[-44.103378781,-23.138356644000005],[-44.103218516,-23.138594459000004],[-44.10346986,-23.13853179299999],[-44.103378781,-23.138356644000005]]],[[[-44.16750644500001,-23.137450622],[-44.167439362,-23.137842731000003],[-44.167752711,-23.137708221000004],[-44.16750644500001,-23.137450622]]],[[[-44.167289258,-23.135091206],[-44.16604846999999,-23.136248183999996],[-44.167327239,-23.136800907999998],[-44.167289258,-23.135091206]]],[[[-44.14984016300001,-23.125522729999997],[-44.15066601299999,-23.126292343000003],[-44.151311119,-23.126293029],[-44.14984016300001,-23.125522729999997]]],[[[-44.140739808,-23.1194525],[-44.14014327499999,-23.119519548999993],[-44.140857246,-23.119737061999995],[-44.140739808,-23.1194525]]],[[[-44.167358326999995,-23.115300359999996],[-44.165671059,-23.114410307000004],[-44.164565804999995,-23.114449251],[-44.167358326999995,-23.115300359999996]]],[[[-44.141479686,-23.107292286],[-44.141567550999994,-23.107184805],[-44.141392186,-23.10712409499999],[-44.141479686,-23.107292286]]],[[[-44.141041946,-23.106632875999992],[-44.139909624,-23.106073541000008],[-44.139419824,-23.10609316],[-44.141041946,-23.106632875999992]]],[[[-44.118384894,-23.098991514000005],[-44.12112368399999,-23.100597079000003],[-44.119392135999995,-23.098500325000003],[-44.118384894,-23.098991514000005]]],[[[-44.240373517,-23.085425822],[-44.240018456,-23.086577945],[-44.24136158999999,-23.086775673],[-44.240373517,-23.085425822]]],[[[-44.215868588,-23.086060852000003],[-44.215054119,-23.085858802999994],[-44.215293308,-23.086381641],[-44.215868588,-23.086060852000003]]],[[[-44.24023185899999,-23.085141545999996],[-44.240413614,-23.08507948300001],[-44.240203869999995,-23.085078474000003],[-44.24023185899999,-23.085141545999996]]],[[[-44.244098948,-23.084275365999993],[-44.241099622,-23.083819106999997],[-44.240720387,-23.084129721],[-44.240695584,-23.084273741000008],[-44.239805482,-23.08440214],[-44.240563288999994,-23.085031722999993],[-44.244098948,-23.084275365999993]]],[[[-44.24084678399999,-23.083654998],[-44.240806191,-23.083817389999997],[-44.241066893,-23.083829133],[-44.24084678399999,-23.083654998]]],[[[-44.22948225099999,-23.083757490999997],[-44.229576491,-23.082913035999997],[-44.228246363,-23.082851956],[-44.22948225099999,-23.083757490999997]]],[[[-44.240107476,-23.077834679],[-44.241307512,-23.077515026999997],[-44.239967084,-23.077275881000002],[-44.240107476,-23.077834679]]],[[[-44.228313974,-23.077482915000004],[-44.227050065,-23.077571623],[-44.228257001,-23.077870452999992],[-44.228313974,-23.077482915000004]]],[[[-44.251908549999996,-23.071788888000004],[-44.25531096,-23.070784066999998],[-44.250583844,-23.070227779999993],[-44.251908549999996,-23.071788888000004]]],[[[-44.26893668999999,-23.053598274999995],[-44.26843739699999,-23.05455454999999],[-44.26919969699999,-23.054459147],[-44.26893668999999,-23.053598274999995]]],[[[-44.279661651,-23.033985085000005],[-44.28000055999999,-23.035939384999995],[-44.280376649,-23.034217904000005],[-44.279661651,-23.033985085000005]]],[[[-44.28326497799999,-23.033892876],[-44.284449522,-23.033919725999993],[-44.284160774,-23.033274903],[-44.28326497799999,-23.033892876]]],[[[-44.280838135,-23.026691901999992],[-44.280772688999996,-23.027279022],[-44.28104001199999,-23.027091424000005],[-44.280838135,-23.026691901999992]]],[[[-44.27964088,-23.027417006999997],[-44.27843625999999,-23.02538318],[-44.27823541299999,-23.025315021],[-44.27964088,-23.027417006999997]]],[[[-44.284899115,-23.024425581999996],[-44.28393655199999,-23.025726058999997],[-44.284718195,-23.026390408],[-44.284899115,-23.024425581999996]]],[[[-44.269511922999996,-23.024931223999996],[-44.268939773,-23.024200521999997],[-44.269374435,-23.025219174999997],[-44.269511922999996,-23.024931223999996]]],[[[-44.276231711,-23.017845459000004],[-44.27716743,-23.017788716999988],[-44.27713315,-23.017402433000004],[-44.276231711,-23.017845459000004]]],[[[-44.26732521099999,-23.013648584999995],[-44.268793505,-23.014803537],[-44.269254623,-23.014458324999996],[-44.26732521099999,-23.013648584999995]]]]}},{"type":"Feature","properties":{"code_muni":"3300159","name_muni":"Aperibé","abbrev_state":"RJ"},"geometry":{"type":"Polygon","coordinates":[[[-42.125357236,-21.601551931000003],[-42.123990278,-21.602593248],[-42.119832212999995,-21.601517849],[-42.115705581,-21.605314659999998],[-42.116465753,-21.611724264999996],[-42.107272163,-21.616131143000004],[-42.104174949,-21.616118534],[-42.100648076,-21.619544566],[-42.09629867499999,-21.621079890999994],[-42.09546803,-21.624306285000003],[-42.092655931,-21.625913681],[-42.091252421,-21.629037464999993],[-42.08720613399999,-21.629782381],[-42.085123457,-21.627236719],[-42.079362628,-21.625993199],[-42.076134978,-21.62746264999999],[-42.074069986,-21.633339191999998],[-42.068337963,-21.633274516000004],[-42.061710453,-21.637118076999993],[-42.056848675,-21.636819557000006],[-42.062625818,-21.640901049000004],[-42.063467255999996,-21.645630836],[-42.07085855,-21.651338253999995],[-42.066888623,-21.653301906000006],[-42.068773002,-21.65530980300001],[-42.083312198,-21.663968782999998],[-42.088194236999996,-21.668412362999998],[-42.09378802799999,-21.670818621000002],[-42.097370203,-21.67540665],[-42.107923943,-21.681238087999994],[-42.116612534,-21.689736447],[-42.11646594,-21.694495095],[-42.118170559,-21.697577732999996],[-42.130855936,-21.703886263999998],[-42.137150104999996,-21.705047501999992],[-42.15060540799999,-21.691578973],[-42.157896670999996,-21.69262751199999],[-42.16547511600001,-21.690930780000002],[-42.169044662,-21.687149268999995],[-42.175134637,-21.687879896],[-42.178311909,-21.686389213000005],[-42.179062338,-21.682717218999997],[-42.184417835999994,-21.681473023999995],[-42.186497172,-21.679596946999993],[-42.184026022999994,-21.677962893],[-42.186004567,-21.674578341000004],[-42.193350904999996,-21.668511133000003],[-42.19540179599999,-21.668256247],[-42.195936573999994,-21.666214266999997],[-42.193940263,-21.662810001000004],[-42.195317837999994,-21.654269036999995],[-42.200104085999996,-21.652413125999995],[-42.20484112199999,-21.648019028999997],[-42.20298063,-21.643522463999997],[-42.197609257,-21.64020414399999],[-42.196030629,-21.636444136999998],[-42.186827744,-21.629013349],[-42.185224546,-21.629289638999996],[-42.184734025,-21.632226124999992],[-42.18271729,-21.63358809],[-42.17929333299999,-21.630125441999994],[-42.172156364,-21.630029431000004],[-42.168408465,-21.625693318000003],[-42.16251078599999,-21.625475819999995],[-42.162159003999996,-21.622242630000002],[-42.157839202999995,-21.622672729],[-42.157826911,-21.618715302999995],[-42.155230470999996,-21.619250608],[-42.144751835,-21.610401178000007],[-42.138987954,-21.610939028999997],[-42.140662655,-21.606602904000002],[-42.13907687299999,-21.604229371],[-42.137262061,-21.604038020999997],[-42.135806798,-21.606145036],[-42.132872291,-21.601927930000006],[-42.131515705999995,-21.602892058999995],[-42.125357236,-21.601551931000003]]]}},{"type":"Feature","properties":{"code_muni":"3300209","name_muni":"Araruama","abbrev_state":"RJ"},"geometry":{"type":"Polygon","coordinates":[[[-42.18644593,-22.551167356999997],[-42.182108883,-22.551219156],[-42.18248958899999,-22.552694461000005],[-42.131895167,-22.65336462699999],[-42.13843374499999,-22.657321490999994],[-42.142509378,-22.656418384999988],[-42.15178282899999,-22.669482498000004],[-42.166897899,-22.680425167000003],[-42.218398877999995,-22.77023687799999],[-42.25388559999999,-22.791985203],[-42.239493362,-22.840192422999998],[-42.249254949,-22.848389890999993],[-42.237032236000005,-22.863531838],[-42.282629832,-22.900150499],[-42.277168528999994,-22.906414141999992],[-42.274934792,-22.914265824],[-42.277293574,-22.921380872000004],[-42.282980777,-22.92622804],[-42.2812248,-22.939469200999998],[-42.33451612199999,-22.936392700000003],[-42.381636458,-22.935685002999993],[-42.377951016999994,-22.90773183299999],[-42.382776934,-22.901866213],[-42.386839830999996,-22.892911326],[-42.38511804,-22.886957874999997],[-42.382598601999995,-22.883774994],[-42.369933474,-22.83539679600001],[-42.446812806,-22.822750680000002],[-42.441784029999994,-22.730310473999996],[-42.438013616,-22.733082352999993],[-42.42912504099999,-22.732969327999996],[-42.421204706,-22.736193123999996],[-42.417147267999994,-22.735791654000003],[-42.40996305099999,-22.729313547],[-42.404198799,-22.732219276],[-42.398931006,-22.730030339],[-42.395812925,-22.722961907],[-42.393649313,-22.721453846999992],[-42.389378065,-22.722437046999996],[-42.378880124,-22.718534648999995],[-42.368753363,-22.724259451],[-42.362006766,-22.71917983],[-42.36189530000001,-22.713079344999997],[-42.359519467999995,-22.711903227999994],[-42.357446807,-22.714182070999993],[-42.356101204999995,-22.71399759299999],[-42.352989033,-22.710183432],[-42.345282131,-22.710731253000002],[-42.339530768,-22.706162717000005],[-42.337685990999994,-22.706651040000004],[-42.33192920199999,-22.704285384999995],[-42.33004915699999,-22.700468325],[-42.330914170999996,-22.69575779999999],[-42.32942636799999,-22.691952977],[-42.323731334,-22.686380184999997],[-42.32163884,-22.679908555999997],[-42.314460135,-22.647993762],[-42.30998135,-22.639515647000003],[-42.301353686999995,-22.629387519999998],[-42.29547687,-22.623823299999994],[-42.28114565999999,-22.614387006999994],[-42.280163648999995,-22.608513688999995],[-42.275426782,-22.605624011999996],[-42.262272212,-22.607605426],[-42.259567681,-22.608642702000004],[-42.259045231,-22.610691741999993],[-42.25482408999999,-22.611882721],[-42.250403844,-22.610836019],[-42.248731927,-22.613072639000002],[-42.243346325,-22.609166562],[-42.240896284,-22.609969401999997],[-42.240517887,-22.607583067],[-42.236458615,-22.609332731],[-42.23432582,-22.606643463],[-42.236443024,-22.606527856999996],[-42.235997200999996,-22.605169729999993],[-42.232382367999996,-22.604042468000003],[-42.234511141,-22.601780688],[-42.235982422,-22.602022587],[-42.237622611999996,-22.59916174],[-42.234098204999995,-22.599669056999996],[-42.233035363999996,-22.598075167999998],[-42.22583451399999,-22.596288801999997],[-42.228345209,-22.594103568],[-42.226955550999996,-22.593630768],[-42.227254745,-22.589625327000004],[-42.225381469,-22.592528249999997],[-42.219349845,-22.589952674999992],[-42.218534343,-22.593447932999997],[-42.217314884000004,-22.590725478000007],[-42.21544709399999,-22.592617769000007],[-42.213837634,-22.589619268999996],[-42.214673762,-22.586331495999996],[-42.208981704,-22.583075041000004],[-42.208574065,-22.580977008],[-42.206080213999996,-22.58305869],[-42.20337823,-22.580903644999996],[-42.205018527,-22.581068688000002],[-42.205659579,-22.579791161000006],[-42.205070410999994,-22.577131888],[-42.202316372999995,-22.574845246],[-42.19877854899999,-22.576793925000004],[-42.19798038199999,-22.574075841],[-42.196621339,-22.574334706],[-42.19694851599999,-22.572939709999996],[-42.195664975999996,-22.573428677999996],[-42.19661414899999,-22.570854407999995],[-42.19445693899999,-22.571530333],[-42.194823664999994,-22.569358741999995],[-42.193198567,-22.568553384],[-42.19385292,-22.566403364999992],[-42.19199772,-22.566791661999993],[-42.192263776,-22.562390954],[-42.191134836,-22.561528069999994],[-42.19304037100001,-22.558205967],[-42.188438323,-22.557788906999996],[-42.188659189,-22.556187218],[-42.185758406,-22.553832685999996],[-42.186563656000004,-22.552801402000004],[-42.18532693899999,-22.551624973999992],[-42.18644593,-22.551167356999997]]]}},{"type":"Feature","properties":{"code_muni":"3300225","name_muni":"Areal","abbrev_state":"RJ"},"geometry":{"type":"Polygon","coordinates":[[[-43.040519708,-22.162904544000007],[-43.033986526,-22.166739344],[-43.03709326,-22.169937679],[-43.039386893999996,-22.169506259],[-43.039424611,-22.172268383999995],[-43.04244232,-22.175766888],[-43.042626075,-22.179901478000005],[-43.046468393,-22.179126627999995],[-43.050541721,-22.181418157999993],[-43.058939519999996,-22.189904452999997],[-43.047757299,-22.208605314999996],[-43.050469475,-22.207511603999997],[-43.052969247,-22.214285278999995],[-43.055398013,-22.213854202],[-43.057429119,-22.216439494000003],[-43.05977088299999,-22.21586226599999],[-43.0759482,-22.22345818],[-43.093954223999994,-22.242326408999997],[-43.090566115,-22.25038070800001],[-43.09276860999999,-22.253451536999997],[-43.08989957199999,-22.261357948999997],[-43.094319362,-22.265657938000004],[-43.099749945,-22.264597904999988],[-43.101292358,-22.265872879999996],[-43.102840456,-22.273492960999995],[-43.10608823,-22.275085766],[-43.106345940999994,-22.281543693999996],[-43.11059423599999,-22.283402421],[-43.116259828,-22.283007035000008],[-43.118656138999995,-22.280366603999997],[-43.12126340199999,-22.280108560999995],[-43.12288502999999,-22.275819145999996],[-43.127007408,-22.275873],[-43.130449428,-22.282491392],[-43.13704526499999,-22.283007318999996],[-43.13984387499999,-22.284730738],[-43.137531469,-22.286970269],[-43.139152016,-22.290718750999993],[-43.137205589,-22.294695850000004],[-43.140404751,-22.293836080999995],[-43.146220198,-22.298133608999997],[-43.145524608,-22.30400411999999],[-43.149561930999994,-22.306051303999997],[-43.15107095999999,-22.308659582999997],[-43.154321073,-22.306464126999998],[-43.161225795,-22.310242561999996],[-43.16720261799999,-22.309225285999993],[-43.17387023100001,-22.310172327999997],[-43.181669879,-22.301144898999997],[-43.180199977,-22.299572113],[-43.17745947099999,-22.299536907999997],[-43.17706990999999,-22.297598275],[-43.182721224999995,-22.29612623099999],[-43.176881304,-22.277882748],[-43.17514143599999,-22.265818351999997],[-43.17729087699999,-22.264573248999998],[-43.174647584,-22.256648487999996],[-43.173424504,-22.256519396999998],[-43.174160097999994,-22.250945988999998],[-43.17161453,-22.244901027],[-43.173195142999994,-22.243072280999993],[-43.17011392199999,-22.239147679999995],[-43.169804078999995,-22.232543786000004],[-43.165290102,-22.228175616999998],[-43.163236637,-22.222762489000004],[-43.165940163,-22.221899790999995],[-43.164779773,-22.219287395],[-43.166736033,-22.218260661999995],[-43.167361793,-22.214676211999997],[-43.163898054,-22.214681234],[-43.161892119,-22.210862799],[-43.159629491,-22.19286243499999],[-43.155348746,-22.19062278599999],[-43.13784147,-22.195369642],[-43.133720116999996,-22.19411826],[-43.131553462,-22.190873205],[-43.12472760599999,-22.194541767000004],[-43.121180554,-22.198730574999995],[-43.116770776,-22.198886298999998],[-43.11616381,-22.200207041],[-43.109380756,-22.199948660999997],[-43.106451101,-22.198642663],[-43.103006595,-22.190737813],[-43.103005573999994,-22.187661812],[-43.09509717299999,-22.189109693999995],[-43.094742779,-22.184378738],[-43.093071613,-22.183170949999997],[-43.087381739,-22.18442882199999],[-43.081511122,-22.181691843],[-43.078194033,-22.177863329],[-43.071875867,-22.176614612],[-43.068057448,-22.17228301999999],[-43.05819944499999,-22.168685361],[-43.054521324,-22.164978614000002],[-43.051667334,-22.166590437000004],[-43.040519708,-22.162904544000007]]]}},{"type":"Feature","properties":{"code_muni":"3300233","name_muni":"Armação dos Búzios","abbrev_state":"RJ"},"geometry":{"type":"MultiPolygon","coordinates":[[[[-41.919264435,-22.815670213999994],[-41.918165533,-22.817029431999998],[-41.91945388599999,-22.816689445999998],[-41.919264435,-22.815670213999994]]],[[[-41.917527751,-22.816271380999996],[-41.91805071299999,-22.815583448],[-41.917360454999994,-22.81572869],[-41.917527751,-22.816271380999996]]],[[[-41.91967889,-22.815750774000005],[-41.919692862,-22.81519312299999],[-41.91912028099999,-22.815498100000003],[-41.91967889,-22.815750774000005]]],[[[-41.922888799,-22.812465938000003],[-41.920879074999995,-22.813459918000003],[-41.920196753999996,-22.814659669],[-41.92328682499999,-22.813376836],[-41.922888799,-22.812465938000003]]],[[[-41.972018806,-22.728910229],[-41.96449241,-22.733220836000005],[-41.954818336,-22.731712124],[-41.95806846,-22.733852169],[-41.958022684,-22.735309385],[-41.951827615,-22.743198178],[-41.945647804,-22.754281779999996],[-41.93559226199999,-22.764898082999995],[-41.925445169,-22.770484707999998],[-41.916511147,-22.771505138999995],[-41.910590736,-22.768394252999997],[-41.90792045,-22.762170574000002],[-41.90916022700001,-22.758155606],[-41.911788552,-22.757999204999997],[-41.91117820099999,-22.756744168],[-41.908946603,-22.755485316999998],[-41.905318824999995,-22.756992120999993],[-41.902545542,-22.756402751999996],[-41.90067633899999,-22.754806301999995],[-41.900729745,-22.751703045999996],[-41.897788612999996,-22.749343653999997],[-41.894744485,-22.754136821999996],[-41.88983878399999,-22.755250712999995],[-41.88589438599999,-22.754422924999993],[-41.881534189,-22.748847744999992],[-41.88286170199999,-22.747056743],[-41.88157996399999,-22.746625684999998],[-41.881633371,-22.744991086],[-41.88396415100001,-22.744684002],[-41.881805031999995,-22.742246411999997],[-41.882613748,-22.740909360999996],[-41.880241006,-22.73996713],[-41.87834891499999,-22.742072842],[-41.87589606499999,-22.742282651],[-41.873988716999996,-22.741225979999992],[-41.87456854999999,-22.738042614],[-41.87241324699999,-22.737367413],[-41.869994729,-22.741725705],[-41.868228523,-22.741264126],[-41.86812934099999,-22.74258782700001],[-41.870967477,-22.744462748999993],[-41.874015421,-22.753043911],[-41.86965521999999,-22.755912562999992],[-41.866805641999996,-22.752855082000004],[-41.86527976299999,-22.754977964],[-41.863856881,-22.754480145],[-41.864146797,-22.756700298],[-41.866225807,-22.761888286999994],[-41.869548409,-22.763280652],[-41.871009439,-22.76115968],[-41.873229594,-22.766225598],[-41.875552741999996,-22.765716336],[-41.874721139,-22.76174904999999],[-41.87639579,-22.761470577999997],[-41.877860635,-22.765588543999996],[-41.878909677,-22.765300533999998],[-41.876800148,-22.769542477],[-41.878337471,-22.771245739999994],[-41.877963632,-22.77584626399999],[-41.881419748,-22.774928829999997],[-41.883815378,-22.768646025],[-41.886378854,-22.768623134999995],[-41.888717263,-22.770686886999993],[-41.88825186999999,-22.774101040999998],[-41.886062235,-22.774951717],[-41.885253518,-22.773851178],[-41.883445351000006,-22.775966427999997],[-41.884048074,-22.777097484999988],[-41.882232278,-22.777475139999996],[-41.881156532,-22.784316799999992],[-41.883594124999995,-22.784791729],[-41.883777228999996,-22.781337520999998],[-41.88650855299999,-22.777200481000005],[-41.88818701899999,-22.780809184000002],[-41.890327065,-22.780513546999998],[-41.893207161,-22.78556802],[-41.893882362,-22.784913798],[-41.894752115,-22.78611542899999],[-41.89842566899999,-22.783759853999992],[-41.898658363,-22.781387111000004],[-41.89992865799999,-22.781255505],[-41.90067633899999,-22.783141874],[-41.903236,-22.782310267999996],[-41.902621834,-22.783389829],[-41.90358314,-22.78365876599999],[-41.903792947,-22.779802106],[-41.907989112,-22.77824570699999],[-41.914419816,-22.781175783999995],[-41.91711005399999,-22.784568570000005],[-41.921825022,-22.787116786999995],[-41.92823752799999,-22.796045085999996],[-41.93065223,-22.802366038999995],[-41.930698005,-22.806239865],[-41.928630441,-22.808015607],[-41.926543801,-22.807327055000002],[-41.925334539999994,-22.808305522999994],[-41.92819175,-22.814454814999994],[-41.92975577599999,-22.812354824],[-41.930755226,-22.813701413],[-41.93238410399999,-22.812679073999995],[-41.933181374,-22.809839030999996],[-41.940291968,-22.80940797],[-41.942145912,-22.810172818000005],[-41.94282874499999,-22.813960810999998],[-41.94739112,-22.81268861],[-41.95375022199999,-22.814517758],[-41.958613961000005,-22.819455882999996],[-41.95975073999999,-22.818452617],[-41.963580697999994,-22.818996213000002],[-41.969226448,-22.822820446],[-42.001366014,-22.795842064],[-42.009933252,-22.776918000999995],[-42.00756291199999,-22.775871833000004],[-41.973455669,-22.729566889999994],[-41.972018806,-22.728910229]]],[[[-41.90404661299999,-22.755805754],[-41.903440964999994,-22.755925433999998],[-41.90366303599999,-22.756151494000004],[-41.90404661299999,-22.755805754]]],[[[-41.94156989399999,-22.739341517999996],[-41.941447824,-22.739417813999996],[-41.94159659899999,-22.739507458999995],[-41.94156989399999,-22.739341517999996]]],[[[-41.94625842199999,-22.737009753000002],[-41.94427126699999,-22.739002769],[-41.94184752099999,-22.739128181],[-41.943673492,-22.741026799999993],[-41.946920283999994,-22.739441018999997],[-41.94625842199999,-22.737009753000002]]],[[[-41.945972055999995,-22.73652055],[-41.946281043999996,-22.736755152999997],[-41.946403115,-22.736554883000004],[-41.945972055999995,-22.73652055]]],[[[-41.940780251999996,-22.736032268999995],[-41.940253821999995,-22.736324093999993],[-41.94071921599999,-22.736884852999996],[-41.940780251999996,-22.736032268999995]]],[[[-41.946134741,-22.728003633],[-41.945999062999995,-22.727726495999992],[-41.945826112,-22.727754380999993],[-41.946134741,-22.728003633]]],[[[-41.919780007,-22.722184662999993],[-41.92207180599999,-22.725473203999993],[-41.926537471,-22.723721657000002],[-41.924183617,-22.721899244999992],[-41.919780007,-22.722184662999993]]],[[[-41.89630850999999,-22.78609254099999],[-41.896506875,-22.785869381999994],[-41.896487802,-22.785747311000005],[-41.89630850999999,-22.78609254099999]]],[[[-41.892185387999994,-22.784709707000008],[-41.89211840099999,-22.784642065000003],[-41.89208331199999,-22.78475676199999],[-41.892185387999994,-22.784709707000008]]],[[[-41.828912023,-22.784848186],[-41.828614613999996,-22.784300068000007],[-41.828318418,-22.784329319],[-41.828912023,-22.784848186]]],[[[-41.829087972,-22.784449944999995],[-41.82951858,-22.78404748199999],[-41.828990051,-22.783909836],[-41.829087972,-22.784449944999995]]],[[[-41.902522654,-22.783628246000003],[-41.902453987,-22.783454677000005],[-41.902392952,-22.783519526999992],[-41.902522654,-22.783628246000003]]],[[[-41.899901956,-22.782628795],[-41.899798958,-22.78259065],[-41.899806589,-22.782747052],[-41.899901956,-22.782628795]]],[[[-41.899909585,-22.782321712],[-41.899871439,-22.782470485999998],[-41.899989694,-22.782321712],[-41.899909585,-22.782321712]]],[[[-41.82642808300001,-22.772054727999997],[-41.81978416999999,-22.772076286999997],[-41.82116104699999,-22.77366578099999],[-41.825379111,-22.776361824],[-41.82642808300001,-22.772054727999997]]],[[[-41.78963737299999,-22.767431267000003],[-41.784084147,-22.770011064999995],[-41.784906813,-22.770837381000003],[-41.79386332,-22.771701622999995],[-41.793170633,-22.769450852],[-41.78963737299999,-22.767431267000003]]],[[[-41.871992381,-22.766568037999996],[-41.87258599999999,-22.765958589000004],[-41.872196033,-22.765763962],[-41.871992381,-22.766568037999996]]],[[[-41.88714692199999,-22.752944770999996],[-41.887397332,-22.752330479],[-41.886951255999996,-22.752494748000004],[-41.88714692199999,-22.752944770999996]]],[[[-41.873438346,-22.730931425999994],[-41.874781266,-22.731331353000005],[-41.87548904399999,-22.73083821799999],[-41.874149133,-22.729550388],[-41.873438346,-22.730931425999994]]]]}},{"type":"Feature","properties":{"code_muni":"3300258","name_muni":"Arraial do Cabo","abbrev_state":"RJ"},"geometry":{"type":"MultiPolygon","coordinates":[[[[-41.977650049,-22.978700194],[-41.976580959,-22.980280625999995],[-41.978090461,-22.983509009],[-41.976388215,-22.984158525],[-41.976694295,-22.985626647999997],[-41.973837607,-22.989620734999995],[-41.97457465699999,-22.992163855],[-41.977993004999995,-22.993912187999996],[-41.977876681999994,-22.996868347999996],[-41.98444476299999,-23.001954721999997],[-41.983651094,-23.002833969],[-41.9853307,-23.003189393],[-41.98512308099999,-23.004847427000005],[-41.986729051,-23.005257319999995],[-41.98601138899999,-23.00368963699999],[-41.988578725,-23.004932962999998],[-41.987985416,-23.003335502999995],[-41.989430235,-23.003040190000004],[-41.998075755,-23.006150894999998],[-41.996483950999995,-23.00797415599999],[-41.99829442499999,-23.009395803000004],[-41.997676868,-23.011762931],[-42.00068578799999,-23.016711980999993],[-42.000568756999996,-23.014532453],[-42.002485388,-23.014483264],[-42.002485595,-23.0131654],[-42.005380973,-23.013415485000003],[-42.004679812999996,-23.012015462999997],[-42.006939835,-23.01091823],[-42.005888588,-23.009053829999996],[-42.00721765699999,-23.008406826999998],[-42.006668649,-23.007095512000003],[-42.008117208,-23.007506503000002],[-42.007623460999994,-23.005978960999997],[-42.009609754,-23.005945032],[-42.01211309200001,-23.00320554599999],[-42.011482545,-23.002307078],[-42.01284450699999,-23.002353778999996],[-42.013046615,-22.998889834],[-42.005883312,-23.002843541999994],[-42.003740107,-23.000437743999996],[-42.003291021,-22.993354721999985],[-42.001898114,-22.991323404],[-42.000294844,-22.990876358000005],[-41.998118737999995,-22.992413991],[-41.9959236,-22.991199071],[-41.996244076,-22.989038226999998],[-41.992284178,-22.987097970000008],[-41.992194933,-22.985403525999995],[-41.985977663,-22.980880564000003],[-41.983990635,-22.980963063999997],[-41.98263669,-22.978763879999992],[-41.977650049,-22.978700194]]],[[[-42.036979418,-22.984267174999992],[-42.037751721999996,-22.984140735],[-42.037554588999996,-22.98378428399999],[-42.036979418,-22.984267174999992]]],[[[-42.038138545,-22.980569711000005],[-42.03753466,-22.982272712999997],[-42.03823382699999,-22.983350002999998],[-42.038138545,-22.980569711000005]]],[[[-41.993155120999994,-22.963397711999995],[-41.985433144999995,-22.963837097999996],[-41.98842868599999,-22.968339612],[-41.99247999899999,-22.969383262000004],[-41.993939986,-22.967047371],[-41.993155120999994,-22.963397711999995]]],[[[-42.02961028,-22.940080625],[-42.02925849,-22.941726610999996],[-42.029861784,-22.942162460000006],[-42.02961028,-22.940080625]]],[[[-42.20328476499999,-22.879803604000003],[-42.190315129999995,-22.874913307],[-42.180466442,-22.876904195],[-42.169993657,-22.873735042000003],[-42.163050345,-22.883728164],[-42.15244557599999,-22.893910763],[-42.131915522,-22.904778625],[-42.122190589999995,-22.908293072],[-42.11146581199999,-22.920306284],[-42.10350239699999,-22.926128407000004],[-42.095337693999994,-22.929963904000005],[-42.088488477999995,-22.932766034],[-42.03728547299999,-22.933130821999995],[-42.032613538999996,-22.946546647999998],[-42.02818259099999,-22.945253001999994],[-42.026994400999996,-22.946885516999995],[-42.02270067,-22.946393033],[-42.024966466,-22.949422784],[-42.022989926,-22.950492451],[-42.024895936,-22.952331707000003],[-42.024080072,-22.954402745999996],[-42.026843705999994,-22.956326179],[-42.020966003,-22.961486916],[-42.017911899,-22.960095257999996],[-42.016352057999995,-22.956446979],[-42.012485155,-22.953077969999992],[-42.001754302,-22.949944766999998],[-42.001922354,-22.951553075999996],[-42.008137669999996,-22.954625424],[-42.007779195999994,-22.957488443000003],[-42.009468049,-22.960010113],[-42.0067514,-22.962328745999994],[-42.00473976,-22.961466929],[-42.004116314,-22.959335945999992],[-41.999010414,-22.958507531999995],[-41.994905733,-22.961644107999998],[-41.995839378999996,-22.963473089],[-41.998207500999996,-22.965066643000004],[-42.002521922999996,-22.965394691999997],[-42.00359792199999,-22.969749493999995],[-42.007453834,-22.965782947000005],[-42.013280001,-22.963994410999994],[-42.016208041,-22.967928233],[-42.01194070700001,-22.969971610000005],[-42.013498171,-22.970916375],[-42.01326534299999,-22.973463952999992],[-42.013711924,-22.971291036999997],[-42.018516708,-22.969727045000003],[-42.020908516,-22.974276732],[-42.019650288,-22.979212339999997],[-42.01046137299999,-22.97830046],[-42.010469650999994,-22.980921166],[-42.007918364,-22.983290756999995],[-42.008963694,-22.986048628],[-42.012835095,-22.987914871],[-42.012766948999996,-22.997445223],[-42.016213129,-22.994618559000003],[-42.015349979999996,-22.991178124000005],[-42.01798232699999,-22.990635549],[-42.01762796,-22.98617146300001],[-42.01895933299999,-22.986342650000005],[-42.019714,-22.984127848999997],[-42.02545377599999,-22.981826434999995],[-42.030091676,-22.983083542999996],[-42.033193564,-22.978984412999996],[-42.035229312,-22.979009392000005],[-42.03530151999999,-22.976578708],[-42.032537602999994,-22.976374578999994],[-42.032299173999995,-22.973766311],[-42.036494712999996,-22.968351602999995],[-42.044854412,-22.963362477999997],[-42.057856561,-22.958813348000003],[-42.097165626,-22.952436099],[-42.164538811,-22.946090472],[-42.2812248,-22.939469200999998],[-42.282980777,-22.92622804],[-42.277293574,-22.921380872000004],[-42.274934792,-22.914265824],[-42.277168528999994,-22.906414141999992],[-42.282629832,-22.900150499],[-42.237032236000005,-22.863531838],[-42.23065421,-22.872805703],[-42.212233069,-22.877303860999998],[-42.20784996999999,-22.879655082999996],[-42.20328476499999,-22.879803604000003]]]]}},{"type":"Feature","properties":{"code_muni":"3300308","name_muni":"Barra do Piraí","abbrev_state":"RJ"},"geometry":{"type":"Polygon","coordinates":[[[-44.022368015,-22.294133069999994],[-44.01766174,-22.300337056],[-44.017977762,-22.305068888],[-44.01145125099999,-22.307486945999994],[-44.008471419,-22.310330134999997],[-44.004156276,-22.309725849999992],[-44.002939281,-22.308184455999992],[-43.99099848499999,-22.309305803999997],[-43.987797885999996,-22.308295574],[-43.981613980999995,-22.311407863],[-43.977292625,-22.311536969999995],[-43.97675081,-22.31304652799999],[-43.974810815,-22.311871411000002],[-43.972675037,-22.312664399],[-43.96984071100001,-22.319593399],[-43.969850577,-22.323062239999995],[-43.97137673299999,-22.324247965],[-43.970638456,-22.331575402],[-43.96600094499999,-22.33663570399999],[-43.967755520999994,-22.33884132],[-43.96643145899999,-22.343417629999998],[-43.96018255,-22.339419833999994],[-43.951698999,-22.343738206999998],[-43.950407768999995,-22.349770739999997],[-43.910896666999996,-22.360787543999997],[-43.90968489,-22.356491946999995],[-43.914394523,-22.354030215000005],[-43.912633025,-22.350386817000004],[-43.90727331000001,-22.348049385],[-43.899937046,-22.348309837],[-43.897407479,-22.345469126999994],[-43.89292472599999,-22.344964209000004],[-43.886057441999995,-22.338876648],[-43.887373874000005,-22.33813387],[-43.886890027,-22.330830001000002],[-43.875801845999995,-22.325424460999997],[-43.868237836,-22.325062257999996],[-43.86634167599999,-22.321637255999995],[-43.860080978999996,-22.318581217999995],[-43.85707252899999,-22.314921141999996],[-43.853948723,-22.314017730999993],[-43.846059709,-22.315181699],[-43.842558067,-22.312291538],[-43.839585166,-22.312259491999995],[-43.834495132,-22.30911187],[-43.826774851,-22.313662488],[-43.828518677,-22.315631494000005],[-43.82906227299999,-22.320622200999995],[-43.831233297999994,-22.32175207],[-43.831555644,-22.32347586299999],[-43.833605765,-22.32182222400001],[-43.835330167,-22.324435463],[-43.83776893800001,-22.322855183000005],[-43.84067423599999,-22.32490638299999],[-43.844975112,-22.332713435],[-43.850201696,-22.336778236000004],[-43.84855782699999,-22.338780256999993],[-43.84973864999999,-22.347528316],[-43.852406470999995,-22.35141298999999],[-43.852589284,-22.356378260000003],[-43.85787835099999,-22.361735423],[-43.855300725,-22.367531066999998],[-43.858438660999994,-22.371919235],[-43.858195332,-22.373521253999996],[-43.85666453499999,-22.374680041],[-43.854033687,-22.37317730399999],[-43.852444696999996,-22.373691353],[-43.852466919,-22.370543595],[-43.847880255,-22.367907274000004],[-43.844709734,-22.376907093000003],[-43.844795299,-22.384392421999998],[-43.839552802,-22.38406476],[-43.83631813,-22.386255562999995],[-43.83607955,-22.38318753],[-43.837738318,-22.381848504999994],[-43.835614208,-22.379465272000004],[-43.83589581299999,-22.377147731999997],[-43.838192826,-22.374139854000003],[-43.833919232999996,-22.375682813999997],[-43.830026736,-22.37533284],[-43.823928518,-22.369662710999997],[-43.819544786,-22.367807555999995],[-43.818283062,-22.362866857],[-43.814051203,-22.361265276999998],[-43.812060679999995,-22.358995260000007],[-43.813747812,-22.355817524999996],[-43.809525439999994,-22.351868195999998],[-43.806333003,-22.352470302],[-43.806047673,-22.355070353999995],[-43.803405253,-22.357001206999996],[-43.79929561099999,-22.354739358],[-43.798003126,-22.355233613],[-43.79570630199999,-22.358122631],[-43.79795644099999,-22.363198796000002],[-43.79263823499999,-22.363783758000004],[-43.79139218099999,-22.362459789000003],[-43.782792607,-22.361033270999997],[-43.78354114099999,-22.362926851],[-43.78040268899999,-22.367364035999994],[-43.77628006,-22.368384651],[-43.77455126099999,-22.366680711],[-43.773166456,-22.370144752000005],[-43.775858467999996,-22.373025468],[-43.77494057999999,-22.375779632999993],[-43.768183875999995,-22.381046375999997],[-43.76660631199999,-22.384445252000006],[-43.764197548999995,-22.385208681999995],[-43.765624626,-22.388266748999992],[-43.764553221,-22.391209051999997],[-43.76293996,-22.390504349],[-43.762549775,-22.392231316999997],[-43.75904424099999,-22.392241210000005],[-43.759678234999996,-22.393524355],[-43.756874795,-22.395586019999996],[-43.757362522,-22.396853026000002],[-43.75216511,-22.398445356],[-43.748748809999995,-22.403200541999997],[-43.755325364,-22.408877954000005],[-43.755118622000005,-22.413872021],[-43.759766194,-22.419857471],[-43.760119143999994,-22.423154513999997],[-43.766929233,-22.42798407],[-43.771824220999996,-22.436512461999996],[-43.77344861899999,-22.437774172999998],[-43.779735468,-22.438165602],[-43.77737339499999,-22.442158255999995],[-43.773171563,-22.441604378000005],[-43.771888809,-22.443277678000005],[-43.76983140899999,-22.441848805],[-43.76574287199999,-22.44403730599999],[-43.76571043,-22.448940354999998],[-43.75962339099999,-22.449124735999998],[-43.758194774,-22.451866276999997],[-43.761905025,-22.454531341],[-43.759567118999996,-22.457993328999997],[-43.75617507599999,-22.458419268999993],[-43.754765982,-22.459906326],[-43.765776217,-22.458793339999996],[-43.76991926099999,-22.517958945999997],[-43.77773198599999,-22.531191478000004],[-43.780764468,-22.533051649],[-43.78361288199999,-22.532136690999994],[-43.78904687499999,-22.534439362],[-43.797622695,-22.551881075999994],[-43.805642724,-22.554407726],[-43.807274282,-22.55339597799999],[-43.808641509,-22.554179855],[-43.811921305999995,-22.551460510999988],[-43.81162391,-22.548085717],[-43.81555470499999,-22.549727858999997],[-43.819392149,-22.546015649000005],[-43.81935004,-22.540527504000003],[-43.816340237,-22.535609262],[-43.819869379,-22.532793570999996],[-43.813578217999996,-22.529990704],[-43.80545969199999,-22.522800150999995],[-43.80564013,-22.519128726999995],[-43.810993069,-22.513845267],[-43.811380837,-22.511495061999998],[-43.822016042,-22.516671008999996],[-43.821414422,-22.51788093999999],[-43.828149446,-22.516563566999995],[-43.828694551999995,-22.514530558],[-43.835047671999995,-22.51337208],[-43.837005763,-22.511046369999995],[-43.840180040999996,-22.510015195],[-43.844635743,-22.500992484000005],[-43.844512060999996,-22.503659582],[-43.849228708999995,-22.507272557999997],[-43.855057585999994,-22.507159971],[-43.853881591,-22.517180145999994],[-43.85680384,-22.517739881999997],[-43.858077900999994,-22.521097488],[-43.860583276,-22.521724388000003],[-43.863329038,-22.525214809999998],[-43.86537562499999,-22.525200222999995],[-43.86487669499999,-22.527365298999996],[-43.86863932699999,-22.528600246999996],[-43.943674474999995,-22.515110044999997],[-43.946103464,-22.517989934],[-43.953063543,-22.519588008],[-43.957869263999996,-22.519383302],[-43.962965506,-22.516793819],[-43.97523002999999,-22.516624426],[-43.981408943999995,-22.514974741999996],[-43.99213996999999,-22.517511107999994],[-44.00139994399999,-22.511920824],[-44.002523941,-22.505117353],[-44.0056983,-22.498337366999994],[-44.018981141999994,-22.48494725399999],[-44.021975280999996,-22.48414238599999],[-44.028674247999994,-22.48679929],[-44.027813709,-22.493808848999997],[-44.029122978,-22.496627805],[-44.031317201,-22.497087557999993],[-44.037420845,-22.494538409],[-44.04270839,-22.487323611999997],[-44.04772175899999,-22.485663181000007],[-44.055897755,-22.479078143000002],[-44.056556501,-22.476127248999997],[-44.054559626999996,-22.473180645],[-44.056623897,-22.470434132000005],[-44.05662674399999,-22.467717328999992],[-44.060918506,-22.463161930999995],[-44.063697406,-22.462376975],[-44.063300383999994,-22.461205245999995],[-44.069705121999995,-22.461974274999996],[-44.071086441,-22.458733432],[-44.068174725,-22.456099022000004],[-44.06574565299999,-22.456189519999995],[-44.061563029,-22.451868958999995],[-44.057853416,-22.451650269],[-44.05618891899999,-22.447112325],[-44.052439421,-22.445123689000003],[-44.04989887299999,-22.445307659999997],[-44.049329439999994,-22.44118146],[-44.043720136,-22.435179916],[-44.038386126,-22.433005349],[-44.036975007,-22.429622581],[-44.027972583,-22.426484327999994],[-44.00258457,-22.408029195],[-44.084165736,-22.382011642],[-44.08461411999999,-22.372657477],[-44.079868585,-22.367537662999997],[-44.075849616,-22.356816184],[-44.06834554899999,-22.354948084],[-44.068623107,-22.345080168],[-44.065663181999994,-22.343804832999993],[-44.063133289,-22.333456721999998],[-44.059845470999996,-22.332184943999994],[-44.060287616,-22.330969880999994],[-44.058744971,-22.329719984],[-44.056783947999996,-22.329995106],[-44.056490306,-22.328431725999994],[-44.052661433999994,-22.327687352999998],[-44.045162206,-22.318990692999996],[-44.036653448,-22.314288237],[-44.034534522,-22.311515308999994],[-44.031899516,-22.311563424999996],[-44.025817715,-22.307704379],[-44.022535893,-22.303946520999997],[-44.024046227999996,-22.301974511000004],[-44.023816358,-22.297878148],[-44.026438452,-22.297265238999994],[-44.022368015,-22.294133069999994]]]}},{"type":"Feature","properties":{"code_muni":"3300407","name_muni":"Barra Mansa","abbrev_state":"RJ"},"geometry":{"type":"Polygon","coordinates":[[[-44.023816358,-22.297878148],[-44.022585489,-22.304222466],[-44.025817715,-22.307704379],[-44.031899516,-22.311563424999996],[-44.034534522,-22.311515308999994],[-44.036653448,-22.314288237],[-44.045162206,-22.318990692999996],[-44.052661433999994,-22.327687352999998],[-44.056490306,-22.328431725999994],[-44.056783947999996,-22.329995106],[-44.058744971,-22.329719984],[-44.060287616,-22.330969880999994],[-44.059845470999996,-22.332184943999994],[-44.063133289,-22.333456721999998],[-44.065663181999994,-22.343804832999993],[-44.068623107,-22.345080168],[-44.06834554899999,-22.354948084],[-44.072745243,-22.355195376999998],[-44.075903462,-22.356877438],[-44.079868585,-22.367537662999997],[-44.08461411999999,-22.372657477],[-44.084853691999996,-22.380471799999995],[-44.084165736,-22.382011642],[-44.057755855,-22.391021795000004],[-44.00564294499999,-22.407085157],[-44.08880018199999,-22.406272593999997],[-44.09912227699999,-22.412338477],[-44.109200572999995,-22.421418873],[-44.13220868,-22.426717616999998],[-44.138062466,-22.431312676999998],[-44.142034758,-22.435326088999993],[-44.15125264699999,-22.452644652],[-44.15442585099999,-22.463313255000003],[-44.153748056,-22.483433282000004],[-44.155847614,-22.495866598000003],[-44.156015446999994,-22.516679039999996],[-44.141222436,-22.531829236],[-44.138980962,-22.532230173000002],[-44.138508582,-22.535394157000002],[-44.136558169,-22.537438842999993],[-44.126774811,-22.536894968999995],[-44.10761942199999,-22.533147615999997],[-44.106767983,-22.533928831000004],[-44.101238210999995,-22.532146417999996],[-44.10000886,-22.530224797],[-44.09890952199999,-22.531858195000005],[-44.09157974099999,-22.530679807999988],[-44.090958009999994,-22.529273581],[-44.090023630999994,-22.530498527],[-44.089821670999996,-22.53506288199999],[-44.087324655,-22.539653134999995],[-44.089161292,-22.541137011000004],[-44.08867882999999,-22.54336793],[-44.086504041,-22.542790648999997],[-44.086102948,-22.545677283],[-44.084695422,-22.545394891000004],[-44.088860563,-22.550183325999996],[-44.086374096,-22.554294493],[-44.08745588199999,-22.554598810000005],[-44.087175563,-22.558008656999995],[-44.090857213,-22.55957688399999],[-44.088663819,-22.562717940999995],[-44.089994965,-22.563351712999992],[-44.08909507799999,-22.56482443799999],[-44.095530030999996,-22.572194953000004],[-44.09487706899999,-22.573378340999998],[-44.096658428,-22.573038947999997],[-44.097850397,-22.577180925],[-44.097445425,-22.578910041999997],[-44.093490218,-22.579216943999995],[-44.092758835,-22.5778571],[-44.091136631,-22.578891367999994],[-44.091960439,-22.582564063],[-44.090487964999994,-22.583170298999992],[-44.095737505,-22.589141139],[-44.09684894899999,-22.596269984],[-44.087621108,-22.604427079000004],[-44.091015705,-22.606370912],[-44.08879343699999,-22.614291277999993],[-44.088840149999996,-22.62000894399999],[-44.09063618,-22.621218002999996],[-44.088806278999996,-22.62185463],[-44.08738866699999,-22.624871444],[-44.087296026999994,-22.626968624],[-44.089867824,-22.629580402],[-44.085459718,-22.646825385000003],[-44.08800314,-22.648714783],[-44.09399752699999,-22.649262668000002],[-44.116300663,-22.643626982],[-44.148287378,-22.648791738999996],[-44.147149978,-22.652764556999998],[-44.165612828,-22.673445549000004],[-44.171449753,-22.659428447],[-44.175191043,-22.655754214],[-44.18110626699999,-22.654322576],[-44.190126752,-22.648583983],[-44.191060165,-22.645058294000002],[-44.18916123299999,-22.642456958999993],[-44.186163660999995,-22.641417534999995],[-44.184276292999996,-22.637299137999996],[-44.189779265999995,-22.633184132999993],[-44.191205395,-22.629934905999995],[-44.19850254699999,-22.630490459999994],[-44.204367768,-22.626343750999997],[-44.202583367,-22.622861983999993],[-44.204351042,-22.618823395],[-44.20394578999999,-22.615971023],[-44.207425939,-22.612021667],[-44.21003388700001,-22.615607339],[-44.214898884,-22.614202580000004],[-44.216387873,-22.617115869],[-44.219364037,-22.617536626999996],[-44.224435109,-22.611534463999995],[-44.224400427,-22.607955584999996],[-44.226369058,-22.604560026999998],[-44.232638289,-22.609154600999997],[-44.238094965,-22.607549307999992],[-44.241933135,-22.609299936000003],[-44.24560615099999,-22.606419656999996],[-44.248235396,-22.606485718],[-44.249358441,-22.607278456000003],[-44.248975285,-22.609590606],[-44.253388189,-22.612470884999997],[-44.260337853,-22.609590606],[-44.264314752,-22.604107506000002],[-44.267921707,-22.602158694],[-44.26873561099999,-22.598774253],[-44.272043941,-22.602066208],[-44.27444197199999,-22.601686354],[-44.283333842,-22.604381660999998],[-44.283360267,-22.60806789],[-44.285690584,-22.60973097999999],[-44.29527775099999,-22.601706172999997],[-44.295429692999996,-22.598462556],[-44.299155558,-22.599582297000005],[-44.304238986,-22.599096745999997],[-44.31326297999999,-22.595767249000005],[-44.31475596799999,-22.597616968999997],[-44.31698884499999,-22.597280056],[-44.327519038999995,-22.588183395],[-44.33305498899999,-22.591050461999995],[-44.341867584999996,-22.589464986999996],[-44.341669592,-22.586863321],[-44.344281276,-22.584725872999996],[-44.34448138100001,-22.580615989999995],[-44.347191427,-22.575459716999998],[-44.346600075999994,-22.573610816999988],[-44.343439085,-22.572500346999995],[-44.341853034,-22.573706645999998],[-44.337376903999996,-22.573340824999995],[-44.335088579,-22.57138945],[-44.32783888,-22.572917752000002],[-44.329523323,-22.568999351000002],[-44.326758537,-22.569144979],[-44.327583405000006,-22.565748682999995],[-44.324797972,-22.565171312],[-44.32392609099999,-22.561951122999996],[-44.327157939,-22.555986782999998],[-44.323991744999994,-22.551973759999992],[-44.321609121,-22.552322903000004],[-44.320552191,-22.550151099999997],[-44.32188499499999,-22.548924314000004],[-44.320403206,-22.545420138999997],[-44.321636522999995,-22.543596984],[-44.321481201,-22.539085386999993],[-44.325680737,-22.534099555],[-44.32361349,-22.52768582099999],[-44.324794806999996,-22.526924564999998],[-44.32427406,-22.524937729000005],[-44.328486020999996,-22.520014792999994],[-44.32784982199999,-22.518559130999996],[-44.323977262999996,-22.518671815],[-44.324870494,-22.513941575],[-44.32031432899999,-22.512024128],[-44.318760505,-22.507400753],[-44.320888329999995,-22.505534891000003],[-44.323187837999996,-22.499474742999997],[-44.33207384599999,-22.493787004999998],[-44.32990562,-22.491851476],[-44.329390131,-22.487631805000003],[-44.33116155999999,-22.483555929],[-44.334649675,-22.480327876],[-44.332531335,-22.476143354999998],[-44.33437921099999,-22.474206572],[-44.339325115,-22.472570549999993],[-44.335909141,-22.468853888],[-44.33318994099999,-22.467161700999995],[-44.327162513,-22.468299380999998],[-44.32401274499999,-22.467173352],[-44.31913809699999,-22.469597722],[-44.31358079299999,-22.462789881000003],[-44.310914997,-22.452963724],[-44.307839476999995,-22.453029024],[-44.301145436,-22.449387654999992],[-44.293483484999996,-22.451561375],[-44.285807906,-22.461467805],[-44.279475901999994,-22.464466085999998],[-44.272625608999995,-22.470332973000005],[-44.268303197,-22.470290423999995],[-44.264966801,-22.474138339999996],[-44.25959748299999,-22.47435176],[-44.259044487,-22.479843407000004],[-44.255491064,-22.480759013000004],[-44.25462668,-22.484047922000002],[-44.252827329999995,-22.485153269000005],[-44.24219124099999,-22.486358952999996],[-44.23926631199999,-22.483543645999998],[-44.234218862,-22.484135778999995],[-44.233803794,-22.479144473999998],[-44.230946006,-22.476968231],[-44.22565925,-22.477383195],[-44.22319529399999,-22.479883748000002],[-44.221655177,-22.479645337999997],[-44.22326294399999,-22.475036181000004],[-44.22524581099999,-22.474427411000004],[-44.22164467899999,-22.473098048],[-44.223633418999995,-22.471579082],[-44.218424285999994,-22.467491253999995],[-44.219480962,-22.466680926999995],[-44.217602148,-22.463352726],[-44.222396866,-22.463913441000003],[-44.223864854,-22.460287675000007],[-44.223078466,-22.458683756999996],[-44.225591022,-22.458786110000002],[-44.224979003,-22.455686426999996],[-44.226095073,-22.454872990000002],[-44.223442803999994,-22.454971026999992],[-44.22234433399999,-22.453535594999995],[-44.220490031,-22.454294184],[-44.21961453299999,-22.452204317999996],[-44.222346617,-22.449098742000004],[-44.221109461999994,-22.446132322999997],[-44.22396216799999,-22.443866691999997],[-44.21989457899999,-22.442065764],[-44.220539986,-22.437602610999992],[-44.22229281599999,-22.436919451],[-44.222084914,-22.43400133899999],[-44.22081714699999,-22.434565246999995],[-44.217270332,-22.431684230999995],[-44.218756373999994,-22.429523179000004],[-44.215574278999995,-22.425471298],[-44.21661452,-22.422674754999996],[-44.21288115699999,-22.421544775000008],[-44.211518877,-22.419555220999996],[-44.212897174,-22.41790137],[-44.21102189,-22.416430353999992],[-44.21221146900001,-22.416400474000003],[-44.214247674,-22.412352033000005],[-44.213713544,-22.4096131],[-44.211001024,-22.40953878999999],[-44.211870305999994,-22.403723422],[-44.20867364699999,-22.402734764000005],[-44.209447885,-22.401118176],[-44.206773434,-22.400607033],[-44.208043362,-22.397300377],[-44.20473167,-22.393522083],[-44.206635674,-22.391402195000005],[-44.204643237,-22.388768488999997],[-44.206346576,-22.388986106999994],[-44.20814240799999,-22.387297649999997],[-44.202746226,-22.383774702],[-44.192038018999995,-22.382895860999998],[-44.191569122999994,-22.381653838999995],[-44.189672792,-22.382025489],[-44.189511935,-22.380315084],[-44.18593777899999,-22.381324408],[-44.182861675,-22.380412698000008],[-44.181052202,-22.377747765999995],[-44.17874147100001,-22.378365490999997],[-44.175177517,-22.375599163000004],[-44.173282033999996,-22.376309228999997],[-44.170543159,-22.374990476999997],[-44.166402334,-22.37680414],[-44.161090427999994,-22.374559315999996],[-44.158084697999996,-22.376052375999997],[-44.155157615,-22.373849189999998],[-44.15922059999999,-22.360603863000005],[-44.160949484,-22.359675526],[-44.160078428000006,-22.356125476999992],[-44.16179881,-22.349177185],[-44.16517676,-22.339293642],[-44.16963498700001,-22.331455570999996],[-44.169563755,-22.327490695],[-44.16382250899999,-22.324735105999995],[-44.162647545,-22.326898696],[-44.157513146,-22.326232229],[-44.153818158,-22.330576694],[-44.146025485,-22.331972859000004],[-44.140484812,-22.338697201],[-44.137350131,-22.336786762999992],[-44.131802578,-22.337952420999997],[-44.129366741,-22.337253955999994],[-44.124187264,-22.339131129],[-44.11812956,-22.329716539],[-44.112814914,-22.328576744],[-44.10869120499999,-22.329381430999998],[-44.102722828,-22.327543992999992],[-44.09952497199999,-22.328461989],[-44.099323697,-22.329981430000004],[-44.094848542,-22.329842337000006],[-44.089798411,-22.325684526000003],[-44.087532509999996,-22.325907119999997],[-44.084154552,-22.321192624],[-44.081127993,-22.321707799000002],[-44.074123357999994,-22.319000612],[-44.071820515000006,-22.319836147000004],[-44.067304889,-22.315655916],[-44.06592405399999,-22.316830231],[-44.062985993,-22.314919418],[-44.051512708999994,-22.313345476999995],[-44.05129824,-22.309595859999995],[-44.04790939499999,-22.306566992999997],[-44.04363739,-22.306076802999996],[-44.040648648,-22.303403742999997],[-44.03341047,-22.30229205099999],[-44.026438452,-22.297265238999994],[-44.023816358,-22.297878148]]]}},{"type":"Feature","properties":{"code_muni":"3300456","name_muni":"Belford Roxo","abbrev_state":"RJ"},"geometry":{"type":"Polygon","coordinates":[[[-43.35463522399999,-22.694316029999996],[-43.34725068299999,-22.698637507999997],[-43.340673095999996,-22.694436723999996],[-43.335197966,-22.696510471000003],[-43.328570756,-22.695023737],[-43.326233676,-22.698529355999998],[-43.32709499399999,-22.705622886000008],[-43.319784993999995,-22.709398377999996],[-43.32795675599999,-22.727420976],[-43.32929030799999,-22.755902649999996],[-43.385153607,-22.766455838000006],[-43.397142259,-22.777594540999996],[-43.415994229,-22.764990950999998],[-43.413914031999994,-22.755627645999994],[-43.415431815999995,-22.753481715999992],[-43.421821288,-22.75055984],[-43.42596717,-22.743361373],[-43.434084148,-22.724542472],[-43.42982789,-22.720693613],[-43.427226856999994,-22.715900597999998],[-43.43156031099999,-22.702606151000005],[-43.422670739999994,-22.703857465000002],[-43.41705949199999,-22.700076229],[-43.410246492999995,-22.69977593],[-43.407977144,-22.694386377999994],[-43.402381084999995,-22.69548826],[-43.395781225,-22.693455581999995],[-43.394224188,-22.691393169999998],[-43.391012499000006,-22.69184059099999],[-43.38691981099999,-22.689961752999995],[-43.384309032999994,-22.692129253999994],[-43.381364034,-22.68892671],[-43.38039117,-22.689233374000004],[-43.381099668999994,-22.690756118999996],[-43.378233910999995,-22.690752835],[-43.376370042999994,-22.693119395999997],[-43.370302985,-22.694256316999997],[-43.367598882,-22.687107293],[-43.365349312999996,-22.685107824],[-43.35463522399999,-22.694316029999996]]]}},{"type":"Feature","properties":{"code_muni":"3300506","name_muni":"Bom Jardim","abbrev_state":"RJ"},"geometry":{"type":"Polygon","coordinates":[[[-42.348130861,-22.107879742000005],[-42.343339616,-22.112904942],[-42.342739855999994,-22.124314657000003],[-42.337101892,-22.123537239],[-42.33419889499999,-22.125376556000003],[-42.330738158,-22.121526968],[-42.328219775,-22.122087923000002],[-42.325925778999995,-22.119559151000004],[-42.324248986,-22.119983089999998],[-42.324339758,-22.114701245000006],[-42.315950826999995,-22.109514267999998],[-42.310761771,-22.111125874999995],[-42.309038466,-22.117198754000004],[-42.30484547,-22.117950056999998],[-42.300563686,-22.121966668999995],[-42.298355544,-22.117127307],[-42.29466793099999,-22.114325825999998],[-42.289143714999994,-22.115675572999997],[-42.283692836,-22.122021631000003],[-42.278807613,-22.123683659],[-42.277067732,-22.131885052],[-42.27865327899999,-22.133545365000003],[-42.27983123799999,-22.141710934000002],[-42.283612519,-22.142318792],[-42.290998824,-22.139655295000004],[-42.294630868,-22.143028693],[-42.294581345000005,-22.146727442999993],[-42.29761932,-22.151268746999996],[-42.296551902,-22.153830127],[-42.294225066,-22.154870543],[-42.293704494,-22.158932510999996],[-42.291724721,-22.160214977],[-42.293901958999996,-22.165095007],[-42.292182043,-22.170364062999997],[-42.285663978,-22.175158961000005],[-42.282134807,-22.181381084999998],[-42.282771527,-22.183469805999998],[-42.280467802,-22.187229502],[-42.28057014899999,-22.190593514999996],[-42.27803569,-22.193306368],[-42.282792397,-22.194109680999993],[-42.285179599,-22.195919466000003],[-42.28290382,-22.198306641000002],[-42.286081492,-22.200826919999994],[-42.279790544,-22.208925252],[-42.273968551,-22.208217610000002],[-42.272300037,-22.211586152000002],[-42.265128049,-22.216773734999993],[-42.257419395999996,-22.216005704999997],[-42.250332338,-22.222017034999997],[-42.24423576900001,-22.221658936],[-42.238310632,-22.224998434999996],[-42.233461263,-22.22465688999999],[-42.234079900999994,-22.227473014],[-42.23714563,-22.228242237],[-42.240069967,-22.235247665999996],[-42.242349689,-22.234865078000002],[-42.250263491,-22.237356614],[-42.247688743000005,-22.244950035999995],[-42.248589482,-22.248129455000004],[-42.251661535,-22.249095753999992],[-42.253827597999994,-22.251588430999995],[-42.252002355,-22.256359829999997],[-42.26005248799999,-22.258721090999998],[-42.260717868,-22.262382777999996],[-42.264594054,-22.266351361999998],[-42.27100242200001,-22.267232146],[-42.273951372999996,-22.270491375999995],[-42.28072755,-22.271893541999997],[-42.28182077799999,-22.273299044999998],[-42.28028388399999,-22.275826774999995],[-42.281521506999994,-22.278315990000003],[-42.28954176800001,-22.279700611000006],[-42.29284378399999,-22.281907057999994],[-42.294855979999994,-22.285826446999998],[-42.293092669,-22.288486183000003],[-42.285656089999996,-22.288644271999996],[-42.28754142099999,-22.292164444000004],[-42.293487855,-22.293846134],[-42.295276650999995,-22.295935316999994],[-42.304826176,-22.293033339],[-42.318687744,-22.298594457000004],[-42.33472276999999,-22.299217424999988],[-42.343649281,-22.304242426999995],[-42.348782752,-22.302301475999997],[-42.35195951299999,-22.299347775],[-42.358642388999996,-22.301686958000005],[-42.47454153799999,-22.224007109],[-42.47505256299999,-22.222079478000005],[-42.47298105,-22.222273693999995],[-42.471872991,-22.220476279999996],[-42.471954638999996,-22.211131625999993],[-42.478942592,-22.20382560299999],[-42.48549008,-22.200174961999995],[-42.484551300999996,-22.196257209],[-42.485674202999995,-22.193776833],[-42.522114269999996,-22.159947912999993],[-42.465346647,-22.130648585000003],[-42.463494069999996,-22.128276210999996],[-42.4658452,-22.127688352],[-42.46890121799999,-22.124359608],[-42.471879499,-22.11640262099999],[-42.471233952999995,-22.113270313],[-42.46734746799999,-22.111304882999995],[-42.464184898999996,-22.113602006999997],[-42.455498245,-22.11529245],[-42.454255965,-22.117450009999992],[-42.44564279099999,-22.117123506999995],[-42.439589886,-22.122623968999992],[-42.4339007,-22.119730872],[-42.427544945,-22.114195240999997],[-42.423501158,-22.114679313999996],[-42.42308461299999,-22.119051135000007],[-42.420832052,-22.116436654999994],[-42.418448735,-22.117370965],[-42.412315478,-22.116360729999997],[-42.407361223,-22.120132748],[-42.40384536,-22.118439114999994],[-42.40167190399999,-22.120026579],[-42.396608662999995,-22.119690737999996],[-42.391855006,-22.123218162999997],[-42.39377308499999,-22.128257912999995],[-42.38786701299999,-22.130140859],[-42.38549825399999,-22.127308522999996],[-42.378315485,-22.124319288000002],[-42.375846605,-22.117583125000003],[-42.372046327,-22.115487549],[-42.36745818799999,-22.114298492],[-42.365937208,-22.116070018],[-42.362193311,-22.115300591],[-42.360978437,-22.113680420999998],[-42.356657215,-22.11296599],[-42.355616739999995,-22.111192582999998],[-42.348130861,-22.107879742000005]]]}},{"type":"Feature","properties":{"code_muni":"3300605","name_muni":"Bom Jesus do Itabapoana","abbrev_state":"RJ"},"geometry":{"type":"Polygon","coordinates":[[[-41.7267392,-20.863724444999995],[-41.725403652,-20.865715789999992],[-41.72031449199999,-20.864368262999992],[-41.718727405,-20.867943700999994],[-41.712500852,-20.86802180899999],[-41.71146035099999,-20.871958897999995],[-41.71569696699999,-20.87182457799999],[-41.71669649,-20.874448743999995],[-41.71923152899999,-20.875255920000004],[-41.717278064999995,-20.877963311999995],[-41.721553086,-20.880928137],[-41.71993308599999,-20.883925464],[-41.721802317,-20.885538906],[-41.723553491,-20.884397691],[-41.723182924,-20.887595059],[-41.72634094,-20.892389471999998],[-41.725658835,-20.895137569],[-41.719742884,-20.896816596999997],[-41.718483612,-20.899144938000003],[-41.722367913,-20.92325279],[-41.725609645,-20.921131353999993],[-41.726439321,-20.922948114999993],[-41.73311936099999,-20.92700467299999],[-41.737277579,-20.927644147],[-41.737431709,-20.930841516],[-41.733594866999994,-20.939790866999992],[-41.733890009,-20.943135806],[-41.730951708999996,-20.946972648000006],[-41.725737538999994,-20.950697992],[-41.71740554099999,-20.95304488],[-41.71802174500001,-20.965035540999995],[-41.716441049,-20.974266682999993],[-41.71162751899999,-20.980592441000002],[-41.71001407899999,-20.991033664000003],[-41.715890335999994,-20.991474233999995],[-41.71746805499999,-20.993825928000007],[-41.717472395,-20.99929876099999],[-41.720599604,-20.999718223000002],[-41.721421475999996,-21.002013327999993],[-41.721875809,-21.010887810000003],[-41.714545338,-21.015408345999997],[-41.7158043,-21.017756151999997],[-41.715503397,-21.022473760999993],[-41.71736069599999,-21.022200527],[-41.717651224,-21.024234217999997],[-41.71966762099999,-21.02353902799999],[-41.72101649799999,-21.026126103999996],[-41.722790789,-21.02443482],[-41.725201473999995,-21.033078006],[-41.72152837899999,-21.040161337],[-41.721785421,-21.04314928200001],[-41.719224913,-21.044974059],[-41.717451598,-21.044708783],[-41.71618891699999,-21.047051016999998],[-41.719032363,-21.053973208000002],[-41.723235391,-21.055637848],[-41.72680570499999,-21.052557134000004],[-41.727924252,-21.04925045099999],[-41.72934785799999,-21.049627065999996],[-41.732767525999996,-21.06605314600001],[-41.726929987999995,-21.067201822999998],[-41.726108966,-21.065879902999995],[-41.72316006799999,-21.067111434999997],[-41.721830614999995,-21.068241281999995],[-41.72156321799999,-21.073299225999993],[-41.725519563,-21.081965146],[-41.73127048,-21.087313084999998],[-41.732050074,-21.092510377],[-41.734535734999994,-21.095523300000007],[-41.733622981,-21.098152622999997],[-41.73615926,-21.101001538999995],[-41.735940729999996,-21.102598385999997],[-41.728284049,-21.107283088],[-41.72328851399999,-21.103635746],[-41.719207825,-21.10692196500001],[-41.716306804,-21.104827452],[-41.71456137599999,-21.106296017999995],[-41.707037981,-21.107234938],[-41.705172179,-21.111568413999997],[-41.710552911,-21.111110991],[-41.718630028,-21.116840808999996],[-41.717992044,-21.118826984999995],[-41.720556017,-21.12236599],[-41.716583665,-21.125435536],[-41.71229086099999,-21.125111816],[-41.71162424199999,-21.126458717],[-41.704943468,-21.127794872000003],[-41.704148997,-21.126675391000003],[-41.705605526,-21.124893851],[-41.705726525,-21.120822835000002],[-41.694157928,-21.115372242],[-41.69089578399999,-21.117238044],[-41.68842811,-21.122173390999997],[-41.682168645999994,-21.120921499000005],[-41.677661839,-21.124088383],[-41.67682402599999,-21.127024476999996],[-41.679118062,-21.130431130999995],[-41.678400542999995,-21.133502927],[-41.675447229999996,-21.133513182],[-41.672671112,-21.128023583999997],[-41.66315307499999,-21.124701553],[-41.661885572,-21.126976326999994],[-41.66536439,-21.131983899],[-41.657336842,-21.136257449],[-41.654819599,-21.135486792],[-41.652688974,-21.137352593999992],[-41.654085316,-21.142167567],[-41.646309135,-21.142853699],[-41.64502112899999,-21.144851914],[-41.639396741,-21.146193376000003],[-41.631900328,-21.14426208],[-41.628037635999995,-21.144678827999996],[-41.621981483999996,-21.146958464999997],[-41.62152406199999,-21.149149276000003],[-41.614975697999995,-21.15194196199999],[-41.61258951799999,-21.157000942999996],[-41.586567357999996,-21.149546512999997],[-41.586146048,-21.159682030000006],[-41.583895048,-21.164761827000003],[-41.578237455,-21.169745324],[-41.57223077599999,-21.169721248999995],[-41.569811252,-21.172429671],[-41.570112187999996,-21.179303045],[-41.564623119,-21.183744858],[-41.56171006099999,-21.177244643999995],[-41.555727457,-21.172381522],[-41.55423577799999,-21.173760530000003],[-41.554668162999995,-21.175583478999993],[-41.55153843,-21.176125163],[-41.54828832399999,-21.183299473],[-41.530436810999994,-21.180025291000007],[-41.52097538999999,-21.187019038999996],[-41.518399379,-21.186417168],[-41.51707526199999,-21.18771720999999],[-41.514812223999996,-21.184455066000005],[-41.514980748,-21.178965997],[-41.51155008,-21.175836265],[-41.505615626,-21.176125163],[-41.503147952,-21.17746131799999],[-41.502377557,-21.182649451],[-41.49951264799999,-21.183371697000002],[-41.498260755,-21.185129162000003],[-41.496611627,-21.184960638],[-41.494950460999995,-21.182131841999997],[-41.493108734,-21.183022611999995],[-41.48694556899999,-21.179784542000007],[-41.482082446,-21.184286542],[-41.478929295,-21.182588696],[-41.48051757999999,-21.18912559],[-41.479133275,-21.193639626999996],[-41.472909922,-21.19859904899999],[-41.471690029,-21.202742608],[-41.46962964600001,-21.20279326699999],[-41.47005315700001,-21.23141353799999],[-41.472409737,-21.233065718000002],[-41.47927434,-21.233998947],[-41.479504924,-21.235589827999995],[-41.482111633,-21.235051081999995],[-41.484613089,-21.238512382000003],[-41.488067705,-21.239212925999997],[-41.49038649399999,-21.242921232999993],[-41.49617802899999,-21.245019420000002],[-41.49662214,-21.248660927000003],[-41.49823181899999,-21.248901443000005],[-41.49807959399999,-21.252541306999994],[-41.499594466,-21.253918427],[-41.499111767,-21.256003339999996],[-41.502607888,-21.260180349000002],[-41.501672254,-21.261628771000005],[-41.506386150999994,-21.263572695000004],[-41.506618994,-21.265127176],[-41.511974372,-21.264187924999998],[-41.51442472099999,-21.261246850999996],[-41.524613593999995,-21.267600378999994],[-41.52531888,-21.272939309],[-41.523952662,-21.274451270999993],[-41.52865013699999,-21.276218512999996],[-41.52806198399999,-21.277212030999998],[-41.529741175999995,-21.278354142],[-41.532873570999996,-21.278288892],[-41.53575369799999,-21.281337349999994],[-41.53707295499999,-21.279697796999994],[-41.539882497,-21.281488929999995],[-41.55353966599999,-21.296369380999998],[-41.56338365799999,-21.299654154000002],[-41.56668935,-21.303114336999993],[-41.57228020499999,-21.303679697],[-41.574854915,-21.306084057],[-41.584524443,-21.309603008000003],[-41.58739523599999,-21.312194089999995],[-41.58572903599999,-21.313165461],[-41.585071536,-21.31738290599999],[-41.590901676,-21.31060606],[-41.58813236099999,-21.303409554999998],[-41.59252553,-21.302379992999995],[-41.59576501899999,-21.298368417999995],[-41.601360082,-21.296974815],[-41.60088360799999,-21.294515620999995],[-41.60574600699999,-21.292446299],[-41.605515766,-21.288622254],[-41.609291728,-21.284065817000002],[-41.606674506999994,-21.280828215999996],[-41.608548643,-21.277475007999996],[-41.612740086,-21.277269358999998],[-41.615338136,-21.275315232999997],[-41.61944304399999,-21.276259945999993],[-41.619908639,-21.268870761999995],[-41.624203462,-21.26483944],[-41.62612073599999,-21.263677365],[-41.631087773999994,-21.264019465999993],[-41.6379292,-21.261120124999998],[-41.634762631,-21.257969162000002],[-41.631414868,-21.257561225999996],[-41.62957256,-21.254618213999994],[-41.63569136,-21.251395633],[-41.636485387,-21.247834925999992],[-41.63914504499999,-21.246901949],[-41.639487603999996,-21.245470270999995],[-41.641961053,-21.244969262],[-41.645546778,-21.247234591999995],[-41.65494760699999,-21.243815360999996],[-41.660895206999996,-21.245097187999995],[-41.66526246,-21.247696769],[-41.673600621,-21.249917376999992],[-41.682123520999994,-21.257175660999998],[-41.68822157999999,-21.245458828],[-41.691331725,-21.242703695],[-41.693951285999994,-21.243014011999996],[-41.694800234,-21.239462465999996],[-41.699137909,-21.238009829],[-41.698785386,-21.23262945999999],[-41.70074199199999,-21.231222031],[-41.701193615,-21.225748756],[-41.703517766999994,-21.225042094],[-41.703640606,-21.222197940999994],[-41.705607494,-21.22204938],[-41.70559673499999,-21.219725948],[-41.711859159,-21.221189935999995],[-41.714594373,-21.220310974],[-41.720287273000004,-21.224538590000005],[-41.722470874,-21.222027007999998],[-41.727667829,-21.221183595000003],[-41.725120591999996,-21.212626678999996],[-41.722740793999996,-21.211427190999995],[-41.718663401,-21.204254692999996],[-41.717297354,-21.196139739],[-41.721548743999996,-21.188092170999997],[-41.719912766,-21.182972160999995],[-41.726296212,-21.182001252000006],[-41.727432832,-21.180560791999998],[-41.725794346,-21.178312496000004],[-41.728346107,-21.175065742],[-41.726358809,-21.173455958],[-41.726147339,-21.170715735999995],[-41.731488808,-21.168101903],[-41.746282419,-21.169383698],[-41.748758749,-21.170225302000002],[-41.749728741999995,-21.172316555999995],[-41.75398363699999,-21.173727161999995],[-41.756032809,-21.176591276000003],[-41.763130796999995,-21.176752510999997],[-41.764257048999994,-21.175361704],[-41.76402271599999,-21.170078959],[-41.76629009199999,-21.167771715],[-41.76468681,-21.164710899],[-41.76644816099999,-21.163811993],[-41.76691980299999,-21.161660101],[-41.763601693999995,-21.154855778999995],[-41.76705110099999,-21.150574035999995],[-41.77505368999999,-21.147837822999996],[-41.777955270999996,-21.149155334],[-41.780198658,-21.147730169999996],[-41.786857053999995,-21.148614140000003],[-41.794876608,-21.144147549999992],[-41.80223212999999,-21.144127832999995],[-41.804244313,-21.142782091999997],[-41.802435281,-21.140701935999996],[-41.803516852,-21.136852032000004],[-41.799669466,-21.132709872999992],[-41.79922996799999,-21.124296229999988],[-41.797846452,-21.122830194000002],[-41.798806732,-21.121268239999992],[-41.805914279,-21.117651460999998],[-41.81864263,-21.124387408],[-41.820348531,-21.122300681999995],[-41.829863659,-21.121899443],[-41.829153689,-21.118267692999996],[-41.825064237,-21.116540901],[-41.823473496,-21.110828942999994],[-41.817932619,-21.108501530000005],[-41.816110976999994,-21.103865639],[-41.825120366,-21.100838527000004],[-41.82960473299999,-21.094237234999994],[-41.830996021000004,-21.088007756999996],[-41.839012869,-21.082049486],[-41.83945702799999,-21.074312849],[-41.84172256699999,-21.074608191999992],[-41.842643646999996,-21.073453444],[-41.842215457,-21.070149211999997],[-41.846484634,-21.070728171999995],[-41.84602965199999,-21.067214044999993],[-41.85059638,-21.062272420999996],[-41.849163021,-21.059503049],[-41.84470356199999,-21.059259000000004],[-41.84205401,-21.05828289],[-41.84172147799999,-21.056682817999995],[-41.83770461799999,-21.055679335],[-41.838157648999996,-21.050900549999998],[-41.83604330599999,-21.048983338],[-41.835701161,-21.044052732],[-41.831620016,-21.040156529999994],[-41.829900445999996,-21.035417825999996],[-41.821968386,-21.02976514399999],[-41.81893342199999,-21.023526927999995],[-41.815125726,-21.019897830000005],[-41.81296020199999,-21.013597576999995],[-41.81033555599999,-21.013247471999996],[-41.807315591,-21.010504396],[-41.807006739,-21.008886765],[-41.809450054,-21.006461157],[-41.80804665099999,-21.004400770000004],[-41.808287806,-20.998674295999997],[-41.805584554,-20.994927337999997],[-41.801979666,-20.994784935],[-41.803193772,-20.992380955],[-41.802533001,-20.988616617999995],[-41.801036280999995,-20.987109164],[-41.79728501699999,-20.987734217000003],[-41.793728877999996,-20.984147778999994],[-41.795123460999996,-20.980633823999995],[-41.794507939,-20.976984764],[-41.791171447,-20.975465832999998],[-41.791049739,-20.968402305000005],[-41.789524382,-20.966045006],[-41.793824461999996,-20.961515116999994],[-41.79617196499999,-20.962674150999998],[-41.79933845200001,-20.961439195000004],[-41.80021128200001,-20.957261231],[-41.804920990999996,-20.956485294],[-41.806383636999996,-20.957885793000003],[-41.80847042999999,-20.956451579000003],[-41.809921627,-20.949017413],[-41.812936312999994,-20.944308142999997],[-41.81182386099999,-20.941783031999996],[-41.802415603,-20.93106204],[-41.801471823,-20.927056064],[-41.797675029,-20.924222474000004],[-41.798208332,-20.922244415],[-41.79121360799999,-20.917196187],[-41.791166123,-20.91400321],[-41.78619171,-20.908448911999997],[-41.78410328999999,-20.903516485999997],[-41.779475667999996,-20.902463087000005],[-41.77719951299999,-20.899738654999997],[-41.777257483999996,-20.896365879999998],[-41.76653728299999,-20.88548622],[-41.76030375999999,-20.882151474],[-41.754955624,-20.874508817999995],[-41.747907142,-20.869878650000004],[-41.740714551,-20.873199055999997],[-41.737070239,-20.870024881999992],[-41.73304862,-20.869255294],[-41.73016191899999,-20.870908260000007],[-41.72800887,-20.869096585],[-41.7267392,-20.863724444999995]]]}},{"type":"Feature","properties":{"code_muni":"3300704","name_muni":"Cabo Frio","abbrev_state":"RJ"},"geometry":{"type":"MultiPolygon","coordinates":[[[[-41.983366825,-22.891090729],[-41.97927946,-22.891579281000002],[-41.980044829,-22.899317262999997],[-41.976292027,-22.899567038],[-41.977104341,-22.901031251999996],[-41.981220834999995,-22.899778357],[-41.98082365799999,-22.902640798999997],[-41.983402863,-22.900078406],[-41.98199666899999,-22.897766173999997],[-41.984497086,-22.895017678999988],[-41.986722469,-22.895206270999992],[-41.986452869999994,-22.893800833999997],[-41.98904937099999,-22.892201458000006],[-41.985658789999995,-22.892818966999997],[-41.983366825,-22.891090729]]],[[[-41.9604998,-22.885110559],[-41.96094429199999,-22.883789856999996],[-41.96047639099999,-22.88314687399999],[-41.9604998,-22.885110559]]],[[[-41.959613556,-22.883757284999998],[-41.95962438499999,-22.882538591999992],[-41.958936938,-22.881788605999997],[-41.958098522,-22.88241431899999],[-41.959613556,-22.883757284999998]]],[[[-41.939623644,-22.877451894999997],[-41.941240983,-22.879673484],[-41.94249521199999,-22.879501757999996],[-41.942743754,-22.877731301999997],[-41.939623644,-22.877451894999997]]],[[[-41.949601564,-22.870511360999995],[-41.95319995799999,-22.876137762],[-41.953935707,-22.875880126000002],[-41.953361907,-22.872443999],[-41.949601564,-22.870511360999995]]],[[[-41.93578611,-22.862839528000002],[-41.934995977,-22.864604560999997],[-41.93990302299999,-22.868041937],[-41.93803102900001,-22.868950499],[-41.94030507099999,-22.873606726],[-41.94458161,-22.875880881],[-41.945973024,-22.874126079],[-41.947908805999994,-22.874104696000003],[-41.946922322,-22.870153867000003],[-41.950128032,-22.869879455000007],[-41.945524755,-22.863760196999994],[-41.93578611,-22.862839528000002]]],[[[-42.134515407,-22.542108210000002],[-42.131222128999994,-22.546439316999994],[-42.130618916,-22.552467877],[-42.13382374999999,-22.554821532999995],[-42.12883447,-22.557536807000005],[-42.125898617999994,-22.557710209999996],[-42.122136294,-22.553915031999995],[-42.120404797999996,-22.558959425],[-42.121514473,-22.561897817999995],[-42.124956383999994,-22.563922489000003],[-42.119404032,-22.56646848899999],[-42.114993304,-22.565878916999996],[-42.109816295,-22.567038717],[-42.107358311,-22.564842995999996],[-42.10604365499999,-22.560347233999998],[-42.100927252,-22.564902697],[-42.097720290999995,-22.561621703],[-42.094425089999994,-22.561638944],[-42.091270435999995,-22.564576304999996],[-42.094164278,-22.570131462],[-42.09357258099999,-22.57164781],[-42.087936164999995,-22.572561086],[-42.084140527,-22.569151914999996],[-42.081975526,-22.574039587],[-42.08015418099999,-22.575098487],[-42.076682772999995,-22.573012239],[-42.072878573,-22.567497184],[-42.069601584999994,-22.568900198999998],[-42.064934828,-22.56867003],[-42.063435003,-22.572746151999993],[-42.061676772999995,-22.572937189],[-42.06043394,-22.571002122000003],[-42.06061793999999,-22.564922847],[-42.062743266999995,-22.559965834],[-42.054852716,-22.563112872000005],[-42.049112805,-22.561299467000005],[-42.041424061,-22.568946865999994],[-42.03855870099999,-22.566955767999996],[-42.03724170899999,-22.560649102],[-42.034817662,-22.559728918],[-42.032392857,-22.561641018000003],[-42.02984601899999,-22.570891833],[-42.020669647,-22.568966435000004],[-42.021685907999995,-22.576203241999995],[-42.020340784999995,-22.577946331999996],[-42.016408166999994,-22.577311117],[-42.012055953,-22.571257473999996],[-42.009341278,-22.573446814],[-42.007389577999994,-22.580236916],[-42.00412032199999,-22.584939144999996],[-41.997106349999996,-22.574679997999997],[-41.99518213199999,-22.574855728999996],[-41.990831857,-22.579834620999993],[-41.996179507,-22.591493587999995],[-41.995973514,-22.594736333],[-41.993585225,-22.596399958999996],[-41.991566628,-22.596029818],[-41.99090428499999,-22.597381356],[-41.994453042,-22.59866692799999],[-41.996291725,-22.602245112000002],[-41.99951132999999,-22.628921291999998],[-41.99753913299999,-22.667798778],[-41.99409064599999,-22.689296504999998],[-41.988578409,-22.708976528999997],[-41.981261818,-22.723022243999996],[-41.973455669,-22.729566889999994],[-42.00756291199999,-22.775871833000004],[-42.009933252,-22.776918000999995],[-42.001366014,-22.795842064],[-41.969416637,-22.822760864999992],[-41.972766486999994,-22.825269482],[-41.978313057,-22.833064815],[-41.986373513,-22.852670452000005],[-41.986632912999994,-22.858386776999996],[-41.984168618,-22.864755414999998],[-41.98183020799999,-22.866981289000005],[-41.97771415,-22.865041515999998],[-41.978206246,-22.867891094000008],[-41.980357736,-22.868514797999996],[-41.982135385,-22.867267392],[-41.98315390799999,-22.868499539],[-41.98228034299999,-22.871398709000005],[-41.979587166,-22.870855115],[-41.979693977,-22.873420498],[-41.98398932599999,-22.873248836999995],[-41.98968085599999,-22.88274934],[-41.991935341,-22.881810925000003],[-41.998653501999996,-22.884713573000003],[-42.001418679,-22.889856120999998],[-42.00419196399999,-22.889617704],[-42.00586480599999,-22.885862093],[-42.00850182799999,-22.885540462999998],[-42.00742379599999,-22.88398697199999],[-42.011604618,-22.882668759],[-42.01552248099999,-22.884616041000005],[-42.023593349,-22.892007049999997],[-42.031489016,-22.903086316999996],[-42.034955414,-22.911521570000005],[-42.037342995,-22.921699429999993],[-42.03728547299999,-22.933130821999995],[-42.088488477999995,-22.932766034],[-42.10350239699999,-22.926128407000004],[-42.11146581199999,-22.920306284],[-42.122190589999995,-22.908293072],[-42.115366814,-22.909060876000005],[-42.112713343,-22.907749885000005],[-42.109929185,-22.903826062],[-42.10489698599999,-22.891146008000007],[-42.104350565999994,-22.88437075],[-42.108870061999994,-22.869635909999996],[-42.09955938299999,-22.861997698999996],[-42.08402631,-22.865255858],[-42.074322055,-22.859555854000003],[-42.060647013,-22.865943097999992],[-42.057259353999996,-22.865842071],[-42.05371263199999,-22.862924748000005],[-42.046252016,-22.867583289],[-42.041197474,-22.865734066000005],[-42.039805344,-22.859083715],[-42.03814261699999,-22.858095002],[-42.024998143,-22.796407414999994],[-42.131895167,-22.65336462699999],[-42.182403101999995,-22.552676144],[-42.17897218499999,-22.551168524],[-42.179747964,-22.549773528000003],[-42.176693767,-22.545719133],[-42.171530255,-22.548824604],[-42.169605553,-22.546852269999988],[-42.16598275999999,-22.548169788999996],[-42.164958457,-22.546843571999993],[-42.165838230999995,-22.545570430999994],[-42.16422194,-22.545149287999998],[-42.163271666,-22.546728425999998],[-42.161265772,-22.544785257999997],[-42.157009464,-22.547693149],[-42.155890833,-22.547630664999993],[-42.155788044999994,-22.545947654000003],[-42.15039349399999,-22.548898752],[-42.152088367,-22.550413665000004],[-42.151409419,-22.551732971000003],[-42.153888863,-22.550983875],[-42.15263726199999,-22.556686752999997],[-42.151230519,-22.556728545],[-42.149104955,-22.555771410999995],[-42.146783541,-22.551693601999997],[-42.144609396,-22.551620867999997],[-42.143963516999996,-22.548212733],[-42.141081345,-22.548639417000004],[-42.143526091999995,-22.543596562999998],[-42.147500644999994,-22.542719860999988],[-42.14716252299999,-22.540861905000003],[-42.140354297,-22.542065508999997],[-42.138870038,-22.540125774999996],[-42.134515407,-22.542108210000002]]],[[[-41.938295637,-22.870404426999997],[-41.938210169,-22.86977982],[-41.93796261899999,-22.870004132],[-41.938295637,-22.870404426999997]]],[[[-41.92134754399999,-22.863587737999996],[-41.918319743999994,-22.86418731799999],[-41.920057031,-22.865577560999995],[-41.92134754399999,-22.863587737999996]]],[[[-41.921831544999996,-22.863625180000003],[-41.923168306,-22.864848114],[-41.924804464999994,-22.864321863000004],[-41.922953541000005,-22.863347548999997],[-41.921831544999996,-22.863625180000003]]],[[[-41.90402454,-22.850876402999997],[-41.904072938,-22.855047294999995],[-41.902706209,-22.857310028],[-41.904157567,-22.859985250000005],[-41.90931551999999,-22.858840834000002],[-41.909534041,-22.862782607],[-41.911829488,-22.86157027200001],[-41.912620245,-22.862366705],[-41.91293591699999,-22.861084076],[-41.91003983499999,-22.85754137399999],[-41.907754159999996,-22.857703429000004],[-41.906518641,-22.856368957000004],[-41.906207743,-22.852443761000004],[-41.90402454,-22.850876402999997]]],[[[-41.903284427,-22.850303775999997],[-41.90304853999999,-22.850797566999997],[-41.903503499,-22.850392371],[-41.903284427,-22.850303775999997]]],[[[-41.88901108899999,-22.844687356000005],[-41.89185073200001,-22.846438969],[-41.893638669,-22.845649218999995],[-41.890745625,-22.843220044999995],[-41.88901108899999,-22.844687356000005]]]]}},{"type":"Feature","properties":{"code_muni":"3300803","name_muni":"Cachoeiras de Macacu","abbrev_state":"RJ"},"geometry":{"type":"Polygon","coordinates":[[[-42.584435298,-22.355263713],[-42.573048923,-22.35949244],[-42.565218142999996,-22.359093208000004],[-42.56139095499999,-22.361319187],[-42.562781354,-22.363865594],[-42.56078082500001,-22.364091184],[-42.556272348,-22.369054909999996],[-42.556725057,-22.371436750999994],[-42.55480977799999,-22.373499619],[-42.55762802899999,-22.377872471],[-42.552274329999996,-22.378203014999997],[-42.55432517199999,-22.381463156000002],[-42.55116193999999,-22.38688846899999],[-42.557100546,-22.396290099],[-42.558255566999996,-22.401580343],[-42.558020326999994,-22.403452392999995],[-42.55540081099999,-22.40500968],[-42.558894306999996,-22.411759344999997],[-42.556926442999995,-22.411804511000003],[-42.554976142,-22.413997097999996],[-42.556969666,-22.416279492999998],[-42.556231528,-22.423971053],[-42.55793269,-22.424279676],[-42.559859998,-22.427543531999998],[-42.562622523,-22.427683658],[-42.565044408,-22.433697678999994],[-42.574299724999996,-22.43825864],[-42.57568231799999,-22.440499483999993],[-42.572196474,-22.441200930999997],[-42.57255229,-22.447292606000005],[-42.571202383,-22.448959585],[-42.564383521,-22.448025424],[-42.562903582,-22.446687653000005],[-42.561015897,-22.44721373699999],[-42.552335794,-22.451877556999992],[-42.55046703299999,-22.456742675],[-42.553455621999994,-22.466536929],[-42.563372545,-22.467579868],[-42.563248791,-22.472199961],[-42.567414760999995,-22.479726555],[-42.565725608,-22.484134671],[-42.567069769999996,-22.485914181],[-42.57184199499999,-22.487051961999995],[-42.578139512,-22.494090101999994],[-42.579065949,-22.498825892],[-42.577998262,-22.50207905],[-42.586121411,-22.514883825000002],[-42.586095157,-22.517913339999996],[-42.588423181,-22.522249380000005],[-42.587507296,-22.523686810000004],[-42.592538849,-22.526677981],[-42.591234888,-22.528913094],[-42.593176361999994,-22.533725613999994],[-42.596146504000004,-22.535274942],[-42.59882185099999,-22.540205362000002],[-42.60335989399999,-22.540709558000003],[-42.564564659,-22.620125787],[-42.56539180499999,-22.621419833999994],[-42.571506542,-22.626116222999997],[-42.575503373,-22.623474055000003],[-42.578783754,-22.623794967999995],[-42.584614587,-22.625104094999998],[-42.59056844999999,-22.62846633099999],[-42.604855933,-22.642016707999993],[-42.61207396299999,-22.645525675],[-42.613529115999995,-22.649935732999996],[-42.618971244,-22.651412933999996],[-42.620023663,-22.654085554999995],[-42.622525169,-22.654266530000008],[-42.625933855,-22.657193147999998],[-42.632357705,-22.65293233099999],[-42.633414637,-22.6501304],[-42.637406499,-22.648467015999994],[-42.63877989,-22.644870097999995],[-42.637420864,-22.643417366],[-42.640243719,-22.64320814],[-42.641361874,-22.641025733000003],[-42.645936113,-22.644805159999994],[-42.648432927,-22.642057692999995],[-42.653958989,-22.643376086],[-42.656472209,-22.641774148],[-42.662827018,-22.644157817999996],[-42.66800558399999,-22.636733597999992],[-42.672827996,-22.637781889999996],[-42.675062307999994,-22.640811396999997],[-42.686485746,-22.640531303999996],[-42.688357468,-22.642372587],[-42.693112307,-22.642589668999996],[-42.692949963,-22.646950876],[-42.690826491,-22.647962099999997],[-42.692644644999994,-22.650132318],[-42.69084203599999,-22.654073236],[-42.693838255,-22.655607705000005],[-42.692942208,-22.656659263999998],[-42.69553055,-22.656447491999998],[-42.69902392299999,-22.658705995999995],[-42.700614491,-22.660936858999996],[-42.698898437,-22.663358213999995],[-42.703913791,-22.663573643999996],[-42.70925702099999,-22.670358301],[-42.714274904,-22.670289364999995],[-42.71671500699999,-22.675020468000003],[-42.72259824499999,-22.677391768000007],[-42.728665498,-22.677002363000003],[-42.735286424,-22.679059053999996],[-42.737797997,-22.683163765],[-42.74722203699999,-22.686532582999998],[-42.78396717099999,-22.640229064999993],[-42.789893764,-22.634552063999994],[-42.797715678,-22.638786433999993],[-42.802923619,-22.635552309000005],[-42.824688945,-22.639086507],[-42.845186976,-22.636181225999998],[-42.855233305,-22.640891645],[-42.87954281499999,-22.645406186000002],[-42.888317635,-22.64978577699999],[-42.906869992999994,-22.655270310999992],[-42.90457427,-22.652514830999994],[-42.899283282999995,-22.638516288000005],[-42.903182025,-22.625483389999996],[-42.910698331,-22.619299017000003],[-42.907132690999994,-22.601193519000002],[-42.88759340399999,-22.592178268999998],[-42.883335413999994,-22.582315567],[-42.875330108,-22.57649573299999],[-42.865583496,-22.571624775999993],[-42.86547646599999,-22.568236704],[-42.87086712199999,-22.559315318],[-42.87481966899999,-22.557020969999996],[-42.875899078,-22.553838714999998],[-42.885817734,-22.54802274],[-42.887227854,-22.541186520999997],[-42.891251796999995,-22.537760816000006],[-42.891006100999995,-22.534438989000005],[-42.892792424,-22.530647566999995],[-42.89201283700001,-22.525416929000002],[-42.898730949,-22.519874475999995],[-42.89854351899999,-22.518073572],[-42.895561153,-22.518229576],[-42.894251251,-22.515685973999997],[-42.891717193999995,-22.515633689000005],[-42.888125517,-22.512157003000006],[-42.88936099599999,-22.511085867],[-42.888383108,-22.508370690999993],[-42.889449989999996,-22.504858042999995],[-42.89127631299999,-22.502622147000007],[-42.893915294,-22.50412577299999],[-42.895069979,-22.501718713],[-42.902114908,-22.500891849999995],[-42.906157528,-22.498204989000005],[-42.915560546,-22.481270032000005],[-42.921497778,-22.475982925],[-42.922981441,-22.469494675],[-42.92068145,-22.456106514],[-42.918188647,-22.451006547999995],[-42.912557245,-22.456371806],[-42.90578828899999,-22.454782879],[-42.902051704,-22.456295527999988],[-42.90164004499999,-22.457674179000005],[-42.898730904,-22.457457895000005],[-42.89774602199999,-22.459032279999995],[-42.89409519,-22.457328051],[-42.890248446,-22.458708875],[-42.890354970999994,-22.455097573000003],[-42.88528710999999,-22.453565626],[-42.880244076,-22.448814015],[-42.873808978,-22.44937742899999],[-42.871564536,-22.446102847999992],[-42.874854682,-22.442600055],[-42.868668221,-22.437259620999995],[-42.868397331999994,-22.434973265],[-42.86981549099999,-22.433403238],[-42.868855534,-22.431926275999995],[-42.857382652,-22.426287352],[-42.85486477999999,-22.427076077000002],[-42.850683521,-22.42584146400001],[-42.85197445699999,-22.421044165],[-42.85064987,-22.417512696],[-42.852403776,-22.416917252999994],[-42.83999820599999,-22.411333429],[-42.836868305,-22.413018144000006],[-42.827005842999995,-22.412947932],[-42.822337469,-22.408922300999993],[-42.821779135999996,-22.406088530999998],[-42.810537869,-22.405231641999997],[-42.808711037,-22.400468421000003],[-42.81109006399999,-22.397766407000002],[-42.81156646899999,-22.392978055999997],[-42.815176648,-22.391500289999996],[-42.81308296699999,-22.388953446],[-42.80229863099999,-22.387046982999998],[-42.803412554999994,-22.378687364000005],[-42.795984491,-22.377416534],[-42.79348774399999,-22.37544534199999],[-42.79006669299999,-22.378344023],[-42.78703461700001,-22.377829814999995],[-42.78038746499999,-22.381501416999996],[-42.774755324,-22.380696096999998],[-42.770162034,-22.384300164999996],[-42.76760509099999,-22.384388762999997],[-42.76311145799999,-22.377959653],[-42.760107734,-22.376813179],[-42.75580513500001,-22.3776611],[-42.75178918,-22.373485467],[-42.745889652,-22.373748681000002],[-42.73900976,-22.370495613],[-42.740026071,-22.361002932000005],[-42.728034019,-22.355475405],[-42.725732192,-22.356622025],[-42.72108154099999,-22.355720481000002],[-42.716076639,-22.357060683],[-42.715624162,-22.359906667999997],[-42.71052307099999,-22.361549776000004],[-42.70827128399999,-22.365339171999995],[-42.711177405,-22.371273672999997],[-42.70992587899999,-22.37494455099999],[-42.710925069999995,-22.377642506999997],[-42.708445822,-22.376494755999996],[-42.70701324499999,-22.379548417],[-42.702664219999996,-22.378737153999992],[-42.702011162999995,-22.380366135],[-42.699744492,-22.380977722000004],[-42.699643453,-22.38438765],[-42.697355895,-22.384079170999996],[-42.693551062,-22.389091808],[-42.687870201,-22.389831188],[-42.686784088,-22.392155630999998],[-42.68415275899999,-22.393414465999996],[-42.679438477,-22.392427733],[-42.67465926,-22.388939372000007],[-42.66844134099999,-22.389509205],[-42.66207181499999,-22.385413952999997],[-42.65904920399999,-22.385829539999996],[-42.654458325,-22.387493078],[-42.65606553599999,-22.392608571999993],[-42.653432949,-22.392620860999997],[-42.65357246899999,-22.395097141],[-42.650781645,-22.396135744],[-42.64202748,-22.394761371000005],[-42.64119462699999,-22.392433238999995],[-42.631849794999994,-22.392899724],[-42.630658707,-22.391284204000005],[-42.625675112,-22.390775163],[-42.62477903399999,-22.388364719],[-42.616161836,-22.385445365999995],[-42.61176124299999,-22.382011015],[-42.609337548,-22.373907019],[-42.594949355999994,-22.367751203999998],[-42.59385086899999,-22.364355144999994],[-42.58795348999999,-22.356935714999995],[-42.584435298,-22.355263713]]]}},{"type":"Feature","properties":{"code_muni":"3300902","name_muni":"Cambuci","abbrev_state":"RJ"},"geometry":{"type":"Polygon","coordinates":[[[-41.816467576,-21.327569866999998],[-41.778704332,-21.390137071999998],[-41.780856503,-21.394533903999996],[-41.786388989,-21.396434252999995],[-41.788193189999994,-21.397841474999996],[-41.787803687,-21.399293091000004],[-41.785082405,-21.401294405999998],[-41.781183481999996,-21.400499461000003],[-41.709961168,-21.456305421999996],[-41.824983984999996,-21.482269452],[-41.815754833,-21.49147260599999],[-41.816823266,-21.494240281000003],[-41.819900284,-21.495723140999992],[-41.82109733299999,-21.497959946],[-41.81986427799999,-21.50106636],[-41.825791124,-21.506446242000003],[-41.824092596999996,-21.508397144],[-41.82363254,-21.512904660999993],[-41.829032415,-21.514810375000003],[-41.82980893,-21.516545597999993],[-41.832575301,-21.516002963999995],[-41.832930607,-21.519754908],[-41.837904336,-21.522634051999994],[-41.839562091,-21.526816286],[-41.84211415199999,-21.527596901999996],[-41.843115593,-21.530335057999995],[-41.851213978,-21.536354800000005],[-41.853595148,-21.54114793],[-41.860987616,-21.545601710999996],[-41.870686509,-21.555711966999997],[-41.87342579900001,-21.561526508],[-41.870987249,-21.572115868],[-41.868563453,-21.573716421],[-41.878196659,-21.57927458],[-41.88468341299999,-21.580041168],[-41.895802621,-21.574907752],[-41.899863646,-21.575359712],[-41.919481691,-21.585739393000004],[-41.923623158999995,-21.586113948],[-41.934105808999995,-21.593069242999995],[-41.93696391099999,-21.597322983],[-41.95562016,-21.608423316000007],[-41.961320576999995,-21.613373583999994],[-41.97281719299999,-21.618733997000007],[-41.98188944099999,-21.626791127000008],[-41.997440879,-21.635242048999995],[-42.009325895,-21.639905843999994],[-42.015274648,-21.637418491],[-42.01739006799999,-21.630796995],[-42.022059383999995,-21.628555812],[-42.039035464,-21.631901181],[-42.04057667099999,-21.634143165],[-42.045391556,-21.632851543999998],[-42.051628604,-21.636055307999992],[-42.061710453,-21.637118076999993],[-42.068337963,-21.633274516000004],[-42.074069986,-21.633339191999998],[-42.076134978,-21.62746264999999],[-42.079362628,-21.625993199],[-42.085123457,-21.627236719],[-42.08720613399999,-21.629782381],[-42.091252421,-21.629037464999993],[-42.092655931,-21.625913681],[-42.09546803,-21.624306285000003],[-42.09629867499999,-21.621079890999994],[-42.100648076,-21.619544566],[-42.104174949,-21.616118534],[-42.107272163,-21.616131143000004],[-42.116465753,-21.611724264999996],[-42.115705581,-21.605314659999998],[-42.119832212999995,-21.601517849],[-42.11574397599999,-21.601178982999993],[-42.112239442,-21.60555482499999],[-42.10941815799999,-21.603519105999997],[-42.10958288999999,-21.601991783],[-42.105286158,-21.60204485],[-42.092011438,-21.58659765899999],[-42.086455753,-21.585121477],[-42.086866611999994,-21.578327263999995],[-42.077417983,-21.575163601000003],[-42.076446477000005,-21.571919498999996],[-42.065252895,-21.559670425],[-42.060361393,-21.549506499000003],[-42.053306681,-21.545913115000005],[-42.051522207,-21.535681703],[-42.054770027,-21.52635537],[-42.046474073,-21.520096307000003],[-42.04291006399999,-21.52055955],[-42.038943042999996,-21.513405113000005],[-42.036632538,-21.513015748000004],[-42.030037247,-21.506892011999994],[-42.020747776,-21.50560456299999],[-42.016397853,-21.503792071999992],[-42.016036657,-21.50148878],[-42.01322302199999,-21.501055767999993],[-42.010055893,-21.497574449999995],[-42.002383371,-21.496254302999997],[-41.998638584999995,-21.489095242000005],[-41.97402516599999,-21.474712123],[-41.969741447,-21.470053637000003],[-41.971377459,-21.467432518],[-41.970495789,-21.465162174999996],[-41.96733054399999,-21.460041758],[-41.961296082,-21.455091476999996],[-41.958986884999995,-21.446716432],[-41.95201382399999,-21.43701945899999],[-41.950229751,-21.432292005000004],[-41.941552856,-21.427498145],[-41.93910086,-21.423405831],[-41.931043427,-21.420392634],[-41.923092578,-21.414836680999997],[-41.916228824,-21.412760850000005],[-41.915064873,-21.410214701000008],[-41.903834572,-21.401006229999993],[-41.90063997699999,-21.395441509],[-41.89784917099999,-21.394037631999996],[-41.901028438999994,-21.388151687999997],[-41.89981688,-21.381887668999997],[-41.894355774999994,-21.381717642999995],[-41.892653802999995,-21.379514963],[-41.890490217,-21.379658335],[-41.887307748999994,-21.377059633],[-41.884120912,-21.377675443999994],[-41.88219683599999,-21.372896977999993],[-41.876921073,-21.371424130999994],[-41.873325765,-21.367085157999995],[-41.868019858,-21.366097771],[-41.86407741499999,-21.360426027000003],[-41.86446081599999,-21.355928086],[-41.861455049999996,-21.352149637999997],[-41.858468546999994,-21.350889517],[-41.857858532,-21.347699447],[-41.85532263899999,-21.345202123999997],[-41.84083247899999,-21.342912382],[-41.839149288,-21.340105956999995],[-41.83521121599999,-21.338336361999996],[-41.829728470999996,-21.338451091999996],[-41.824903592,-21.331264663],[-41.816467576,-21.327569866999998]]]}},{"type":"Feature","properties":{"code_muni":"3300936","name_muni":"Carapebus","abbrev_state":"RJ"},"geometry":{"type":"Polygon","coordinates":[[[-41.541749838,-22.189289101],[-41.539599399,-22.188965064],[-41.538789337,-22.19013328],[-41.539941265,-22.197831064000002],[-41.54864416,-22.199814851999996],[-41.553542742,-22.202828036],[-41.546892813,-22.219960629],[-41.546345482999996,-22.225328978999997],[-41.541915678,-22.226159081000002],[-41.53913791899999,-22.229200755999997],[-41.543115694,-22.233089943],[-41.542408026,-22.234606897999992],[-41.650420754,-22.279409191999992],[-41.689116141,-22.300029046],[-41.690706915,-22.2938841],[-41.693157695,-22.292000719999997],[-41.696454244,-22.284865469999996],[-41.698548945999995,-22.28367048000001],[-41.69794090399999,-22.281878913],[-41.704298384,-22.278497306],[-41.705836285000004,-22.274364818000006],[-41.70519356,-22.271528313999998],[-41.708205723999995,-22.267515575999994],[-41.704322547,-22.25220931],[-41.77111850499999,-22.180881008000004],[-41.693684817999994,-22.108309926000004],[-41.587924785,-22.133453762999995],[-41.583583626999996,-22.136222164],[-41.574073352999996,-22.13839387],[-41.568907962999994,-22.145817859999994],[-41.568896072,-22.148621651],[-41.56372170699999,-22.149584314999995],[-41.554152084,-22.158555089000004],[-41.54999466299999,-22.16976356399999],[-41.551013866,-22.175482962000007],[-41.54746938899999,-22.17876611],[-41.54787868299999,-22.182879607999993],[-41.541749838,-22.189289101]]]}},{"type":"Feature","properties":{"code_muni":"3300951","name_muni":"Comendador Levy Gasparian","abbrev_state":"RJ"},"geometry":{"type":"Polygon","coordinates":[[[-43.342751252,-22.003440332000004],[-43.341720048,-22.008564124999996],[-43.33878756199999,-22.010481522],[-43.337014734,-22.009190052000005],[-43.330003932000004,-22.010734026],[-43.325019177,-22.006554887999997],[-43.31994505899999,-22.005555440000002],[-43.31623557099999,-22.007669656],[-43.31692749599999,-22.01660702099999],[-43.309969140999996,-22.01617045099999],[-43.302243305999994,-22.021008435999995],[-43.29797643399999,-22.02045105199999],[-43.29492774,-22.016493238999995],[-43.282581098,-22.013512579999997],[-43.278794729999994,-22.010533458000005],[-43.27639221199999,-22.011974968],[-43.26844076199999,-22.012169225],[-43.26514842699999,-22.009015065999993],[-43.26153504,-22.008034838999997],[-43.254796365,-22.011995948999996],[-43.25096396099999,-22.010783319999998],[-43.248657933,-22.007828606999997],[-43.245467,-22.006574108000002],[-43.23419331899999,-22.014150403],[-43.236315173,-22.018688811000004],[-43.236375871999996,-22.023814576999992],[-43.231263313,-22.024756361000005],[-43.221511628,-22.033760915000002],[-43.207474668,-22.029683469999995],[-43.204013628,-22.025962599999996],[-43.201337549,-22.025832691999998],[-43.202129382,-22.029564643999997],[-43.204720294,-22.032252221000004],[-43.205004105,-22.035303191999997],[-43.20294772999999,-22.037437168999997],[-43.197685721,-22.035000701000005],[-43.19185106,-22.03417800699999],[-43.189290291,-22.031209842000003],[-43.177648763,-22.028568789999994],[-43.169574358999995,-22.021810477999995],[-43.164060999,-22.022664159000005],[-43.162069075999995,-22.025545334],[-43.164038854,-22.027242149999996],[-43.16339298599999,-22.028522683],[-43.153638971,-22.032979477],[-43.147022939,-22.030951984],[-43.14581724199999,-22.032963285999994],[-43.142236701,-22.033443359999996],[-43.136123112,-22.029698538999998],[-43.132337598,-22.030199817],[-43.129623781999996,-22.028816980999995],[-43.128352766,-22.029730072],[-43.128845937,-22.033363054],[-43.14063097100001,-22.039868435999995],[-43.141757086,-22.044878549],[-43.144609272,-22.048076640999994],[-43.146334849,-22.045786694],[-43.21521963299999,-22.070962254],[-43.258820746,-22.103327968000002],[-43.253854727,-22.056202491],[-43.261582726,-22.059842036999996],[-43.26527131899999,-22.063139191999998],[-43.267772632,-22.072423554000007],[-43.27003788599999,-22.075076814999996],[-43.273291583,-22.076229544999997],[-43.281818504,-22.073221749999995],[-43.28053197799999,-22.070403338999995],[-43.283338457,-22.066804967999996],[-43.286157191,-22.068908593000003],[-43.293501013,-22.068541893999992],[-43.296133139999995,-22.067248731000003],[-43.296032952999994,-22.065620233],[-43.299479196,-22.062822046],[-43.30354039,-22.065518998999995],[-43.305797216,-22.063886979000007],[-43.310976929,-22.067092702999993],[-43.31254601599999,-22.065229757999997],[-43.317207901,-22.064968449999995],[-43.32003739099999,-22.063153428999993],[-43.32151996299999,-22.059742181],[-43.32767916699999,-22.060209766999993],[-43.332575774999995,-22.057332958],[-43.335560021999996,-22.052080841],[-43.339693994,-22.049993172000008],[-43.34387623899999,-22.051499244],[-43.346051169,-22.056036769999995],[-43.34669882899999,-22.003762356],[-43.342751252,-22.003440332000004]]]}},{"type":"Feature","properties":{"code_muni":"3301009","name_muni":"Campos dos Goytacazes","abbrev_state":"RJ"},"geometry":{"type":"MultiPolygon","coordinates":[[[[-41.11629035199999,-22.081472358999996],[-41.116637395,-22.081472358999996],[-41.116389507,-22.081212026000003],[-41.11629035199999,-22.081472358999996]]],[[[-41.376941549,-21.195838116999997],[-41.375373538999995,-21.201547759999993],[-41.37235227,-21.203543461],[-41.369940799,-21.204222553000005],[-41.367806509,-21.202573328999993],[-41.362925235,-21.202690848000007],[-41.360637451,-21.205100322000003],[-41.35734294099999,-21.203654333],[-41.354601596,-21.20681616],[-41.349490589,-21.205501901],[-41.342858449,-21.208897070000006],[-41.336834763,-21.207205570000003],[-41.331273499999995,-21.211647278999997],[-41.332867648,-21.215322336000003],[-41.325785253,-21.218559307],[-41.323120228,-21.216673101999998],[-41.325566209,-21.213119734999996],[-41.316183861,-21.213545652000004],[-41.316938343,-21.222003151999996],[-41.30991679299999,-21.219496325],[-41.303455019999994,-21.228598784],[-41.297200122,-21.231020428],[-41.297297474,-21.235072726],[-41.29174838099999,-21.23246854699999],[-41.29027592399999,-21.23411137],[-41.286649543,-21.234415597],[-41.286025818,-21.237833738999996],[-41.28460514099999,-21.238346205],[-41.283534263,-21.237299665000002],[-41.28436175899999,-21.234756331],[-41.28258507599999,-21.234817175999993],[-41.280869237999994,-21.238139331],[-41.275050775,-21.240900750999995],[-41.27487329899999,-21.243484883000004],[-41.27200348,-21.245699299],[-41.273106856999995,-21.247592356],[-41.27685705999999,-21.246734561999997],[-41.276419687,-21.24978899],[-41.282783691000006,-21.250741606999995],[-41.287220463,-21.256302288999997],[-41.293594616,-21.280991236999995],[-41.29664977299999,-21.283379936999996],[-41.299144732,-21.292665116],[-41.302732791,-21.295375687999993],[-41.30244749599999,-21.29773821],[-41.30885416300001,-21.30167602199999],[-41.310473722999994,-21.309683152],[-41.31289488899999,-21.311681473999997],[-41.307735173,-21.313546826999996],[-41.30441728699999,-21.311233053],[-41.29935541099999,-21.31065150999999],[-41.295390471999994,-21.315847313],[-41.287619659,-21.314147145999993],[-41.28285407799999,-21.314765136999988],[-41.277468362,-21.312332424999994],[-41.26178854199999,-21.314594256],[-41.24894943599999,-21.309246581000004],[-41.249588856,-21.311552941],[-41.24828583,-21.314156337],[-41.250628062,-21.321381085],[-41.25354401999999,-21.321457872999996],[-41.255250965,-21.324957358],[-41.258059082,-21.326031167999997],[-41.26334840599999,-21.331833358999994],[-41.264581739,-21.336677175],[-41.262915940999996,-21.337585925],[-41.262868184,-21.339548531999995],[-41.264540325,-21.344221628999996],[-41.267868073,-21.346883750000003],[-41.266989047,-21.349072944000003],[-41.269438720000004,-21.350069546999997],[-41.269851585,-21.351848208999996],[-41.268675479,-21.354406421],[-41.26644861399999,-21.354478815999997],[-41.26545019300001,-21.356175321],[-41.263672682999996,-21.364074667],[-41.26009618599999,-21.364815072999995],[-41.255444306,-21.362188269],[-41.253237852000005,-21.365507158],[-41.246843693,-21.365650161999998],[-41.243799002,-21.367456897],[-41.242966231,-21.366499459999993],[-41.236979293999994,-21.375580852],[-41.238139482,-21.379800243999995],[-41.237206224,-21.382420092],[-41.241636510999996,-21.384116119],[-41.243102142,-21.388532921999996],[-41.246212643999996,-21.387700763],[-41.24956549,-21.389069354000004],[-41.25327909699999,-21.387659604],[-41.257269393,-21.388809958999992],[-41.25813934899999,-21.390600200999998],[-41.255702033,-21.393095034],[-41.256917096,-21.396416685000005],[-41.262765581,-21.399269778],[-41.26381267499999,-21.403577140999992],[-41.266720739,-21.407656049],[-41.262203958,-21.413343673999996],[-41.262361022,-21.416841916999996],[-41.257714803999995,-21.42135642699999],[-41.25787392699999,-21.432622312],[-41.255837157,-21.445753113000002],[-41.258574067,-21.454027491000005],[-41.255913535999994,-21.458425641],[-41.258497688000006,-21.466216284999998],[-41.255531641,-21.47904157],[-41.256779163,-21.480365471],[-41.256766433,-21.485648343],[-41.26148524199999,-21.489735176999996],[-41.248748489,-21.501851743],[-41.246550373999995,-21.500086373],[-41.244064303,-21.500557581999992],[-41.254467362,-21.556311271],[-41.24712339,-21.558759055999996],[-41.24363869,-21.558627680999997],[-41.24007647,-21.563062648000002],[-41.234767837999996,-21.563546084],[-41.230768096,-21.566731488000002],[-41.229832772,-21.571419032],[-41.22264519,-21.573962985999998],[-41.219539716999996,-21.578958118999996],[-41.20394959299999,-21.585071575999997],[-41.20003337399999,-21.58791424],[-41.199452859,-21.591386863999993],[-41.19752336199999,-21.59298053],[-41.18947375,-21.591612059999996],[-41.181089875,-21.592060307],[-41.183741571999995,-21.609162341999998],[-41.18557547599999,-21.636432485999997],[-41.196853639,-21.682528435999995],[-41.191086354999996,-21.683756365000008],[-41.18501613499999,-21.688753751],[-41.177414605,-21.689175549],[-41.17114265499999,-21.68288526],[-41.164852367,-21.681592357999996],[-41.162835073000004,-21.677704482999992],[-41.158369518,-21.674641863999998],[-41.150357639000006,-21.674022595],[-41.14564222799999,-21.676356564000002],[-41.146962638999995,-21.671845162],[-41.144294308999996,-21.672844638999997],[-41.139544499,-21.671331668999997],[-41.141121656,-21.677319362999995],[-41.138233258,-21.676292378],[-41.13435092099999,-21.677949550000005],[-41.137836029999995,-21.682593721],[-41.137367059,-21.684563183],[-41.14603735199999,-21.694978576],[-41.15789178299999,-21.703619557],[-41.16826373399999,-21.709140731],[-41.178730943,-21.721669771000002],[-41.182980333,-21.723911573999995],[-41.192688987,-21.724971889],[-41.1943175,-21.726468916],[-41.172044224,-21.748724521],[-41.17725147499999,-21.776865262],[-41.16169249199999,-21.795039837000004],[-41.14904458499999,-21.819209406999995],[-41.15401897899999,-21.861094757999993],[-41.158811735,-21.864335583999992],[-41.159671,-21.868799972999998],[-41.15385792,-21.881721424],[-41.134440723,-21.900262636000008],[-41.127875404,-21.911935987999993],[-40.981825802,-21.911062302999998],[-40.976142494,-21.935260555999996],[-40.974586097999996,-21.950137873999996],[-40.976058572,-21.973653575999997],[-40.981845468,-21.994413158000004],[-40.990577311,-22.009992381999997],[-41.004970162,-22.021774074],[-41.071078866,-22.054691098],[-41.123233406,-22.084174891999993],[-41.13287696199999,-22.090841076999997],[-41.134242622,-22.09310128499999],[-41.132655708,-22.095330975],[-41.142651343999994,-22.08963383199999],[-41.143891468,-22.092266423999998],[-41.14134749299999,-22.094511479999998],[-41.144366528,-22.096798795999995],[-41.14471942699999,-22.09920234499999],[-41.148262164,-22.095276285],[-41.148805174,-22.098545995],[-41.152013927,-22.09915228],[-41.15294477199999,-22.097814430999996],[-41.151386309,-22.095081305999997],[-41.15568495499999,-22.0966818],[-41.157911855,-22.093435069],[-41.161173479,-22.097747493],[-41.159564241999995,-22.100173869],[-41.160145772999996,-22.101856561999995],[-41.16668058199999,-22.099555538999997],[-41.166770485,-22.097835164000003],[-41.175029764,-22.09747834899999],[-41.17625731399999,-22.095828335999997],[-41.179113561,-22.099865115000004],[-41.185596251,-22.098412036000006],[-41.187213222,-22.100364828999997],[-41.189039238,-22.098995484],[-41.189098513,-22.101687346000002],[-41.19041248,-22.098188061],[-41.192733278,-22.097113544],[-41.193368078,-22.100068021000002],[-41.19111503599999,-22.103323304000003],[-41.194808151000004,-22.104313300999998],[-41.198830125,-22.101667871000004],[-41.199745443,-22.103693717999995],[-41.2012877,-22.103626165],[-41.203360519,-22.100430347],[-41.202503481,-22.097834867],[-41.20346352199999,-22.096126154000004],[-41.206042064,-22.096563422999996],[-41.206678898,-22.098074147000002],[-41.207374543,-22.09623959],[-41.208813977999995,-22.097396422],[-41.215002326,-22.096678301],[-41.217391748,-22.098627153999992],[-41.21957419999999,-22.096465994],[-41.223778295,-22.097697065],[-41.22879872499999,-22.095482684999997],[-41.243396088999994,-22.099269026999995],[-41.250110047,-22.09756929],[-41.253407593000006,-22.099170342999997],[-41.25729851,-22.098957901000002],[-41.27103039799999,-22.079019338000002],[-41.277671974,-22.065323788],[-41.437628904,-21.986585342000005],[-41.51798887499999,-22.017174477],[-41.523195925,-22.022369984999994],[-41.53954918200001,-22.050015547],[-41.54632337499999,-22.054995495],[-41.551266704999996,-22.05545321],[-41.57356912699999,-22.051026790000005],[-41.580745026,-22.051420934999996],[-41.593830079,-22.047284904],[-41.605700874,-22.048203810999997],[-41.616972633,-22.045941758999994],[-41.62963624599999,-22.050056467],[-41.647710251999996,-22.051527669999995],[-41.6645772,-22.057361868000005],[-41.701829407,-22.051123222000005],[-41.718167491,-22.060601803],[-41.734618014,-22.076358239999994],[-41.73702784499999,-22.080596176],[-41.73736604999999,-22.084367150000002],[-41.740117499,-22.086435336999998],[-41.75045348,-22.086397118000004],[-41.754505812,-22.081781828999993],[-41.753230906999995,-22.077501793],[-41.754951726,-22.074020801999996],[-41.75513088499999,-22.068768704000004],[-41.762382044,-22.06349811],[-41.758901784,-22.054711376999993],[-41.762110621,-22.049518462000005],[-41.766742514,-22.04720179],[-41.76362391399999,-22.044158266999997],[-41.764697569,-22.040523493999995],[-41.763084385999996,-22.03800289],[-41.764616466,-22.033899194000007],[-41.767672268999995,-22.030142819],[-41.77211759,-22.027851862999995],[-41.772916862,-22.024758535000004],[-41.77631885,-22.021945524],[-41.787741188,-22.020817370999993],[-41.792743348,-22.0248516],[-41.788920722,-22.018735749000005],[-41.783241764,-22.014116349],[-41.76850424999999,-22.010253832],[-41.764111135,-22.007713029],[-41.76434833199999,-22.013920617],[-41.762120073,-22.019462865],[-41.757065844,-22.016039314000004],[-41.753627539,-22.015387452999995],[-41.747827045,-22.009211798999992],[-41.74574191,-22.010686031999995],[-41.74176949700001,-22.008545535999996],[-41.740064759,-22.003777208],[-41.734827656,-22.004615609999995],[-41.731385099,-21.996334577],[-41.72289848,-21.992995980999993],[-41.717817275,-21.985504661999993],[-41.716907676999995,-21.981482218],[-41.720613186,-21.968078743999992],[-41.713399083999995,-21.961489325999995],[-41.721023045,-21.944889032],[-41.718711583,-21.934032051999996],[-41.71605265,-21.930787668999997],[-41.713949558,-21.923742407999995],[-41.716097733999995,-21.911388460999998],[-41.712789362,-21.905913131],[-41.710321806,-21.904907009],[-41.712289546,-21.90120900399999],[-41.709524542,-21.900358092],[-41.70958863199999,-21.894540540000005],[-41.707087889,-21.892364951000005],[-41.702675546,-21.891427416999992],[-41.70327775999999,-21.889808813999995],[-41.712375228999996,-21.890703413000004],[-41.720464733,-21.886558764],[-41.723861816,-21.890068612000004],[-41.726595051,-21.888022721],[-41.728671013,-21.889804501],[-41.73047603,-21.889602858999996],[-41.73118148299999,-21.887843569999998],[-41.732407302999995,-21.888520392000004],[-41.733113995,-21.887426110999996],[-41.735335436,-21.889240319000002],[-41.738137095999996,-21.888548636999992],[-41.738311435,-21.889786161999996],[-41.738985035999995,-21.888809854],[-41.740125277,-21.890310415000002],[-41.740719499,-21.888764815],[-41.75209548,-21.889920251],[-41.757706430999995,-21.888633556],[-41.760114855999994,-21.890186994000004],[-41.761892012,-21.889120685000005],[-41.76314353099999,-21.890335928000002],[-41.770718585,-21.890044157],[-41.77143213099999,-21.891180556],[-41.77305813499999,-21.889735106999996],[-41.77574444999999,-21.890346432999998],[-41.77698457099999,-21.888746057],[-41.7796756,-21.889211905000007],[-41.77955881199999,-21.887773264999993],[-41.782239712000006,-21.886636779],[-41.784579311,-21.887077077000004],[-41.784837968,-21.888900384],[-41.785950312999994,-21.887599278],[-41.788853726,-21.888368023],[-41.78781697299999,-21.886965566999994],[-41.789726764,-21.887187219],[-41.788892121,-21.885912233000006],[-41.791032583,-21.883884156999997],[-41.78735704099999,-21.881751102999996],[-41.796501135999996,-21.878963116999998],[-41.796785232,-21.876833271999995],[-41.807705411,-21.879274628999994],[-41.80915299299999,-21.880862929000003],[-41.81475674499999,-21.879401257],[-41.826226852,-21.883457277999995],[-41.829318405,-21.885743602999998],[-41.839718852,-21.887782725000008],[-41.84898652599999,-21.887576413999998],[-41.850060862999996,-21.886015619],[-41.855763107,-21.884889807],[-41.866676089,-21.884999376999996],[-41.887759773,-21.880104105999997],[-41.888337362,-21.877600169],[-41.882652502999996,-21.872693191999996],[-41.888245434999995,-21.866905687999996],[-41.887893870999996,-21.862408502],[-41.884719270999994,-21.858261039999995],[-41.874900459,-21.853390069000003],[-41.873001650999996,-21.851054514999994],[-41.85816831500001,-21.844621351000004],[-41.850203443999995,-21.837214005999996],[-41.84250501799999,-21.83625246],[-41.837367861,-21.833090499999997],[-41.839184096,-21.826868635],[-41.83546832999999,-21.824460225999996],[-41.834494508999995,-21.820815114],[-41.830601715,-21.817667464],[-41.825866211,-21.817471592999993],[-41.816257181000005,-21.809668129],[-41.814957012,-21.806394191999992],[-41.810738062999995,-21.804816321],[-41.810298497,-21.799629178999997],[-41.808667414,-21.797662859999996],[-41.797467364999996,-21.795906161999998],[-41.7957853,-21.794301515999997],[-41.794780714,-21.791734568],[-41.796615366999994,-21.784925922999996],[-41.795155231,-21.783438450999995],[-41.793351027,-21.784225701999997],[-41.788627033999994,-21.78163483],[-41.786941817000006,-21.783665794999997],[-41.777492494,-21.784739244999997],[-41.776592991,-21.788292903999995],[-41.77404554600001,-21.789500729999997],[-41.765796834999996,-21.78744492],[-41.762756591999995,-21.789070158999998],[-41.759055859,-21.788207541999995],[-41.756336395999995,-21.789766397999998],[-41.74718311699999,-21.788796298],[-41.746002217,-21.787579960999995],[-41.749244718,-21.786176683000004],[-41.751679773,-21.781154055],[-41.74790304,-21.779292164999994],[-41.73745219799999,-21.766460131],[-41.734334302,-21.764665378000004],[-41.734307087,-21.762818824],[-41.73237690599999,-21.764215560999997],[-41.729535594999994,-21.763167824999993],[-41.722672427,-21.756067027],[-41.718877944,-21.754178201999995],[-41.714637889,-21.754585505],[-41.709225627,-21.751640350999992],[-41.70420777999999,-21.747914157999993],[-41.702211121999994,-21.741745183999992],[-41.697722446,-21.739238856],[-41.69977434599999,-21.736310574999997],[-41.69861347999999,-21.731211753999997],[-41.700463919,-21.725742987999997],[-41.69536474,-21.718974782],[-41.696014534,-21.714413622],[-41.69128829499999,-21.710131051999998],[-41.687952787,-21.711136469000003],[-41.683464341,-21.708249469999995],[-41.681633956,-21.702682997999993],[-41.67733432199999,-21.703233601000004],[-41.669802046,-21.69857637400001],[-41.665650518,-21.698194508000004],[-41.66304552799999,-21.694382234999996],[-41.655433111,-21.693933936000004],[-41.652792825999995,-21.689503612999996],[-41.64906996799999,-21.687509903999995],[-41.648409425,-21.681023766000003],[-41.639505556,-21.67040486799999],[-41.636341794,-21.669244461000005],[-41.634073888,-21.671431579000004],[-41.630302995,-21.670089122999993],[-41.616869946,-21.670948153999994],[-41.612215099,-21.664755236],[-41.60425226899999,-21.665285575],[-41.594228569,-21.662879515999997],[-41.591206639,-21.664147396999997],[-41.589291341999996,-21.658328708999996],[-41.58426031199999,-21.657040308],[-41.58203778,-21.653235710999997],[-41.57805051999999,-21.653018585999998],[-41.576814378,-21.650162968],[-41.575205118,-21.649841847],[-41.57596558299999,-21.646515721],[-41.56980921699999,-21.640378443000007],[-41.56516399099999,-21.641220259],[-41.563552099,-21.64323424],[-41.56127504,-21.639579849000008],[-41.559276948,-21.638823497],[-41.556005065,-21.640591484],[-41.55557097199999,-21.636800074],[-41.553072009999994,-21.633722667999997],[-41.55333443399999,-21.630280032999995],[-41.549797945,-21.628162620999998],[-41.547221052,-21.628887658999997],[-41.541354413,-21.627017829999993],[-41.538135612,-21.621865901],[-41.530290289,-21.625044726000006],[-41.521891227999994,-21.634299898000002],[-41.51670202199999,-21.636623456],[-41.51367649,-21.643012618999997],[-41.509624917,-21.645930561999993],[-41.509360294,-21.649952066999997],[-41.49428181999999,-21.66506233999999],[-41.49337241700001,-21.670273],[-41.489979781,-21.674894816],[-41.42725248799999,-21.616519958000005],[-41.427669423,-21.613917076999996],[-41.425383251999996,-21.61118922299999],[-41.409490922,-21.609039633999988],[-41.405682185,-21.60568484699999],[-41.402693843,-21.602082942999996],[-41.40156829699999,-21.597567335],[-41.402534217,-21.595411374],[-41.400514039,-21.591315274999992],[-41.400818628,-21.582284764],[-41.395704532,-21.579658288000005],[-41.387034302,-21.569245176000003],[-41.38612255799999,-21.566325724999995],[-41.378878244,-21.560485939],[-41.36499248199999,-21.55679774],[-41.360104660999994,-21.544169063999995],[-41.36391742799999,-21.536459804],[-41.36471745299999,-21.531507651999995],[-41.373599262,-21.517476575],[-41.373033761,-21.505697373000004],[-41.37509558499999,-21.499836179000006],[-41.382626223,-21.492723663],[-41.38238201299999,-21.489742309],[-41.38552031,-21.488549996],[-41.38758485699999,-21.484711734999998],[-41.38891832499999,-21.485134262000003],[-41.390718344999996,-21.482242408000005],[-41.389892241999995,-21.478955964],[-41.395254263999995,-21.478851129999995],[-41.398447551,-21.472011858],[-41.400120278,-21.471968719],[-41.405818769,-21.466715155],[-41.408644411,-21.467540025999998],[-41.41276205799999,-21.465078388000002],[-41.413175953,-21.462241440000003],[-41.41116594599999,-21.459718476],[-41.41293425599999,-21.459224757],[-41.412033861,-21.457329309000002],[-41.41312709599999,-21.454379908999993],[-41.41190683799999,-21.453210380999998],[-41.413337272999996,-21.451553026999996],[-41.41123913,-21.449386163],[-41.41352977599999,-21.446860147],[-41.41365534599999,-21.443937256999995],[-41.412348564999995,-21.443530730999996],[-41.41371998099999,-21.437396417999995],[-41.41490586599999,-21.437980403],[-41.415903024,-21.434547033000005],[-41.422184388999995,-21.431042440000002],[-41.42498440199999,-21.426935961],[-41.424345856,-21.424550218999997],[-41.42699147799999,-21.422514424999996],[-41.42715353799999,-21.420790624999995],[-41.429011087999996,-21.420380654],[-41.430854876999994,-21.417351772999996],[-41.430747751999995,-21.414214232999992],[-41.432134345,-21.414095620999998],[-41.434351033,-21.410655011],[-41.442965504,-21.410946636999995],[-41.44874245,-21.405276946],[-41.44789483299999,-21.402303692999997],[-41.449453557,-21.398585099999995],[-41.550865964,-21.429669503],[-41.58464223699999,-21.316209610999998],[-41.58739523599999,-21.312194089999995],[-41.581025285,-21.307689714],[-41.574854915,-21.306084057],[-41.57228020499999,-21.303679697],[-41.56668935,-21.303114336999993],[-41.56338365799999,-21.299654154000002],[-41.55353966599999,-21.296369380999998],[-41.539882497,-21.281488929999995],[-41.53707295499999,-21.279697796999994],[-41.53575369799999,-21.281337349999994],[-41.532873570999996,-21.278288892],[-41.529741175999995,-21.278354142],[-41.52806198399999,-21.277212030999998],[-41.52865013699999,-21.276218512999996],[-41.523952662,-21.274451270999993],[-41.52531888,-21.272939309],[-41.524613593999995,-21.267600378999994],[-41.51442472099999,-21.261246850999996],[-41.511974372,-21.264187924999998],[-41.510046135,-21.263843053999995],[-41.50775130899999,-21.265550390999998],[-41.505178534,-21.262791055999994],[-41.50186712099999,-21.261851601000004],[-41.502607888,-21.260180349000002],[-41.499111767,-21.256003339999996],[-41.499594466,-21.253918427],[-41.49807959399999,-21.252541306999994],[-41.49823181899999,-21.248901443000005],[-41.49662214,-21.248660927000003],[-41.49617802899999,-21.245019420000002],[-41.49038649399999,-21.242921232999993],[-41.488067705,-21.239212925999997],[-41.484613089,-21.238512382000003],[-41.482111633,-21.235051081999995],[-41.479504924,-21.235589827999995],[-41.47927434,-21.233998947],[-41.472409737,-21.233065718000002],[-41.47005315700001,-21.23141353799999],[-41.46962964600001,-21.20279326699999],[-41.460355691,-21.208771099999996],[-41.453696831,-21.209072438999996],[-41.450235106,-21.213291186999996],[-41.446170702,-21.215481408000002],[-41.440357062,-21.213937964],[-41.438784218,-21.215540206],[-41.43586637399999,-21.215848895],[-41.416786461,-21.20022335799999],[-41.412515737999996,-21.201755646],[-41.410339869999994,-21.198512632999996],[-41.40614058399999,-21.202448597000004],[-41.40264810899999,-21.198290888],[-41.392531016999996,-21.202517892000007],[-41.388012974,-21.198900686],[-41.38488083299999,-21.200965680999992],[-41.381291344,-21.19998169],[-41.38033507099999,-21.195837840000003],[-41.376941549,-21.195838116999997]]]]}},{"type":"Feature","properties":{"code_muni":"3301108","name_muni":"Cantagalo","abbrev_state":"RJ"},"geometry":{"type":"Polygon","coordinates":[[[-42.237080088,-21.697209474999998],[-42.206901128999995,-21.783774994],[-42.16704695799999,-21.858880207],[-42.16888363699999,-21.859752796],[-42.167432358,-21.862144553999993],[-42.168115684,-21.863978060000004],[-42.171298826999994,-21.864928465],[-42.17061813899999,-21.865943075999994],[-42.172226903,-21.867069613999995],[-42.174061385,-21.867053506],[-42.17521341399999,-21.865163445999993],[-42.179811495,-21.867136927999994],[-42.183424764,-21.870408504],[-42.18352077299999,-21.876056464999998],[-42.184036393999996,-21.874707435],[-42.185996983,-21.874893228],[-42.185629587,-21.873535709],[-42.18809168399999,-21.872927608],[-42.192115904999994,-21.874454334],[-42.189939708,-21.874944232],[-42.19908937999999,-21.881418560999993],[-42.201090228,-21.878633883000003],[-42.20469846499999,-21.879536223],[-42.206800624,-21.877015086999997],[-42.208636656,-21.879441935],[-42.210897756,-21.879933397999995],[-42.21059086199999,-21.881763743000004],[-42.213157655,-21.88513046699999],[-42.21028736299999,-21.885546452],[-42.21144402899999,-21.886572705999995],[-42.209635604,-21.886851364999995],[-42.211502832,-21.889070857999997],[-42.211591557000006,-21.891672123999996],[-42.21476203299999,-21.8911062],[-42.215926678,-21.893318367],[-42.21289556299999,-21.896146608999995],[-42.214235896,-21.898898564000003],[-42.217198545,-21.900494896000005],[-42.21653697399999,-21.902693702],[-42.21849802,-21.90604065599999],[-42.22158307499999,-21.908073351999995],[-42.221295856,-21.909148622],[-42.218349489999994,-21.908119069],[-42.213460381,-21.90940563],[-42.212571013,-21.912615885999998],[-42.21429726299999,-21.914220218999997],[-42.209821639999994,-21.919009602000003],[-42.217912519,-21.916729406999995],[-42.220190996,-21.917252000999998],[-42.226271799,-21.924791264999996],[-42.22516791699999,-21.929775598000003],[-42.22758078999999,-21.931082024],[-42.228155996999995,-21.934796510000005],[-42.230378276,-21.934064539],[-42.233868472,-21.936725072999995],[-42.234575676999995,-21.942747865000005],[-42.236151818,-21.943293204],[-42.23786405999999,-21.950926482999993],[-42.240118426,-21.950785679],[-42.241559622,-21.952220333],[-42.242381926,-21.951045319999995],[-42.243117039999994,-21.952510263000008],[-42.241304747,-21.956218754],[-42.24410320599999,-21.958597736999998],[-42.243949021999995,-21.960048306],[-42.23925462300001,-21.963641719000005],[-42.24266939899999,-21.968231746],[-42.242529322,-21.969435752],[-42.24006829,-21.9701899],[-42.240247846,-21.971534091999995],[-42.243083039,-21.972346719999994],[-42.244014949,-21.976012373],[-42.250565511999994,-21.976803927999995],[-42.257343623999994,-21.989910654],[-42.259120662,-21.988326873000002],[-42.26768421999999,-21.986201142999995],[-42.269738923,-21.984125141000007],[-42.278320232,-21.986389450000004],[-42.289255779,-21.978694443],[-42.290119268999995,-21.980768180999995],[-42.291595003,-21.980940978],[-42.30011422999999,-21.974242788],[-42.30121289899999,-21.975499076],[-42.29996384599999,-21.978467045000006],[-42.300211087,-21.982420147],[-42.301953207,-21.981795759],[-42.300504665999995,-21.979239123999992],[-42.302008560999994,-21.978085403999998],[-42.30559125800001,-21.981150524000004],[-42.309398811,-21.981472848000003],[-42.308246552,-21.988444580999996],[-42.313510895,-21.994745899],[-42.315114163,-21.999591002999992],[-42.317201226,-21.995373899999997],[-42.31798347899999,-21.996802711999994],[-42.356177581,-22.008739441000003],[-42.384197504999996,-21.999205611999997],[-42.385141601,-22.000395453999996],[-42.384401847999996,-22.004707815000007],[-42.3876899,-22.006400610000004],[-42.38956562,-22.005680841999993],[-42.39233322,-22.010156078000005],[-42.39297140899999,-22.01573303],[-42.397205628,-22.015763253999996],[-42.401953096999996,-22.019512724],[-42.398946737,-22.026363725999992],[-42.401221516,-22.02647242],[-42.406174476,-22.031299540999996],[-42.411634888,-22.031978237000004],[-42.412878426999995,-22.036560235000007],[-42.41467176,-22.037600475999994],[-42.50902096800001,-21.907481522000005],[-42.506242525999994,-21.907217938000002],[-42.498380431,-21.902570018999995],[-42.494079423,-21.902289466],[-42.491190313999994,-21.89744251],[-42.48666694199999,-21.898053633999996],[-42.484512065,-21.894808643000008],[-42.48229824700001,-21.895313469999998],[-42.47998455599999,-21.891864489999996],[-42.4767953,-21.891636032999997],[-42.474027072,-21.893199032],[-42.470611893999994,-21.891734994],[-42.470650616,-21.890524788000004],[-42.465601080999996,-21.888159026],[-42.46506428499999,-21.885195148999994],[-42.462585192,-21.884422599],[-42.457641986,-21.879075855999996],[-42.44872515099999,-21.87637903],[-42.445639979,-21.877990525000005],[-42.444049025,-21.876916941],[-42.442947469,-21.879761874],[-42.43960787900001,-21.879439907000002],[-42.436661121,-21.877533457000002],[-42.43546999,-21.873689463],[-42.430222891999996,-21.871196074000004],[-42.435359817999995,-21.863992103999998],[-42.43711604799999,-21.863943651],[-42.440766614,-21.859810632],[-42.453339278,-21.851481639],[-42.451827828,-21.849670100999997],[-42.452149142,-21.846988209999996],[-42.450567629,-21.846269278999998],[-42.44908416599999,-21.847308923999996],[-42.449519727,-21.846261716999997],[-42.44669025,-21.843874308000004],[-42.44390899799999,-21.844306086],[-42.442945379,-21.841625816999997],[-42.43982806,-21.840752872000003],[-42.44560404399999,-21.836211426999995],[-42.447603619999995,-21.832597522999993],[-42.443926932,-21.832025334999997],[-42.439625051,-21.8292246],[-42.445820231,-21.824175575],[-42.449086316,-21.825114318],[-42.448492818,-21.819700766],[-42.45192602099999,-21.817786914999996],[-42.45238298,-21.815729578],[-42.454450732,-21.817612510999997],[-42.457378865,-21.816308822000003],[-42.461498788,-21.811725359000004],[-42.462265115,-21.807529669],[-42.465237996999996,-21.80507446],[-42.463206719,-21.804311217],[-42.46897181999999,-21.798252465000004],[-42.46644146399999,-21.796798794000004],[-42.464531929,-21.797730362999996],[-42.46199268299999,-21.795581705000004],[-42.463803678,-21.792204547],[-42.45927600499999,-21.789155142],[-42.460424082,-21.786746499000003],[-42.45972059,-21.784756420000008],[-42.438295874999994,-21.776126708],[-42.429883659999994,-21.775671172],[-42.39562742,-21.761640690999997],[-42.393744541,-21.757358660999994],[-42.385757492,-21.754048439],[-42.373579520999996,-21.745848809],[-42.359032766,-21.740989768000002],[-42.35172253299999,-21.744170411999995],[-42.333462061999995,-21.745848809],[-42.314147374,-21.737831390999993],[-42.308863166,-21.732759767000005],[-42.306585491,-21.728447367999998],[-42.303214531,-21.728720688999996],[-42.288758883999996,-21.721462495999994],[-42.279529081,-21.718610305000002],[-42.270112313,-21.717271573000005],[-42.267359027999994,-21.714687424],[-42.259938696,-21.712928806999997],[-42.249586664999995,-21.706733596999992],[-42.24611163699999,-21.706580406],[-42.237080088,-21.697209474999998]]]}},{"type":"Feature","properties":{"code_muni":"3301157","name_muni":"Cardoso Moreira","abbrev_state":"RJ"},"geometry":{"type":"Polygon","coordinates":[[[-41.447891712,-21.403724012000005],[-41.44874245,-21.405276946],[-41.442965504,-21.410946636999995],[-41.439925881,-21.410341865],[-41.43889140999999,-21.411602336999998],[-41.434631353,-21.410476318000008],[-41.432134345,-21.414095620999998],[-41.43120648,-21.413646603],[-41.430854876999994,-21.417351772999996],[-41.424345856,-21.424550218999997],[-41.42498440199999,-21.426935961],[-41.422184388999995,-21.431042440000002],[-41.415903024,-21.434547033000005],[-41.41490586599999,-21.437980403],[-41.41371998099999,-21.437396417999995],[-41.412348564999995,-21.443530730999996],[-41.41365534599999,-21.443937256999995],[-41.41352977599999,-21.446860147],[-41.41123913,-21.449386163],[-41.413337272999996,-21.451553026999996],[-41.41190683799999,-21.453210380999998],[-41.41312709599999,-21.454379908999993],[-41.412033861,-21.457329309000002],[-41.41293425599999,-21.459224757],[-41.41116594599999,-21.459718476],[-41.413175953,-21.462241440000003],[-41.41276205799999,-21.465078388000002],[-41.408644411,-21.467540025999998],[-41.405818769,-21.466715155],[-41.400120278,-21.471968719],[-41.398447551,-21.472011858],[-41.395254263999995,-21.478851129999995],[-41.389892241999995,-21.478955964],[-41.390718344999996,-21.482242408000005],[-41.38891832499999,-21.485134262000003],[-41.38758485699999,-21.484711734999998],[-41.38552031,-21.488549996],[-41.38238201299999,-21.489742309],[-41.382626223,-21.492723663],[-41.37509558499999,-21.499836179000006],[-41.373033761,-21.505697373000004],[-41.373599262,-21.517476575],[-41.36471745299999,-21.531507651999995],[-41.360110518,-21.544602664999992],[-41.36524374,-21.557072097999995],[-41.379001161999994,-21.560542219],[-41.38033849799999,-21.562761741999996],[-41.386228589999995,-21.566434058000002],[-41.387034302,-21.569245176000003],[-41.396682055999996,-21.580632986999998],[-41.400818628,-21.582284764],[-41.400514039,-21.591315274999992],[-41.402534217,-21.595411374],[-41.40156829699999,-21.597567335],[-41.402693843,-21.602082942999996],[-41.405682185,-21.60568484699999],[-41.409490922,-21.609039633999988],[-41.425383251999996,-21.61118922299999],[-41.427669423,-21.613917076999996],[-41.42725248799999,-21.616519958000005],[-41.489979781,-21.674894816],[-41.49337241700001,-21.670273],[-41.49428181999999,-21.66506233999999],[-41.509360294,-21.649952066999997],[-41.509624917,-21.645930561999993],[-41.51367649,-21.643012618999997],[-41.51670202199999,-21.636623456],[-41.521891227999994,-21.634299898000002],[-41.530290289,-21.625044726000006],[-41.540705276999994,-21.620325447999996],[-41.54379742100001,-21.616474267],[-41.541433655,-21.560816348999996],[-41.549613019,-21.564613291],[-41.560976755,-21.56574623499999],[-41.57984930799999,-21.575794422000005],[-41.585274678999994,-21.576290952999997],[-41.590060592,-21.581476186000003],[-41.601245724,-21.585810788],[-41.60223800600001,-21.587432110999995],[-41.606089343,-21.586372425],[-41.607441049,-21.588166077999997],[-41.612920512,-21.587926821],[-41.61483370599999,-21.589751184000004],[-41.619417776999995,-21.590880591999998],[-41.622956775999995,-21.594865445000003],[-41.626952386,-21.595716480999993],[-41.657021015999995,-21.479144136999995],[-41.618872315999994,-21.472042765999998],[-41.60027664199999,-21.481578168999995],[-41.599604777,-21.476807384],[-41.593325375,-21.468798907],[-41.579349744,-21.459146844],[-41.579528369,-21.455748907999997],[-41.57453898000001,-21.449622824999995],[-41.574665083,-21.446836398999995],[-41.569565685,-21.445822431999996],[-41.56587284199999,-21.44347074999999],[-41.55105479499999,-21.429049627999998],[-41.449453557,-21.398585099999995],[-41.447891712,-21.403724012000005]]]}},{"type":"Feature","properties":{"code_muni":"3301207","name_muni":"Carmo","abbrev_state":"RJ"},"geometry":{"type":"Polygon","coordinates":[[[-42.45911365399999,-21.788822918999998],[-42.46380529799999,-21.792284314],[-42.46199268299999,-21.795581705000004],[-42.464531929,-21.797730362999996],[-42.46644146399999,-21.796798794000004],[-42.46897024999999,-21.798312025000005],[-42.463206719,-21.804311217],[-42.465272277,-21.804976844],[-42.46108652299999,-21.809345738000005],[-42.461498788,-21.811725359000004],[-42.456094646,-21.81739514099999],[-42.453870565,-21.817442137999997],[-42.45238298,-21.815729578],[-42.45192602099999,-21.817786914999996],[-42.448492818,-21.819700766],[-42.449086316,-21.825114318],[-42.445820231,-21.824175575],[-42.439588714,-21.829326036],[-42.443926932,-21.832025334999997],[-42.447603619999995,-21.832597522999993],[-42.44560404399999,-21.836211426999995],[-42.43982806,-21.840752872000003],[-42.442945379,-21.841625816999997],[-42.44390899799999,-21.844306086],[-42.44669025,-21.843874308000004],[-42.449519727,-21.846261716999997],[-42.44908416599999,-21.847308923999996],[-42.450567629,-21.846269278999998],[-42.452149142,-21.846988209999996],[-42.451827828,-21.849670100999997],[-42.453339278,-21.851481639],[-42.440766614,-21.859810632],[-42.43711604799999,-21.863943651],[-42.435359817999995,-21.863992103999998],[-42.430222891999996,-21.871196074000004],[-42.43546999,-21.873689463],[-42.436661121,-21.877533457000002],[-42.43960787900001,-21.879439907000002],[-42.442947469,-21.879761874],[-42.444049025,-21.876916941],[-42.445639979,-21.877990525000005],[-42.44872515099999,-21.87637903],[-42.457641986,-21.879075855999996],[-42.462585192,-21.884422599],[-42.46506428499999,-21.885195148999994],[-42.465601080999996,-21.888159026],[-42.470650616,-21.890524788000004],[-42.470611893999994,-21.891734994],[-42.474027072,-21.893199032],[-42.4767953,-21.891636032999997],[-42.47998455599999,-21.891864489999996],[-42.48229824700001,-21.895313469999998],[-42.484512065,-21.894808643000008],[-42.48666694199999,-21.898053633999996],[-42.491190313999994,-21.89744251],[-42.494079423,-21.902289466],[-42.498380431,-21.902570018999995],[-42.506336112999996,-21.907257973999997],[-42.511032413,-21.907889884],[-42.51169182,-21.912084225999994],[-42.51864603200001,-21.912565114999992],[-42.520423535,-21.910638898999995],[-42.52426270499999,-21.910280077000003],[-42.52737367699999,-21.906366262999995],[-42.531380318,-21.910326571],[-42.535154379999994,-21.910207680000003],[-42.53480877399999,-21.913205526999995],[-42.538608247,-21.91655812699999],[-42.53679032499999,-21.922615094999998],[-42.540056174,-21.92958673599999],[-42.542649796,-21.93023675],[-42.544280502,-21.92854480899999],[-42.546212809,-21.929503278],[-42.544840016,-21.933806391999997],[-42.546676893,-21.938392780000004],[-42.545695849,-21.943185044000003],[-42.54632691199999,-21.945388297999994],[-42.548880090999994,-21.946430710999994],[-42.54855742099999,-21.95114389199999],[-42.55115796,-21.953172940999995],[-42.552836006999996,-21.951618401],[-42.555889953999994,-21.95159599899999],[-42.558534267999995,-21.957419921],[-42.555627124,-21.960440314999992],[-42.556952203,-21.965642727999995],[-42.552683008,-21.968804462],[-42.551910637,-21.971814035999998],[-42.552956558,-21.974797854],[-42.54944710499999,-21.977666257999996],[-42.54681159599999,-21.984486002999994],[-42.55102691199999,-21.991408152],[-42.546159563,-21.992101424000005],[-42.54892362199999,-21.994857350999997],[-42.547360831,-21.996587056000003],[-42.547901581999994,-21.999633246999995],[-42.69099385999999,-21.969320907999993],[-42.691875012,-21.967910266999997],[-42.689634235,-21.965481065],[-42.68774643,-21.965300685],[-42.688091705,-21.962884367],[-42.696911282,-21.963091914999993],[-42.698648666,-21.961837084999996],[-42.699247764999996,-21.959775049999998],[-42.69147573699999,-21.953444904999994],[-42.690042393999995,-21.95021266599999],[-42.686326029,-21.948568198000004],[-42.68150192000001,-21.948973243999998],[-42.679849743,-21.945636859999993],[-42.67707673299999,-21.944678112000002],[-42.67679261699999,-21.941236134],[-42.67275729499999,-21.935630967999998],[-42.674467175,-21.931940250999997],[-42.670621028,-21.927868959999998],[-42.671348660999996,-21.923294723999998],[-42.663467704999995,-21.915461112999992],[-42.662214180999996,-21.905520309999996],[-42.666609237,-21.899237150999998],[-42.67002183700001,-21.897979265],[-42.668433994,-21.893142247],[-42.663158317,-21.890727958],[-42.66651174799999,-21.881358681999995],[-42.66809310499999,-21.880183789],[-42.66448148999999,-21.877003661999996],[-42.665343627,-21.873250938999988],[-42.649730401,-21.867631702],[-42.64031982,-21.865816803],[-42.62873148599999,-21.859371666999998],[-42.61432085,-21.855887212],[-42.605331461999995,-21.850658923999998],[-42.60602434399999,-21.84647184],[-42.604380297999995,-21.845557153],[-42.58564082499999,-21.839078324999996],[-42.49800134299999,-21.802335164],[-42.45972059,-21.784756420000008],[-42.460403488,-21.786921849000002],[-42.45911365399999,-21.788822918999998]]]}},{"type":"Feature","properties":{"code_muni":"3301306","name_muni":"Casimiro de Abreu","abbrev_state":"RJ"},"geometry":{"type":"MultiPolygon","coordinates":[[[[-41.982221645,-22.596485646],[-41.982892605,-22.596346179999998],[-41.982315119999996,-22.595854461],[-41.982221645,-22.596485646]]],[[[-42.226323713,-22.352360417000003],[-42.218448381,-22.354567013],[-42.21722500600001,-22.360063098],[-42.210886898,-22.361768920999996],[-42.204106343,-22.370705704000002],[-42.215755518,-22.373682776999996],[-42.215859519,-22.383289062],[-42.21035466499999,-22.381146322],[-42.207050939,-22.387196953999993],[-42.20921518899999,-22.390603199],[-42.214089792,-22.39180794],[-42.214231776,-22.393060649],[-42.210691673999996,-22.395032620000002],[-42.21018693599999,-22.396888777],[-42.214417644,-22.398441842999993],[-42.219299943,-22.405908104000005],[-42.216921817999996,-22.408730264999996],[-42.21122707999999,-22.407661512],[-42.211438296999994,-22.411532101],[-42.206793610999995,-22.411812621999996],[-42.204205236,-22.414009818999997],[-42.207753178,-22.421362408999993],[-42.206545861,-22.425506049999996],[-42.20112863599999,-22.430481438999994],[-42.195226100999996,-22.430750494000005],[-42.191493942,-22.43325855],[-42.182276054,-22.432646818],[-42.17694680499999,-22.426270944999988],[-42.173162031,-22.425512572999995],[-42.170603283,-22.421538710999997],[-42.167880001,-22.42481784499999],[-42.161292757,-22.428563448000002],[-42.161443023,-22.422728767],[-42.158739270999995,-22.424456108000005],[-42.1518815,-22.420708194],[-42.149667501,-22.426635475999998],[-42.144467428,-22.42803440199999],[-42.14314564199999,-22.424646088],[-42.14093329999999,-22.425539582],[-42.14014856899999,-22.424458979999997],[-42.137940986,-22.4193927],[-42.13931617899999,-22.417108114999994],[-42.136015316,-22.416055559],[-42.138136047,-22.414216462],[-42.137202515,-22.412651132999997],[-42.13032858599999,-22.411562168999996],[-42.125616097999995,-22.412687302],[-42.123810112,-22.405584729],[-42.11785888499999,-22.404583453999994],[-42.11706139,-22.402160104999997],[-42.111367814,-22.404377968000002],[-42.107444504,-22.404104496999995],[-42.104430238999996,-22.406613210000003],[-42.098796632,-22.404250599999997],[-42.099006184,-22.407938263999995],[-42.096531726,-22.408196074],[-42.100604075999996,-22.413280928999992],[-42.09842174799999,-22.416689509999994],[-42.10067437599999,-22.423672747999998],[-42.100159784,-22.427478935],[-42.10280834099999,-22.429943714000004],[-42.102574394,-22.432265301999998],[-42.106465578,-22.436088687],[-42.10579319600001,-22.436669954999996],[-42.08626209799999,-22.439141843],[-42.07415402299999,-22.430432219999993],[-42.070773488,-22.431987637999995],[-42.068730869,-22.435330585],[-42.063873320000006,-22.434622747],[-42.06278229299999,-22.432998239],[-42.065136464,-22.425992786],[-42.06351677399999,-22.422772435000002],[-42.057296633,-22.424284415999995],[-42.05419925,-22.423059196],[-42.049799849,-22.424477273],[-42.046626095,-22.423969670999995],[-42.042098103,-22.427959428],[-42.039276447,-22.426444566999994],[-42.036210772,-22.427983642999994],[-42.030791238,-22.424188109],[-42.022850647,-22.424693296000004],[-42.019725097,-22.427821031],[-42.01445594399999,-22.425877238000005],[-42.017855904,-22.4283801],[-42.018816898999994,-22.436340898999994],[-42.020767273999994,-22.438830021],[-42.020809798,-22.44162858099999],[-42.017140103,-22.447168301999998],[-42.017433647999994,-22.449385119999995],[-42.025149465,-22.452820819999996],[-42.027609127,-22.455434176000008],[-42.02580635599999,-22.464983360999998],[-42.026952251999994,-22.46842846199999],[-42.023071612,-22.470643401],[-42.02055507,-22.475063173],[-42.01802425099999,-22.476756073999997],[-42.018921946,-22.47976729199999],[-42.002805938,-22.490441222],[-41.991405624,-22.502040570000002],[-41.990434367,-22.504549019],[-41.991211229,-22.510214035999997],[-41.986737938,-22.521651831000007],[-41.990252747,-22.525058376999997],[-41.990128543,-22.529990228999996],[-41.98810081999999,-22.534008242],[-41.986712172,-22.545863603],[-41.98465178599999,-22.548590623],[-41.981913596999995,-22.561521757999998],[-41.979155928999994,-22.562459237000002],[-41.986365883,-22.584077618000002],[-41.989471046,-22.598766108999992],[-41.99138983899999,-22.599363111000002],[-41.991162103,-22.596369156],[-41.994672851,-22.596028916999995],[-41.996186742,-22.594200080999997],[-41.996179507,-22.591493587999995],[-41.990831857,-22.579834620999993],[-41.99518213199999,-22.574855728999996],[-41.9982371,-22.575552302],[-42.00412032199999,-22.584939144999996],[-42.010772196,-22.571807134000004],[-42.01321976999999,-22.57157371],[-42.01461477,-22.575510369999996],[-42.017369376999994,-22.578039531999995],[-42.020340784999995,-22.577946331999996],[-42.021685907999995,-22.576203241999995],[-42.020669647,-22.568966435000004],[-42.02984601899999,-22.570891833],[-42.032235409,-22.562005169999996],[-42.03448207099999,-22.559790323],[-42.03724170899999,-22.560649102],[-42.03855870099999,-22.566955767999996],[-42.041424061,-22.568946865999994],[-42.049112805,-22.561299467000005],[-42.054852716,-22.563112872000005],[-42.062743266999995,-22.559965834],[-42.06061793999999,-22.564922847],[-42.06043394,-22.571002122000003],[-42.061676772999995,-22.572937189],[-42.063435003,-22.572746151999993],[-42.064934828,-22.56867003],[-42.069601584999994,-22.568900198999998],[-42.072878573,-22.567497184],[-42.076682772999995,-22.573012239],[-42.08015418099999,-22.575098487],[-42.081975526,-22.574039587],[-42.084140527,-22.569151914999996],[-42.087936164999995,-22.572561086],[-42.09380678,-22.571421712999992],[-42.09126166299999,-22.564994213999995],[-42.09366445799999,-22.561806510999997],[-42.097720290999995,-22.561621703],[-42.100927252,-22.564902697],[-42.10604365499999,-22.560347233999998],[-42.107569215,-22.565186524],[-42.110635337999994,-22.567239924],[-42.114585057,-22.565906062],[-42.118184495,-22.566715311999996],[-42.124390438,-22.564646342],[-42.124805324,-22.563680870999995],[-42.121514473,-22.561897817999995],[-42.12053394,-22.559371421999995],[-42.121204838,-22.555007081999996],[-42.122809806999996,-22.554060403],[-42.12717814199999,-22.557707123999997],[-42.13382374999999,-22.554821532999995],[-42.130618916,-22.552467877],[-42.131222128999994,-22.546439316999994],[-42.133844855999996,-22.542371546999995],[-42.138870038,-22.540125774999996],[-42.140354297,-22.542065508999997],[-42.145356569,-22.540352283],[-42.147351372,-22.541052997],[-42.147116904,-22.543080048999997],[-42.143526091999995,-22.543596562999998],[-42.141081345,-22.548639417000004],[-42.143963516999996,-22.548212733],[-42.144609396,-22.551620867999997],[-42.146783541,-22.551693601999997],[-42.149104955,-22.555771410999995],[-42.151230519,-22.556728545],[-42.15263726199999,-22.556686752999997],[-42.153888863,-22.550983875],[-42.151409419,-22.551732971000003],[-42.152088367,-22.550413665000004],[-42.15039349399999,-22.548898752],[-42.154713066,-22.546197425],[-42.156320609999995,-22.546081817],[-42.15651959899999,-22.547855165999998],[-42.160249201,-22.545016422999993],[-42.163381644,-22.54673894],[-42.16479922199999,-22.545202165],[-42.165891292,-22.545665237000005],[-42.16562331,-22.547998905],[-42.169605553,-22.546852269999988],[-42.171530255,-22.548824604],[-42.176169804999994,-22.545552513999993],[-42.179747964,-22.549773528000003],[-42.179161064,-22.551332504999998],[-42.18248958899999,-22.552694461000005],[-42.18221471099999,-22.55112116700001],[-42.18644593,-22.551167356999997],[-42.185282791,-22.551812497999997],[-42.186923267999994,-22.555491126],[-42.19047688799999,-22.551751281000005],[-42.190505810999994,-22.549130751999996],[-42.19315139199999,-22.547783002999996],[-42.19810977699999,-22.548431918999995],[-42.198392638,-22.546867864],[-42.204016579,-22.544837921999992],[-42.203650523,-22.541976034999998],[-42.21363384899999,-22.538548425999988],[-42.221753216,-22.539645877999995],[-42.226415149999994,-22.542019086000003],[-42.230114434,-22.540958906000004],[-42.24078849499999,-22.546152393],[-42.250272655,-22.546418615],[-42.254282624,-22.533889541],[-42.256599713,-22.532002861999995],[-42.259087296999994,-22.532160033000004],[-42.25921021999999,-22.528847942],[-42.262818368,-22.526435323999998],[-42.26569689299999,-22.519763134999998],[-42.263716867,-22.517400414000004],[-42.263467283999994,-22.511676640999998],[-42.261503896,-22.506668338999994],[-42.26388555,-22.501614488],[-42.262969428999995,-22.500059857999993],[-42.269183321,-22.497269853000002],[-42.268873321,-22.491976708],[-42.269923621,-22.491023572],[-42.270215114,-22.492221931999996],[-42.270784219999996,-22.490616407],[-42.270335413,-22.48574893499999],[-42.27721094899999,-22.483088481999996],[-42.275716468,-22.48112206],[-42.277869698,-22.48032333799999],[-42.277923487,-22.478938174999993],[-42.280619281,-22.479440809],[-42.284476139999995,-22.477269809],[-42.28525845499999,-22.475159711999996],[-42.284145988999995,-22.474556827999997],[-42.286134073,-22.471097417],[-42.287102995,-22.471693125],[-42.288574321,-22.47032228],[-42.28774894299999,-22.469626091],[-42.2892418,-22.468477738999994],[-42.28914849699999,-22.465520732999995],[-42.293009829999995,-22.463941748999996],[-42.297624946,-22.467467399999993],[-42.30093068699999,-22.465826490999994],[-42.30246142099999,-22.464464716000002],[-42.302009045,-22.461695810999995],[-42.304173771,-22.457314747],[-42.29821836699999,-22.448937381],[-42.29671858,-22.441343157],[-42.293738104999996,-22.436552780999993],[-42.293178817,-22.434038339],[-42.29468641,-22.429974607],[-42.29322805399999,-22.428963701],[-42.290054472,-22.429552015000002],[-42.287430937,-22.423599889000005],[-42.28312728000001,-22.418995504999998],[-42.281296049000005,-22.412615196000004],[-42.269148604,-22.402530995],[-42.271054411,-22.401205215999994],[-42.276607465999994,-22.401339424],[-42.283215081,-22.40431854299999],[-42.288685402,-22.404679629000004],[-42.293584518,-22.391481093],[-42.28050400099999,-22.385480899000004],[-42.27995097600001,-22.382958244000005],[-42.276361832999996,-22.379200689],[-42.271673844,-22.378112002],[-42.268149202,-22.375239195],[-42.265438593999995,-22.376279935999992],[-42.263118242999994,-22.372546913999997],[-42.25946810899999,-22.372268317],[-42.257152579,-22.366472776],[-42.254547876,-22.36559751],[-42.251059335,-22.367541172],[-42.24985608,-22.364710158999998],[-42.245579471,-22.365144608000005],[-42.24124588899999,-22.363510771000005],[-42.240272303,-22.361477786999995],[-42.22862209099999,-22.360126573999995],[-42.22670473899999,-22.358452593],[-42.222484559,-22.358752007999996],[-42.222149327,-22.357418985999995],[-42.223663629,-22.357417084],[-42.226323713,-22.352360417000003]]]]}},{"type":"Feature","properties":{"code_muni":"3301405","name_muni":"Conceição de Macabu","abbrev_state":"RJ"},"geometry":{"type":"Polygon","coordinates":[[[-41.888249282,-22.049429096000004],[-41.876191685,-22.05494042699999],[-41.87324695,-22.051651013999994],[-41.86704051699999,-22.052259616999997],[-41.867456345,-22.054215555],[-41.865282259999994,-22.057832601],[-41.84796423099999,-22.071355866999998],[-41.844108161,-22.07041674],[-41.83654987,-22.072060193999995],[-41.839105497999995,-22.075123367],[-41.832629747,-22.07830195],[-41.832786463999994,-22.081180584],[-41.830739916,-22.081655372],[-41.83198727799999,-22.083234519],[-41.831070919999995,-22.085377766999997],[-41.828224137,-22.086359423999994],[-41.829411428,-22.088222970999997],[-41.826205864,-22.08893433],[-41.824960521,-22.093522038000007],[-41.821956660999994,-22.094340501999998],[-41.821795254,-22.099508554999996],[-41.81796552,-22.099270945999994],[-41.814948465,-22.100692137999996],[-41.81062740899999,-22.098680974000004],[-41.802835192,-22.099245477999997],[-41.799353403,-22.097830966000004],[-41.798502899999995,-22.099247207],[-41.797341183,-22.098298006],[-41.791564998,-22.100215733999995],[-41.779051574,-22.097334888],[-41.778107162,-22.094887452999995],[-41.77209600999999,-22.090903325000006],[-41.77239689699999,-22.089443181999997],[-41.76976193,-22.086241554999994],[-41.767513244999996,-22.086586124999997],[-41.76811226299999,-22.084324676],[-41.764654784,-22.085615837999995],[-41.76439137100001,-22.084369712],[-41.75923821399999,-22.083899318],[-41.753039245,-22.085382028999998],[-41.753315617999995,-22.087051418],[-41.751590433,-22.085815357],[-41.740287507,-22.086536748000004],[-41.73736604999999,-22.084367150000002],[-41.73702784499999,-22.080596176],[-41.734618014,-22.076358239999994],[-41.718167491,-22.060601803],[-41.702098688,-22.051198484],[-41.664810219,-22.057367820999993],[-41.659699719,-22.055827543],[-41.66243873599999,-22.061105443],[-41.662498109999994,-22.068482812],[-41.673363261999995,-22.06720874899999],[-41.678312965,-22.069568376000003],[-41.682498969,-22.068098337999995],[-41.689824394999995,-22.073199549999995],[-41.70170149799999,-22.076515715],[-41.705657128,-22.080424958000002],[-41.715475979,-22.081273945],[-41.717156943,-22.082894177999993],[-41.717139722,-22.087377431999997],[-41.693684817999994,-22.108309926000004],[-41.77111850499999,-22.180881008000004],[-41.82471725,-22.146012416999998],[-41.81940510799999,-22.186236372999996],[-41.82929763199999,-22.190251209],[-41.832361798,-22.192516531999996],[-41.832840487,-22.194451586999996],[-41.839995295,-22.198778958999995],[-41.840472430999995,-22.209184250999996],[-41.846144684,-22.216229608000003],[-41.84823761799999,-22.236141982999996],[-41.85979900499999,-22.264678742999997],[-41.85961077,-22.269772395],[-41.862559252,-22.27116506899999],[-41.86379415599999,-22.274540574999996],[-41.866266391,-22.272699455000005],[-41.870797415,-22.272582516000003],[-41.878335212,-22.274884924999995],[-41.882636938000005,-22.272624315],[-41.886692464,-22.267838475],[-41.88713918199999,-22.263916782],[-41.885280986,-22.262612173],[-41.886116531,-22.259497433000003],[-41.892854987,-22.257031995999995],[-41.89369365,-22.249594098],[-41.896721049,-22.24528746899999],[-41.902326052,-22.24461173],[-41.906799551,-22.242324366],[-41.89947248299999,-22.23779530199999],[-41.901462802,-22.232321577999997],[-41.90286388799999,-22.231010836999992],[-41.907791823,-22.230511886999995],[-41.91070563099999,-22.231962597999996],[-41.916658094999995,-22.22919106],[-41.91738169,-22.216995457999996],[-41.91604881399999,-22.215820003000005],[-41.917526414,-22.211753590000004],[-41.913556516,-22.20827892],[-41.911855765,-22.208828909999994],[-41.91022533999999,-22.206831402],[-41.906141238,-22.205702160999998],[-41.905617158999995,-22.200409206000003],[-41.902759391,-22.198248033],[-41.90292068699999,-22.193117568],[-41.901172528,-22.189799094000005],[-41.903398394,-22.185214235000004],[-41.906004949,-22.186574080000003],[-41.912084574,-22.186193756999998],[-41.907976139999995,-22.178749870000008],[-41.90884368399999,-22.174814822999995],[-41.91298231199999,-22.169795274000002],[-41.919441664999994,-22.171340329000003],[-41.918658246999996,-22.163299945000002],[-41.92070291,-22.162202361],[-41.933689297,-22.164118847],[-41.938547717999995,-22.162352511],[-41.939551635,-22.158997211],[-41.946346051999996,-22.159718096999995],[-41.94687751099999,-22.157128816999993],[-41.949824257,-22.156490662999996],[-41.95150180499999,-22.152384644000005],[-41.956258299,-22.154502877999995],[-41.95635330399999,-22.152909931000007],[-41.959468246,-22.151998581000004],[-41.96329919699999,-22.153893663],[-41.96704782599999,-22.152917097999996],[-41.969110023,-22.157286086],[-41.97117049599999,-22.157696859],[-41.973322238,-22.165435603],[-41.974742146,-22.165213632999997],[-41.972347106,-22.155584694],[-41.97304141499999,-22.151538142999996],[-41.971244018,-22.149074468],[-41.97230148599999,-22.139453220000004],[-41.970544855,-22.136587332],[-41.973798328,-22.133612499000005],[-41.968131227,-22.132618234999992],[-41.963215842,-22.128648487000007],[-41.96012650299999,-22.124494944],[-41.95793968099999,-22.117645166],[-41.960297841999996,-22.108422415000003],[-41.962448175999995,-22.105500528999997],[-41.96226492499999,-22.10294269],[-41.958566612999995,-22.097493929],[-41.96164417699999,-22.096666412],[-41.962476758,-22.094492183],[-41.96030012699999,-22.092717561999994],[-41.961943532999996,-22.091512309],[-41.961242325,-22.087776417000004],[-41.962981157,-22.085561816],[-41.96228567899999,-22.078449124],[-41.959220752,-22.076406639],[-41.955159006,-22.077303369999996],[-41.947443838,-22.071614088000004],[-41.94169173099999,-22.070386939999995],[-41.940873712999995,-22.064066654],[-41.937153896999995,-22.062195748999997],[-41.936032901,-22.056872982999995],[-41.934149377999994,-22.056978184999995],[-41.934000087,-22.058578094999998],[-41.92835453,-22.061969533000003],[-41.925920065999996,-22.060490794],[-41.924809197,-22.062896961],[-41.916831154,-22.067287051],[-41.908670152,-22.068268551000003],[-41.905557333,-22.065176238],[-41.904558232999996,-22.065750901999994],[-41.90551628699999,-22.063226337],[-41.90476065699999,-22.061116729999995],[-41.903320154,-22.061787592999995],[-41.904485189,-22.060317035],[-41.903402792,-22.060377508],[-41.903534447,-22.057655962],[-41.901827450999996,-22.057907402000005],[-41.902338849,-22.056932891],[-41.900658887,-22.056160365],[-41.895532106,-22.056382999],[-41.893360409,-22.052848061000002],[-41.892376807999995,-22.053688286],[-41.888249282,-22.049429096000004]]]}},{"type":"Feature","properties":{"code_muni":"3301504","name_muni":"Cordeiro","abbrev_state":"RJ"},"geometry":{"type":"Polygon","coordinates":[[[-42.31798347899999,-21.996802711999994],[-42.31289782299999,-22.031629705999997],[-42.305224929999994,-22.027744223],[-42.297977259,-22.029324568],[-42.29787022099999,-22.037093127],[-42.296289718,-22.040242469],[-42.300656093,-22.044303065999998],[-42.30103931899999,-22.049010425999995],[-42.311430235,-22.057317981],[-42.31018938799999,-22.061442026],[-42.31193888000001,-22.069182625],[-42.309954178,-22.070576137000003],[-42.309657740000006,-22.073997190000004],[-42.306300309,-22.07530991499999],[-42.302923119999996,-22.080478982],[-42.299377742999994,-22.08057909],[-42.297444533,-22.082837793999996],[-42.29444001700001,-22.082358186999997],[-42.28535110599999,-22.088075624],[-42.282786141,-22.087083779000004],[-42.277574025999996,-22.092189313999988],[-42.26932566399999,-22.088840232999992],[-42.271443389,-22.090904910999996],[-42.27586641199999,-22.09225787099999],[-42.278829269,-22.095769237999995],[-42.27536357799999,-22.097430706],[-42.27675644299999,-22.100690220000004],[-42.273639704,-22.105301258],[-42.275891338,-22.108124324000006],[-42.27215896599999,-22.107129685],[-42.271549680999996,-22.104346902999993],[-42.266446082,-22.105678903],[-42.2653962,-22.115052658],[-42.262660463,-22.11830055],[-42.26466806999999,-22.121767969000004],[-42.269592466,-22.121379762999997],[-42.274373367,-22.117813518],[-42.28999254899999,-22.112994905000004],[-42.293271630999996,-22.113392642999994],[-42.29786500099999,-22.116603180999995],[-42.300563686,-22.121966668999995],[-42.30484547,-22.117950056999998],[-42.309038466,-22.117198754000004],[-42.310761771,-22.111125874999995],[-42.315950826999995,-22.109514267999998],[-42.324339758,-22.114701245000006],[-42.324248986,-22.119983089999998],[-42.325925778999995,-22.119559151000004],[-42.328219775,-22.122087923000002],[-42.330738158,-22.121526968],[-42.33419889499999,-22.125376556000003],[-42.337101892,-22.123537239],[-42.342739855999994,-22.124314657000003],[-42.343339616,-22.112904942],[-42.348130861,-22.107879742000005],[-42.345619086,-22.105989071000003],[-42.39846562099999,-22.059912612999995],[-42.41467176,-22.037600475999994],[-42.412878426999995,-22.036560235000007],[-42.411634888,-22.031978237000004],[-42.406174476,-22.031299540999996],[-42.401221516,-22.02647242],[-42.398946737,-22.026363725999992],[-42.401953096999996,-22.019512724],[-42.397205628,-22.015763253999996],[-42.39297140899999,-22.01573303],[-42.39233322,-22.010156078000005],[-42.38956562,-22.005680841999993],[-42.3876899,-22.006400610000004],[-42.384401847999996,-22.004707815000007],[-42.385141601,-22.000395453999996],[-42.384197504999996,-21.999205611999997],[-42.356177581,-22.008739441000003],[-42.31798347899999,-21.996802711999994]]]}},{"type":"Feature","properties":{"code_muni":"3301603","name_muni":"Duas Barras","abbrev_state":"RJ"},"geometry":{"type":"Polygon","coordinates":[[[-42.52426270499999,-21.910280077000003],[-42.520961234000005,-21.910423332999997],[-42.518232716,-21.912651130999997],[-42.51169182,-21.912084225999994],[-42.511414753,-21.908401164],[-42.50902096800001,-21.907481522000005],[-42.39846562099999,-22.059912612999995],[-42.345619086,-22.105989071000003],[-42.362193311,-22.115300591],[-42.365937208,-22.116070018],[-42.367974761999996,-22.11431170499999],[-42.375485162,-22.117179862999997],[-42.378085839,-22.121174692],[-42.37812841899999,-22.124138875999993],[-42.38549825399999,-22.127308522999996],[-42.38786701299999,-22.130140859],[-42.39377308499999,-22.128257912999995],[-42.391855006,-22.123218162999997],[-42.396608662999995,-22.119690737999996],[-42.40167190399999,-22.120026579],[-42.40384536,-22.118439114999994],[-42.407361223,-22.120132748],[-42.412315478,-22.116360729999997],[-42.418448735,-22.117370965],[-42.420832052,-22.116436654999994],[-42.42308461299999,-22.119051135000007],[-42.423501158,-22.114679313999996],[-42.427544945,-22.114195240999997],[-42.4339007,-22.119730872],[-42.439589886,-22.122623968999992],[-42.44564279099999,-22.117123506999995],[-42.454255965,-22.117450009999992],[-42.455498245,-22.11529245],[-42.464184898999996,-22.113602006999997],[-42.46734746799999,-22.111304882999995],[-42.471233952999995,-22.113270313],[-42.471879499,-22.11640262099999],[-42.46890121799999,-22.124359608],[-42.4658452,-22.127688352],[-42.463494069999996,-22.128276210999996],[-42.465346647,-22.130648585000003],[-42.522114269999996,-22.159947912999993],[-42.52334176,-22.158802177000002],[-42.525932104999995,-22.159532852999998],[-42.52838762499999,-22.158510955],[-42.52874895699999,-22.156269982000005],[-42.536489538999994,-22.157480149999998],[-42.543940328,-22.154495235999992],[-42.54576148999999,-22.157493896],[-42.552124957,-22.158493517],[-42.55585327000001,-22.163200882999995],[-42.55749720399999,-22.163647743],[-42.55885024799999,-22.161206738999997],[-42.562779462,-22.15991428599999],[-42.573418262,-22.163494388999993],[-42.57723799499999,-22.140700572999997],[-42.58721642199999,-22.139815766],[-42.590060002,-22.141900535999998],[-42.593698441,-22.141769860999993],[-42.600171558999996,-22.137958493999996],[-42.603620418,-22.140570208999996],[-42.609153564,-22.1405617],[-42.61780211199999,-22.133347736],[-42.61082001399999,-22.131019623],[-42.607044424,-22.127048750999997],[-42.610007864,-22.120667615000002],[-42.606045104,-22.118323383],[-42.605801963999994,-22.115242016999993],[-42.60349355,-22.114179347],[-42.603323792999994,-22.110670316],[-42.594773109,-22.111174293],[-42.593606777999995,-22.107400316000003],[-42.591401892,-22.105898641999993],[-42.597616045,-22.096721649000003],[-42.599589848,-22.097926877999996],[-42.601244427,-22.096735784],[-42.604043476,-22.09728654],[-42.606792537000004,-22.091445757999995],[-42.603464278,-22.083686923999995],[-42.600537605999996,-22.083327652],[-42.598876251,-22.078072472],[-42.59542365899999,-22.078622797],[-42.590411683000006,-22.075642462],[-42.587330795999996,-22.075961514999996],[-42.587014246,-22.073711016999997],[-42.581670085,-22.071000368999997],[-42.57900899799999,-22.067300669999998],[-42.573857024,-22.064267484],[-42.575804294,-22.060582551999996],[-42.57428189699999,-22.057504195],[-42.57758131199999,-22.054450097],[-42.579059303,-22.047559361000005],[-42.573001078,-22.048399349000004],[-42.572188182999994,-22.045531002],[-42.56599950999999,-22.043235518999992],[-42.56305891099999,-22.029388746],[-42.569897547,-22.025626563],[-42.574284952,-22.025779825999994],[-42.57557474,-22.027249915],[-42.576295904,-22.025812066999997],[-42.575100857,-22.019801596000004],[-42.572438503,-22.01838547],[-42.572807600999994,-22.014407201],[-42.57091912399999,-22.011793749],[-42.57168131299999,-22.010181997000004],[-42.570142778999994,-22.008593229000002],[-42.566810231,-22.008078851999997],[-42.564430284,-22.003027580999994],[-42.56052021,-22.003572972000004],[-42.560580218999995,-21.998533458999997],[-42.553918984000006,-22.000905449999998],[-42.55112818999999,-21.999428328999997],[-42.547901581999994,-21.999633246999995],[-42.547360831,-21.996587056000003],[-42.54892362199999,-21.994857350999997],[-42.546159563,-21.992101424000005],[-42.55102691199999,-21.991408152],[-42.54681159599999,-21.984486002999994],[-42.54944710499999,-21.977666257999996],[-42.552956558,-21.974797854],[-42.551910637,-21.971814035999998],[-42.552683008,-21.968804462],[-42.556952203,-21.965642727999995],[-42.555627124,-21.960440314999992],[-42.558534267999995,-21.957419921],[-42.555889953999994,-21.95159599899999],[-42.552836006999996,-21.951618401],[-42.55115796,-21.953172940999995],[-42.54855742099999,-21.95114389199999],[-42.548880090999994,-21.946430710999994],[-42.54632691199999,-21.945388297999994],[-42.545695849,-21.943185044000003],[-42.546676893,-21.938392780000004],[-42.544840016,-21.933806391999997],[-42.546212809,-21.929503278],[-42.544280502,-21.92854480899999],[-42.542649796,-21.93023675],[-42.540056174,-21.92958673599999],[-42.53679032499999,-21.922615094999998],[-42.538608247,-21.91655812699999],[-42.53480877399999,-21.913205526999995],[-42.535154379999994,-21.910207680000003],[-42.531380318,-21.910326571],[-42.52737367699999,-21.906366262999995],[-42.52426270499999,-21.910280077000003]]]}},{"type":"Feature","properties":{"code_muni":"3301702","name_muni":"Duque de Caxias","abbrev_state":"RJ"},"geometry":{"type":"Polygon","coordinates":[[[-43.29539544099999,-22.475503644999993],[-43.238522355,-22.511522633000002],[-43.236721855999996,-22.515552893999995],[-43.233562371,-22.516575368999995],[-43.23159813899999,-22.514385909000005],[-43.228798022,-22.517749788000003],[-43.22659289599999,-22.516239377],[-43.224802486,-22.521280063000003],[-43.22238814899999,-22.521565675],[-43.225406446,-22.524937508000004],[-43.22457458499999,-22.527022881],[-43.226515600999996,-22.529500442],[-43.23087702,-22.527608181999998],[-43.231226871,-22.524381424999998],[-43.234252912,-22.522748005999997],[-43.24600521,-22.527031552],[-43.26070194900001,-22.555356797000005],[-43.258111546,-22.554980559],[-43.260794790999995,-22.561264106999992],[-43.255487384999995,-22.573332648],[-43.255663171,-22.572268492000003],[-43.225010463,-22.563633126999992],[-43.198445753,-22.614993941],[-43.198124447,-22.620033093],[-43.194193801,-22.623460358999996],[-43.19477215199999,-22.629608017999995],[-43.21063289899999,-22.64262458099999],[-43.21744576999999,-22.652523150999997],[-43.21922640599999,-22.667852109999995],[-43.224844813,-22.67483087800001],[-43.218568186,-22.681654244000004],[-43.218021275000005,-22.688865367999995],[-43.215347486999995,-22.690870707999995],[-43.215732351,-22.694233199000003],[-43.217778202999995,-22.695914443999996],[-43.215712094999994,-22.697575433],[-43.21677627199999,-22.699508183000006],[-43.215021669,-22.700637222000005],[-43.21486134399999,-22.703004030999992],[-43.21842564399999,-22.707862144999996],[-43.21821143999999,-22.709747141],[-43.22166734799999,-22.712625615],[-43.221626836,-22.724455097999996],[-43.21224838,-22.729229470999993],[-43.21224603999999,-22.73294398],[-43.221650601,-22.739913180000002],[-43.22661662699999,-22.741227595],[-43.231227918,-22.739826366],[-43.232252051,-22.741508570000004],[-43.238186772999995,-22.74280166],[-43.240559595,-22.745922472999997],[-43.244468098999995,-22.746878095999996],[-43.244789794,-22.748044416000003],[-43.242695825,-22.749343946],[-43.247997442999996,-22.751817486],[-43.248349533,-22.753592113000003],[-43.251898105,-22.753165353999997],[-43.252281296999996,-22.754750410999996],[-43.257879351999996,-22.756413653000003],[-43.259233881,-22.760514513999997],[-43.262600217999996,-22.75960721199999],[-43.261942516999994,-22.761613109000002],[-43.26464025199999,-22.759955306999995],[-43.263250133999996,-22.763452960999988],[-43.266939709,-22.762370766999997],[-43.26535235,-22.765431327999995],[-43.268134455,-22.765633066999996],[-43.267265232,-22.767269682],[-43.26977286799999,-22.767516624999995],[-43.270203093999996,-22.770246774999997],[-43.273208233,-22.772489276000005],[-43.27284171699999,-22.773665347999994],[-43.273987052,-22.773108605],[-43.273156054,-22.774537614],[-43.27862996399999,-22.780486309000004],[-43.27541378099999,-22.785667248000003],[-43.277170905999995,-22.78732478],[-43.276799942,-22.79060799399999],[-43.275780754,-22.789087559999995],[-43.272103102,-22.791692713],[-43.276137424999995,-22.79264337],[-43.27250776100001,-22.79340889399999],[-43.270924692,-22.796128302999993],[-43.27124593199999,-22.800841774999995],[-43.273643292,-22.799391946999993],[-43.27241400199999,-22.809448208999996],[-43.277838816999996,-22.807365182],[-43.28904537599999,-22.807909463],[-43.288924288,-22.810492761],[-43.295731984999996,-22.80637546],[-43.299207882999994,-22.806578372],[-43.300923434999994,-22.803645396],[-43.303050289999995,-22.803739747999998],[-43.30412878599999,-22.800817639],[-43.307025423000006,-22.800001810999998],[-43.325048854,-22.801105388],[-43.330914454,-22.802665842999996],[-43.329213255999996,-22.786371212999995],[-43.32840002099999,-22.730373572999994],[-43.327203328,-22.723973685000004],[-43.319784993999995,-22.709398377999996],[-43.32709499399999,-22.705622886000008],[-43.326233676,-22.698529355999998],[-43.328570756,-22.695023737],[-43.335197966,-22.696510471000003],[-43.340673095999996,-22.694436723999996],[-43.34690369999999,-22.698565615000003],[-43.350185996,-22.697755815999997],[-43.365477644,-22.685050067999992],[-43.364472805999995,-22.680665629000003],[-43.37087500999999,-22.673426183000004],[-43.38560004799999,-22.668690119000004],[-43.390045355,-22.665065786999993],[-43.393468456,-22.664758943],[-43.398141016,-22.661684766000004],[-43.401234869,-22.656818839000003],[-43.401708778,-22.652567631000004],[-43.38197282800001,-22.630115428999996],[-43.38289262999999,-22.62735578299999],[-43.381902277,-22.62133096],[-43.38328718599999,-22.619943895999995],[-43.385119637,-22.62018077100001],[-43.389178253,-22.615005625],[-43.397944964,-22.612457022],[-43.401713101,-22.609823934],[-43.404469381,-22.611825048999997],[-43.408979046999995,-22.610173848],[-43.41125437499999,-22.610679224999995],[-43.41343705999999,-22.605542760000002],[-43.412557322,-22.603572053],[-43.415898979000005,-22.599394258999997],[-43.41672455399999,-22.595492183],[-43.415222455,-22.592878383999995],[-43.40945006300001,-22.590516798],[-43.40792483300001,-22.588412317999996],[-43.402694175,-22.58735684],[-43.397973623,-22.580829639],[-43.395313622,-22.579034828999998],[-43.39284951,-22.579146182000002],[-43.39308568900001,-22.577911406],[-43.387575843,-22.575439477],[-43.386465331,-22.572119548],[-43.390416854,-22.55851275099999],[-43.398623889999996,-22.551296916],[-43.40996920199999,-22.545326144000004],[-43.40972588699999,-22.543936882999997],[-43.40662162499999,-22.542385937999995],[-43.401307375,-22.541971233999995],[-43.401428842,-22.533405488],[-43.39587600299999,-22.531139861],[-43.389130451999996,-22.532298912999995],[-43.384662979,-22.530473605],[-43.38032577,-22.52680102],[-43.37929384,-22.523397182],[-43.374966396,-22.520635194999997],[-43.371212184,-22.52255761],[-43.369794828,-22.525900837],[-43.36738304899999,-22.526831124999998],[-43.360404211,-22.525842516000004],[-43.35627335,-22.522182111999996],[-43.353739716,-22.522936524000002],[-43.345044521999995,-22.520459742000003],[-43.33196589500001,-22.519220556000008],[-43.330132244,-22.516744748999994],[-43.33218418300001,-22.512517685],[-43.328157571999995,-22.510915454],[-43.317162259,-22.497046865000005],[-43.312628838,-22.49534083],[-43.300488982999994,-22.483564698000002],[-43.296711476999995,-22.475752461],[-43.29539544099999,-22.475503644999993]]]}},{"type":"Feature","properties":{"code_muni":"3301801","name_muni":"Engenheiro Paulo de Frontin","abbrev_state":"RJ"},"geometry":{"type":"Polygon","coordinates":[[[-43.57207240399999,-22.461149793],[-43.56182166899999,-22.500059291],[-43.597446223999995,-22.568073651999995],[-43.623640019,-22.539336585],[-43.629768298,-22.540612955999993],[-43.632467135,-22.538841036999994],[-43.63717969900001,-22.541986287000007],[-43.637817917999996,-22.539483012000005],[-43.64148471699999,-22.540538364],[-43.642442121,-22.543303719999994],[-43.65118143299999,-22.544716212000004],[-43.653977977,-22.547518326],[-43.654718214,-22.546082291999998],[-43.66049604399999,-22.548267691000003],[-43.661622694,-22.546817784000005],[-43.664748303,-22.548533445999997],[-43.668171677,-22.547693419],[-43.668600957,-22.548689443999997],[-43.665498305,-22.551889256000003],[-43.66597476,-22.553931315999996],[-43.663962571999996,-22.554836188],[-43.665079212,-22.555784763999995],[-43.664336617,-22.557604029999993],[-43.66729982,-22.559136770999995],[-43.667688698,-22.562230383999992],[-43.672295357,-22.563969355],[-43.67217232,-22.565906169999998],[-43.67477988699999,-22.567283165],[-43.675388227,-22.569521237999997],[-43.670915523,-22.570398658999995],[-43.66878965099999,-22.569094540999995],[-43.66336665099999,-22.571941956999996],[-43.661469029,-22.574033728],[-43.661767131,-22.577252863],[-43.659074768,-22.580406676999996],[-43.659973149,-22.582195803999998],[-43.661821604,-22.58207736],[-43.662516054,-22.584184203999996],[-43.665757262,-22.584818571000003],[-43.66733317399999,-22.586750916],[-43.66883247799999,-22.584735246],[-43.691691643,-22.575789049999997],[-43.689215995,-22.574013369999992],[-43.687514205,-22.569971655],[-43.690028485999996,-22.570250223999988],[-43.69119172399999,-22.566623271],[-43.688359732,-22.564673263999996],[-43.688379775,-22.562400106999995],[-43.682726193,-22.559178158000005],[-43.681482992999996,-22.55706204],[-43.681754642,-22.555366785999993],[-43.685914263,-22.554222487999997],[-43.687299261,-22.551549904999998],[-43.690989035,-22.551588939],[-43.691105027,-22.554141718000004],[-43.695496687,-22.556837727999994],[-43.695249037,-22.558472189999996],[-43.703132408,-22.561853271999997],[-43.704735499,-22.563990161999996],[-43.707727042,-22.564833152999995],[-43.70884143499999,-22.563172365999996],[-43.711898396,-22.563405325999998],[-43.712244928,-22.561030788999997],[-43.709254814999994,-22.556286581000002],[-43.712001486,-22.551135360999996],[-43.711509408,-22.549537467999993],[-43.707555711,-22.546580673999998],[-43.703954667,-22.546253713999995],[-43.70178497199999,-22.542987185999994],[-43.702497741,-22.538662546],[-43.701632847999996,-22.537063957000004],[-43.700164289,-22.537295859999997],[-43.688434798,-22.463045356],[-43.686803401,-22.464149258999996],[-43.686163073,-22.463380421],[-43.68786126900001,-22.458449505999994],[-43.582460235999996,-22.456823572],[-43.57207240399999,-22.461149793]]]}},{"type":"Feature","properties":{"code_muni":"3301850","name_muni":"Guapimirim","abbrev_state":"RJ"},"geometry":{"type":"Polygon","coordinates":[[[-42.930178008,-22.447999081999995],[-42.926501453,-22.450629236000005],[-42.925361016,-22.453897083000005],[-42.919291392,-22.452370630999997],[-42.918188647,-22.451006547999995],[-42.92068145,-22.456106514],[-42.92294848699999,-22.470095201999992],[-42.921402937,-22.476162814],[-42.915560546,-22.481270032000005],[-42.90712284799999,-22.497238493],[-42.902114908,-22.500891849999995],[-42.895630806999996,-22.501455918],[-42.893769211,-22.50415501599999],[-42.891339192,-22.50259728999999],[-42.889449989999996,-22.504858042999995],[-42.888383108,-22.508370690999993],[-42.88936099599999,-22.511085867],[-42.888125517,-22.512157003000006],[-42.891717193999995,-22.515633689000005],[-42.894251251,-22.515685973999997],[-42.895561153,-22.518229576],[-42.89847880599999,-22.518053994999995],[-42.898994487,-22.519138837999996],[-42.89619132,-22.521367754999993],[-42.89639846499999,-22.522741117],[-42.89505254,-22.522498889000005],[-42.89201283700001,-22.525416929000002],[-42.892792424,-22.530647566999995],[-42.891006100999995,-22.534438989000005],[-42.891251796999995,-22.537760816000006],[-42.887227854,-22.541186520999997],[-42.885817734,-22.54802274],[-42.875996199999996,-22.553762091999996],[-42.87481966899999,-22.557020969999996],[-42.87086712199999,-22.559315318],[-42.865551261,-22.567868218999998],[-42.865583496,-22.571624775999993],[-42.883150846999996,-22.582127066000005],[-42.88759340399999,-22.592178268999998],[-42.907132690999994,-22.601193519000002],[-42.910698331,-22.619299017000003],[-42.903182025,-22.625483389999996],[-42.899471825,-22.639339817000003],[-42.905591973,-22.654380102999998],[-42.911720049,-22.655566918],[-42.91199967599999,-22.672344989],[-42.917443500999994,-22.675770249999996],[-42.918278539,-22.680738359],[-42.92169378999999,-22.684763713999995],[-42.934765250999995,-22.692440278],[-42.93597831400001,-22.69433418999999],[-42.933747744,-22.698377702],[-42.939354751,-22.699488232999997],[-42.94576408,-22.710293328],[-42.948598783,-22.712335034],[-42.95541209999999,-22.713451334],[-42.957306896,-22.715440149999992],[-42.959630287,-22.714949257],[-42.95894105099999,-22.718592708999992],[-42.960553786999995,-22.721284103999995],[-42.96276546699999,-22.721369196999998],[-42.962421722,-22.725301685999998],[-42.967337887,-22.721761692999998],[-42.969467568,-22.728680901999997],[-42.974419164,-22.731614128999997],[-42.977995797,-22.726642033],[-42.988160363,-22.728755888000002],[-42.993998809,-22.72744673],[-42.996983605,-22.720462367999996],[-43.001477601999994,-22.716379502000006],[-43.006181845,-22.714588375999995],[-43.014111035999996,-22.718917050000005],[-43.014752218999995,-22.725490858],[-43.025900875,-22.726120640999998],[-43.031278994,-22.718276628],[-43.033692347999995,-22.717866412000003],[-43.035450913,-22.712219824],[-43.034193484,-22.707043759999998],[-43.030074023999994,-22.704801919000005],[-43.037207042,-22.700775371],[-43.032568134,-22.693760504],[-43.039111045999995,-22.691975178999996],[-43.036133761,-22.684322539999997],[-43.037818816999994,-22.683339789],[-43.036341868,-22.681812480999994],[-43.036504746999995,-22.679484545],[-43.03001486899999,-22.672096251999996],[-43.027648353,-22.665821945],[-43.022530911,-22.665290179],[-43.02076836,-22.649850278],[-43.012068607,-22.635096007999998],[-43.00964647,-22.636053572999998],[-43.017866532999996,-22.526308705],[-43.021858531999996,-22.527687443999998],[-43.023753894,-22.522902398],[-43.021705908,-22.516914901],[-43.024174182,-22.514235820999996],[-43.028331814,-22.513711660999995],[-43.026613694999995,-22.506825083000003],[-43.027178231,-22.50043296999999],[-43.035685766,-22.493181033999996],[-43.043069999,-22.490951523],[-43.044671859999994,-22.491589791],[-43.04675327599999,-22.488559243],[-43.052981388999996,-22.487492467999992],[-43.055330704999996,-22.489266053000005],[-43.05634745199999,-22.487457843000005],[-43.061547023,-22.485765862],[-43.062638402999994,-22.483435636999996],[-43.059709245,-22.483734446000007],[-43.05792153499999,-22.481339943],[-43.054851212,-22.481193021999992],[-43.054784262,-22.478327686000004],[-43.058132143,-22.475082988],[-43.05489450999999,-22.470435696000006],[-43.055308626,-22.46776226],[-43.05025164900001,-22.465223675],[-43.047308685,-22.460207638],[-43.04360451699999,-22.459501054000004],[-43.040384059,-22.456426991],[-43.036036816999996,-22.459465061],[-43.03501266799999,-22.462488168999997],[-43.025569679,-22.460313414999995],[-43.024391454,-22.462809980000003],[-43.019377228,-22.463007711],[-43.016491167999995,-22.467101977],[-43.00957400899999,-22.462770342000002],[-42.99982098299999,-22.459674739],[-42.996091916,-22.461674623999993],[-42.984797095,-22.462658553],[-42.98277764,-22.463590987999996],[-42.980690083999995,-22.468092623999997],[-42.978159189,-22.468611235000004],[-42.976687218,-22.47093708],[-42.970586445,-22.471172403999997],[-42.968926,-22.467811719],[-42.96377973,-22.464157269],[-42.955840431999995,-22.465747427999993],[-42.956093395,-22.462340407999996],[-42.95410131399999,-22.459500230000007],[-42.955143759,-22.457740677999997],[-42.945386806,-22.45518803199999],[-42.94295106599999,-22.457319208],[-42.940771349,-22.457170118999997],[-42.935634412,-22.452666424],[-42.93412862299999,-22.449515372000004],[-42.930178008,-22.447999081999995]]]}},{"type":"Feature","properties":{"code_muni":"3301876","name_muni":"Iguaba Grande","abbrev_state":"RJ"},"geometry":{"type":"Polygon","coordinates":[[[-42.201241332,-22.783398949999988],[-42.199296474,-22.782782704],[-42.192725845,-22.789246598],[-42.20032849599999,-22.795196568],[-42.194394262,-22.800199028999998],[-42.19657202,-22.801057196],[-42.19734767799999,-22.803538746999997],[-42.192818921999994,-22.81356997899999],[-42.19242981499999,-22.82157923199999],[-42.176658016,-22.827592454999994],[-42.211668375,-22.877732413999993],[-42.23065421,-22.872805703],[-42.237238778999995,-22.86244504],[-42.249254949,-22.848389890999993],[-42.239493362,-22.840192422999998],[-42.25388559999999,-22.791985203],[-42.20911073399999,-22.785235889],[-42.20708676099999,-22.781839564],[-42.204004833,-22.780210172000004],[-42.201241332,-22.783398949999988]]]}},{"type":"Feature","properties":{"code_muni":"3301900","name_muni":"Itaboraí","abbrev_state":"RJ"},"geometry":{"type":"MultiPolygon","coordinates":[[[[-42.789893764,-22.634552063999994],[-42.74722203699999,-22.686532582999998],[-42.746477618,-22.691788610999996],[-42.749292186,-22.694385861],[-42.745785048,-22.702967603999998],[-42.748395791,-22.70587014199999],[-42.74959935799999,-22.711478563999997],[-42.752415096,-22.71279639],[-42.756156396,-22.717445456000004],[-42.761150609,-22.718285292],[-42.75948657099999,-22.71894933300001],[-42.758071132,-22.723400888],[-42.76254745799999,-22.727112877],[-42.763420942,-22.739303716999995],[-42.795604834,-22.737214697999995],[-42.803243,-22.735505073],[-42.803218161,-22.744145129999996],[-42.800581353999995,-22.744315629],[-42.795370768,-22.749211677999998],[-42.796257727,-22.751714363999994],[-42.800110109,-22.752562486999995],[-42.798722219,-22.755114921],[-42.791790315,-22.751740517],[-42.789047254,-22.756586834000007],[-42.787643246,-22.755937416999995],[-42.788449619,-22.757503107000005],[-42.786852365,-22.759409196000004],[-42.788885868,-22.762622439999998],[-42.787920282,-22.763878441999992],[-42.788660138999994,-22.769254339999996],[-42.791224615999994,-22.771857862],[-42.783306624,-22.775261677999996],[-42.783253266,-22.777874592],[-42.790042869,-22.787454076999996],[-42.796664776,-22.786765120000002],[-42.798969590999995,-22.79033315],[-42.805198798,-22.789914477999996],[-42.801580976,-22.797450742999995],[-42.799107639999995,-22.799669251999994],[-42.79203526999999,-22.800112072000005],[-42.788359439000004,-22.803045237000003],[-42.784139547,-22.804015239999995],[-42.782458743,-22.802773653],[-42.780333815,-22.803259491000002],[-42.77589747500001,-22.800511315],[-42.770808443,-22.80059964999999],[-42.761864604,-22.797976613999996],[-42.76017398599999,-22.798781436999995],[-42.757647031999994,-22.796658157],[-42.752467413999995,-22.798553647000002],[-42.750278438,-22.802392267999995],[-42.741223356,-22.803901992000004],[-42.738921282,-22.806746191999995],[-42.736303150999994,-22.806640883999997],[-42.737751521999996,-22.81258959399999],[-42.741925438,-22.814365072],[-42.746686061,-22.821739696999998],[-42.748629833,-22.822550994000004],[-42.74682969,-22.824228261999988],[-42.74292265,-22.822673072999997],[-42.743437171,-22.827811846999996],[-42.739452920999994,-22.831380001999996],[-42.73673221,-22.831917685999997],[-42.736294548,-22.835730549],[-42.733484912,-22.836655758],[-42.733205707,-22.840430516],[-42.735626051,-22.844768884999997],[-42.74427271599999,-22.847111953999995],[-42.748895972,-22.852088127],[-42.75647841399999,-22.850378257999996],[-42.761083264,-22.846058534000004],[-42.76116575599999,-22.844256751999996],[-42.76729001499999,-22.842669917000006],[-42.781263387,-22.84882461699999],[-42.78671598799999,-22.847728975000003],[-42.794624596999995,-22.849004175999994],[-42.797181894999994,-22.849768366999996],[-42.79746125799999,-22.852120377],[-42.800197529,-22.853714606999997],[-42.811333211000004,-22.856621349999998],[-42.81527094599999,-22.858924714],[-42.81988144299999,-22.859804981999996],[-42.82430199499999,-22.859019823],[-42.829326614,-22.863044551999998],[-42.82985679,-22.868071934999993],[-42.83580489,-22.870615457999996],[-42.84243021,-22.871042240000005],[-42.847119324999994,-22.872789539999996],[-42.85292276399999,-22.87103340599999],[-42.857047748,-22.876950632],[-42.861444092999996,-22.87663098599999],[-42.86403200499999,-22.872204308999997],[-42.86830693499999,-22.87205773499999],[-42.87133073099999,-22.868748893000003],[-42.87407178099999,-22.870388008000003],[-42.878640307,-22.870358007],[-42.881776036999995,-22.868140555999993],[-42.885940849,-22.867675175000002],[-42.906129506999996,-22.816893452999995],[-42.913739917,-22.816874018999993],[-42.91582773599999,-22.819701649999995],[-42.920138174,-22.819707784000002],[-42.93869094699999,-22.802599076],[-42.939049386,-22.800137694],[-42.943221066,-22.794835140999997],[-42.94142109,-22.788483893000002],[-42.94231352599999,-22.780714796999998],[-42.940320056,-22.776671896999996],[-42.944046849,-22.769522810999998],[-42.950202176999994,-22.769393455],[-42.954403991,-22.764256035999995],[-42.96140945599999,-22.760291789999997],[-42.961606904,-22.758810101],[-42.97720848800001,-22.755604258],[-42.987669003,-22.749929752999996],[-42.991155780999996,-22.749623029],[-42.992392374999994,-22.743156884],[-42.99736059399999,-22.741393693],[-42.993061552,-22.737359204],[-42.997084687,-22.734193175],[-43.000801952,-22.734770687999998],[-43.00022243099999,-22.738518502999998],[-43.010282356,-22.736330484],[-43.012358486,-22.74126688199999],[-43.017654402,-22.743714609000005],[-43.022307336999994,-22.739969241999997],[-43.026625805,-22.743091073999995],[-43.029375778,-22.73936021300001],[-43.029161269,-22.726294691999993],[-43.01512868199999,-22.725696900999996],[-43.014111035999996,-22.718917050000005],[-43.006181845,-22.714588375999995],[-42.99858358099999,-22.718833556],[-42.996177456,-22.721598424000003],[-42.994987777999995,-22.726553808],[-42.990998184,-22.728443581999993],[-42.977995797,-22.726642033],[-42.97460823400001,-22.73164533],[-42.969467568,-22.728680901999997],[-42.967337887,-22.721761692999998],[-42.96260263599999,-22.725462102999998],[-42.96276546699999,-22.721369196999998],[-42.960553786999995,-22.721284103999995],[-42.95894105099999,-22.718592708999992],[-42.95982373199999,-22.715110197],[-42.957306896,-22.715440149999992],[-42.95541209999999,-22.713451334],[-42.948598783,-22.712335034],[-42.945996679,-22.710503005999996],[-42.939354751,-22.699488232999997],[-42.933747744,-22.698377702],[-42.93597831400001,-22.69433418999999],[-42.934765250999995,-22.692440278],[-42.92169378999999,-22.684763713999995],[-42.918278539,-22.680738359],[-42.917443500999994,-22.675770249999996],[-42.91199967599999,-22.672344989],[-42.911720049,-22.655566918],[-42.903823286,-22.654927295999993],[-42.888317635,-22.64978577699999],[-42.87954281499999,-22.645406186000002],[-42.858344367,-22.641822100999995],[-42.845186976,-22.636181225999998],[-42.824688945,-22.639086507],[-42.802923619,-22.635552309000005],[-42.797715678,-22.638786433999993],[-42.789893764,-22.634552063999994]]],[[[-43.030836885,-22.747209304],[-43.032734833,-22.742387425],[-43.03072771099999,-22.740388426999996],[-43.027279413,-22.743510348999994],[-43.030836885,-22.747209304]]]]}},{"type":"Feature","properties":{"code_muni":"3302007","name_muni":"Itaguaí","abbrev_state":"RJ"},"geometry":{"type":"MultiPolygon","coordinates":[[[[-43.876115321,-22.959269490000004],[-43.87584238600001,-22.958970631],[-43.875746490999994,-22.959011385],[-43.876115321,-22.959269490000004]]],[[[-43.86396002499999,-22.95571465],[-43.86488254399999,-22.955536134999996],[-43.863702352999994,-22.95547749],[-43.86396002499999,-22.95571465]]],[[[-43.858891213,-22.945470582],[-43.860571508,-22.946945901999996],[-43.860167393999994,-22.949980287999995],[-43.855777588,-22.950452706999997],[-43.85752583099999,-22.951852197999997],[-43.857434477,-22.954760275999995],[-43.863244827,-22.955685937000002],[-43.86081303,-22.954427033000005],[-43.862411967999996,-22.952134114999993],[-43.860864827,-22.950552273999993],[-43.863679372,-22.950476953999996],[-43.863577875999994,-22.947421891999998],[-43.858891213,-22.945470582]]],[[[-43.857482710999996,-22.945241761],[-43.85851473999999,-22.946193836999992],[-43.85901138,-22.946222381],[-43.857482710999996,-22.945241761]]],[[[-43.864156499,-22.945136120999997],[-43.86503213,-22.945926288999996],[-43.866550541,-22.945620498999997],[-43.865950078999994,-22.944443191000005],[-43.864156499,-22.945136120999997]]],[[[-43.85488349,-22.941910133],[-43.854127505,-22.941269925],[-43.85393693999999,-22.941168892000004],[-43.85405522199999,-22.941661532999994],[-43.85488349,-22.941910133]]],[[[-43.87180586099999,-22.924421624],[-43.868207301,-22.925490903],[-43.868926975,-22.93007606299999],[-43.871394323,-22.930947294999996],[-43.878117086,-22.939955701000002],[-43.877607859,-22.941740356],[-43.875239943,-22.942599392999988],[-43.877265992,-22.943547759],[-43.87695932999999,-22.946236994999996],[-43.875908534,-22.946916334],[-43.87372186599999,-22.945689135000002],[-43.872608471,-22.946648011999997],[-43.873207437,-22.948091998999992],[-43.87999417599999,-22.950706033999996],[-43.87997972099999,-22.949186317000002],[-43.882223755999995,-22.948741427999998],[-43.882460189999996,-22.924842886999997],[-43.87740811999999,-22.925817567999996],[-43.87180586099999,-22.924421624]]],[[[-43.86502832499999,-22.924584122000002],[-43.863513657,-22.925346463999997],[-43.866177895,-22.925475531],[-43.86502832499999,-22.924584122000002]]],[[[-43.87578975899999,-22.92367446500001],[-43.87674234799999,-22.924216661],[-43.876210832,-22.923394915],[-43.87578975899999,-22.92367446500001]]],[[[-43.87694437399999,-22.922717299999995],[-43.876648643,-22.922802659],[-43.87684222299999,-22.92294067],[-43.87694437399999,-22.922717299999995]]],[[[-43.84137917099999,-22.907575943000005],[-43.84117972899999,-22.907513094000002],[-43.84121121999999,-22.907633957],[-43.84137917099999,-22.907575943000005]]],[[[-43.841300444999995,-22.907401899],[-43.841101002,-22.907368057],[-43.841195475,-22.907469583],[-43.841300444999995,-22.907401899]]],[[[-43.842612562999996,-22.906449489],[-43.84242886599999,-22.906444653999994],[-43.84256007799999,-22.906551015],[-43.842612562999996,-22.906449489]]],[[[-43.841608628,-22.906467618],[-43.84198881399999,-22.906135843999998],[-43.841548598,-22.906071332999996],[-43.841608628,-22.906467618]]],[[[-43.835183958,-23.115039109000005],[-43.836232377,-23.116470029],[-43.836626854,-23.116340184],[-43.835183958,-23.115039109000005]]],[[[-43.66779709,-23.053058914999998],[-43.721147372,-23.056688437],[-43.79299353799999,-23.063938762999996],[-43.793140978,-23.061456333],[-43.753994102,-23.059757007],[-43.706992033999995,-23.053083295000004],[-43.666638273,-23.042572679999996],[-43.66779709,-23.053058914999998]]],[[[-43.809312522999996,-22.922765702999996],[-43.812979942999995,-22.926034728],[-43.813055126,-22.924318281],[-43.809312522999996,-22.922765702999996]]],[[[-43.81418600999999,-22.921062684000002],[-43.811521985,-22.918842333],[-43.81064215499999,-22.919470479000008],[-43.81418600999999,-22.921062684000002]]],[[[-43.841022275,-22.907343885],[-43.840912057,-22.907077984],[-43.840576154999994,-22.907300373999995],[-43.841022275,-22.907343885]]],[[[-43.840308482,-22.90625126999999],[-43.840056556,-22.906130405999992],[-43.840292737,-22.906401143000004],[-43.840308482,-22.90625126999999]]],[[[-43.840497427,-22.906584857],[-43.840607645999995,-22.905912848],[-43.840135282999995,-22.905627606999996],[-43.840497427,-22.906584857]]],[[[-43.83944248499999,-22.905990202],[-43.839169564,-22.906009540999996],[-43.839363757,-22.906057885999992],[-43.83944248499999,-22.905990202]]],[[[-43.840004070999996,-22.905816156999993],[-43.839851865,-22.905535749000002],[-43.83986236199999,-22.90568078699999],[-43.839657672,-22.905970862999993],[-43.840004070999996,-22.905816156999993]]],[[[-43.83956319899999,-22.905912848],[-43.839531707999996,-22.905526078999994],[-43.83931652099999,-22.905762975],[-43.83956319899999,-22.905912848]]],[[[-43.83879692200001,-22.905801651999997],[-43.838707698,-22.905627606999996],[-43.83863946799999,-22.905845164],[-43.83879692200001,-22.905801651999997]]],[[[-43.838681456,-22.905569591000003],[-43.838628971,-22.90541971799999],[-43.838560741,-22.905564756999997],[-43.838681456,-22.905569591000003]]],[[[-43.778507441,-22.694426489999998],[-43.772018242,-22.692995504999995],[-43.763796999,-22.699484734000002],[-43.75871986700001,-22.701017898999996],[-43.751295944999995,-22.700166312999997],[-43.739830724,-22.705490035999997],[-43.737528981,-22.707728525999997],[-43.738832233,-22.71107671199999],[-43.74143955,-22.71165128599999],[-43.74346696400001,-22.714111955999996],[-43.742053934999994,-22.715743025000002],[-43.744385574,-22.718190251999996],[-43.74565711499999,-22.723613328999996],[-43.748555579999994,-22.724957193],[-43.75271721,-22.731001984999995],[-43.755624583999996,-22.729248464999998],[-43.761431258,-22.72975171199999],[-43.763113206999996,-22.728690626999995],[-43.765753451,-22.730137975999998],[-43.765896422999994,-22.733939315000004],[-43.76732374099999,-22.734283527],[-43.772207744,-22.742871729000004],[-43.772378599,-22.743855131000007],[-43.768517925,-22.744398597],[-43.773124949,-22.749856814],[-43.77370900499999,-22.754334104999998],[-43.77012173599999,-22.753343179],[-43.76636981199999,-22.754756826000005],[-43.76616075399999,-22.757011248],[-43.769942748,-22.756985340999996],[-43.77332048299999,-22.758713778999997],[-43.774947699,-22.762171302000002],[-43.772764405,-22.766024857],[-43.773322611,-22.769131156],[-43.779723474,-22.770062878000005],[-43.782027105,-22.768979871999996],[-43.788833449,-22.771867589],[-43.791240627,-22.777990112],[-43.788642967,-22.780247174],[-43.790322483,-22.78631302899999],[-43.793510692,-22.791051584999998],[-43.788192245,-22.796649674000005],[-43.784950255999995,-22.797030577],[-43.783485974,-22.801840413],[-43.773966126,-22.809257299999995],[-43.77153184699999,-22.809278387999996],[-43.76785752000001,-22.812418559],[-43.764063921,-22.811308339],[-43.754932329999995,-22.814592641999994],[-43.75480056799999,-22.818771146999996],[-43.673480495,-22.864046178],[-43.67698317799999,-22.865506168999996],[-43.681053394,-22.862677397999995],[-43.68972086899999,-22.865241175999998],[-43.697228177999996,-22.864713294999998],[-43.706524137,-22.868613199],[-43.711530135,-22.866775348],[-43.717600763,-22.872487205],[-43.726890306,-22.873039084999995],[-43.73434520799999,-22.878325353999994],[-43.741266253,-22.877128515000003],[-43.748227114,-22.877933194],[-43.752197855,-22.880583994999988],[-43.750715072,-22.887756534999994],[-43.751619126,-22.888735837000002],[-43.76672712599999,-22.895267782999994],[-43.773047478,-22.892502191000002],[-43.774599443999996,-22.892720076000003],[-43.775155899,-22.895801348],[-43.778275067,-22.896182138999997],[-43.780211268,-22.894701828999995],[-43.781679548,-22.899295459],[-43.784320949999994,-22.900085405999995],[-43.784687401,-22.903976682],[-43.788347871,-22.900608065999997],[-43.789820516,-22.903560335999995],[-43.794807504,-22.903531402000002],[-43.795355625,-22.906730864999997],[-43.792249608,-22.908312747000004],[-43.790747065,-22.914329251],[-43.796025751,-22.917075334],[-43.800867763,-22.916736599],[-43.801436632999994,-22.924511631999994],[-43.80762227099999,-22.923409766999995],[-43.806666449,-22.918765896000004],[-43.810222447,-22.917569003999997],[-43.81728257999999,-22.920670252999997],[-43.83203528,-22.931190593],[-43.842282265,-22.932167242],[-43.84314195599999,-22.92978625],[-43.84571013499999,-22.929526630999998],[-43.849357419,-22.931633559],[-43.850431242,-22.929927447999997],[-43.84823910499999,-22.928726283],[-43.84921927199999,-22.926391645999992],[-43.853037326999996,-22.927013605],[-43.851168919,-22.92524483800001],[-43.852212944,-22.924497895000002],[-43.85046910199999,-22.920506096999993],[-43.854347133,-22.918756297],[-43.850307887999996,-22.916823636999993],[-43.845676000999994,-22.91716643099999],[-43.839026022999995,-22.911771912000006],[-43.839520603000004,-22.909912294],[-43.83821253699999,-22.909340264999997],[-43.841132527,-22.907559566000003],[-43.840279576,-22.907388401999995],[-43.839861053,-22.90612611999999],[-43.83821541399999,-22.906445218],[-43.83737754,-22.903953787999995],[-43.844579802,-22.901687954999993],[-43.8511727,-22.904343929999996],[-43.852072847,-22.902749758],[-43.856766005,-22.901869496000003],[-43.866298773,-22.903529518999996],[-43.86715409,-22.90516707599999],[-43.870941036,-22.905323926999998],[-43.877348784,-22.90944798199999],[-43.880459183,-22.912243887999995],[-43.880642081,-22.915776674],[-43.885644606999996,-22.885586953999994],[-43.88732244999999,-22.884129354],[-43.893022315,-22.881809213000004],[-43.905840155,-22.886188391],[-43.913256268,-22.884540144999995],[-43.922471417,-22.890434015],[-43.92109602399999,-22.893118035000004],[-43.921969960999995,-22.894138513999998],[-43.927928623999996,-22.894469119],[-43.934893601999995,-22.892759409],[-43.937536582,-22.890340241],[-43.939562077999994,-22.878702674000003],[-43.934183418,-22.877414358],[-43.933771961,-22.87487183799999],[-43.92972491199999,-22.874009005],[-43.926396472,-22.869675571999995],[-43.925159779999994,-22.863454376000007],[-43.917998137000005,-22.857031118000002],[-43.917039416,-22.852631387999995],[-43.912454675,-22.849787724999995],[-43.912772475,-22.848075242],[-43.910190672,-22.844748738000003],[-43.910895734,-22.84053422199999],[-43.913353837,-22.837089142],[-43.908255037,-22.831576734000002],[-43.903791289999994,-22.830081157000002],[-43.898478217,-22.833177142],[-43.894450966,-22.830993374],[-43.88849890499999,-22.824097315999992],[-43.889001505,-22.822108450999995],[-43.879046468,-22.816059355],[-43.87858243299999,-22.813161575999995],[-43.88008484699999,-22.811473552000002],[-43.877709613,-22.810125496],[-43.872596295,-22.809153813000005],[-43.869868615,-22.806958085999998],[-43.86220572399999,-22.805798155],[-43.85864818999999,-22.802794232],[-43.849446955000005,-22.801873663000002],[-43.84242506,-22.798530614],[-43.838100939,-22.798018549],[-43.837759948,-22.795862212000007],[-43.832478856,-22.793194605],[-43.83015445499999,-22.787900668999995],[-43.822374206999996,-22.782235143999994],[-43.819584927,-22.778105274000005],[-43.820142431,-22.777118138000002],[-43.812451102,-22.771782443999996],[-43.814431739,-22.769896719999995],[-43.819678208,-22.769449179],[-43.82218117499999,-22.766393295999997],[-43.82998673299999,-22.767366032000005],[-43.831816801,-22.763133958999997],[-43.83526855699999,-22.763511631000004],[-43.83508514199999,-22.761066080000006],[-43.83868881,-22.758331868],[-43.839834975,-22.755905328],[-43.835522223,-22.751930583999997],[-43.83594085599999,-22.74533314],[-43.831647111,-22.74043152699999],[-43.83362195,-22.735671806999996],[-43.830649412999996,-22.731653109000003],[-43.83277200599999,-22.731150302],[-43.832545026999995,-22.729689134999994],[-43.81780343199999,-22.717603103],[-43.81254678599999,-22.710538951000004],[-43.80779902199999,-22.710554099999996],[-43.79123504199999,-22.695693793],[-43.784152697,-22.692357023],[-43.778507441,-22.694426489999998]]]]}},{"type":"Feature","properties":{"code_muni":"3302056","name_muni":"Italva","abbrev_state":"RJ"},"geometry":{"type":"Polygon","coordinates":[[[-41.585071536,-21.31738290599999],[-41.55105479499999,-21.429049627999998],[-41.56587284199999,-21.44347074999999],[-41.569565685,-21.445822431999996],[-41.574665083,-21.446836398999995],[-41.57453898000001,-21.449622824999995],[-41.579528369,-21.455748907999997],[-41.579349744,-21.459146844],[-41.593325375,-21.468798907],[-41.599604777,-21.476807384],[-41.60027664199999,-21.481578168999995],[-41.618872315999994,-21.472042765999998],[-41.657021015999995,-21.479144136999995],[-41.626952386,-21.595716480999993],[-41.67947124599999,-21.516261683999993],[-41.742727276,-21.464314036000005],[-41.709961168,-21.456305421999996],[-41.781183481999996,-21.400499461000003],[-41.778168977,-21.398674109999998],[-41.77888699,-21.400386524999995],[-41.77670745500001,-21.401578149999995],[-41.776916017999994,-21.40055667],[-41.77544495699999,-21.401014097999994],[-41.775822555999994,-21.399843879],[-41.773320089,-21.398371789000002],[-41.769114666,-21.399019300000003],[-41.766852419,-21.395325749],[-41.76435480399999,-21.393736656000005],[-41.762423383,-21.394209653],[-41.762550008999995,-21.391331365999996],[-41.760737788,-21.389925419999994],[-41.756539301,-21.387500464],[-41.754432836999996,-21.388090669999997],[-41.754618098,-21.386723793999995],[-41.750731958,-21.383778424000003],[-41.74841882799999,-21.384587824],[-41.744042113,-21.381470366999995],[-41.737414922,-21.379467061999996],[-41.735066663,-21.374372345999994],[-41.732604084,-21.373793483],[-41.732401669999994,-21.372063037],[-41.722299385999996,-21.368642162000008],[-41.721337778,-21.367175149],[-41.712600869,-21.371815773999995],[-41.7081632,-21.370799507999998],[-41.70367327,-21.373455501000006],[-41.703145881999994,-21.36761354600001],[-41.700205405,-21.364868374],[-41.701191625,-21.363720579],[-41.699824320999994,-21.361796986999998],[-41.69700849499999,-21.360031297],[-41.693038004,-21.360366445999997],[-41.69271916,-21.357612399999997],[-41.690655306,-21.355504802],[-41.674114713,-21.346569797],[-41.667971871999995,-21.345807624],[-41.66461730899999,-21.349526175999998],[-41.65028286199999,-21.358196921999998],[-41.64724256899999,-21.356823139000003],[-41.650461015,-21.352648394999992],[-41.648021636,-21.346545078999995],[-41.642563255999995,-21.351064028999993],[-41.637303194,-21.352708555000003],[-41.633965825,-21.350575674999995],[-41.629252091,-21.356041159000004],[-41.625233153,-21.355750853999997],[-41.621365319999995,-21.357872794999995],[-41.622392950999995,-21.355073238],[-41.619531476999995,-21.349871517000004],[-41.619958877,-21.346071942000002],[-41.62353121899999,-21.341067390999996],[-41.618687448,-21.33930896599999],[-41.617043048,-21.34008262],[-41.615656810999994,-21.33640447799999],[-41.610563112,-21.335753785],[-41.609929939,-21.331873255000005],[-41.606773143999995,-21.330028719000005],[-41.603141601,-21.330503223999997],[-41.602541986,-21.329353039],[-41.58902770699999,-21.326099642000003],[-41.585071536,-21.31738290599999]]]}},{"type":"Feature","properties":{"code_muni":"3302106","name_muni":"Itaocara","abbrev_state":"RJ"},"geometry":{"type":"Polygon","coordinates":[[[-41.93673805699999,-21.59675294099999],[-41.93710062899999,-21.741220121],[-41.93982340299999,-21.741409705999995],[-41.93979574000001,-21.738997503000004],[-41.942233900999994,-21.739466841999995],[-41.946089603,-21.735809341000003],[-41.948628624,-21.73046009],[-41.952973466,-21.728497151999992],[-41.955186082999994,-21.729315495],[-41.955291344,-21.731315872],[-41.96137698,-21.731087025999997],[-41.963367487999996,-21.733690151999998],[-41.965332364999995,-21.732288681],[-41.967883201,-21.733374447999992],[-41.968910081,-21.732160262000004],[-41.971099083,-21.734271229999994],[-41.97616103599999,-21.734267627],[-41.975372498,-21.737880638999997],[-41.977493179999996,-21.739485296],[-41.98078389999999,-21.738392112999996],[-41.97986533699999,-21.736888514999993],[-41.981411617,-21.733242615],[-41.984988638999994,-21.732885681999996],[-41.987652904,-21.736282324999998],[-41.991811958999996,-21.736803865000002],[-41.99201945499999,-21.739106490000008],[-41.99571643699999,-21.737514484999995],[-41.999779371,-21.739066410999996],[-41.999549001999995,-21.740863294999997],[-42.001410409,-21.739776819999996],[-42.000115714,-21.742391588],[-42.002391924,-21.741203989],[-42.00245628399999,-21.742657180999995],[-42.00434024199999,-21.74258875],[-42.004695663,-21.746915233000003],[-42.008612496,-21.744845043999998],[-42.011606515,-21.744879938000004],[-42.011081689,-21.746026090999997],[-42.012897388,-21.747104908999994],[-42.012081838,-21.748262787999998],[-42.013785095,-21.750514466999995],[-42.01864405,-21.750600665],[-42.020264778999994,-21.752626889999995],[-42.021404614,-21.751902771999998],[-42.02146883099999,-21.754837479999996],[-42.022754936999995,-21.755629244],[-42.020416071999996,-21.757752693],[-42.021924422999994,-21.758345247000005],[-42.01977660399999,-21.760235629999997],[-42.01966890900001,-21.762784723999996],[-42.013616558,-21.765652008999997],[-42.01365048000001,-21.77215638299999],[-42.020907662,-21.770238958999997],[-42.022043567999994,-21.768241329],[-42.024229926,-21.768276188],[-42.024811416999995,-21.766198284],[-42.025167005,-21.767224977],[-42.02754444499999,-21.766771285],[-42.02700891,-21.768401195],[-42.028998873,-21.768789784999996],[-42.028428364,-21.76640791799999],[-42.030911184,-21.767651555000004],[-42.031478482999994,-21.765874920999998],[-42.040055553,-21.772917748],[-42.039998513,-21.77529212],[-42.037947786,-21.775826526],[-42.043184589,-21.779203896999995],[-42.042438795,-21.780783795999998],[-42.04370044400001,-21.780567222],[-42.044086539999995,-21.782499528999995],[-42.042552242999996,-21.783953699999994],[-42.04489606399999,-21.783931712],[-42.047525193999995,-21.778644216999997],[-42.049215196999995,-21.77950254],[-42.051058281,-21.778593346000008],[-42.051289748,-21.780150835],[-42.05388821799999,-21.779760329999995],[-42.055659441,-21.781808684999998],[-42.055775149,-21.785786816],[-42.060909334,-21.789446591],[-42.060388915999994,-21.791662850999998],[-42.06323491999999,-21.790545321],[-42.06190891199999,-21.79205723],[-42.061475981,-21.799106203],[-42.05838734499999,-21.799929217],[-42.05831537499999,-21.80104369],[-42.063029688,-21.802144484999996],[-42.063342821999996,-21.800780183],[-42.065570754,-21.801415238000004],[-42.066522934,-21.798969775999996],[-42.068477253,-21.800659301999996],[-42.069852988,-21.799390351],[-42.068541169999996,-21.797630709000003],[-42.071486733,-21.796529197],[-42.07639465,-21.801176763],[-42.085453374000004,-21.801444562000004],[-42.087527615999996,-21.803811907999997],[-42.08937949599999,-21.801371699999997],[-42.090684288,-21.80442292],[-42.087825402,-21.805483720999987],[-42.087713659,-21.80680598],[-42.089481084,-21.807393604],[-42.09020563399999,-21.809837383999994],[-42.09202147799999,-21.809655641999996],[-42.09218925099999,-21.813299328],[-42.096325199999995,-21.81389232],[-42.099601424,-21.811016737999996],[-42.098571253,-21.809435884999996],[-42.102008131999995,-21.810370302],[-42.10309913199999,-21.809479516999993],[-42.104953603,-21.811943951999996],[-42.103314083,-21.814002525999996],[-42.107419131,-21.814360930999992],[-42.106733147,-21.817423785000006],[-42.108998422,-21.820229635999997],[-42.111515339,-21.820613126],[-42.11078286899999,-21.822576296000005],[-42.11323541699999,-21.824010729000005],[-42.11326999799999,-21.825459699999996],[-42.11799455,-21.82455583699999],[-42.117669879999994,-21.826779579000004],[-42.118925135,-21.827236996999993],[-42.12017413700001,-21.822546805000005],[-42.125414724,-21.823915962],[-42.125012313999996,-21.825598674],[-42.126965757,-21.826234549999995],[-42.126949661999994,-21.829865872],[-42.123044310999994,-21.829845054999996],[-42.120689801,-21.836375975999996],[-42.118283571,-21.835874022999995],[-42.11844050399999,-21.837267252],[-42.116329451999995,-21.837142967000002],[-42.11844280099999,-21.838016569],[-42.117322979,-21.839132782],[-42.11907265499999,-21.841939458000006],[-42.117039584000004,-21.846462457000005],[-42.120258917,-21.847811091],[-42.120468396,-21.850359532],[-42.122866134999995,-21.849918507],[-42.123602646,-21.845521323999996],[-42.125222725,-21.846261417999997],[-42.125932746,-21.844474449],[-42.128432551,-21.844039903000002],[-42.12805524099999,-21.842517460999996],[-42.132330980999996,-21.844332583000003],[-42.133520069,-21.841701181999998],[-42.132527035,-21.839445131],[-42.135130674,-21.839141239],[-42.137271857,-21.836734019999994],[-42.138676986,-21.839744328999988],[-42.141609846,-21.839860050999995],[-42.14228894299999,-21.842895705],[-42.14344075099999,-21.841549938],[-42.145862089,-21.842026066999995],[-42.142829253,-21.84552214599999],[-42.14430264,-21.847812051999995],[-42.141556826,-21.849706037999997],[-42.14218244599999,-21.851258799000004],[-42.14063621099999,-21.850771285999993],[-42.140205187,-21.852233664999996],[-42.13915991599999,-21.851451281999996],[-42.137889040999994,-21.852661849999997],[-42.139367744,-21.854042223],[-42.13874944399999,-21.855487126999993],[-42.1406387,-21.855456083999993],[-42.140289142,-21.856468199999995],[-42.142655376,-21.857648340999997],[-42.14221924999999,-21.858717739],[-42.143873623,-21.858883980999998],[-42.145016453,-21.856084639],[-42.14633074399999,-21.860671603999993],[-42.149068345,-21.859201836999993],[-42.149066341,-21.860378244999993],[-42.150506903,-21.86100980199999],[-42.150155646,-21.859964008999995],[-42.15220795599999,-21.858993143999992],[-42.154549134,-21.860575793000006],[-42.159170753999994,-21.860352373000005],[-42.158089294,-21.858832203999995],[-42.160524164,-21.858821870999996],[-42.161649653999994,-21.86052968],[-42.16148516999999,-21.859165069000003],[-42.162167592,-21.860206724999998],[-42.162893004,-21.858887626999998],[-42.16638587799999,-21.859487584],[-42.206901128999995,-21.783774994],[-42.237080088,-21.697209474999998],[-42.229151598,-21.695629485999998],[-42.226904520000005,-21.696432040000005],[-42.215821667,-21.689773513999995],[-42.207144257,-21.690130861],[-42.19920149099999,-21.68527386199999],[-42.194202999000005,-21.683763581999994],[-42.190830088,-21.684640289],[-42.185607544,-21.681203366],[-42.179062338,-21.682717218999997],[-42.178311909,-21.686389213000005],[-42.175134637,-21.687879896],[-42.169044662,-21.687149268999995],[-42.16547511600001,-21.690930780000002],[-42.157896670999996,-21.69262751199999],[-42.15060540799999,-21.691578973],[-42.137953096,-21.704788175999997],[-42.131968795,-21.704288856999998],[-42.118170559,-21.697577732999996],[-42.11646594,-21.694495095],[-42.116612534,-21.689736447],[-42.107923943,-21.681238087999994],[-42.097370203,-21.67540665],[-42.09378802799999,-21.670818621000002],[-42.088194236999996,-21.668412362999998],[-42.083312198,-21.663968782999998],[-42.068773002,-21.65530980300001],[-42.066888623,-21.653301906000006],[-42.07085855,-21.651338253999995],[-42.063467255999996,-21.645630836],[-42.062625818,-21.640901049000004],[-42.05645447799999,-21.63657509900001],[-42.051628604,-21.636055307999992],[-42.045391556,-21.632851543999998],[-42.04057667099999,-21.634143165],[-42.039035464,-21.631901181],[-42.022059383999995,-21.628555812],[-42.01739006799999,-21.630796995],[-42.015274648,-21.637418491],[-42.009325895,-21.639905843999994],[-41.997440879,-21.635242048999995],[-41.98188944099999,-21.626791127000008],[-41.97281719299999,-21.618733997000007],[-41.961320576999995,-21.613373583999994],[-41.95562016,-21.608423316000007],[-41.93673805699999,-21.59675294099999]]]}},{"type":"Feature","properties":{"code_muni":"3302205","name_muni":"Itaperuna","abbrev_state":"RJ"},"geometry":{"type":"Polygon","coordinates":[[[-42.076754984,-21.033562044],[-42.067287047,-21.033254326999998],[-42.06374778799999,-21.036194040999998],[-42.058266044,-21.036690306999997],[-42.056181707,-21.035586875999993],[-42.05359266499999,-21.038860276999994],[-42.04735676199999,-21.038218691999997],[-42.046355806,-21.039899928000004],[-42.048052213999995,-21.043192307000005],[-42.045940978,-21.045559391000005],[-42.047291789,-21.047760148],[-42.042760406000006,-21.056579082],[-42.04293727299999,-21.062238712000003],[-42.038149109,-21.067073322999995],[-42.037989591000006,-21.069282701999995],[-42.040107871,-21.072050460999993],[-42.03975366899999,-21.075039565999997],[-42.03508898,-21.075637688000004],[-42.027857394,-21.072986628],[-42.022782459999995,-21.073085438999996],[-42.020899154,-21.078803481999998],[-42.016203643999994,-21.081836098999997],[-42.019036834999994,-21.083073417999994],[-42.023923307,-21.09370485499999],[-42.02398052699999,-21.101199963000003],[-42.029255847,-21.102783681000002],[-42.03605695400001,-21.113048826999993],[-42.033087593999994,-21.11963558600001],[-42.033056453,-21.124762481000005],[-42.02836173199999,-21.129780478],[-42.027143828,-21.133849748000003],[-42.023128467999996,-21.136467786000008],[-42.01541822699999,-21.133176733999992],[-42.016090987999995,-21.126389291999995],[-42.00991281,-21.122400336],[-42.00703860499999,-21.122355819],[-42.003040115,-21.125314378000002],[-41.996721771999994,-21.12563745699999],[-41.991008236,-21.122994529],[-41.978153051,-21.121060555999996],[-41.974868365,-21.130280779],[-41.97714357499999,-21.132621787],[-41.97664564699999,-21.133715091999996],[-41.964574632,-21.134327914999993],[-41.962706389,-21.138338785999995],[-41.956600262,-21.141617589999996],[-41.956379816,-21.144801756999993],[-41.949839495,-21.146979388],[-41.943610627,-21.151949687],[-41.937493497,-21.152886527000003],[-41.92978368299999,-21.156247255],[-41.93020381600001,-21.154114954],[-41.924756371,-21.151431364999997],[-41.92603694200001,-21.146765969999997],[-41.921182429,-21.13938699],[-41.920979331,-21.136960610000003],[-41.915505481,-21.137805653999997],[-41.913351417,-21.136632273],[-41.919204868,-21.130708105999997],[-41.916856864,-21.129954008],[-41.91522947199999,-21.132189541000002],[-41.909322304,-21.135104053999996],[-41.907497174,-21.13402363300001],[-41.90461273499999,-21.137443019999996],[-41.899667924,-21.135518989999998],[-41.896656615,-21.125986342999997],[-41.897656981,-21.12010563000001],[-41.89429666699999,-21.117032327],[-41.89064660599999,-21.115686410999995],[-41.885113073999996,-21.117767253000004],[-41.881964617,-21.116203553000005],[-41.877357417,-21.116208975],[-41.872886169,-21.106431232],[-41.873472152999994,-21.103716367999997],[-41.871617615999995,-21.10177139],[-41.862856272,-21.099763876999997],[-41.860322380999996,-21.095458617999995],[-41.856610341999996,-21.095152427],[-41.853181248999995,-21.091712428999998],[-41.84687283499999,-21.09087238],[-41.84246900600001,-21.086376065],[-41.842331186,-21.083521507999993],[-41.83914094099999,-21.081621062999993],[-41.830996021000004,-21.088007756999996],[-41.82960473299999,-21.094237234999994],[-41.825120366,-21.100838527000004],[-41.816110976999994,-21.103865639],[-41.817932619,-21.108501530000005],[-41.823473496,-21.110828942999994],[-41.825064237,-21.116540901],[-41.829153689,-21.118267692999996],[-41.829863659,-21.121899443],[-41.820348531,-21.122300681999995],[-41.81864263,-21.124387408],[-41.805914279,-21.117651460999998],[-41.798806732,-21.121268239999992],[-41.797846452,-21.122830194000002],[-41.79922996799999,-21.124296229999988],[-41.799669466,-21.132709872999992],[-41.803516852,-21.136852032000004],[-41.802435281,-21.140701935999996],[-41.804244313,-21.142782091999997],[-41.80223212999999,-21.144127832999995],[-41.794876608,-21.144147549999992],[-41.786857053999995,-21.148614140000003],[-41.780198658,-21.147730169999996],[-41.777955270999996,-21.149155334],[-41.77505368999999,-21.147837822999996],[-41.76705110099999,-21.150574035999995],[-41.763601693999995,-21.154855778999995],[-41.76691980299999,-21.161660101],[-41.76644816099999,-21.163811993],[-41.76468681,-21.164710899],[-41.76629009199999,-21.167771715],[-41.76384976,-21.17068666899999],[-41.763935671999995,-21.176207993000002],[-41.76095356599999,-21.177304143000008],[-41.756032809,-21.176591276000003],[-41.75398363699999,-21.173727161999995],[-41.749728741999995,-21.172316555999995],[-41.748758749,-21.170225302000002],[-41.746282419,-21.169383698],[-41.731488808,-21.168101903],[-41.726147339,-21.170715735999995],[-41.726358809,-21.173455958],[-41.728346107,-21.175065742],[-41.725794346,-21.178312496000004],[-41.727432832,-21.180560791999998],[-41.726296212,-21.182001252000006],[-41.719912766,-21.182972160999995],[-41.721548743999996,-21.188092170999997],[-41.717297354,-21.196139739],[-41.718663401,-21.204254692999996],[-41.722740793999996,-21.211427190999995],[-41.725120591999996,-21.212626678999996],[-41.727667829,-21.221183595000003],[-41.722470874,-21.222027007999998],[-41.720287273000004,-21.224538590000005],[-41.714594373,-21.220310974],[-41.711859159,-21.221189935999995],[-41.70559673499999,-21.219725948],[-41.705607494,-21.22204938],[-41.703640606,-21.222197940999994],[-41.703517766999994,-21.225042094],[-41.701193615,-21.225748756],[-41.70074199199999,-21.231222031],[-41.698785386,-21.23262945999999],[-41.699137909,-21.238009829],[-41.694800234,-21.239462465999996],[-41.693951285999994,-21.243014011999996],[-41.691331725,-21.242703695],[-41.68822157999999,-21.245458828],[-41.682123520999994,-21.257175660999998],[-41.673600621,-21.249917376999992],[-41.65533693199999,-21.243799482],[-41.646216155,-21.247184938999997],[-41.641961053,-21.244969262],[-41.639821293999994,-21.24528275799999],[-41.63914504499999,-21.246901949],[-41.636485387,-21.247834925999992],[-41.63569136,-21.251395633],[-41.630275496,-21.253494248],[-41.629570339999994,-21.255250662000005],[-41.630816117,-21.257020275],[-41.634762631,-21.257969162000002],[-41.6379292,-21.261120124999998],[-41.631087773999994,-21.264019465999993],[-41.62612073599999,-21.263677365],[-41.624203462,-21.26483944],[-41.619908639,-21.268870761999995],[-41.61944304399999,-21.276259945999993],[-41.615338136,-21.275315232999997],[-41.612740086,-21.277269358999998],[-41.608548643,-21.277475007999996],[-41.606674506999994,-21.280828215999996],[-41.609291728,-21.284065817000002],[-41.605515766,-21.288622254],[-41.60574600699999,-21.292446299],[-41.60088360799999,-21.294515620999995],[-41.601360082,-21.296974815],[-41.59576501899999,-21.298368417999995],[-41.59252553,-21.302379992999995],[-41.58813236099999,-21.303409554999998],[-41.590901676,-21.31060606],[-41.585071536,-21.31738290599999],[-41.58902770699999,-21.326099642000003],[-41.602541986,-21.329353039],[-41.603141601,-21.330503223999997],[-41.606773143999995,-21.330028719000005],[-41.609929939,-21.331873255000005],[-41.610563112,-21.335753785],[-41.615656810999994,-21.33640447799999],[-41.617043048,-21.34008262],[-41.618687448,-21.33930896599999],[-41.62353121899999,-21.341067390999996],[-41.619958877,-21.346071942000002],[-41.619531476999995,-21.349871517000004],[-41.622392950999995,-21.355073238],[-41.621365319999995,-21.357872794999995],[-41.625233153,-21.355750853999997],[-41.629252091,-21.356041159000004],[-41.633965825,-21.350575674999995],[-41.637303194,-21.352708555000003],[-41.642563255999995,-21.351064028999993],[-41.648021636,-21.346545078999995],[-41.650461015,-21.352648394999992],[-41.64724256899999,-21.356823139000003],[-41.65028286199999,-21.358196921999998],[-41.66461730899999,-21.349526175999998],[-41.667971871999995,-21.345807624],[-41.674114713,-21.346569797],[-41.690655306,-21.355504802],[-41.69271916,-21.357612399999997],[-41.693038004,-21.360366445999997],[-41.69700849499999,-21.360031297],[-41.699824320999994,-21.361796986999998],[-41.701191625,-21.363720579],[-41.700205405,-21.364868374],[-41.703145881999994,-21.36761354600001],[-41.70367327,-21.373455501000006],[-41.7081632,-21.370799507999998],[-41.712600869,-21.371815773999995],[-41.721337778,-21.367175149],[-41.722299385999996,-21.368642162000008],[-41.732401669999994,-21.372063037],[-41.732604084,-21.373793483],[-41.735066663,-21.374372345999994],[-41.737414922,-21.379467061999996],[-41.744042113,-21.381470366999995],[-41.74841882799999,-21.384587824],[-41.750731958,-21.383778424000003],[-41.754618098,-21.386723793999995],[-41.754432836999996,-21.388090669999997],[-41.75668023299999,-21.387552196],[-41.762550008999995,-21.391331365999996],[-41.76234334899999,-21.394115514999992],[-41.76435480399999,-21.393736656000005],[-41.766852419,-21.395325749],[-41.76776129,-21.398173909999993],[-41.774761815,-21.398898038999995],[-41.77670745500001,-21.401578149999995],[-41.77888699,-21.400386524999995],[-41.778168977,-21.398674109999998],[-41.785082405,-21.401294405999998],[-41.787803687,-21.399293091000004],[-41.788193189999994,-21.397841474999996],[-41.786388989,-21.396434252999995],[-41.780856503,-21.394533903999996],[-41.778704332,-21.390137071999998],[-41.83935324099999,-21.288317905],[-41.844071761,-21.293109025999996],[-41.845507944999994,-21.296726801999995],[-41.856342311999995,-21.302730361],[-41.861950276,-21.302858284000003],[-41.865628907,-21.300262426000003],[-41.87049184199999,-21.304967238],[-41.870786482999996,-21.298917181999997],[-41.873860364,-21.299679745000002],[-41.875994629,-21.298726467],[-41.878814586999994,-21.30086727],[-41.883609335,-21.29929583299999],[-41.88425604299999,-21.296395656999994],[-41.88607167399999,-21.295192145000005],[-41.891059544,-21.297163691000005],[-41.896544049,-21.303266212999997],[-41.900021095,-21.303722074999996],[-41.903332513,-21.30294228199999],[-41.905933282,-21.297450989999994],[-41.908961554,-21.298259052999995],[-41.917736233,-21.295173836000004],[-41.932272937,-21.312654456000004],[-41.940750871,-21.309210613999994],[-41.94715805999999,-21.310670792999996],[-41.949235095,-21.312654347],[-41.952796082,-21.312057341000003],[-41.956396741,-21.314242238999995],[-41.959859023,-21.312922483999998],[-41.961399424,-21.308152767],[-41.96380312,-21.310663424],[-41.974405802,-21.310488915999994],[-41.978647252,-21.315365361999998],[-41.985029787,-21.312911101],[-41.987996036999995,-21.314767479],[-41.988353702,-21.317071547999998],[-41.986087823,-21.320077975],[-41.98790029399999,-21.322847694999997],[-41.99330251,-21.322036376000003],[-41.998258409,-21.326146526],[-41.99860878199999,-21.3284564],[-42.00074568899999,-21.328961444],[-42.00357288399999,-21.327647749999997],[-42.007761621,-21.330756124],[-42.01134643,-21.328948952999998],[-42.01729082899999,-21.330393624999996],[-42.020995721,-21.328679893999997],[-42.02847888,-21.333200154999997],[-42.03438846,-21.343193610999993],[-42.046067026,-21.348320586000003],[-42.0485496,-21.35368526],[-42.053692620999996,-21.353001840000005],[-42.05805186599999,-21.354797858999994],[-42.06171868799999,-21.353992775],[-42.06553377,-21.354957518],[-42.070543606,-21.352255542999995],[-42.072914936,-21.355875660000002],[-42.07915532999999,-21.355090076999996],[-42.081199971,-21.352775572],[-42.088236786,-21.352238635000003],[-42.09444212,-21.349910097999995],[-42.096544456,-21.348274654999994],[-42.096106809999995,-21.347197118999997],[-42.089675472,-21.343839001000003],[-42.09036298299999,-21.342320749999995],[-42.088500976,-21.33710713],[-42.08522097899999,-21.337293330999994],[-42.083538010999995,-21.331463817],[-42.086445606999995,-21.327582248999995],[-42.082771724,-21.323492995999995],[-42.076837379,-21.325315325999995],[-42.074867002999994,-21.319672437],[-42.076197407,-21.318558677999995],[-42.07447147,-21.315070996],[-42.076147276,-21.312793618000008],[-42.07867530899999,-21.312055976999996],[-42.079935744,-21.309191350999992],[-42.086839493,-21.308983665],[-42.088830408,-21.307171789999998],[-42.08668193799999,-21.303526552999994],[-42.083931897,-21.303533714999997],[-42.07911932599999,-21.299874155],[-42.079599647,-21.292435578],[-42.076528549,-21.286148525],[-42.0762547,-21.279456533999998],[-42.08043804999999,-21.274750287],[-42.076927887000004,-21.273061256],[-42.07031060100001,-21.265914014999996],[-42.06805470799999,-21.267468074],[-42.06134432199999,-21.267210258],[-42.056703627999994,-21.259891139],[-42.057534368999995,-21.256245902],[-42.05597314799999,-21.253581799999996],[-42.048238658,-21.254892366999997],[-42.035366429999996,-21.249164413999992],[-42.032999797,-21.245985372999993],[-42.029890728999995,-21.245424778000004],[-42.029728491,-21.241679337],[-42.035183126,-21.23830618299999],[-42.05185030599999,-21.236120228999994],[-42.054642777,-21.234193288],[-42.054163069,-21.226455904999998],[-42.04995987699999,-21.225705351000002],[-42.045329565,-21.222808524],[-42.044554797,-21.218549811999992],[-42.04112353400001,-21.217038791999993],[-42.037211191,-21.217575808999996],[-42.031996162999995,-21.214272043999994],[-42.03249048400001,-21.211538731000005],[-42.035771225,-21.211065182],[-42.036851667,-21.209374014],[-42.038104493,-21.200157691999998],[-42.042136549,-21.198020485999994],[-42.041384701999995,-21.194524879],[-42.04242290999999,-21.192683906],[-42.04613184299999,-21.195172475],[-42.050819056,-21.195947264000004],[-42.053110138,-21.192617493999997],[-42.049074726,-21.18567529],[-42.049605398999994,-21.183648482999995],[-42.047432199,-21.182657994999996],[-42.047237217,-21.180982421000003],[-42.050872201,-21.179260103],[-42.058350075,-21.18036465],[-42.07304790599999,-21.179628175999998],[-42.075487789,-21.177462898],[-42.080246258,-21.177303592999994],[-42.081852878,-21.178394581],[-42.08231461,-21.183237049],[-42.085432709,-21.188986942000003],[-42.08529907,-21.193874309999998],[-42.086837239,-21.195062356],[-42.08829889999999,-21.194859114999993],[-42.089491285,-21.192333149],[-42.093063222999994,-21.192117476999996],[-42.096369730000006,-21.187034634],[-42.09983908499999,-21.186169444000004],[-42.101935561,-21.183771375000003],[-42.104397001,-21.189751488999995],[-42.10253626699999,-21.19242874],[-42.10511869,-21.194748434999997],[-42.105037004,-21.199360107],[-42.106504046,-21.200567026999998],[-42.109379845,-21.199533648999996],[-42.111233513,-21.203577074],[-42.111289321,-21.206944737],[-42.10549495499999,-21.210114836999992],[-42.10727392199999,-21.213527943999996],[-42.112014162,-21.214350611999997],[-42.116210182,-21.209626567999997],[-42.125001588,-21.203677349999996],[-42.126118391,-21.199206152],[-42.124108266,-21.198105823],[-42.119677578,-21.199077559000003],[-42.12026435799999,-21.195515735999994],[-42.124886311,-21.191664058999997],[-42.125047737,-21.189502681999997],[-42.129097556,-21.184716582999997],[-42.133673388,-21.181393756],[-42.13287025000001,-21.177150107999996],[-42.12846704,-21.174886692999994],[-42.130342402,-21.170369472],[-42.12587861899999,-21.169881120999996],[-42.122519021,-21.172306968999994],[-42.12224920399999,-21.167445409],[-42.130643012,-21.164075815],[-42.135977194,-21.166553757],[-42.140172859,-21.163576328],[-42.149458408,-21.160735120000005],[-42.163780889,-21.172001451],[-42.16543137499999,-21.174612508999996],[-42.165831043,-21.172817256],[-42.162949306,-21.167616973999998],[-42.16728771299999,-21.166327323],[-42.165136345,-21.160563968],[-42.159574572,-21.159933868999996],[-42.16211577699999,-21.15816094599999],[-42.166750913,-21.158572188000004],[-42.170365128,-21.159382701],[-42.17087534699999,-21.16311323],[-42.17330199,-21.165176666],[-42.172529408,-21.176633798999994],[-42.175027651,-21.178515440000005],[-42.180938833,-21.177822785999997],[-42.18600138800001,-21.175226157000004],[-42.18694008799999,-21.172893274999996],[-42.18586419299999,-21.171001001000004],[-42.187802609,-21.169565461],[-42.188339691,-21.166565587999997],[-42.191123372,-21.165330785],[-42.187379913,-21.161739558999994],[-42.190620888999995,-21.160706718],[-42.192761829999995,-21.158080229999992],[-42.195318695,-21.16025773899999],[-42.195965341999994,-21.157840657],[-42.192838831,-21.155994884],[-42.191570647,-21.147117599],[-42.18182697899999,-21.143400941999992],[-42.17779921099999,-21.133676225],[-42.172185074,-21.130939822999988],[-42.17064761599999,-21.128644410999993],[-42.172818339,-21.124131826],[-42.17019357400001,-21.122124652000004],[-42.170922061999995,-21.119495856999997],[-42.168925121,-21.116853333],[-42.17066032299999,-21.114611920999995],[-42.163688831,-21.100683052999994],[-42.159015943,-21.100564282],[-42.151654254,-21.104062137999996],[-42.140215489,-21.10347199299999],[-42.13534365500001,-21.091016169999996],[-42.131400985,-21.087086055999997],[-42.133309538999995,-21.080707469],[-42.131225197,-21.079301166999997],[-42.121682429,-21.078045539000005],[-42.11889493699999,-21.075823079],[-42.120175677,-21.067950295],[-42.116283231999994,-21.064761002],[-42.114249116,-21.06471077699999],[-42.110954537,-21.059015756999997],[-42.105221155,-21.055833492000005],[-42.104279435,-21.051702477999996],[-42.101504498,-21.048714084999997],[-42.10368929,-21.045625242000003],[-42.09856078399999,-21.039750527999995],[-42.101065029,-21.034173920999997],[-42.095276587,-21.036886075000005],[-42.093330364,-21.03949778],[-42.093455927,-21.036170367999997],[-42.091974287,-21.035077972],[-42.080375111,-21.035920379000004],[-42.08007094,-21.030218694999995],[-42.076754984,-21.033562044]]]}},{"type":"Feature","properties":{"code_muni":"3302254","name_muni":"Itatiaia","abbrev_state":"RJ"},"geometry":{"type":"Polygon","coordinates":[[[-44.588032203000004,-22.320350417],[-44.58700331699999,-22.320982958],[-44.588512616,-22.323745339],[-44.585566081,-22.326179432999993],[-44.582075075999995,-22.3240496],[-44.58126638,-22.328541466000004],[-44.577799396,-22.326900054],[-44.57589775999999,-22.327380467],[-44.570881443,-22.324249773],[-44.569175975,-22.32598726799999],[-44.57007274699999,-22.327716757],[-44.56567977,-22.327966672],[-44.566009249,-22.33063927],[-44.56361919199999,-22.333177456000005],[-44.563382989,-22.331524032999997],[-44.55794106,-22.330770742999995],[-44.556643189,-22.32884372599999],[-44.55520795299999,-22.33069532],[-44.552195361,-22.327414496],[-44.549689203999996,-22.328515444],[-44.550045511,-22.32526865],[-44.54558788399999,-22.323678397],[-44.545414681,-22.327191402999993],[-44.543163044,-22.328351109000007],[-44.54573096499999,-22.33201096100001],[-44.543746476,-22.332330774999996],[-44.541460446,-22.335905826999994],[-44.543863556,-22.338034747],[-44.546282394,-22.33703464],[-44.548358323,-22.337750037],[-44.54787232,-22.338857387],[-44.549730715,-22.340760391999996],[-44.55082033,-22.345767215],[-44.549516432,-22.347840049],[-44.549199064,-22.357389827],[-44.55392628,-22.360968599000003],[-44.555893428,-22.365110123],[-44.55949026399999,-22.365915720999997],[-44.560918867,-22.364708514000004],[-44.56292996599999,-22.366216013000003],[-44.563943435,-22.364453436],[-44.56582630199999,-22.365481173999992],[-44.567697249,-22.364316647999992],[-44.574553132999995,-22.357656151],[-44.577223913999994,-22.357915567],[-44.57919826599999,-22.361680102],[-44.584810289,-22.360421230000004],[-44.590000186,-22.363720323999996],[-44.593714723999994,-22.369334206],[-44.601340621999995,-22.372053408999996],[-44.605682914999996,-22.377157229999995],[-44.611429525,-22.380986199999995],[-44.614224611,-22.379520550999995],[-44.616297378,-22.376265944000004],[-44.626333465,-22.372762544],[-44.60738585099999,-22.392332133],[-44.602865034000004,-22.392786908999998],[-44.599049198,-22.398540434000004],[-44.59686686,-22.398237774],[-44.48698224,-22.435970992],[-44.487104922,-22.443897482],[-44.480559328999995,-22.448659293999995],[-44.479809370999995,-22.453210936999998],[-44.478510514999996,-22.453777336000005],[-44.480054763999995,-22.458022845000002],[-44.483810254999995,-22.459238871999997],[-44.484631418999996,-22.460828774000003],[-44.48803765099999,-22.461131670000004],[-44.489535542999995,-22.463127643],[-44.48789126599999,-22.468767249000003],[-44.496949943999994,-22.468584538999995],[-44.512852928,-22.473008664999995],[-44.51374848999999,-22.484866212],[-44.521004648,-22.487793437000004],[-44.529679046,-22.486434831],[-44.53212142299999,-22.48813281299999],[-44.536410825,-22.495774586999993],[-44.545564581,-22.499099545999997],[-44.548038575999996,-22.496364105000005],[-44.549741751999996,-22.496240056999994],[-44.55848730799999,-22.504569351999997],[-44.567457167,-22.507744969999997],[-44.577376328,-22.51722793],[-44.578150744999995,-22.526036922],[-44.576433109,-22.527878354],[-44.564614997,-22.529151693],[-44.563243515,-22.531829319999996],[-44.57654903499999,-22.539346622999993],[-44.58223178,-22.545170105999993],[-44.58599624399999,-22.560491826],[-44.588451781,-22.561024248],[-44.593070658,-22.565069613999995],[-44.598076727,-22.566046768000003],[-44.60450775399999,-22.564484347999993],[-44.610186481,-22.559375483999997],[-44.615482331,-22.557370547999998],[-44.622667496,-22.543632075],[-44.624468938,-22.537053082999996],[-44.626610124,-22.535386552],[-44.624106847,-22.516895045],[-44.62073990399999,-22.508885613],[-44.647039942,-22.496181369999995],[-44.649416097999996,-22.491132511000004],[-44.652223465000006,-22.491603755],[-44.662207050999996,-22.483618129000003],[-44.659382011,-22.481051214000004],[-44.656800795,-22.481963852999996],[-44.65423463799999,-22.4807117],[-44.651764117,-22.471247351999992],[-44.646592963,-22.468963763],[-44.65061332300001,-22.452486375],[-44.63995787599999,-22.443606806999995],[-44.63976014199999,-22.439802322999995],[-44.63730193,-22.434917872000003],[-44.641912907,-22.419925871000004],[-44.644678677,-22.419356582000006],[-44.64461579899999,-22.414980977999996],[-44.648236087,-22.411485575],[-44.64865017899999,-22.408540178],[-44.651417567,-22.409428441000003],[-44.650310801,-22.40437791699999],[-44.652912738999994,-22.403194374000005],[-44.653547034,-22.400272724999997],[-44.65556284299999,-22.399187616],[-44.66288582899999,-22.39975718799999],[-44.661854406,-22.380484972],[-44.659617133,-22.379639363],[-44.659755227999995,-22.375039107000003],[-44.651099426,-22.370208727000005],[-44.645945629,-22.365162862999995],[-44.64195460999999,-22.35615323],[-44.64361203699999,-22.354367692999997],[-44.64286739599999,-22.353118618],[-44.63515242599999,-22.350853584],[-44.633171051,-22.348242421000002],[-44.62744612400001,-22.345944443999993],[-44.626725502999996,-22.336608408999997],[-44.622018576,-22.331947758999995],[-44.619526947,-22.331106324],[-44.61592666799999,-22.332018676000004],[-44.61339403,-22.328097084000007],[-44.611540435,-22.328221190999997],[-44.61003538800001,-22.326557773999998],[-44.600418863,-22.326075344],[-44.599450028999996,-22.324449944999998],[-44.59537051899999,-22.323925494],[-44.588032203000004,-22.320350417]]]}},{"type":"Feature","properties":{"code_muni":"3302270","name_muni":"Japeri","abbrev_state":"RJ"},"geometry":{"type":"Polygon","coordinates":[[[-43.569479537999996,-22.609354185000004],[-43.567949708,-22.623466058000005],[-43.57237405699999,-22.626018956999992],[-43.573525371,-22.631194610000005],[-43.572652838,-22.633464889999992],[-43.567890136,-22.634225434],[-43.564628178,-22.636346795999998],[-43.558156843,-22.637000668000002],[-43.55228224799999,-22.64698565699999],[-43.553530941,-22.650761918000004],[-43.548842779,-22.652611544000003],[-43.54700046399999,-22.655777156000003],[-43.53956367599999,-22.653524697999995],[-43.53398692900001,-22.654835432999995],[-43.54059205899999,-22.661013318],[-43.54362593799999,-22.669050200999997],[-43.545652568,-22.668728906000002],[-43.548222927999994,-22.670792607999992],[-43.549911918,-22.670229648000003],[-43.554461366999995,-22.674575835000006],[-43.554213151,-22.676302554],[-43.556867618,-22.677413577],[-43.55479420599999,-22.682124383],[-43.556009003,-22.689384688],[-43.55992518899999,-22.690710427999996],[-43.572353595,-22.689320028999997],[-43.57664639,-22.692030599],[-43.585871963,-22.693076616],[-43.59679510099999,-22.685693515],[-43.603678349,-22.692774263999993],[-43.61004956,-22.692650542999996],[-43.611896253999994,-22.698485584000004],[-43.618081956,-22.704716353000002],[-43.61846538799999,-22.708774674000004],[-43.628683493,-22.719290531],[-43.628420359,-22.722575314],[-43.63870966999999,-22.720361949000004],[-43.636939326,-22.716141330000003],[-43.643512219,-22.705793828],[-43.645437747,-22.694360522000004],[-43.65244896,-22.680475428000005],[-43.64984175400001,-22.678243749999996],[-43.64610743899999,-22.671113903],[-43.636283598999995,-22.669941785999992],[-43.633340125000004,-22.66345446],[-43.63351277099999,-22.660197625999995],[-43.641031916,-22.650587185999996],[-43.650663446,-22.65344254],[-43.654275663,-22.657816710000006],[-43.659959490999995,-22.660029652999995],[-43.66231754,-22.657244617999996],[-43.669348869,-22.655194587999997],[-43.670782511,-22.652912003],[-43.66785958399999,-22.636688378000002],[-43.66853145099999,-22.632616172],[-43.664663471,-22.625933683999996],[-43.665083572,-22.622685508],[-43.661296326,-22.619238098000007],[-43.622729832,-22.642222147],[-43.618452139999995,-22.636917482],[-43.610603781,-22.634393298999996],[-43.593443906,-22.620031458000003],[-43.587313077,-22.619446456000002],[-43.578633915999994,-22.616044006],[-43.569479537999996,-22.609354185000004]]]}},{"type":"Feature","properties":{"code_muni":"3302304","name_muni":"Laje do Muriaé","abbrev_state":"RJ"},"geometry":{"type":"Polygon","coordinates":[[[-42.175722975999996,-21.178474008],[-42.17201224,-21.175694247],[-42.173324861,-21.165326570999994],[-42.17087534699999,-21.16311323],[-42.16997834099999,-21.159164002],[-42.16211577699999,-21.15816094599999],[-42.159593497,-21.159750901999995],[-42.165136345,-21.160563968],[-42.16728771299999,-21.166327323],[-42.162949306,-21.167616973999998],[-42.165831043,-21.172817256],[-42.16543137499999,-21.174612508999996],[-42.163780889,-21.172001451],[-42.149458408,-21.160735120000005],[-42.140172859,-21.163576328],[-42.135977194,-21.166553757],[-42.130643012,-21.164075815],[-42.125001497,-21.165828358999995],[-42.121830014,-21.167875934999998],[-42.121998940999994,-21.171962661000002],[-42.123601659,-21.17224901799999],[-42.12587861899999,-21.169881120999996],[-42.130203839,-21.170237761999992],[-42.12846704,-21.174886692999994],[-42.13287025000001,-21.177150107999996],[-42.133673388,-21.181393756],[-42.129097556,-21.184716582999997],[-42.125047737,-21.189502681999997],[-42.124886311,-21.191664058999997],[-42.12026435799999,-21.195515735999994],[-42.119677578,-21.199077559000003],[-42.124108266,-21.198105823],[-42.126118391,-21.199206152],[-42.125001588,-21.203677349999996],[-42.116210182,-21.209626567999997],[-42.111809135,-21.214375498999996],[-42.10727392199999,-21.213527943999996],[-42.10549495499999,-21.210114836999992],[-42.111289321,-21.206944737],[-42.111233513,-21.203577074],[-42.109379845,-21.199533648999996],[-42.106504046,-21.200567026999998],[-42.105037004,-21.199360107],[-42.10511869,-21.194748434999997],[-42.10253626699999,-21.19242874],[-42.104397001,-21.189751488999995],[-42.101935561,-21.183771375000003],[-42.09983908499999,-21.186169444000004],[-42.096369730000006,-21.187034634],[-42.093063222999994,-21.192117476999996],[-42.089491285,-21.192333149],[-42.08829889999999,-21.194859114999993],[-42.086837239,-21.195062356],[-42.08529907,-21.193874309999998],[-42.085432709,-21.188986942000003],[-42.08231461,-21.183237049],[-42.081852878,-21.178394581],[-42.080246258,-21.177303592999994],[-42.075487789,-21.177462898],[-42.07304790599999,-21.179628175999998],[-42.058350075,-21.18036465],[-42.050872201,-21.179260103],[-42.047237217,-21.180982421000003],[-42.047432199,-21.182657994999996],[-42.049605398999994,-21.183648482999995],[-42.049074726,-21.18567529],[-42.053110138,-21.192617493999997],[-42.050819056,-21.195947264000004],[-42.04613184299999,-21.195172475],[-42.04242290999999,-21.192683906],[-42.041384701999995,-21.194524879],[-42.042136549,-21.198020485999994],[-42.038104493,-21.200157691999998],[-42.036851667,-21.209374014],[-42.035771225,-21.211065182],[-42.03249048400001,-21.211538731000005],[-42.031996162999995,-21.214272043999994],[-42.037211191,-21.217575808999996],[-42.04112353400001,-21.217038791999993],[-42.044554797,-21.218549811999992],[-42.045329565,-21.222808524],[-42.04995987699999,-21.225705351000002],[-42.054163069,-21.226455904999998],[-42.054642777,-21.234193288],[-42.05185030599999,-21.236120228999994],[-42.035183126,-21.23830618299999],[-42.029728491,-21.241679337],[-42.029890728999995,-21.245424778000004],[-42.032999797,-21.245985372999993],[-42.035366429999996,-21.249164413999992],[-42.048238658,-21.254892366999997],[-42.05597314799999,-21.253581799999996],[-42.057534368999995,-21.256245902],[-42.056703627999994,-21.259891139],[-42.06134432199999,-21.267210258],[-42.06805470799999,-21.267468074],[-42.07031060100001,-21.265914014999996],[-42.076927887000004,-21.273061256],[-42.08043804999999,-21.274750287],[-42.0762547,-21.279456533999998],[-42.076528549,-21.286148525],[-42.079599647,-21.292435578],[-42.07911932599999,-21.299874155],[-42.083931897,-21.303533714999997],[-42.08668193799999,-21.303526552999994],[-42.088830408,-21.307171789999998],[-42.086839493,-21.308983665],[-42.079935744,-21.309191350999992],[-42.07867530899999,-21.312055976999996],[-42.076147276,-21.312793618000008],[-42.07447147,-21.315070996],[-42.076197407,-21.318558677999995],[-42.074867002999994,-21.319672437],[-42.076837379,-21.325315325999995],[-42.082771724,-21.323492995999995],[-42.086445606999995,-21.327582248999995],[-42.083702727,-21.332666959999997],[-42.085335564,-21.337565470999994],[-42.088500976,-21.33710713],[-42.089961935,-21.344197079999997],[-42.09324894,-21.344651260000003],[-42.092431049,-21.344132346000002],[-42.09553639,-21.342798510999994],[-42.098893393,-21.338158999000008],[-42.108794329,-21.339048314],[-42.118111084,-21.334152263000004],[-42.120355396,-21.331710662999996],[-42.121994926,-21.324995905000005],[-42.125178923,-21.319672611999998],[-42.13210803,-21.317880668999994],[-42.12998513,-21.311304950999997],[-42.131763621,-21.307398473],[-42.138549340999994,-21.312823261],[-42.142981745,-21.30910104],[-42.142931851,-21.306197301],[-42.14752099099999,-21.305968694999994],[-42.150752848,-21.310013334999997],[-42.157482975,-21.312457831],[-42.158328175,-21.316968057999997],[-42.163125741,-21.31861401999999],[-42.16632806399999,-21.315160277999997],[-42.17284661499999,-21.313779752],[-42.175893679999994,-21.315699999000003],[-42.179316576,-21.313504041],[-42.18615955799999,-21.315412343999995],[-42.189957748999994,-21.313946354999995],[-42.19647410499999,-21.315076889],[-42.204577089000004,-21.326426189],[-42.221786418,-21.333617947999997],[-42.223900603,-21.335548492999994],[-42.223255384999995,-21.338098364],[-42.22679727199999,-21.334708322],[-42.229044845,-21.328354846999996],[-42.236986687999995,-21.324500072000006],[-42.237787884,-21.31797278299999],[-42.235310424999994,-21.316690069000003],[-42.233897844,-21.312345599000004],[-42.230331863,-21.310386820000005],[-42.229302248,-21.308202029],[-42.229625571999996,-21.297067753],[-42.22773271399999,-21.291753311999997],[-42.228209852999996,-21.281093034999994],[-42.219684142999995,-21.272203193000006],[-42.211999704,-21.272027405],[-42.208800594,-21.265961339],[-42.199769893,-21.256382288999998],[-42.193014618,-21.253419011000002],[-42.189724875,-21.250505956],[-42.195036474,-21.239125498],[-42.189147285999994,-21.233303858000006],[-42.18809255899999,-21.230390803999992],[-42.191507866,-21.223610417999996],[-42.194471146,-21.222932379999996],[-42.196881770999994,-21.225878912999995],[-42.198600895999995,-21.225835692999997],[-42.202934074,-21.220446234],[-42.200874846,-21.216038981999997],[-42.203200327999994,-21.213289798],[-42.201319046,-21.206262116999998],[-42.196354586999995,-21.204047741000004],[-42.194433477,-21.201737387000005],[-42.199933125,-21.193764156999997],[-42.202720617999994,-21.191981166],[-42.203524219,-21.187850149000003],[-42.205997805,-21.187159554],[-42.208074387,-21.178224714],[-42.20036003799999,-21.173309984999992],[-42.200027297,-21.167910787999997],[-42.193987729999996,-21.164231800000007],[-42.195318695,-21.16025773899999],[-42.193468248,-21.158026514],[-42.187268944,-21.161894169999997],[-42.191123372,-21.165330785],[-42.188339691,-21.166565587999997],[-42.187802609,-21.169565461],[-42.18586419299999,-21.171001001000004],[-42.18694008799999,-21.172893274999996],[-42.18600138800001,-21.175226157000004],[-42.181129597,-21.177784049000003],[-42.175722975999996,-21.178474008]]]}},{"type":"Feature","properties":{"code_muni":"3302403","name_muni":"Macaé","abbrev_state":"RJ"},"geometry":{"type":"MultiPolygon","coordinates":[[[[-41.717269309,-22.416926919],[-41.712045275,-22.419705165999996],[-41.713034404999995,-22.42199512],[-41.716667431,-22.419057079999998],[-41.717269309,-22.416926919]]],[[[-41.800517647,-22.409879467],[-41.800742714,-22.410272381999995],[-41.80064353299999,-22.409724972999996],[-41.800517647,-22.409879467]]],[[[-41.765341253,-22.391252129],[-41.766582042,-22.391940566],[-41.766236285,-22.390645657000004],[-41.765341253,-22.391252129]]],[[[-41.764069563,-22.390591947000004],[-41.764985529,-22.390340847999997],[-41.764304814,-22.389804472999998],[-41.764069563,-22.390591947000004]]],[[[-41.759667923,-22.384516915999992],[-41.759918299999995,-22.382942428000003],[-41.758446759,-22.38283585],[-41.75847329599999,-22.384354012],[-41.759667923,-22.384516915999992]]],[[[-41.978290986,-22.126287644999998],[-41.970544855,-22.136587332],[-41.97230148599999,-22.139453220000004],[-41.971244018,-22.149074468],[-41.97304141499999,-22.151538142999996],[-41.972347106,-22.155584694],[-41.974595571,-22.165354188000002],[-41.973322238,-22.165435603],[-41.97117049599999,-22.157696859],[-41.969110023,-22.157286086],[-41.96704782599999,-22.152917097999996],[-41.96329919699999,-22.153893663],[-41.958982875,-22.152039669999994],[-41.95635330399999,-22.152909931000007],[-41.956258299,-22.154502877999995],[-41.95150180499999,-22.152384644000005],[-41.949824257,-22.156490662999996],[-41.94687751099999,-22.157128816999993],[-41.946346051999996,-22.159718096999995],[-41.939551635,-22.158997211],[-41.938547717999995,-22.162352511],[-41.933689297,-22.164118847],[-41.91958010799999,-22.162672369],[-41.91859701,-22.163696602999998],[-41.919441664999994,-22.171340329000003],[-41.91298231199999,-22.169795274000002],[-41.90884368399999,-22.174814822999995],[-41.907976139999995,-22.178749870000008],[-41.912084574,-22.186193756999998],[-41.906004949,-22.186574080000003],[-41.903398394,-22.185214235000004],[-41.90118040899999,-22.190168388],[-41.90292068699999,-22.193117568],[-41.902759391,-22.198248033],[-41.905617158999995,-22.200409206000003],[-41.906141238,-22.205702160999998],[-41.91022533999999,-22.206831402],[-41.911855765,-22.208828909999994],[-41.913556516,-22.20827892],[-41.917526414,-22.211753590000004],[-41.91604881399999,-22.215820003000005],[-41.91738169,-22.216995457999996],[-41.916658094999995,-22.22919106],[-41.91070563099999,-22.231962597999996],[-41.907791823,-22.230511886999995],[-41.90286388799999,-22.231010836999992],[-41.901462802,-22.232321577999997],[-41.89947248299999,-22.23779530199999],[-41.906799551,-22.242324366],[-41.902326052,-22.24461173],[-41.896721049,-22.24528746899999],[-41.89369365,-22.249594098],[-41.892854987,-22.257031995999995],[-41.886116531,-22.259497433000003],[-41.885280986,-22.262612173],[-41.88713918199999,-22.263916782],[-41.886692464,-22.267838475],[-41.882636938000005,-22.272624315],[-41.878335212,-22.274884924999995],[-41.870797415,-22.272582516000003],[-41.866266391,-22.272699455000005],[-41.86379415599999,-22.274540574999996],[-41.862559252,-22.27116506899999],[-41.85961077,-22.269772395],[-41.85979900499999,-22.264678742999997],[-41.84823761799999,-22.236141982999996],[-41.846015929,-22.215762944999998],[-41.840472430999995,-22.209184250999996],[-41.839995295,-22.198778958999995],[-41.832840487,-22.194451586999996],[-41.832361798,-22.192516531999996],[-41.82929763199999,-22.190251209],[-41.819457242999995,-22.186392813],[-41.82471725,-22.146012416999998],[-41.77111850499999,-22.180881008000004],[-41.704322547,-22.25220931],[-41.708205723999995,-22.267515575999994],[-41.70519356,-22.271528313999998],[-41.705836285000004,-22.274364818000006],[-41.704298384,-22.278497306],[-41.69794090399999,-22.281878913],[-41.698548945999995,-22.28367048000001],[-41.696454244,-22.284865469999996],[-41.693157695,-22.292000719999997],[-41.690706915,-22.2938841],[-41.689116141,-22.300029046],[-41.71259650500001,-22.316642546000008],[-41.73923835099999,-22.339067240999995],[-41.759292215,-22.34957864],[-41.770660011,-22.359990856999993],[-41.774211494999996,-22.365819714000004],[-41.775012581,-22.373803876000004],[-41.775985329,-22.370187542],[-41.77713736700001,-22.372094891000007],[-41.77527960999999,-22.37491586],[-41.77356299699999,-22.373857281999996],[-41.770061104,-22.376922390000004],[-41.767901986999995,-22.375003597],[-41.766883461000006,-22.377092143999995],[-41.765555947,-22.376985334000004],[-41.76960334099999,-22.380372782],[-41.771163552,-22.384244700999997],[-41.769984813,-22.386369487999996],[-41.768615335,-22.384465954999996],[-41.767360298999996,-22.386064312999995],[-41.766181558999996,-22.384338162000002],[-41.767936317,-22.390861293999997],[-41.769202797,-22.389207623],[-41.774440377,-22.391063475000003],[-41.790332404999994,-22.40003945499999],[-41.794833748,-22.405565044],[-41.79772147399999,-22.405660412999996],[-41.81779025,-22.417031018],[-41.82806342999999,-22.408269111],[-41.837608499,-22.411394547],[-41.855152673,-22.410842345999995],[-41.856017320999996,-22.41381262],[-41.85724231,-22.413919932],[-41.85693548199999,-22.416141446999998],[-41.860271006,-22.418627205],[-41.869846623,-22.419409074],[-41.87928702799999,-22.417874457],[-41.882206143,-22.414862854],[-41.888384013,-22.414497694999998],[-41.893330667,-22.411834848000005],[-41.898729749,-22.406523116],[-41.903433808,-22.405128276999996],[-41.906909747,-22.400016859999997],[-41.919959223999996,-22.395447502000003],[-41.928801983999996,-22.397441839999992],[-41.932847903,-22.39643987],[-41.933897816,-22.394940910000003],[-41.937884548,-22.394637924],[-41.941531101,-22.391337984],[-41.939643367,-22.38484192699999],[-41.93746530999999,-22.382333978999995],[-41.937014768999994,-22.376750790999992],[-41.940573112,-22.377882462999995],[-41.941458025,-22.38269968],[-41.944361536,-22.384365374],[-41.94679062,-22.389425988999996],[-41.94953673599999,-22.386845151999996],[-41.952656578,-22.38906229399999],[-41.957610667999994,-22.387756912999997],[-41.961648088,-22.388844048999996],[-41.96362027,-22.388066248999998],[-41.976958266,-22.391972661],[-41.97914442,-22.395677233999997],[-41.981026366,-22.396253133999995],[-41.98987767999999,-22.398022835],[-41.99261926599999,-22.396404678000003],[-41.997362532,-22.40029577199999],[-42.023788837999994,-22.38794392],[-42.02687175900001,-22.39154473],[-42.031797458,-22.393623308000002],[-42.034452419,-22.398681418000002],[-42.036418488,-22.398873155999993],[-42.03821799,-22.40137071499999],[-42.043613872,-22.401865638],[-42.049262995999996,-22.40722807400001],[-42.052485124,-22.412610275],[-42.06313165299999,-22.419517398],[-42.065129229,-22.426855917999994],[-42.06375894,-22.428120809999992],[-42.06292595000001,-22.433594750000005],[-42.067711835000004,-22.435474565999996],[-42.070773488,-22.431987637999995],[-42.07415402299999,-22.430432219999993],[-42.08626209799999,-22.439141843],[-42.09504277799999,-22.43877206499999],[-42.100345405,-22.436753038],[-42.10630222699999,-22.436349018000005],[-42.100159784,-22.427478935],[-42.10067437599999,-22.423672747999998],[-42.09842174799999,-22.416689509999994],[-42.100604075999996,-22.413280928999992],[-42.096531726,-22.408196074],[-42.099006184,-22.407938263999995],[-42.098796632,-22.404250599999997],[-42.104430238999996,-22.406613210000003],[-42.107444504,-22.404104496999995],[-42.111367814,-22.404377968000002],[-42.116961236,-22.402163823],[-42.11785888499999,-22.404583453999994],[-42.123810112,-22.405584729],[-42.125616097999995,-22.412687302],[-42.13032858599999,-22.411562168999996],[-42.137202515,-22.412651132999997],[-42.138136047,-22.414216462],[-42.136015316,-22.416055559],[-42.13931617899999,-22.417108114999994],[-42.137940986,-22.4193927],[-42.14014856899999,-22.424458979999997],[-42.14093329999999,-22.425539582],[-42.14314564199999,-22.424646088],[-42.144467428,-22.42803440199999],[-42.149667501,-22.426635475999998],[-42.1518815,-22.420708194],[-42.158739270999995,-22.424456108000005],[-42.161443023,-22.422728767],[-42.161457655,-22.428575735],[-42.17083749399999,-22.421574949],[-42.173162031,-22.425512572999995],[-42.17694680499999,-22.426270944999988],[-42.182276054,-22.432646818],[-42.191493942,-22.43325855],[-42.195226100999996,-22.430750494000005],[-42.20255191199999,-22.429862261999997],[-42.206545861,-22.425506049999996],[-42.207753178,-22.421362408999993],[-42.204205236,-22.414009818999997],[-42.206793610999995,-22.411812621999996],[-42.211438296999994,-22.411532101],[-42.21122707999999,-22.407661512],[-42.216921817999996,-22.408730264999996],[-42.219299943,-22.405908104000005],[-42.214417644,-22.398441842999993],[-42.21018693599999,-22.396888777],[-42.210691673999996,-22.395032620000002],[-42.214231776,-22.393060649],[-42.214089792,-22.39180794],[-42.20921518899999,-22.390603199],[-42.207050939,-22.387196953999993],[-42.21035466499999,-22.381146322],[-42.215859519,-22.383289062],[-42.215755518,-22.373682776999996],[-42.204110285,-22.370838640999995],[-42.206502162,-22.364658662999993],[-42.208234559,-22.363412655000005],[-42.20826715199999,-22.360816772999996],[-42.212482945,-22.356249756999997],[-42.21160664,-22.350640243],[-42.21492848199999,-22.346692698999995],[-42.215607116,-22.341657114],[-42.22170273099999,-22.339250212999996],[-42.224039521,-22.336289177],[-42.228670798,-22.337067595999997],[-42.23054865799999,-22.33377158299999],[-42.233097227,-22.333904374000003],[-42.237447193,-22.330231115],[-42.24184273299999,-22.329592213],[-42.246979077,-22.325414534999997],[-42.25021184399999,-22.32635279499999],[-42.255830511,-22.321500252],[-42.261538847,-22.320296571999997],[-42.26417283399999,-22.315549511000004],[-42.260732895,-22.312594337000004],[-42.259093442,-22.312929603],[-42.258189174,-22.311111900999997],[-42.25189223499999,-22.309470537999992],[-42.24789549,-22.299622899999996],[-42.24900868999999,-22.295243592000002],[-42.23855244799999,-22.28618189],[-42.23493006599999,-22.288334157999998],[-42.232947898999996,-22.288121231999998],[-42.233058964,-22.285962046999995],[-42.227293829,-22.274225017],[-42.215362132,-22.267199744],[-42.210916006999994,-22.262491601999994],[-42.21055090499999,-22.259588284999996],[-42.203338275,-22.254680532000002],[-42.201577826999994,-22.25287979799999],[-42.201913873,-22.249988557000002],[-42.197620166,-22.246646626999993],[-42.192909644,-22.244240398999995],[-42.18702429399999,-22.245374436],[-42.183361416,-22.244508512999996],[-42.181901678,-22.238854028999995],[-42.178052433,-22.232909793999998],[-42.172946685999996,-22.229137126000005],[-42.171268372,-22.225314359999995],[-42.168220767,-22.224384685],[-42.161418235,-22.21817001799999],[-42.15997808899999,-22.218638157],[-42.15897803800001,-22.215068327],[-42.153323016,-22.213998607999986],[-42.148204872,-22.211062852999998],[-42.142294488,-22.21249416399999],[-42.14103874399999,-22.210783419999995],[-42.138040700999994,-22.21045283999999],[-42.13220997199999,-22.211251799000003],[-42.13133501499999,-22.213277148999996],[-42.12812639999999,-22.213865948000002],[-42.124906687,-22.211137900000008],[-42.12202468099999,-22.211981278999996],[-42.11771927299999,-22.20799121599999],[-42.115481197,-22.208570764999997],[-42.112795248999994,-22.206796229],[-42.111730165,-22.209527918000003],[-42.108516463,-22.208506244],[-42.107682457,-22.209742249],[-42.105061172,-22.205582179999993],[-42.10018878099999,-22.204471967999996],[-42.09836462,-22.201888909],[-42.093345938999995,-22.202666259000004],[-42.092515512999995,-22.196755080999996],[-42.097936753999996,-22.194075649000002],[-42.09278849099999,-22.189465444000003],[-42.093211125,-22.187219495],[-42.097002724999996,-22.184813077],[-42.09680118,-22.183148994999993],[-42.089182878,-22.176734695],[-42.087779766,-22.170465654000004],[-42.075119609999994,-22.163905683999992],[-42.072248492,-22.165166047],[-42.065636217,-22.164430941999996],[-42.063153206,-22.162304394999996],[-42.057082325,-22.16165279499999],[-42.054820510999996,-22.15955307],[-42.052667686999996,-22.162471825],[-42.04504732099999,-22.163006188999997],[-42.042045056,-22.157929237999994],[-42.039419929,-22.156660251999998],[-42.03792128,-22.160338104999997],[-42.027200134999994,-22.157955364999996],[-42.019407564999995,-22.147088373000003],[-42.01613898099999,-22.146505966],[-42.011300771,-22.143142983999997],[-42.00545963799999,-22.14335101],[-42.000583627,-22.140027180999997],[-41.997071647,-22.135295152],[-41.992063304999995,-22.132712355000002],[-41.989020599,-22.132656204999996],[-41.984190876,-22.128450329],[-41.978290986,-22.126287644999998]]],[[[-41.702908922999995,-22.404740049000004],[-41.697990833999995,-22.411127171],[-41.70299562499999,-22.413163080999993],[-41.699901098,-22.418841549999996],[-41.70196756,-22.420782533999994],[-41.708834314,-22.417739726],[-41.71108851,-22.413563631],[-41.71049000499999,-22.409780255000005],[-41.707758359,-22.409904701],[-41.705134947,-22.40556529199999],[-41.702908922999995,-22.404740049000004]]],[[[-41.690543485999996,-22.403526711],[-41.691208408,-22.403133218000004],[-41.690386152,-22.402946556],[-41.690543485999996,-22.403526711]]],[[[-41.688972457,-22.401313281999997],[-41.68797626199999,-22.401828104999996],[-41.689172648,-22.401784200000005],[-41.688972457,-22.401313281999997]]],[[[-41.69223432599999,-22.396976007000003],[-41.694228546999994,-22.399064561000003],[-41.691337774999994,-22.398864270999994],[-41.690107835,-22.400515396999996],[-41.692007625,-22.401248138999996],[-41.69035629599999,-22.40151124899999],[-41.69156220599999,-22.402313556],[-41.691881806999994,-22.404628351999996],[-41.69518331500001,-22.405412766999998],[-41.697423396,-22.402703851000002],[-41.695010403999994,-22.401334982],[-41.697610053,-22.399706850999998],[-41.69488981,-22.399060653999992],[-41.695841556999994,-22.398513521],[-41.694012784,-22.396713331999997],[-41.69223432599999,-22.396976007000003]]],[[[-41.685274827,-22.400114500999997],[-41.688407059,-22.400500628],[-41.68896872399999,-22.399491897999997],[-41.68603274899999,-22.398976808],[-41.685274827,-22.400114500999997]]]]}},{"type":"Feature","properties":{"code_muni":"3302452","name_muni":"Macuco","abbrev_state":"RJ"},"geometry":{"type":"Polygon","coordinates":[[[-42.240727674999995,-21.974890106999997],[-42.23257255,-21.973125400000004],[-42.225289575,-21.981910037999995],[-42.22715380399999,-21.988329713999992],[-42.222390376,-21.990575129999996],[-42.220283937,-21.995774395],[-42.224471128,-22.004628481999998],[-42.223021929999994,-22.00800974099999],[-42.219472016,-22.009926966000002],[-42.22333869599999,-22.011755087],[-42.225314989,-22.016023787000005],[-42.23025333,-22.020594622000004],[-42.233854773,-22.026635727],[-42.233020345,-22.029399008999995],[-42.234872622000005,-22.02961674799999],[-42.23709120099999,-22.026150439],[-42.241112744999995,-22.023698899999992],[-42.25101222000001,-22.028435730999995],[-42.24384246499999,-22.032038025999995],[-42.24078428399999,-22.032276878999998],[-42.240109584,-22.034589561000004],[-42.242378311,-22.038912910999993],[-42.249132604,-22.044487140999998],[-42.254069533,-22.044200743],[-42.260436783,-22.045931050999997],[-42.262909453,-22.050330004],[-42.25932007499999,-22.05268373199999],[-42.26166910399999,-22.061679480999995],[-42.261078559999994,-22.064797269999996],[-42.26538552899999,-22.063227641999998],[-42.265863833,-22.066960243999997],[-42.27012858599999,-22.06893348099999],[-42.270519258,-22.072856885000004],[-42.267224440999996,-22.075522839999998],[-42.26539033,-22.081877969000004],[-42.268592147999996,-22.085705308999998],[-42.26769707199999,-22.088761227999996],[-42.271135781999995,-22.08908904899999],[-42.277253575,-22.092293462999997],[-42.282786141,-22.087083779000004],[-42.28535110599999,-22.088075624],[-42.29444001700001,-22.082358186999997],[-42.297444533,-22.082837793999996],[-42.299377742999994,-22.08057909],[-42.302923119999996,-22.080478982],[-42.306300309,-22.07530991499999],[-42.309657740000006,-22.073997190000004],[-42.309954178,-22.070576137000003],[-42.31193888000001,-22.069182625],[-42.31018938799999,-22.061442026],[-42.311430235,-22.057317981],[-42.30103931899999,-22.049010425999995],[-42.300656093,-22.044303065999998],[-42.296291292999996,-22.040222754],[-42.29787022099999,-22.037093127],[-42.297977259,-22.029324568],[-42.305224929999994,-22.027744223],[-42.31289782299999,-22.031629705999997],[-42.31798347899999,-21.996802711999994],[-42.317201226,-21.995373899999997],[-42.315009225,-21.999533672000002],[-42.313510895,-21.994745899],[-42.308246552,-21.988444580999996],[-42.30924005,-21.981290608],[-42.30559125800001,-21.981150524000004],[-42.302008560999994,-21.978085403999998],[-42.300504665999995,-21.979239123999992],[-42.301863901,-21.982004905999997],[-42.300052252,-21.98228917],[-42.299999275999994,-21.978235149999996],[-42.30121368199999,-21.975710551999995],[-42.300195572,-21.974260073000007],[-42.291407036,-21.981045487999992],[-42.289255779,-21.978694443],[-42.278320232,-21.986389450000004],[-42.269738923,-21.984125141000007],[-42.26768421999999,-21.986201142999995],[-42.259120662,-21.988326873000002],[-42.257343623999994,-21.989910654],[-42.250565511999994,-21.976803927999995],[-42.244014949,-21.976012373],[-42.243006707999996,-21.972789268],[-42.240727674999995,-21.974890106999997]]]}},{"type":"Feature","properties":{"code_muni":"3302502","name_muni":"Magé","abbrev_state":"RJ"},"geometry":{"type":"MultiPolygon","coordinates":[[[[-43.181399171,-22.726019607000005],[-43.180811719,-22.725984837999995],[-43.180875015,-22.726375150000003],[-43.181399171,-22.726019607000005]]],[[[-43.06422706699999,-22.694282961000003],[-43.063614271,-22.694767092999996],[-43.064372789,-22.694516247999996],[-43.06422706699999,-22.694282961000003]]],[[[-43.105358251,-22.692141499],[-43.104783242,-22.692383123],[-43.105016117,-22.692477154000002],[-43.105358251,-22.692141499]]],[[[-43.060476348,-22.689454753],[-43.061244203,-22.690941397000003],[-43.061963958999996,-22.690715414999996],[-43.060476348,-22.689454753]]],[[[-43.063031504,-22.484038096000003],[-43.05634745199999,-22.487457843000005],[-43.055330704999996,-22.489266053000005],[-43.052981388999996,-22.487492467999992],[-43.04675327599999,-22.488559243],[-43.044671859999994,-22.491589791],[-43.043069999,-22.490951523],[-43.035685766,-22.493181033999996],[-43.027178231,-22.50043296999999],[-43.026613694999995,-22.506825083000003],[-43.028331814,-22.513711660999995],[-43.024174182,-22.514235820999996],[-43.021705908,-22.516914901],[-43.023753894,-22.522902398],[-43.021858531999996,-22.527687443999998],[-43.017866532999996,-22.526308705],[-43.00964647,-22.636053572999998],[-43.012068607,-22.635096007999998],[-43.02076836,-22.649850278],[-43.022530911,-22.665290179],[-43.027648353,-22.665821945],[-43.03001486899999,-22.672096251999996],[-43.036504746999995,-22.679484545],[-43.036341868,-22.681812480999994],[-43.037818816999994,-22.683339789],[-43.036133761,-22.684322539999997],[-43.039428300999994,-22.69360929699999],[-43.04202125399999,-22.692079643999996],[-43.043264268,-22.693212463],[-43.04560936199999,-22.691967196999997],[-43.04689105399999,-22.693681085],[-43.051349645,-22.69273696799999],[-43.053846834,-22.689472738000006],[-43.052404544999995,-22.687259077000004],[-43.053096394,-22.68619054099999],[-43.05547953799999,-22.687730877],[-43.054688866999996,-22.684707844999995],[-43.06620839799999,-22.687406787],[-43.067057957,-22.688817655999998],[-43.066357402,-22.686752625],[-43.068429164,-22.684811562000004],[-43.073560187999995,-22.681822588],[-43.080829593,-22.679904689999994],[-43.084640878,-22.676958565999993],[-43.086006686999994,-22.678126638999995],[-43.08456314299999,-22.679660676],[-43.087049057,-22.680755010000002],[-43.088390679,-22.683167676999997],[-43.0931102,-22.684567936999997],[-43.092700086,-22.686294071],[-43.100412667,-22.685960571999992],[-43.105920878999996,-22.688934306999997],[-43.107609641,-22.693746815000004],[-43.106836727,-22.695367173000005],[-43.11103806999999,-22.693409308999996],[-43.11573959599999,-22.696376493],[-43.117609863,-22.698686377999998],[-43.116428111999994,-22.703553021000005],[-43.117352452,-22.706853684999995],[-43.124215895999995,-22.713454674],[-43.127733759,-22.715018107],[-43.13393631099999,-22.715040359000003],[-43.134916259,-22.712052836999998],[-43.141580525,-22.708636617000003],[-43.15179401099999,-22.708001501999995],[-43.16492728299999,-22.711355067],[-43.166886596,-22.712700628999997],[-43.166705125,-22.714107628],[-43.182863726,-22.721056768000008],[-43.19474009499999,-22.722039492],[-43.203678391,-22.726761798999995],[-43.207658343999995,-22.727283828000004],[-43.21130648500001,-22.726030944],[-43.21456293999999,-22.727743103999998],[-43.22008738299999,-22.725933784],[-43.221626836,-22.724455097999996],[-43.22166734799999,-22.712625615],[-43.21821143999999,-22.709747141],[-43.21842564399999,-22.707862144999996],[-43.21486134399999,-22.703004030999992],[-43.215021669,-22.700637222000005],[-43.21677627199999,-22.699508183000006],[-43.215712094999994,-22.697575433],[-43.217778202999995,-22.695914443999996],[-43.215732351,-22.694233199000003],[-43.215347486999995,-22.690870707999995],[-43.218021275000005,-22.688865367999995],[-43.218568186,-22.681654244000004],[-43.224844813,-22.67483087800001],[-43.21922640599999,-22.667852109999995],[-43.21744576999999,-22.652523150999997],[-43.21063289899999,-22.64262458099999],[-43.19477215199999,-22.629608017999995],[-43.194193801,-22.623460358999996],[-43.198124447,-22.620033093],[-43.198445753,-22.614993941],[-43.225292174,-22.563744419999995],[-43.198149808,-22.553135763999993],[-43.182608936,-22.5532197],[-43.162046392,-22.547154134],[-43.148921410999996,-22.539697464999993],[-43.135911682,-22.536344071999995],[-43.131274049,-22.533790911],[-43.126390053,-22.534392780000005],[-43.122800249,-22.531012137],[-43.117935331999995,-22.530652644999996],[-43.114106524,-22.534150005],[-43.11070721,-22.534849996000002],[-43.108043662,-22.533745609999997],[-43.09598614699999,-22.522895662],[-43.089460959,-22.521037816999993],[-43.087043077,-22.517149155000002],[-43.07632347700001,-22.510981836],[-43.076661856,-22.509103699999994],[-43.070630159,-22.500533273999995],[-43.074523938,-22.492466770999997],[-43.076776131,-22.490167804],[-43.08109362399999,-22.489566221000004],[-43.079675683,-22.487407792999996],[-43.073013047,-22.485730177000008],[-43.06612440499999,-22.486007305000005],[-43.063031504,-22.484038096000003]]]]}},{"type":"Feature","properties":{"code_muni":"3302601","name_muni":"Mangaratiba","abbrev_state":"RJ"},"geometry":{"type":"MultiPolygon","coordinates":[[[[-44.010457837999994,-23.086179265],[-44.012149067,-23.086393827],[-44.01056272500001,-23.085356966],[-44.010457837999994,-23.086179265]]],[[[-44.13790557899999,-23.043821206],[-44.139454437999994,-23.042523115000005],[-44.136665738,-23.040446368999998],[-44.135955533,-23.043339256],[-44.13790557899999,-23.043821206]]],[[[-44.160266638,-23.036927442000003],[-44.158114172999994,-23.040939456000004],[-44.15903335499999,-23.04200837299999],[-44.162077158,-23.040059567999997],[-44.160266638,-23.036927442000003]]],[[[-44.130210463,-23.041820397000002],[-44.129780771,-23.036012124000003],[-44.125070189999995,-23.037546604999992],[-44.12321361,-23.039733835],[-44.12843179699999,-23.042186799999996],[-44.130210463,-23.041820397000002]]],[[[-44.111913168,-23.037865518999997],[-44.111812657,-23.038780092999993],[-44.112335026,-23.038253731],[-44.111913168,-23.037865518999997]]],[[[-44.112795371,-23.037504273999996],[-44.11242721400001,-23.036399385],[-44.112229541,-23.037329888],[-44.112795371,-23.037504273999996]]],[[[-44.11074446,-23.025664979000002],[-44.110126361999995,-23.025819242999997],[-44.110736093,-23.025886511999996],[-44.11074446,-23.025664979000002]]],[[[-44.110378836,-23.024911818],[-44.11031070799999,-23.024594136000008],[-44.110206246,-23.024815676999996],[-44.110378836,-23.024911818]]],[[[-44.10904353299999,-23.023407002],[-44.108730145,-23.023386101999996],[-44.108811899,-23.023528224],[-44.10904353299999,-23.023407002]]],[[[-44.110972507999996,-23.023376058000004],[-44.109987620999995,-23.022134158],[-44.109634508,-23.022185373999996],[-44.109656148,-23.023743536],[-44.110972507999996,-23.023376058000004]]],[[[-44.07697082,-23.011724311999995],[-44.076764174999994,-23.011984080000005],[-44.077333233,-23.012167922000003],[-44.07697082,-23.011724311999995]]],[[[-44.029081572,-22.998128939],[-44.03078546399999,-23.005986919],[-44.029887586,-23.007670353999995],[-44.038079538,-23.011693245999997],[-44.03942296899999,-23.010132376],[-44.04180476199999,-23.010454788999994],[-44.041647877,-23.00638500399999],[-44.04485640199999,-23.007662357999997],[-44.047157446,-23.011510777000005],[-44.053151930000006,-23.007118214],[-44.052497415999994,-23.003304705],[-44.04975189099999,-23.000916199],[-44.046950448,-23.002172148000003],[-44.042781391,-23.000054140000003],[-44.039790559,-23.000178323],[-44.03482707,-22.996258344999998],[-44.03338244100001,-22.999976926],[-44.030376136,-23.000068649999996],[-44.030048033,-22.996011605000003],[-44.029081572,-22.998128939]]],[[[-44.041152415,-22.99042308199999],[-44.04463124299999,-22.989252902],[-44.04295242,-22.986599729],[-44.04026061,-22.988382169],[-44.041152415,-22.99042308199999]]],[[[-44.00705913099999,-22.965300181],[-44.006788659,-22.965248529999997],[-44.007051982,-22.965389604000002],[-44.00705913099999,-22.965300181]]],[[[-44.006295098,-22.96460856],[-44.00612555899999,-22.964289713],[-44.006028165,-22.964545455],[-44.006295098,-22.96460856]]],[[[-44.00141758099999,-22.962974931],[-43.999506309,-22.961931986999993],[-44.00127979599999,-22.963199306000003],[-44.00141758099999,-22.962974931]]],[[[-43.998406185,-22.960165698999997],[-43.998032534,-22.960185990000003],[-43.99813885,-22.960361721000005],[-43.998406185,-22.960165698999997]]],[[[-44.00866195799999,-22.94814360199999],[-44.008874041,-22.946820101000004],[-44.007887102999995,-22.947079835999997],[-44.00866195799999,-22.94814360199999]]],[[[-43.99106149599999,-22.84677710700001],[-43.98844759999999,-22.846485038],[-43.983680178,-22.849168045000003],[-43.98102335,-22.847900249000002],[-43.97418190399999,-22.854524129],[-43.980411376999996,-22.865956807],[-43.97684951699999,-22.870471614999996],[-43.973462061999996,-22.871819002],[-43.97395698099999,-22.876184110000004],[-43.964872248,-22.886352272],[-43.960141858,-22.88562599],[-43.95778341199999,-22.88782196],[-43.950283274,-22.887125882],[-43.942271458,-22.884673614999997],[-43.938972159,-22.881190616],[-43.93767048099999,-22.884690441],[-43.93838167799999,-22.887830349000005],[-43.936053689999994,-22.892181665],[-43.92724226299999,-22.894497946],[-43.921969960999995,-22.894138513999998],[-43.92109602399999,-22.893118035000004],[-43.922471417,-22.890434015],[-43.913256268,-22.884540144999995],[-43.905840155,-22.886188391],[-43.893022315,-22.881809213000004],[-43.88732244999999,-22.884129354],[-43.885644606999996,-22.885586953999994],[-43.880896772999996,-22.913984919],[-43.88195942699999,-22.920906355999996],[-43.885570227,-22.922274022999996],[-43.889290265,-22.921376399],[-43.894343487,-22.922656727999996],[-43.89652063799999,-22.924849050999995],[-43.91048056899999,-22.931043091999992],[-43.93241044399999,-22.928908602000003],[-43.939983518,-22.930449154999998],[-43.95039515399999,-22.926895588999997],[-43.95430627699999,-22.927452913999996],[-43.955288709,-22.929294801999994],[-43.964889493,-22.93443991599999],[-43.976411216,-22.93139228699999],[-43.981947725,-22.932675396],[-43.98358169099999,-22.934641286999994],[-43.989559235,-22.93599336400001],[-43.98953694099999,-22.938997279],[-43.990910322,-22.940269478999994],[-43.997538267,-22.941986042],[-44.005856944,-22.942136024999993],[-44.012283949,-22.945926521999997],[-44.01088266399999,-22.948068675999995],[-44.012845455999994,-22.951243357999996],[-44.018006693,-22.952109993],[-44.022826208,-22.956294191],[-44.023477279,-22.960408385999997],[-44.020922123999995,-22.961129446999998],[-44.021333387999995,-22.962648382000005],[-44.02408771699999,-22.963510316999997],[-44.026174817,-22.962308951000004],[-44.030524477,-22.964268861000004],[-44.03277822,-22.971135743999998],[-44.032629073,-22.981059796],[-44.033574131,-22.980293239],[-44.034035768,-22.981441221999997],[-44.042940285,-22.984531284000003],[-44.047293462,-22.984504252000004],[-44.055920269,-22.980828808999995],[-44.052685003,-22.973067075999992],[-44.04751518599999,-22.970819884],[-44.044637439,-22.965428673999998],[-44.041985058,-22.963369569999998],[-44.042654592,-22.960097084999997],[-44.04590778299999,-22.956582049999998],[-44.044066437,-22.954197808],[-44.040298060999994,-22.952823573],[-44.039832398,-22.950787579999997],[-44.041033051,-22.94740059],[-44.047314547,-22.941982315],[-44.053774749999995,-22.942293359],[-44.054336803999995,-22.944634081],[-44.05805045,-22.944398060999998],[-44.06104974299999,-22.946154486],[-44.062504631,-22.949565438],[-44.07427169899999,-22.952049185000003],[-44.079318071,-22.956700636],[-44.08132769299999,-22.959499871000002],[-44.08016083,-22.961456079999998],[-44.081573511,-22.965123774],[-44.079434079,-22.968918475999995],[-44.076044069,-22.96909903],[-44.07564989899999,-22.972979117000005],[-44.078547025,-22.97630167899999],[-44.077623553,-22.978805226999995],[-44.0812278,-22.984576249000003],[-44.080443093999996,-22.986102423999995],[-44.082580323,-22.992990533999997],[-44.08797989199999,-22.992561887],[-44.096100428,-22.995611201999992],[-44.096672346,-22.998057320999997],[-44.094712269999995,-22.998705741999995],[-44.095940894,-23.004857574999992],[-44.099526876,-23.009200935000003],[-44.103930419,-23.010428514],[-44.10474348699999,-23.014603004999998],[-44.107722664,-23.015426654000002],[-44.11334568699999,-23.023203432],[-44.124401401,-23.026304941999996],[-44.127384039,-23.028802857999995],[-44.127131313,-23.030669445],[-44.129879355,-23.03119106899999],[-44.129800594,-23.032483468000002],[-44.13661888699999,-23.033247355000004],[-44.144690684,-23.036032048],[-44.146887065,-23.035002761000005],[-44.150340783,-23.036036582000005],[-44.152606312,-23.041017758999995],[-44.154108614,-23.040717090999998],[-44.154357198999996,-23.036171181000004],[-44.15737768799999,-23.034917504],[-44.15473828299999,-23.035471267],[-44.159635452,-23.033275693],[-44.160224336,-23.031782661],[-44.165660116999995,-23.033936807999993],[-44.16618524399999,-23.028603663],[-44.164787498,-23.025867149],[-44.16617934599999,-23.015251359999997],[-44.163215371999996,-23.011902966000005],[-44.163240335999994,-23.008281397999998],[-44.16769885899999,-23.003356049],[-44.168518875,-22.996206275],[-44.172377868,-22.988653473000003],[-44.17242478499999,-22.984165066000003],[-44.178861211000005,-22.980499527999992],[-44.17819705,-22.973007303999996],[-44.181865528,-22.967048822999992],[-44.183982796,-22.958801516],[-44.187655676,-22.951827921],[-44.187429445999996,-22.940679736000003],[-44.193107696999995,-22.92810331699999],[-44.182404201999994,-22.925472958999997],[-44.178117678,-22.928064051],[-44.17459781699999,-22.92771119699999],[-44.173057388,-22.922617363999997],[-44.174062666,-22.920648493],[-44.172410192,-22.919150949000002],[-44.17413258199999,-22.915688863],[-44.169843254999996,-22.912673698],[-44.167827079999995,-22.906689729000004],[-44.16461373199999,-22.903501348999992],[-44.15512339699999,-22.902162989],[-44.152016278,-22.893631042000003],[-44.15023308199999,-22.892918874],[-44.14907758199999,-22.890001729999998],[-44.14422087700001,-22.887047970999998],[-44.142540986,-22.882409983],[-44.133339229,-22.877553513],[-44.127780501,-22.877221991000003],[-44.12470742099999,-22.874996798000005],[-44.124236711,-22.872720570999995],[-44.118816973,-22.867335571],[-44.11913547399999,-22.862736688],[-44.117516459,-22.860810055999995],[-44.11155808200001,-22.859231531000002],[-44.113062471,-22.86108017999999],[-44.111940622,-22.86459337999999],[-44.104273537999994,-22.86894404099999],[-44.10237142399999,-22.872680741],[-44.094484868,-22.877671627999998],[-44.088468936999995,-22.883643149999997],[-44.07920815999999,-22.879371172000003],[-44.071306441,-22.878167433999995],[-44.064187295,-22.880607909],[-44.058552388,-22.878249263],[-44.05151490299999,-22.877705564999996],[-44.045259007999995,-22.882985263999995],[-44.041582277,-22.883233617000002],[-44.036228381,-22.879331670999996],[-44.032748292,-22.878847234999995],[-44.027713976,-22.875905636999995],[-44.026327319,-22.873481489],[-44.018955937,-22.871147633999996],[-44.014088066999996,-22.864537324999997],[-44.009073224,-22.862206440000005],[-44.009090705,-22.860543472],[-44.003786379999994,-22.859042357999993],[-44.000547188999995,-22.853069137999995],[-43.999089386,-22.845080123999995],[-43.990228879,-22.842351200999996],[-43.99106149599999,-22.84677710700001]]],[[[-43.953408716999995,-23.022427351],[-43.95095305,-23.025255754],[-43.95294518499999,-23.026161921999996],[-43.95421116199999,-23.024962819000002],[-43.95345810599999,-23.023667570000004],[-43.95492172899999,-23.023451609999995],[-43.953408716999995,-23.022427351]]],[[[-43.944030899,-23.020080506999992],[-43.94495504399999,-23.024226857999995],[-43.94772624,-23.024629277000003],[-43.946032040999995,-23.020789113],[-43.944030899,-23.020080506999992]]],[[[-43.943995474999994,-23.018412557999998],[-43.943476033,-23.019136023],[-43.94460343,-23.019291844000005],[-43.943995474999994,-23.018412557999998]]],[[[-43.940596677,-23.016144625999992],[-43.940109238,-23.016637143],[-43.94074938999999,-23.016641767999992],[-43.940596677,-23.016144625999992]]],[[[-43.940610846999995,-23.015416334999998],[-43.940347488,-23.015192251000006],[-43.940263285,-23.015319417000004],[-43.940610846999995,-23.015416334999998]]],[[[-43.96558274499999,-23.015418468999997],[-43.965417471,-23.015023565999993],[-43.965350468,-23.015148419],[-43.96558274499999,-23.015418468999997]]],[[[-43.964940034,-23.013670708],[-43.96479345499999,-23.012654279000003],[-43.964408363,-23.012808834999994],[-43.964940034,-23.013670708]]],[[[-43.949510393999994,-23.005625593],[-43.95035193799999,-23.008728330999997],[-43.952653135,-23.00986117099999],[-43.954646612999994,-23.005306334999997],[-43.949510393999994,-23.005625593]]],[[[-43.94857817,-23.004754406999997],[-43.948376225,-23.004050196],[-43.94837956799999,-23.00462913],[-43.94857817,-23.004754406999997]]],[[[-43.944594015,-23.003946299999996],[-43.945463278999995,-23.004063222999992],[-43.945393311,-23.00386895199999],[-43.944594015,-23.003946299999996]]],[[[-43.946227638,-23.004265688],[-43.947162002,-23.003769402999996],[-43.945979741,-23.00350561299999],[-43.946227638,-23.004265688]]],[[[-43.94378098699999,-23.004106646],[-43.94331981999999,-23.00357076],[-43.943076556,-23.003747592999996],[-43.94378098699999,-23.004106646]]],[[[-43.947600812,-23.003512067000003],[-43.948014263,-23.003892983000004],[-43.948178541,-23.003407143000004],[-43.947600812,-23.003512067000003]]],[[[-43.953109939,-23.003521533999997],[-43.95481444199999,-23.002382712999996],[-43.95211084499999,-23.000846434999996],[-43.953109939,-23.003521533999997]]],[[[-43.946797941999996,-22.960886349],[-43.950780394999995,-22.960672880999997],[-43.951909559,-22.95994533],[-43.947069386,-22.959342015],[-43.946797941999996,-22.960886349]]],[[[-43.96565519699999,-22.943696184000007],[-43.966449229,-22.94511787],[-43.96716518899999,-22.945581793],[-43.96729646599999,-22.943410942],[-43.96565519699999,-22.943696184000007]]],[[[-43.96371686199999,-22.944451239999996],[-43.963145988,-22.943418086999998],[-43.961263992999996,-22.943248643000004],[-43.962273081,-22.94466254899999],[-43.96371686199999,-22.944451239999996]]],[[[-43.959975332,-22.933388567999998],[-43.959598756,-22.933229879],[-43.959844751,-22.933514525000003],[-43.959975332,-22.933388567999998]]],[[[-43.96104759999999,-22.932843022999997],[-43.960701649,-22.932664212999995],[-43.960906394999995,-22.932917799],[-43.96104759999999,-22.932843022999997]]],[[[-43.79299353799999,-23.063938762999996],[-43.847054516,-23.071775208000002],[-43.882096247999996,-23.074743242000004],[-43.954296548,-23.086955806999992],[-43.96955521099999,-23.091160617999993],[-43.97098949099999,-23.094357400999996],[-43.973213563,-23.093824870999992],[-43.97986557499999,-23.098738124999997],[-43.987997467,-23.102400381],[-43.99615596899999,-23.101167763],[-43.998451651,-23.096381871000002],[-44.00646495299999,-23.096475378],[-44.00530709299999,-23.09497834700001],[-44.005778923,-23.093906531999995],[-44.00798089,-23.093982974999996],[-44.009144275,-23.08580811],[-44.00755973099999,-23.082962948],[-44.010742379,-23.079306504],[-44.012044863999996,-23.079738741],[-44.00672000000001,-23.072053234],[-44.005501159,-23.071883350999997],[-44.00423868,-23.074187636],[-44.001959697,-23.073830720000004],[-43.992200706,-23.065837931],[-43.99098236199999,-23.06364051899999],[-43.991720563,-23.057630473999996],[-43.988699051,-23.057259808000005],[-43.986910257999995,-23.059958113000004],[-43.982458712,-23.058178778],[-43.977851588,-23.049580034],[-43.97372209,-23.045504075000004],[-43.965052467,-23.044230830999993],[-43.963324872,-23.041948720999997],[-43.961525130999995,-23.043106927999993],[-43.95443353499999,-23.040926392000003],[-43.947477789,-23.050441478999993],[-43.939556304,-23.052445371],[-43.933390888999995,-23.05716498],[-43.916100795999995,-23.059274089999988],[-43.89946681,-23.068795595999998],[-43.892430156,-23.069448485],[-43.88232275699999,-23.066996295999996],[-43.878361977999994,-23.062616575999996],[-43.876813338,-23.056609537000003],[-43.877396546,-23.04983126799999],[-43.881018394,-23.042102751000005],[-43.885650315,-23.040192391],[-43.89438517899999,-23.032994661],[-43.908802050999995,-23.026195317],[-43.91291773399999,-23.020876072000007],[-43.91034532599999,-23.021545487],[-43.908463174999994,-23.025064200000003],[-43.900689148,-23.029627513999998],[-43.842101291999995,-23.05438769],[-43.817536674,-23.060038714999997],[-43.793140978,-23.061456333],[-43.79299353799999,-23.063938762999996]]],[[[-43.93049572499999,-23.012716765999997],[-43.930431482,-23.011925640999998],[-43.93027101999999,-23.01310184999999],[-43.93049572499999,-23.012716765999997]]],[[[-43.92540958899999,-23.007604168999997],[-43.92466906199999,-23.007593178000004],[-43.925354883,-23.007684507999997],[-43.92540958899999,-23.007604168999997]]],[[[-43.91662658599999,-22.990521613],[-43.91767573399999,-22.995089621999995],[-43.922272115,-22.997224330000005],[-43.924990282,-22.999822440000003],[-43.92675903799999,-23.004439622999996],[-43.931236960999996,-23.007651187],[-43.93045642300001,-23.011789324000002],[-43.935454471,-23.015082082000003],[-43.933626927,-23.010211519999995],[-43.937623046,-23.007410611000005],[-43.93740100499999,-22.998678258],[-43.931951225999995,-22.996897752],[-43.93089970700001,-22.992604307000004],[-43.927464233,-22.988897002999995],[-43.923036839999995,-22.991495503000003],[-43.92030580299999,-22.988799043999993],[-43.91772124599999,-22.988487356999997],[-43.91662658599999,-22.990521613]]],[[[-43.91228565,-22.996675509],[-43.912956457,-22.996271858],[-43.91227340799999,-22.996146907000004],[-43.91228565,-22.996675509]]],[[[-43.915956214999994,-22.995455931000006],[-43.916766933999995,-22.995313185],[-43.916216939,-22.994718399000003],[-43.915956214999994,-22.995455931000006]]],[[[-43.90790968299999,-22.991141313999996],[-43.910283756,-22.995199126],[-43.913475386,-22.995413129],[-43.910135736,-22.990503712],[-43.908497742,-22.989620203],[-43.90790968299999,-22.991141313999996]]],[[[-43.918638708,-22.986120323999998],[-43.920903720999995,-22.988045734999996],[-43.923282554,-22.98755337399999],[-43.92187878599999,-22.98538436799999],[-43.919353831,-22.985000197],[-43.918638708,-22.986120323999998]]],[[[-43.92398318899999,-22.982577499],[-43.923092765999996,-22.983806397000002],[-43.92385449099999,-22.984170386],[-43.92398318899999,-22.982577499]]],[[[-43.9354053,-22.982207953],[-43.93533280399999,-22.981107198999993],[-43.93465916900001,-22.981314187999992],[-43.9354053,-22.982207953]]],[[[-43.909097201,-22.979457898000003],[-43.90738488,-22.981690005999997],[-43.91046735,-22.983634358],[-43.913721364,-22.983851654],[-43.915094016,-22.98255872],[-43.915250658,-22.980651063],[-43.91382769399999,-22.979783880999996],[-43.909097201,-22.979457898000003]]],[[[-43.916346695,-22.977891692999997],[-43.916622788,-22.978324524000005],[-43.91721970799999,-22.978833972999993],[-43.916346695,-22.977891692999997]]],[[[-43.911108129999995,-22.96208826899999],[-43.912183113,-22.960810304999995],[-43.910939719,-22.960313972999995],[-43.911108129999995,-22.96208826899999]]],[[[-43.873889297,-22.958559430999998],[-43.872558622,-22.957661819],[-43.872220252999995,-22.957878482000005],[-43.873889297,-22.958559430999998]]],[[[-43.927943318,-22.947307241999994],[-43.928051412,-22.948618396],[-43.929010325,-22.948885915999995],[-43.927943318,-22.947307241999994]]],[[[-43.92369356999999,-22.945668984999998],[-43.922842419999995,-22.944142373999995],[-43.922178127,-22.944317437],[-43.92369356999999,-22.945668984999998]]],[[[-43.915472189999996,-22.941973262],[-43.92006755,-22.944909548],[-43.920837379,-22.944709129999996],[-43.921064771,-22.942169742],[-43.919036098999996,-22.9407681],[-43.915205207,-22.939432613999994],[-43.915472189999996,-22.941973262]]],[[[-43.882386862999994,-22.948827701999996],[-43.886254836,-22.948189929999995],[-43.892363762,-22.95399996400001],[-43.892594376999995,-22.956353902999997],[-43.896892223,-22.958607616000002],[-43.907020566,-22.958665436],[-43.90999954099999,-22.95611810600001],[-43.907204464,-22.953670669000005],[-43.908960897,-22.952479897999996],[-43.90666910899999,-22.951809202],[-43.90539431,-22.94878183899999],[-43.90879992699999,-22.94446947],[-43.91279553399999,-22.94396284899999],[-43.913006352,-22.942758822000005],[-43.910926797,-22.941385207999996],[-43.912390529,-22.935208218999996],[-43.908102283,-22.935400893],[-43.905640781,-22.933971694000004],[-43.904235799999995,-22.930926912],[-43.90199907,-22.930366621999998],[-43.897299771,-22.932988565],[-43.893875066999996,-22.933004427999997],[-43.89353737,-22.93408824599999],[-43.892356463999995,-22.933545229000003],[-43.892668474,-22.928247424],[-43.888176969,-22.928986230000007],[-43.886872225,-22.931734751],[-43.882460189999996,-22.924842886999997],[-43.882386862999994,-22.948827701999996]]],[[[-43.887151206,-22.926774472],[-43.888081398999994,-22.927926514999996],[-43.887951005,-22.926770671],[-43.887151206,-22.926774472]]]]}},{"type":"Feature","properties":{"code_muni":"3302700","name_muni":"Maricá","abbrev_state":"RJ"},"geometry":{"type":"MultiPolygon","coordinates":[[[[-42.929360373,-23.024928089],[-42.92907257099999,-23.025182334000004],[-42.92931448699999,-23.025228502000004],[-42.929360373,-23.024928089]]],[[[-42.925382772999995,-23.020666159],[-42.927881138,-23.024294199000003],[-42.928962897999995,-23.024278973],[-42.92736231599999,-23.021522791999995],[-42.925382772999995,-23.020666159]]],[[[-42.920903143000004,-23.012874146999998],[-42.91349248299999,-23.007524960999998],[-42.913078014,-23.008929000000006],[-42.916677553,-23.011760094999993],[-42.919567779,-23.016649091],[-42.923895511,-23.018638142999997],[-42.920903143000004,-23.012874146999998]]],[[[-42.90690386299999,-23.005575354999998],[-42.907698642999996,-23.00744641],[-42.90878758699999,-23.007529281],[-42.90690386299999,-23.005575354999998]]],[[[-42.907712198,-23.004688683],[-42.90780363299999,-23.00575058],[-42.909463701,-23.005996276],[-42.907712198,-23.004688683]]],[[[-42.691005835999995,-22.962129837],[-42.692232809,-22.962136406000003],[-42.692289877,-22.96205758599999],[-42.691005835999995,-22.962129837]]],[[[-42.731305118,-22.841734579],[-42.72945172699999,-22.840808518],[-42.72668131900001,-22.844988558999994],[-42.724718662,-22.845239364999994],[-42.724362029,-22.847907061999997],[-42.722136938,-22.848233002],[-42.71624985099999,-22.853678337],[-42.703934632999996,-22.852085776999996],[-42.700278927999996,-22.850149532999996],[-42.699721522,-22.854155765],[-42.696404883999996,-22.857259313],[-42.691296554000004,-22.855512157999996],[-42.686901468,-22.854901137999992],[-42.684078432,-22.855996506999997],[-42.677715319,-22.854272746999996],[-42.675777587,-22.855717607999996],[-42.670118071,-22.855687432999993],[-42.66594803899999,-22.858193795],[-42.65993829699999,-22.859011178999992],[-42.66187188399999,-22.863454505],[-42.669182821999996,-22.868735942999997],[-42.671835470999994,-22.872755396],[-42.674094599,-22.873177362999996],[-42.677190053,-22.877726097],[-42.67786375199999,-22.883024997999996],[-42.676389215,-22.88803151899999],[-42.678955306,-22.896136008],[-42.67388564099999,-22.903648531],[-42.679630305,-22.908794979],[-42.676002071,-22.910805530999994],[-42.67349424399999,-22.909707896],[-42.670234754999996,-22.911032477999996],[-42.66762481799999,-22.910409503],[-42.665346563,-22.907446391],[-42.66309765599999,-22.908157103999997],[-42.655214828,-22.903848095],[-42.646585465,-22.907865310000002],[-42.63806866099999,-22.917869814],[-42.63419090499999,-22.919736056000005],[-42.641646226,-22.935509162000002],[-42.641212390999996,-22.937537785],[-42.669401521999994,-22.942341881000004],[-42.680478650999994,-22.946157652999997],[-42.682499324,-22.949385204],[-42.681484336,-22.95105085300001],[-42.68265555499999,-22.957563220000004],[-42.689960911,-22.962103368],[-42.693533230999996,-22.961367097999997],[-42.695438874,-22.958003988],[-42.70021187099999,-22.956928195000003],[-42.727453876999995,-22.956181241],[-42.870709177,-22.965649250999995],[-42.890606047999995,-22.968870947999996],[-42.91377991,-22.974776604000002],[-42.928485107,-22.974466346999993],[-42.966836324,-22.97000593],[-42.99488388099999,-22.96939691999999],[-43.01183953699999,-22.970658363],[-43.014425093,-22.974097206000003],[-43.01375387299999,-22.976777619999996],[-43.02344943199999,-22.971234680999995],[-43.024580195999995,-22.967491509999988],[-43.02202646899999,-22.96483918399999],[-43.021918274,-22.960527481000003],[-43.017130559,-22.957493443000008],[-43.012899633,-22.956718222],[-43.013763652,-22.955631777999997],[-43.01239983,-22.951438523000004],[-43.006748682,-22.949916691999995],[-43.003079399,-22.945272227999993],[-42.991873448999996,-22.940381243999994],[-42.990544123,-22.93677121699999],[-42.98137697699999,-22.930758978],[-42.982959362,-22.926887565999998],[-42.976022539999995,-22.922037757999995],[-42.974774093,-22.918823258],[-42.954515791000006,-22.90886533000001],[-42.952845497999995,-22.904234306000003],[-42.95681373800001,-22.900811125],[-42.954466086,-22.900928604999997],[-42.955972429,-22.893803361999996],[-42.937709565999995,-22.888255669999996],[-42.92685373399999,-22.882144698999998],[-42.91981323699999,-22.881775214000005],[-42.908749762,-22.878022623],[-42.905569704,-22.87937355],[-42.900955033,-22.877568329],[-42.895073120999996,-22.871124527],[-42.885450967,-22.867466715],[-42.881159224,-22.868370873000003],[-42.879077222,-22.870321549],[-42.87407178099999,-22.870388008000003],[-42.87133073099999,-22.868748893000003],[-42.86830693499999,-22.87205773499999],[-42.86403200499999,-22.872204308999997],[-42.861444092999996,-22.87663098599999],[-42.85739363999999,-22.877102621999995],[-42.853556079,-22.87125595299999],[-42.847119324999994,-22.872789539999996],[-42.84243021,-22.871042240000005],[-42.83580489,-22.870615457999996],[-42.82985679,-22.868071934999993],[-42.829326614,-22.863044551999998],[-42.82430199499999,-22.859019823],[-42.81988144299999,-22.859804981999996],[-42.81527094599999,-22.858924714],[-42.811333211000004,-22.856621349999998],[-42.800197529,-22.853714606999997],[-42.79746125799999,-22.852120377],[-42.797181894999994,-22.849768366999996],[-42.794624596999995,-22.849004175999994],[-42.78671598799999,-22.847728975000003],[-42.781263387,-22.84882461699999],[-42.76729001499999,-22.842669917000006],[-42.76116575599999,-22.844256751999996],[-42.761083264,-22.846058534000004],[-42.75647841399999,-22.850378257999996],[-42.748895972,-22.852088127],[-42.74427271599999,-22.847111953999995],[-42.735626051,-22.844768884999997],[-42.73356688,-22.840776159000004],[-42.731305118,-22.841734579]]]]}},{"type":"Feature","properties":{"code_muni":"3302809","name_muni":"Mendes","abbrev_state":"RJ"},"geometry":{"type":"Polygon","coordinates":[[[-43.71159856199999,-22.457449884],[-43.71081392399999,-22.460519594],[-43.706982708999995,-22.463431018],[-43.70375238199999,-22.459998750000008],[-43.701356611,-22.460809471],[-43.700045845,-22.459316700999995],[-43.698371138999995,-22.460671790999992],[-43.694935392,-22.459641116],[-43.693261517,-22.461746704000003],[-43.688434798,-22.463045356],[-43.700164289,-22.537295859999997],[-43.701632847999996,-22.537063957000004],[-43.702497741,-22.538662546],[-43.70178497199999,-22.542987185999994],[-43.703954667,-22.546253713999995],[-43.707555711,-22.546580673999998],[-43.71046788499999,-22.548314109],[-43.710514161,-22.549724825999995],[-43.71244211199999,-22.549545129],[-43.715169717,-22.552468648999998],[-43.724616078,-22.557182546000007],[-43.722590921,-22.562028293000004],[-43.723459956,-22.56437634],[-43.728686247999995,-22.563573674000004],[-43.733286385,-22.568478324000004],[-43.73531885999999,-22.568832544999996],[-43.736080605999994,-22.571795863],[-43.738846305,-22.572254556],[-43.740032899999996,-22.575831012999995],[-43.744161354999996,-22.576702156],[-43.743820459,-22.578399435],[-43.754208736,-22.58390350599999],[-43.754929464,-22.586128399999996],[-43.762504933,-22.591825765999992],[-43.76488875999999,-22.592265217000005],[-43.767047679,-22.594940850999997],[-43.769659502,-22.594093858999997],[-43.771471887,-22.595524305999998],[-43.77260743899999,-22.599681538999995],[-43.770232623,-22.602205350999995],[-43.770649054,-22.605919251000003],[-43.77182337299999,-22.606095766],[-43.775747450999994,-22.600372444999998],[-43.774499532,-22.599037452999998],[-43.776293194999994,-22.596968397999998],[-43.77439147199999,-22.595573508],[-43.771228732,-22.588046688000002],[-43.773964289,-22.587276988],[-43.77885827299999,-22.580716138],[-43.776854052,-22.575231005000003],[-43.77899893199999,-22.572681233],[-43.775990538,-22.568716247999998],[-43.776266029999995,-22.566976743999994],[-43.782920034,-22.563934211],[-43.783597822,-22.558744571],[-43.786321257,-22.557308039],[-43.786091578,-22.553290136999994],[-43.788142592,-22.550624406000004],[-43.789279893999996,-22.550377115],[-43.790249558000006,-22.552198562],[-43.793389867,-22.548839329999996],[-43.797622695,-22.551881075999994],[-43.78904687499999,-22.534439362],[-43.78361288199999,-22.532136690999994],[-43.780764468,-22.533051649],[-43.77773198599999,-22.531191478000004],[-43.76991926099999,-22.517958945999997],[-43.765776217,-22.458793339999996],[-43.75389237899999,-22.459980193000003],[-43.74987659899999,-22.462226548],[-43.749055897,-22.463443312],[-43.751693823,-22.465889751999995],[-43.749633269,-22.471365392999996],[-43.745322448,-22.473321316999996],[-43.741070203,-22.482383376999994],[-43.739574173,-22.481793165],[-43.735612951,-22.483853894000003],[-43.72926007299999,-22.477735779999996],[-43.721429882,-22.466907743999997],[-43.715129256000004,-22.455036444],[-43.71159856199999,-22.457449884]]]}},{"type":"Feature","properties":{"code_muni":"3302858","name_muni":"Mesquita","abbrev_state":"RJ"},"geometry":{"type":"Polygon","coordinates":[[[-43.42293766299999,-22.76434092],[-43.418655092,-22.768449781999994],[-43.410744653,-22.768069156000003],[-43.397142259,-22.777594540999996],[-43.41006728,-22.791368157999997],[-43.421154811,-22.798619513000002],[-43.428118551,-22.801380079],[-43.429583867999995,-22.804508698],[-43.436739267,-22.80868024299999],[-43.442509448,-22.815389611],[-43.443221882,-22.818893858999996],[-43.448402997,-22.826030871999997],[-43.45254246299999,-22.827797429999997],[-43.456541097999995,-22.832000095999998],[-43.469388871999996,-22.840517875999996],[-43.482420575,-22.830431704],[-43.490062317,-22.815514928000006],[-43.496319569,-22.813838845],[-43.491645224,-22.802235083],[-43.50194821699999,-22.79561123299999],[-43.502394521999996,-22.793348930000004],[-43.47172351399999,-22.788069594000003],[-43.468650593,-22.782474872],[-43.46260720699999,-22.783682948],[-43.46194253099999,-22.781834857999993],[-43.459157796,-22.781733658999993],[-43.456354023,-22.779100997999997],[-43.451541984,-22.778178235000002],[-43.44800314399999,-22.776653767000003],[-43.447428519999995,-22.774889318],[-43.442312056999995,-22.773646915999997],[-43.43226128599999,-22.765976249999998],[-43.427661834,-22.767396756999997],[-43.42293766299999,-22.76434092]]]}},{"type":"Feature","properties":{"code_muni":"3302908","name_muni":"Miguel Pereira","abbrev_state":"RJ"},"geometry":{"type":"Polygon","coordinates":[[[-43.491452722999995,-22.420000172999995],[-43.438689677999996,-22.445633625999996],[-43.44245114699999,-22.449029366],[-43.442366681,-22.451164427999988],[-43.434703094999996,-22.460579369999998],[-43.436628261,-22.464050166999993],[-43.439919894,-22.464245952999992],[-43.44082949199999,-22.46878386299999],[-43.437946708999995,-22.471091423],[-43.43692634399999,-22.474564623000003],[-43.431143074999994,-22.47469772699999],[-43.430527326,-22.476228537999997],[-43.428701131,-22.475085836],[-43.429285359999994,-22.471916396999994],[-43.424125837000005,-22.471374399000002],[-43.420078664,-22.468789754999996],[-43.415141651,-22.470020770999998],[-43.41156395099999,-22.46896615],[-43.408712325,-22.470307558000002],[-43.404575584,-22.46970034],[-43.40301644099999,-22.467609465],[-43.394802677,-22.463457332000008],[-43.38345305099999,-22.460777280000002],[-43.37635927400001,-22.454261456],[-43.373660814,-22.454663387],[-43.374239812,-22.451717336000005],[-43.36956884399999,-22.451795111000003],[-43.368904311,-22.453247070999996],[-43.36573710999999,-22.453697631999997],[-43.36415950799999,-22.450428098],[-43.358732096999994,-22.450744131],[-43.35610142499999,-22.448683287999998],[-43.353707871999994,-22.449786253],[-43.351835471,-22.448529548999993],[-43.34901980099999,-22.452566883],[-43.345346675,-22.450778538999998],[-43.335947471999994,-22.454504306999997],[-43.330459461,-22.453358140999995],[-43.326005127,-22.458122748999997],[-43.320346505,-22.459006223999992],[-43.31320844199999,-22.454514189],[-43.308748978000004,-22.456139261999994],[-43.306220473,-22.455071534],[-43.305372762999994,-22.456704346999995],[-43.302207093,-22.452860884999996],[-43.298666137999994,-22.451102861999995],[-43.297973477,-22.455381024],[-43.29473399,-22.457742758999995],[-43.289473949,-22.457953617999998],[-43.28849843,-22.462297461000006],[-43.293418392,-22.465648086],[-43.297415771999994,-22.46429575799999],[-43.296865854,-22.465537028],[-43.300187844,-22.469127586],[-43.301919713,-22.473889731000003],[-43.29637257,-22.475714442],[-43.299628711,-22.48234967599999],[-43.312628838,-22.49534083],[-43.317162259,-22.497046865000005],[-43.328157571999995,-22.510915454],[-43.33218418300001,-22.512517685],[-43.330132244,-22.516744748999994],[-43.33196589500001,-22.519220556000008],[-43.345044521999995,-22.520459742000003],[-43.353739716,-22.522936524000002],[-43.35627335,-22.522182111999996],[-43.360404211,-22.525842516000004],[-43.36738304899999,-22.526831124999998],[-43.369794828,-22.525900837],[-43.371212184,-22.52255761],[-43.374966396,-22.520635194999997],[-43.37929384,-22.523397182],[-43.38032577,-22.52680102],[-43.382875629,-22.529251856],[-43.389130451999996,-22.532298912999995],[-43.39587600299999,-22.531139861],[-43.40538443799999,-22.534610256],[-43.40988370499999,-22.53180172],[-43.412960848,-22.534923083999995],[-43.415758876999995,-22.534948368000002],[-43.41950321099999,-22.538052601999997],[-43.42322533099999,-22.536366749000003],[-43.423835966,-22.533780839000002],[-43.431113521,-22.533213808],[-43.43519975299999,-22.529797728],[-43.440679662,-22.530666925999995],[-43.44578924599999,-22.526012479999995],[-43.457442733,-22.531995694000003],[-43.462471262,-22.538220131],[-43.469243526,-22.536159397000002],[-43.474211892,-22.540932812999994],[-43.484485002,-22.545791638999997],[-43.48657509,-22.549065876000007],[-43.48786809999999,-22.548264687000003],[-43.48977975399999,-22.549620161999997],[-43.4912514,-22.548495282],[-43.49193513899999,-22.551762274999998],[-43.498318129999994,-22.554394556999995],[-43.497801873,-22.559186256000004],[-43.501098057,-22.561555781999996],[-43.500746899999996,-22.56384227099999],[-43.506943923,-22.565758359000007],[-43.510048157,-22.571832262999994],[-43.51560141099999,-22.569652291999994],[-43.51823837199999,-22.571112733999996],[-43.52190713499999,-22.567111300999997],[-43.526314942,-22.569144301000005],[-43.53000369899999,-22.56593477],[-43.533587196,-22.565685035999998],[-43.536566678999996,-22.569764931],[-43.541493974,-22.56517185999999],[-43.542891616,-22.569215207999996],[-43.550534895,-22.573441529999997],[-43.556177886,-22.567408099999998],[-43.559981279,-22.567146041],[-43.56089750099999,-22.5708017],[-43.55879397399999,-22.572774750999997],[-43.560516962,-22.57927906400001],[-43.56340681799999,-22.580262898999994],[-43.56453413,-22.576658003999995],[-43.573875328,-22.578657130999996],[-43.57713216599999,-22.577410583],[-43.580579349,-22.578976278],[-43.58078762299999,-22.580672764],[-43.585296565,-22.582680513999996],[-43.583725181,-22.587153835999995],[-43.589260552999995,-22.593172277],[-43.602178749,-22.599529509999996],[-43.603446764000005,-22.604943246999994],[-43.611818033,-22.607677730999992],[-43.621728402,-22.616598766],[-43.628825176999996,-22.625724077999994],[-43.622729832,-22.642222147],[-43.66057615599999,-22.619648968999993],[-43.647050703999994,-22.609165659000002],[-43.642610527,-22.608024544999996],[-43.63998445699999,-22.603137949],[-43.617859496,-22.588564345999995],[-43.601318165,-22.573226831999992],[-43.597446223999995,-22.568073651999995],[-43.56182166899999,-22.500059291],[-43.554810531,-22.526479152000004],[-43.539700139999994,-22.45107269],[-43.537662201,-22.449405598],[-43.53480642499999,-22.449368914999997],[-43.53214062399999,-22.446775085],[-43.531488108,-22.442407420000002],[-43.52375946299999,-22.442878954],[-43.517154791,-22.447364987999997],[-43.514445148,-22.443274912999993],[-43.510305044999996,-22.441036825000005],[-43.508457264,-22.436660672999995],[-43.50487079,-22.434786323999997],[-43.503309079,-22.431654848999994],[-43.50785503299999,-22.430080007000004],[-43.50832501899999,-22.426613515999996],[-43.491452722999995,-22.420000172999995]]]}},{"type":"Feature","properties":{"code_muni":"3303005","name_muni":"Miracema","abbrev_state":"RJ"},"geometry":{"type":"Polygon","coordinates":[[[-42.147898683,-21.306187185999992],[-42.142931851,-21.306197301],[-42.142981745,-21.30910104],[-42.138549340999994,-21.312823261],[-42.131763621,-21.307398473],[-42.12998513,-21.311304950999997],[-42.13210803,-21.317880668999994],[-42.125178923,-21.319672611999998],[-42.11868710899999,-21.333628989999998],[-42.108794329,-21.339048314],[-42.101874901,-21.33766182999999],[-42.098441349,-21.338416048999992],[-42.09553639,-21.342798510999994],[-42.092431049,-21.344132346000002],[-42.096446594,-21.348433375000003],[-42.088236786,-21.352238635000003],[-42.081199971,-21.352775572],[-42.07915532999999,-21.355090076999996],[-42.072914936,-21.355875660000002],[-42.070543606,-21.352255542999995],[-42.06553377,-21.354957518],[-42.06171868799999,-21.353992775],[-42.05805186599999,-21.354797858999994],[-42.053692620999996,-21.353001840000005],[-42.05018431599999,-21.354038803],[-42.047187928,-21.352428976],[-42.04514363399999,-21.347545589],[-42.034643953,-21.343371387],[-42.033653278,-21.347913131000002],[-42.037670967,-21.356514141],[-42.039697916,-21.366056433999997],[-42.028615767,-21.376502867000006],[-42.028734654999994,-21.379039751999994],[-42.03216524999999,-21.383888926],[-42.029971414,-21.390722095],[-42.037492144,-21.39600563799999],[-42.04060516399999,-21.400056121],[-42.04469743,-21.409130389999994],[-42.04579105999999,-21.41576652599999],[-42.050150851999994,-21.417286472],[-42.052185713,-21.419470147999995],[-42.053746418,-21.424664515],[-42.053030859,-21.426448494000002],[-42.056231698,-21.428602539000003],[-42.05859326099999,-21.434401362999992],[-42.064373289,-21.435381032999995],[-42.074094897,-21.447120466],[-42.080629246,-21.450831049999998],[-42.082290868,-21.448080022999996],[-42.086914449999995,-21.446549474],[-42.089025676,-21.449946277],[-42.093642871,-21.45338849299999],[-42.10044091299999,-21.451208721],[-42.10689343599999,-21.452683347],[-42.109137333,-21.45894217],[-42.115217597,-21.46669765899999],[-42.12097254199999,-21.472337868],[-42.126182318,-21.473951485999997],[-42.129961955,-21.47103254],[-42.135580936,-21.469337365999998],[-42.137349508999996,-21.471098623],[-42.20229904399999,-21.468618109999998],[-42.237346977,-21.449940920999996],[-42.275375943,-21.427472203999994],[-42.275511716,-21.417962234999994],[-42.278040019,-21.414686679999996],[-42.27796482699999,-21.409119184000005],[-42.27592992899999,-21.407325076],[-42.275311701,-21.404179384999992],[-42.27067498899999,-21.400851862],[-42.26640292199999,-21.400141239],[-42.265250943,-21.403887011999995],[-42.2610803,-21.406544151000002],[-42.261388098999994,-21.409056642999996],[-42.260077288,-21.409731972],[-42.254429092,-21.409685674999995],[-42.251523974,-21.406826854999995],[-42.241500741,-21.405727309000003],[-42.237519226,-21.402162463],[-42.236350234999996,-21.395125366],[-42.237276167999994,-21.392822103],[-42.244845677,-21.39062301],[-42.248896636999994,-21.390866067999998],[-42.251975367,-21.38719705500001],[-42.240734581999995,-21.377521128999998],[-42.242429832,-21.372873118],[-42.237020168,-21.369694125999995],[-42.232334081999994,-21.369031283000005],[-42.230024234,-21.366494530999994],[-42.23094902,-21.362915247999997],[-42.229760552,-21.360216393999995],[-42.232322032,-21.356914091000004],[-42.23238310799999,-21.354208157],[-42.22936503,-21.35150234],[-42.236057523999996,-21.347898687],[-42.236829734,-21.345199090999998],[-42.235758818,-21.343101998999998],[-42.229120182,-21.339247415000003],[-42.223255384999995,-21.338098364],[-42.223900603,-21.335548492999994],[-42.221212764,-21.333277061999997],[-42.204577089000004,-21.326426189],[-42.197134739999996,-21.315299997000004],[-42.189957748999994,-21.313946354999995],[-42.18615955799999,-21.315412343999995],[-42.179316576,-21.313504041],[-42.175893679999994,-21.315699999000003],[-42.173569505,-21.313712071999998],[-42.16632806399999,-21.315160277999997],[-42.162499663,-21.318523141000004],[-42.158328175,-21.316968057999997],[-42.157482975,-21.312457831],[-42.150752848,-21.310013334999997],[-42.147898683,-21.306187185999992]]]}},{"type":"Feature","properties":{"code_muni":"3303104","name_muni":"Natividade","abbrev_state":"RJ"},"geometry":{"type":"Polygon","coordinates":[[[-41.911821998,-20.928905668],[-41.91107101,-20.933774176000004],[-41.913774086,-20.941068853999997],[-41.915571863,-20.943020641999993],[-41.917360175999995,-20.942889602000005],[-41.916605174999994,-20.944651446999995],[-41.918127586999994,-20.948242704999995],[-41.915480251,-20.949902483999995],[-41.914347725999995,-20.956908359999996],[-41.90994689,-20.959453708999995],[-41.90735481,-20.96538668199999],[-41.900954184,-20.967601331999997],[-41.898535608,-20.96622842],[-41.896289158,-20.96714787],[-41.89440784,-20.97328915],[-41.86695936899999,-20.972850226999995],[-41.86049700699999,-20.970215094999993],[-41.859494433,-20.964094366],[-41.85719213299999,-20.961729971],[-41.85834787899999,-20.955679460999992],[-41.85448387699999,-20.951189463],[-41.850522091,-20.953703614000005],[-41.84194649599999,-20.953974804000005],[-41.837421152999994,-20.957053952000003],[-41.833543673,-20.954864728],[-41.831362143999996,-20.951391484000006],[-41.829924201,-20.953873686999998],[-41.827886947,-20.953973376000008],[-41.826875119,-20.952409901],[-41.82303468,-20.952797341],[-41.81821301,-20.958658373],[-41.81728425199999,-20.962831618],[-41.81106421399999,-20.964927321],[-41.811786998,-20.96840598599999],[-41.81631474499999,-20.967005320000002],[-41.815152165,-20.971466134000003],[-41.817609780999994,-20.97484167],[-41.813528373,-20.976557823000004],[-41.809896142,-20.981931459999995],[-41.806597898,-20.984243268],[-41.801102192,-20.985593274],[-41.803193772,-20.992380955],[-41.801979666,-20.994784935],[-41.805584554,-20.994927337999997],[-41.808287806,-20.998674295999997],[-41.80804665099999,-21.004400770000004],[-41.809450054,-21.006461157],[-41.807006739,-21.008886765],[-41.807315591,-21.010504396],[-41.81033555599999,-21.013247471999996],[-41.81296020199999,-21.013597576999995],[-41.815125726,-21.019897830000005],[-41.81893342199999,-21.023526927999995],[-41.821968386,-21.02976514399999],[-41.829900445999996,-21.035417825999996],[-41.831620016,-21.040156529999994],[-41.835701161,-21.044052732],[-41.83604330599999,-21.048983338],[-41.838157648999996,-21.050900549999998],[-41.83770461799999,-21.055679335],[-41.84172147799999,-21.056682817999995],[-41.84205401,-21.05828289],[-41.84470356199999,-21.059259000000004],[-41.849163021,-21.059503049],[-41.850543729,-21.061940014],[-41.84602965199999,-21.067214044999993],[-41.846484634,-21.070728171999995],[-41.842215457,-21.070149211999997],[-41.842643646999996,-21.073453444],[-41.84172256699999,-21.074608191999992],[-41.83945702799999,-21.074312849],[-41.838592237,-21.075819936],[-41.839869733,-21.08299736],[-41.842331186,-21.083521507999993],[-41.84246900600001,-21.086376065],[-41.84687283499999,-21.09087238],[-41.853181248999995,-21.091712428999998],[-41.856610341999996,-21.095152427],[-41.860322380999996,-21.095458617999995],[-41.862856272,-21.099763876999997],[-41.871617615999995,-21.10177139],[-41.873472152999994,-21.103716367999997],[-41.872886169,-21.106431232],[-41.877357417,-21.116208975],[-41.881964617,-21.116203553000005],[-41.885113073999996,-21.117767253000004],[-41.89064660599999,-21.115686410999995],[-41.89429666699999,-21.117032327],[-41.897656981,-21.12010563000001],[-41.896656615,-21.125986342999997],[-41.899667924,-21.135518989999998],[-41.90461273499999,-21.137443019999996],[-41.907497174,-21.13402363300001],[-41.909322304,-21.135104053999996],[-41.91522947199999,-21.132189541000002],[-41.916856864,-21.129954008],[-41.919204868,-21.130708105999997],[-41.913351417,-21.136632273],[-41.915505481,-21.137805653999997],[-41.920979331,-21.136960610000003],[-41.921182429,-21.13938699],[-41.92603694200001,-21.146765969999997],[-41.924756371,-21.151431364999997],[-41.93020381600001,-21.154114954],[-41.92978368299999,-21.156247255],[-41.937493497,-21.152886527000003],[-41.943610627,-21.151949687],[-41.949839495,-21.146979388],[-41.956379816,-21.144801756999993],[-41.956600262,-21.141617589999996],[-41.962706389,-21.138338785999995],[-41.964574632,-21.134327914999993],[-41.97664564699999,-21.133715091999996],[-41.97714357499999,-21.132621787],[-41.974868365,-21.130280779],[-41.978153051,-21.121060555999996],[-41.991008236,-21.122994529],[-41.996721771999994,-21.12563745699999],[-42.003040115,-21.125314378000002],[-42.00703860499999,-21.122355819],[-42.00991281,-21.122400336],[-42.016090987999995,-21.126389291999995],[-42.01541822699999,-21.133176733999992],[-42.023128467999996,-21.136467786000008],[-42.027143828,-21.133849748000003],[-42.02836173199999,-21.129780478],[-42.033056453,-21.124762481000005],[-42.033087593999994,-21.11963558600001],[-42.03605695400001,-21.113048826999993],[-42.029255847,-21.102783681000002],[-42.02398052699999,-21.101199963000003],[-42.023923307,-21.09370485499999],[-42.019036834999994,-21.083073417999994],[-42.016203643999994,-21.081836098999997],[-42.020899154,-21.078803481999998],[-42.022782459999995,-21.073085438999996],[-42.027857394,-21.072986628],[-42.03508898,-21.075637688000004],[-42.03975366899999,-21.075039565999997],[-42.040107871,-21.072050460999993],[-42.037989591000006,-21.069282701999995],[-42.038149109,-21.067073322999995],[-42.04293727299999,-21.062238712000003],[-42.042760406000006,-21.056579082],[-42.047291789,-21.047760148],[-42.045940978,-21.045559391000005],[-42.048052213999995,-21.043192307000005],[-42.046355806,-21.039899928000004],[-42.04735676199999,-21.038218691999997],[-42.05359266499999,-21.038860276999994],[-42.056181707,-21.035586875999993],[-42.058266044,-21.036690306999997],[-42.06374778799999,-21.036194040999998],[-42.067287047,-21.033254326999998],[-42.077072191,-21.03347861799999],[-42.078900325999996,-21.030654857999995],[-42.084302404,-21.028975622],[-42.084809367999995,-21.022989921999994],[-42.075202213999994,-21.023592358],[-42.070542747,-21.028779296],[-42.062385342,-21.021874682],[-42.05870411,-21.021329564999995],[-42.05163637,-21.023682036],[-42.046348367,-21.019433932999995],[-42.042887064,-21.020144062999996],[-42.04085912499999,-21.018575551],[-42.02614999199999,-21.015652407000005],[-42.021932371999995,-21.016806152],[-42.018741127,-21.013407310999998],[-42.01338197399999,-21.015720492],[-42.00946990399999,-21.011346100999994],[-42.005972425,-21.012353233999995],[-42.00626169699999,-21.00932593399999],[-42.0033033,-21.01019748],[-42.003800334,-21.013335158],[-41.999791804,-21.007762797999998],[-42.001382867,-21.004129576999997],[-42.00008446999999,-21.002286961999996],[-42.001119054,-20.999768898999992],[-42.000110418,-20.995839182],[-42.002929298,-20.991074169999997],[-42.000277191,-20.980624266000003],[-42.00037970399999,-20.975367385],[-42.001717006,-20.973846722],[-41.99851103499999,-20.97032771],[-41.99882466999999,-20.965918196],[-41.99246618,-20.964335455000004],[-41.991126118,-20.960019872],[-41.983413597,-20.957160195999993],[-41.97969196599999,-20.958270717999998],[-41.97946753699999,-20.960205710999993],[-41.95295516299999,-20.957519085999998],[-41.950521226999996,-20.954513071],[-41.952050581,-20.950002482],[-41.94917016299999,-20.944515392],[-41.950208439,-20.94143794],[-41.948265605,-20.938641768999997],[-41.942630273999995,-20.93895727699999],[-41.94061079899999,-20.940392638000002],[-41.94005314299999,-20.943321472999997],[-41.935906132,-20.945716883],[-41.93524631199999,-20.944444328],[-41.930853340999995,-20.943490225000005],[-41.931981728000004,-20.94038817299999],[-41.931158364999995,-20.938360407999994],[-41.925511547999996,-20.934806518],[-41.914508788,-20.931105245999998],[-41.911821998,-20.928905668]]]}},{"type":"Feature","properties":{"code_muni":"3303203","name_muni":"Nilópolis","abbrev_state":"RJ"},"geometry":{"type":"Polygon","coordinates":[[[-43.41070801499999,-22.791674885000003],[-43.39055594,-22.813820363000005],[-43.407630163,-22.82113876],[-43.410861321,-22.820162722],[-43.415131418,-22.821359921999996],[-43.42180194299999,-22.832464460000008],[-43.424087853,-22.832464460000008],[-43.42699043999999,-22.836880601999994],[-43.45813140799999,-22.849037118000002],[-43.469218020999996,-22.840410968999997],[-43.456541097999995,-22.832000095999998],[-43.45254246299999,-22.827797429999997],[-43.448402997,-22.826030871999997],[-43.443221882,-22.818893858999996],[-43.44239360499999,-22.815233223000003],[-43.436248753,-22.808246253000004],[-43.42916395,-22.804127540999996],[-43.428118551,-22.801380079],[-43.421154811,-22.798619513000002],[-43.41070801499999,-22.791674885000003]]]}},{"type":"Feature","properties":{"code_muni":"3303302","name_muni":"Niterói","abbrev_state":"RJ"},"geometry":{"type":"MultiPolygon","coordinates":[[[[-43.126092777,-22.910625052999997],[-43.125765084,-22.910039147999992],[-43.12519807899999,-22.909970478999995],[-43.126092777,-22.910625052999997]]],[[[-43.130919671,-22.909007821999996],[-43.131087538,-22.908832957000005],[-43.13083004899999,-22.908958250000005],[-43.130919671,-22.909007821999996]]],[[[-43.118503977,-22.875033184000003],[-43.118433635,-22.876483533],[-43.12004041499999,-22.87725761],[-43.12385274799999,-22.876541098000004],[-43.125057653,-22.874599020000005],[-43.118503977,-22.875033184000003]]],[[[-43.132831986,-22.868723123999995],[-43.134391686,-22.870794612000005],[-43.13189333,-22.871093937],[-43.131500191,-22.873678642],[-43.135222506999995,-22.875539088],[-43.13736178399999,-22.876081905999996],[-43.138390919,-22.875632310999997],[-43.13663516599999,-22.873853355],[-43.138182117999996,-22.869081391999995],[-43.136287121,-22.868088847],[-43.132831986,-22.868723123999995]]],[[[-43.128961251,-22.866244909],[-43.13138619,-22.86589195599999],[-43.127982844,-22.861484621999995],[-43.126430728,-22.86410194200001],[-43.128961251,-22.866244909]]],[[[-43.11980136599999,-22.863673153999997],[-43.126060605999996,-22.862735463],[-43.12662732999999,-22.861752663],[-43.12295606899999,-22.858724557000002],[-43.11690507,-22.858409542999993],[-43.11980136599999,-22.863673153999997]]],[[[-43.115956569999994,-22.854542164999994],[-43.117024662,-22.854460441999997],[-43.115783820999994,-22.853734337000002],[-43.115956569999994,-22.854542164999994]]],[[[-43.085292379,-22.98616875],[-43.081030338,-22.985722295999995],[-43.080731809999996,-22.98688021],[-43.082532078,-22.98852261],[-43.086414513,-22.989713248],[-43.08859548,-22.988652599999995],[-43.085292379,-22.98616875]]],[[[-43.062241311,-22.982973584999996],[-43.06454641999999,-22.985047557999998],[-43.068407357999995,-22.986065905000004],[-43.067658528,-22.982868520999997],[-43.06265555,-22.981128839000004],[-43.062241311,-22.982973584999996]]],[[[-43.05483019099999,-22.98110958],[-43.05427693,-22.97779154],[-43.05313488899999,-22.977194029999996],[-43.0532935,-22.980139284999996],[-43.05483019099999,-22.98110958]]],[[[-43.102959202,-22.957060474999995],[-43.105029143,-22.957621386000003],[-43.105686207000005,-22.957080521],[-43.102438414,-22.955110205],[-43.102959202,-22.957060474999995]]],[[[-43.11563514899999,-22.951744757],[-43.115533594,-22.952406517999997],[-43.11675866,-22.951940972],[-43.11563514899999,-22.951744757]]],[[[-43.101714384,-22.931329025999997],[-43.10192229599999,-22.931003218999997],[-43.101452847,-22.931072817999997],[-43.101714384,-22.931329025999997]]],[[[-43.099618233,-22.858899906000012],[-43.071747173999995,-22.866484678999992],[-43.06741531099999,-22.869555341],[-43.05411917799999,-22.871599632999995],[-43.05285825699999,-22.87304404599999],[-43.04841680199999,-22.871641976999996],[-43.041493497,-22.87255238099999],[-43.03461488899999,-22.877254959],[-43.02856790799999,-22.875683555999995],[-43.01836535299999,-22.885082987],[-43.01237629199999,-22.887640231000002],[-43.008652079,-22.891605819],[-43.002766634,-22.891107295999998],[-42.994198488,-22.887811303],[-42.990719583,-22.888191471999992],[-42.98711873799999,-22.892610038999997],[-42.98569065099999,-22.907357410000003],[-42.983846162999995,-22.909214766999998],[-42.979786540999996,-22.908716186],[-42.977509221999995,-22.906118794000005],[-42.972814406999994,-22.906812217],[-42.96037826399999,-22.901045059999998],[-42.95681373800001,-22.900811125],[-42.95298349499999,-22.903742550000008],[-42.95353991299999,-22.906874613999992],[-42.958557033999995,-22.911784207999997],[-42.974774093,-22.918823258],[-42.976022539999995,-22.922037757999995],[-42.982959362,-22.926887565999998],[-42.98137697699999,-22.930758978],[-42.990544123,-22.93677121699999],[-42.991873448999996,-22.940381243999994],[-43.003079399,-22.945272227999993],[-43.006748682,-22.949916691999995],[-43.01239983,-22.951438523000004],[-43.013763652,-22.955631777999997],[-43.012899633,-22.956718222],[-43.017130559,-22.957493443000008],[-43.021918274,-22.960527481000003],[-43.02202646899999,-22.96483918399999],[-43.024580195999995,-22.967491509999988],[-43.02344943199999,-22.971234680999995],[-43.014071637,-22.977095884999997],[-43.02428071999999,-22.975106918],[-43.024174982999995,-22.980300724],[-43.02784322499999,-22.980891176],[-43.030246577,-22.979046589],[-43.030183390999994,-22.97559954199999],[-43.036567065999996,-22.974726683000004],[-43.038099824,-22.975965536999997],[-43.039656401,-22.974492569],[-43.045913642,-22.980040978000005],[-43.051714566,-22.981818264000005],[-43.051727751,-22.977564113999996],[-43.049494802,-22.976831092999994],[-43.04574471,-22.972485648000003],[-43.048111011,-22.967065948000005],[-43.05194483599999,-22.963631886000005],[-43.067544301,-22.959479981999994],[-43.069855497,-22.959964440999993],[-43.070300291,-22.957918994],[-43.07730040199999,-22.955954324999993],[-43.092852685,-22.95416281],[-43.098477578,-22.955604245000004],[-43.098241595999994,-22.953598796999994],[-43.10093445599999,-22.952580466999997],[-43.103648548,-22.954443636999997],[-43.105774452,-22.95446907699999],[-43.106166898,-22.953150741999995],[-43.110429696,-22.953649568],[-43.110870033999994,-22.951665798999993],[-43.11431984099999,-22.951488838],[-43.111133957,-22.950077131],[-43.113384319,-22.945047262999996],[-43.12037294299999,-22.945448518],[-43.120455320999994,-22.94342015599999],[-43.115600134,-22.941242127999995],[-43.117446824000005,-22.93673568099999],[-43.120315816,-22.938353175999993],[-43.128998032999995,-22.939155658999997],[-43.135236138,-22.938184548],[-43.129966739,-22.937162036999993],[-43.12595324,-22.934298139],[-43.12712742499999,-22.932099775],[-43.12272958599999,-22.929683123],[-43.12377025899999,-22.928570103],[-43.123040358,-22.927067012000002],[-43.12455923699999,-22.926346691999996],[-43.123319758,-22.925041861000008],[-43.124622829,-22.924106190000003],[-43.123872869,-22.922886425],[-43.119677997,-22.922638860000003],[-43.11980678999999,-22.925965775999998],[-43.116708273,-22.931056657999996],[-43.114312497,-22.928258632000002],[-43.111871053,-22.929436478999992],[-43.11420824299999,-22.932005211000003],[-43.111776786,-22.935373193999997],[-43.109481607999996,-22.933916162999992],[-43.10841238399999,-22.935569736],[-43.10762023000001,-22.934194380000005],[-43.10529295599999,-22.93567120799999],[-43.102141380999996,-22.934504159],[-43.098624791,-22.93157455900001],[-43.095987844999996,-22.925977517],[-43.09584480699999,-22.921622986000003],[-43.094648629999995,-22.920841700999997],[-43.096822153999994,-22.91484501199999],[-43.09982032599999,-22.913781058],[-43.09958610399999,-22.914674835],[-43.101711492999996,-22.915044674],[-43.103508406,-22.914265758999996],[-43.103834723,-22.915223190999995],[-43.11101831799999,-22.915331865999995],[-43.110409239999996,-22.911081963999994],[-43.116796356,-22.904364066],[-43.120613397999996,-22.905756201999996],[-43.12456658,-22.905378513],[-43.12549895699999,-22.908081315000004],[-43.129736501,-22.908446648999995],[-43.129596019999994,-22.910578639000004],[-43.130968868,-22.911309566],[-43.131568744999996,-22.909579059999995],[-43.130492613,-22.90926792899999],[-43.130420415,-22.908519013999992],[-43.137592436,-22.902989927999993],[-43.13621114299999,-22.90256039599999],[-43.135678991999995,-22.897720706999998],[-43.12457216199999,-22.894573879999992],[-43.125432812999996,-22.891552989000004],[-43.128963128,-22.891740337],[-43.12895937599999,-22.887313026000005],[-43.13077242699999,-22.886918631000004],[-43.13121969200001,-22.884406149000004],[-43.134062708,-22.884926782999997],[-43.134989748,-22.883340095],[-43.131779963,-22.877458304],[-43.12824863899999,-22.876430559999992],[-43.121792734,-22.877701960999996],[-43.11938144199999,-22.880367088999996],[-43.120885427,-22.882024234999996],[-43.118872887,-22.881330141000003],[-43.12009975299999,-22.883052957000004],[-43.114446847,-22.881309467999998],[-43.11451403099999,-22.879245969000003],[-43.11790721999999,-22.876711189999995],[-43.115178317,-22.877224432],[-43.116417604,-22.875297721999996],[-43.12520158699999,-22.872323642000005],[-43.115770997,-22.864682347],[-43.11383918,-22.864540324999993],[-43.114574785,-22.866984051999992],[-43.112193047999995,-22.86894617999999],[-43.11317394799999,-22.877859944999997],[-43.11171149,-22.877508772999995],[-43.11056553499999,-22.872706315000002],[-43.112202517,-22.866320723],[-43.10897335199999,-22.864946419999995],[-43.110235002,-22.862431626000003],[-43.107680736999995,-22.86355525],[-43.10767686399999,-22.860333336000004],[-43.10344747399999,-22.855880631],[-43.099618233,-22.858899906000012]]]]}},{"type":"Feature","properties":{"code_muni":"3303401","name_muni":"Nova Friburgo","abbrev_state":"RJ"},"geometry":{"type":"Polygon","coordinates":[[[-42.543940328,-22.154495235999992],[-42.536489538999994,-22.157480149999998],[-42.52874895699999,-22.156269982000005],[-42.528977653,-22.158171685],[-42.526769263,-22.159313416],[-42.52334176,-22.158802177000002],[-42.485674202999995,-22.193776833],[-42.484551300999996,-22.196257209],[-42.48549008,-22.200174961999995],[-42.478942592,-22.20382560299999],[-42.47177973,-22.211441769000004],[-42.471872991,-22.220476279999996],[-42.47298105,-22.222273693999995],[-42.47505256299999,-22.222079478000005],[-42.47454153799999,-22.224007109],[-42.358642388999996,-22.301686958000005],[-42.35195951299999,-22.299347775],[-42.348782752,-22.302301475999997],[-42.343649281,-22.304242426999995],[-42.33472276999999,-22.299217424999988],[-42.318687744,-22.298594457000004],[-42.304826176,-22.293033339],[-42.295525858,-22.295946726999993],[-42.293487855,-22.293846134],[-42.288128062999995,-22.292243849],[-42.28186358899999,-22.294008155999997],[-42.278115331,-22.292370575],[-42.27611323299999,-22.293801865000006],[-42.276253037,-22.297425369000006],[-42.273214269,-22.299617714000004],[-42.27377932,-22.301731933999996],[-42.269850649,-22.301716676999998],[-42.265671909999995,-22.307026732],[-42.262420802,-22.306552486],[-42.260141181,-22.303962046999995],[-42.25682927199999,-22.302979612],[-42.25343432299999,-22.306132790000003],[-42.250886769999994,-22.306103192999995],[-42.25189223499999,-22.309470537999992],[-42.258189174,-22.311111900999997],[-42.259093442,-22.312929603],[-42.260732895,-22.312594337000004],[-42.26417283399999,-22.315549511000004],[-42.26172616099999,-22.320122676999997],[-42.255830511,-22.321500252],[-42.25021184399999,-22.32635279499999],[-42.246979077,-22.325414534999997],[-42.24184273299999,-22.329592213],[-42.237447193,-22.330231115],[-42.233097227,-22.333904374000003],[-42.23054865799999,-22.33377158299999],[-42.228670798,-22.337067595999997],[-42.224039521,-22.336289177],[-42.22170273099999,-22.339250212999996],[-42.215732653,-22.341450356000006],[-42.21492848199999,-22.346692698999995],[-42.21160664,-22.350640243],[-42.212482945,-22.356249756999997],[-42.20826715199999,-22.360816772999996],[-42.20532493599999,-22.369127819000003],[-42.210886898,-22.361768920999996],[-42.21722500600001,-22.360063098],[-42.218448381,-22.354567013],[-42.225755931,-22.351895112],[-42.222484559,-22.358752007999996],[-42.22670473899999,-22.358452593],[-42.22862209099999,-22.360126573999995],[-42.240272303,-22.361477786999995],[-42.24124588899999,-22.363510771000005],[-42.245579471,-22.365144608000005],[-42.24985608,-22.364710158999998],[-42.251059335,-22.367541172],[-42.254547876,-22.36559751],[-42.257152579,-22.366472776],[-42.25946810899999,-22.372268317],[-42.263118242999994,-22.372546913999997],[-42.265438593999995,-22.376279935999992],[-42.268149202,-22.375239195],[-42.271673844,-22.378112002],[-42.276361832999996,-22.379200689],[-42.27995097600001,-22.382958244000005],[-42.28050400099999,-22.385480899000004],[-42.29417319200001,-22.392302485999995],[-42.288685402,-22.404679629000004],[-42.283215081,-22.40431854299999],[-42.277556794000006,-22.401732677],[-42.278652438,-22.403433353000004],[-42.28953118999999,-22.407601188999998],[-42.292156311,-22.412896315000005],[-42.297964253,-22.412922288],[-42.29851601899999,-22.415495243],[-42.31060729699999,-22.420020558],[-42.314912321,-22.424568342999997],[-42.317508897,-22.422390585000002],[-42.323076539,-22.422642645],[-42.323930147999995,-22.420880061],[-42.324874513999994,-22.424495533],[-42.328633419,-22.428477461999996],[-42.337928247,-22.428964399],[-42.34246126299999,-22.427578075],[-42.34254532799999,-22.425980654],[-42.34472547499999,-22.42457512],[-42.350992345,-22.428618743999994],[-42.35484813,-22.429171275999998],[-42.358793545999994,-22.424425728],[-42.36704165999999,-22.418666423],[-42.36829141599999,-22.418957021],[-42.371181056,-22.425372496],[-42.389568157999996,-22.420269712],[-42.390887047,-22.423981522999995],[-42.394818055,-22.423004909],[-42.398296774,-22.423979443999997],[-42.400808638,-22.425225186],[-42.40352120899999,-22.429117440000002],[-42.412791258,-22.426607593000007],[-42.417044187,-22.426946214000004],[-42.427376710999994,-22.428545703],[-42.434694580999995,-22.433272391000003],[-42.439689230999996,-22.432646875],[-42.44873819000001,-22.434712815999998],[-42.450970044,-22.433880996],[-42.45559086899999,-22.442533783],[-42.46417639399999,-22.444381576],[-42.464791295000005,-22.446733577999993],[-42.471234321,-22.449247739999997],[-42.474462257999996,-22.449294450000004],[-42.477298932,-22.446668417000005],[-42.478849673999996,-22.447027967000004],[-42.481744604000006,-22.441243453999995],[-42.490308568,-22.438881777999995],[-42.492811575,-22.435655554],[-42.499964284,-22.434739666000006],[-42.50803511299999,-22.436747789999995],[-42.51190642,-22.434849958000004],[-42.515148434,-22.435949571],[-42.523555053,-22.446910765],[-42.529974746,-22.45051888],[-42.532294761,-22.454192668],[-42.537576308,-22.45783431],[-42.54672882399999,-22.455459718000004],[-42.55057133199999,-22.455754412000008],[-42.552335794,-22.451877556999992],[-42.56254541599999,-22.446780165],[-42.571202383,-22.448959585],[-42.57255229,-22.447292606000005],[-42.572196474,-22.441200930999997],[-42.57568231799999,-22.440499483999993],[-42.574299724999996,-22.43825864],[-42.565044408,-22.433697678999994],[-42.562622523,-22.427683658],[-42.559859998,-22.427543531999998],[-42.55793269,-22.424279676],[-42.556231528,-22.423971053],[-42.556969666,-22.416279492999998],[-42.554976142,-22.413997097999996],[-42.556926442999995,-22.411804511000003],[-42.558894306999996,-22.411759344999997],[-42.55540081099999,-22.40500968],[-42.558020326999994,-22.403452392999995],[-42.558255566999996,-22.401580343],[-42.557100546,-22.396290099],[-42.551075631,-22.386530481999998],[-42.55432517199999,-22.381463156000002],[-42.552274329999996,-22.378203014999997],[-42.557707232,-22.377708909],[-42.55480977799999,-22.373499619],[-42.556725057,-22.371436750999994],[-42.556272348,-22.369054909999996],[-42.56078082500001,-22.364091184],[-42.562781354,-22.363865594],[-42.56139095499999,-22.361319187],[-42.564752889999994,-22.359233800999995],[-42.573048923,-22.35949244],[-42.584435298,-22.355263713],[-42.587458796,-22.356584811999998],[-42.59385086899999,-22.364355144999994],[-42.594949355999994,-22.367751203999998],[-42.609337548,-22.373907019],[-42.61176124299999,-22.382011015],[-42.618731262,-22.386861632999995],[-42.62477903399999,-22.388364719],[-42.625675112,-22.390775163],[-42.630658707,-22.391284204000005],[-42.632118874,-22.392972947],[-42.64119462699999,-22.392433238999995],[-42.642599811,-22.394945298999996],[-42.652499922,-22.395967291999995],[-42.653432949,-22.392620860999997],[-42.65606553599999,-22.392608571999993],[-42.654458325,-22.387493078],[-42.66207181499999,-22.385413952999997],[-42.66844134099999,-22.389509205],[-42.67465926,-22.388939372000007],[-42.679438477,-22.392427733],[-42.68415275899999,-22.393414465999996],[-42.686784088,-22.392155630999998],[-42.687870201,-22.389831188],[-42.693551062,-22.389091808],[-42.697355895,-22.384079170999996],[-42.699643453,-22.38438765],[-42.699744492,-22.380977722000004],[-42.702011162999995,-22.380366135],[-42.702664219999996,-22.378737153999992],[-42.70701324499999,-22.379548417],[-42.708445822,-22.376494755999996],[-42.710925069999995,-22.377642506999997],[-42.70992587899999,-22.37494455099999],[-42.711177405,-22.371273672999997],[-42.70827128399999,-22.365339171999995],[-42.71052307099999,-22.361549776000004],[-42.715624162,-22.359906667999997],[-42.716076639,-22.357060683],[-42.727681221999994,-22.355612594999997],[-42.722395612,-22.352323957],[-42.72487962999999,-22.347552459000003],[-42.725803104,-22.34279052300001],[-42.724573252,-22.341390877],[-42.726653863,-22.335853451],[-42.725125010999996,-22.336609632999995],[-42.719173639999994,-22.332136202000004],[-42.71773988300001,-22.328010603999992],[-42.719827031,-22.323457986],[-42.72628442,-22.318217049],[-42.726142685999996,-22.316216638999997],[-42.722209334,-22.311777494],[-42.72303254599999,-22.309934668999997],[-42.717732398,-22.302109531],[-42.717179228,-22.297456777999997],[-42.71215412299999,-22.291201697999995],[-42.711008895,-22.287278735999998],[-42.717559014,-22.280628595999996],[-42.71669881199999,-22.269868232999993],[-42.714134022,-22.268193798],[-42.713992132,-22.266140295999996],[-42.71039162999999,-22.266734493],[-42.705884429,-22.263264331999995],[-42.70129705699999,-22.256509529999995],[-42.695807563,-22.253653154000002],[-42.690146743,-22.253519123999997],[-42.68566951599999,-22.249122534999998],[-42.6850685,-22.245416790999993],[-42.681425549,-22.245092577],[-42.678972989,-22.242288297000005],[-42.677585174,-22.242597932999995],[-42.67438348699999,-22.231633842000008],[-42.670117607,-22.225335925999993],[-42.67149504,-22.224414229],[-42.670962924,-22.223084656999998],[-42.668481312000004,-22.220278566],[-42.661506234,-22.218494541000005],[-42.658353756,-22.215673823],[-42.660367423000004,-22.212625133999996],[-42.659396641,-22.209887278000004],[-42.65620534799999,-22.208702499999994],[-42.653513567,-22.212807475999995],[-42.650543504999995,-22.213768314999996],[-42.647925289,-22.211506315999998],[-42.644444354,-22.211902555000005],[-42.642730933,-22.210046551],[-42.64614740599999,-22.205506550999992],[-42.63987206,-22.203377597],[-42.63844981999999,-22.20112317999999],[-42.641827991,-22.197115559],[-42.640768066999996,-22.191614301],[-42.64177057399999,-22.187253894999998],[-42.637088889,-22.187775982999998],[-42.632465063999994,-22.185445344999998],[-42.62639149799999,-22.187421175999994],[-42.62392895199999,-22.191640447],[-42.618773114999996,-22.192110418],[-42.616045911,-22.194908818],[-42.611448933,-22.196399234],[-42.605812822,-22.193054013999998],[-42.605817666,-22.191218977],[-42.603523884999994,-22.189075022999994],[-42.603990754,-22.185336068000005],[-42.600662325,-22.186278902],[-42.598842403000006,-22.184015505999998],[-42.599369466,-22.182087153999994],[-42.593952432,-22.181868555999998],[-42.593457672,-22.178011617],[-42.588513299999995,-22.178307735999997],[-42.58348147699999,-22.176591575999993],[-42.57385470799999,-22.181207556999997],[-42.57043843099999,-22.176829804999993],[-42.566063752999995,-22.179488027999998],[-42.563410034,-22.177540381],[-42.564873955,-22.175531481],[-42.564325100999994,-22.173709114],[-42.561330962999996,-22.170962220999993],[-42.55761495899999,-22.170953393999998],[-42.55536947299999,-22.173161446999995],[-42.555102215,-22.169415029000003],[-42.557892996,-22.165052372],[-42.55352839199999,-22.161188062000008],[-42.553283168,-22.159371787000005],[-42.550128708,-22.157370005999997],[-42.54576148999999,-22.157493896],[-42.543940328,-22.154495235999992]]]}},{"type":"Feature","properties":{"code_muni":"3303500","name_muni":"Nova Iguaçu","abbrev_state":"RJ"},"geometry":{"type":"Polygon","coordinates":[[[-43.440679662,-22.530666925999995],[-43.43519975299999,-22.529797728],[-43.431113521,-22.533213808],[-43.423835966,-22.533780839000002],[-43.42322533099999,-22.536366749000003],[-43.41950321099999,-22.538052601999997],[-43.415758876999995,-22.534948368000002],[-43.412960848,-22.534923083999995],[-43.40988370499999,-22.53180172],[-43.405638165999996,-22.534602952],[-43.401432602,-22.53279207799999],[-43.401307375,-22.541971233999995],[-43.40662162499999,-22.542385937999995],[-43.40972588699999,-22.543936882999997],[-43.40996920199999,-22.545326144000004],[-43.398623889999996,-22.551296916],[-43.390416854,-22.55851275099999],[-43.386465331,-22.572119548],[-43.387575843,-22.575439477],[-43.39308568900001,-22.577911406],[-43.39284951,-22.579146182000002],[-43.395313622,-22.579034828999998],[-43.397973623,-22.580829639],[-43.40316933199999,-22.587709146000005],[-43.407096679,-22.58802933],[-43.40945006300001,-22.590516798],[-43.415286305,-22.59293597899999],[-43.416727106,-22.595355635000004],[-43.415947348,-22.599210592999995],[-43.412557322,-22.603572053],[-43.41343705999999,-22.605542760000002],[-43.41125437499999,-22.610679224999995],[-43.408979046999995,-22.610173848],[-43.404469381,-22.611825048999997],[-43.401713101,-22.609823934],[-43.397944964,-22.612457022],[-43.389178253,-22.615005625],[-43.385119637,-22.62018077100001],[-43.38328718599999,-22.619943895999995],[-43.381902277,-22.62133096],[-43.38289262999999,-22.62735578299999],[-43.38197282800001,-22.630115428999996],[-43.401708778,-22.652567631000004],[-43.401234869,-22.656818839000003],[-43.398542603,-22.661184813000002],[-43.395272035999994,-22.66397813],[-43.390045355,-22.665065786999993],[-43.38560004799999,-22.668690119000004],[-43.37098706399999,-22.673348568999998],[-43.364397231,-22.680907887],[-43.370302985,-22.694256316999997],[-43.376370042999994,-22.693119395999997],[-43.378233910999995,-22.690752835],[-43.381099668999994,-22.690756118999996],[-43.38039117,-22.689233374000004],[-43.381364034,-22.68892671],[-43.384309032999994,-22.692129253999994],[-43.38691981099999,-22.689961752999995],[-43.391012499000006,-22.69184059099999],[-43.394224188,-22.691393169999998],[-43.395781225,-22.693455581999995],[-43.402381084999995,-22.69548826],[-43.407977144,-22.694386377999994],[-43.410246492999995,-22.69977593],[-43.41705949199999,-22.700076229],[-43.422670739999994,-22.703857465000002],[-43.43156031099999,-22.702606151000005],[-43.427226856999994,-22.715900597999998],[-43.42982789,-22.720693613],[-43.434084148,-22.724542472],[-43.422514808,-22.749729890000005],[-43.415150429,-22.753669307],[-43.413914031999994,-22.755627645999994],[-43.415994229,-22.764990950999998],[-43.410744653,-22.768069156000003],[-43.41897367199999,-22.768422051],[-43.42293766299999,-22.76434092],[-43.427661834,-22.767396756999997],[-43.43226128599999,-22.765976249999998],[-43.442312056999995,-22.773646915999997],[-43.447428519999995,-22.774889318],[-43.44800314399999,-22.776653767000003],[-43.451541984,-22.778178235000002],[-43.456354023,-22.779100997999997],[-43.459157796,-22.781733658999993],[-43.46194253099999,-22.781834857999993],[-43.46260720699999,-22.783682948],[-43.468650593,-22.782474872],[-43.47172351399999,-22.788069594000003],[-43.502394521999996,-22.793348930000004],[-43.50194821699999,-22.79561123299999],[-43.494042027,-22.801548035999996],[-43.491972405,-22.801581864999996],[-43.49420796399999,-22.810722011],[-43.496319569,-22.813838845],[-43.490062317,-22.815514928000006],[-43.521804683,-22.822547868000004],[-43.559386906,-22.828884737000003],[-43.588465965,-22.838693115000005],[-43.592943914,-22.860499291],[-43.59656214,-22.857756978],[-43.623480644999994,-22.862814086999997],[-43.644130926,-22.855733431999994],[-43.649553206,-22.857132687999997],[-43.65835262099999,-22.863268493999996],[-43.662847571,-22.864602409],[-43.669996909,-22.86525500699999],[-43.673480495,-22.864046178],[-43.67025818799999,-22.852385929],[-43.65678149699999,-22.849273976999996],[-43.648002521,-22.844830563999995],[-43.632569657,-22.834346561000007],[-43.62984838399999,-22.829912763000003],[-43.622662528,-22.826032396999995],[-43.622354196,-22.820672796999997],[-43.62917698399999,-22.810702966],[-43.626951706,-22.80701976],[-43.63117439999999,-22.801212191],[-43.634797998,-22.78331116799999],[-43.62378337799999,-22.782471122],[-43.627247678,-22.772498357000003],[-43.615966315,-22.761839793999997],[-43.61407118500001,-22.749319585000002],[-43.60864488899999,-22.747081057999996],[-43.60129270499999,-22.748231446],[-43.59847781,-22.752489223],[-43.592250899999996,-22.754528749],[-43.580363397999996,-22.754020101],[-43.575732071,-22.754975746999996],[-43.569783621999996,-22.752735365000003],[-43.566011578,-22.75610352],[-43.559712306,-22.757901847999992],[-43.555658081999994,-22.754978693999995],[-43.548144764,-22.754726763999997],[-43.547529657,-22.758867929000004],[-43.546738823000005,-22.755656251999998],[-43.544364121,-22.754119133999996],[-43.53541812,-22.751752842999995],[-43.532280437999994,-22.738686497000003],[-43.542204744,-22.736130592000002],[-43.541152718999996,-22.730074117],[-43.538307472,-22.727440780999995],[-43.54121031999999,-22.722287381999994],[-43.537912143999996,-22.717621978],[-43.54252830099999,-22.714881812000005],[-43.53559318199999,-22.708990735],[-43.536046049,-22.703946114000004],[-43.524802347,-22.698405179000005],[-43.521090711,-22.694278949],[-43.514232467,-22.694146340000003],[-43.513613488,-22.691772731000004],[-43.512186003,-22.691685831000004],[-43.522487084999995,-22.691723974],[-43.533823965,-22.688939726000005],[-43.542358813,-22.680450525999994],[-43.54478478,-22.679946872999995],[-43.548269034,-22.681529393],[-43.551026945,-22.679457453],[-43.556343851,-22.678960418000006],[-43.556767435999994,-22.677265689],[-43.554213151,-22.676302554],[-43.554461366999995,-22.674575835000006],[-43.549911918,-22.670229648000003],[-43.548222927999994,-22.670792607999992],[-43.545652568,-22.668728906000002],[-43.54362593799999,-22.669050200999997],[-43.54059205899999,-22.661013318],[-43.53398692900001,-22.654835432999995],[-43.53956367599999,-22.653524697999995],[-43.54700046399999,-22.655777156000003],[-43.548842779,-22.652611544000003],[-43.553530941,-22.650761918000004],[-43.55228224799999,-22.64698565699999],[-43.558156843,-22.637000668000002],[-43.564628178,-22.636346795999998],[-43.567890136,-22.634225434],[-43.572652838,-22.633464889999992],[-43.573525371,-22.631194610000005],[-43.57237405699999,-22.626018956999992],[-43.567949708,-22.623466058000005],[-43.56907572,-22.609414329],[-43.578633915999994,-22.616044006],[-43.587313077,-22.619446456000002],[-43.593443906,-22.620031458000003],[-43.610603781,-22.634393298999996],[-43.618452139999995,-22.636917482],[-43.622729832,-22.642222147],[-43.628825176999996,-22.625724077999994],[-43.62754515099999,-22.62366194],[-43.616875655,-22.611386893000002],[-43.611818033,-22.607677730999992],[-43.603446764000005,-22.604943246999994],[-43.602178749,-22.599529509999996],[-43.589260552999995,-22.593172277],[-43.583725181,-22.587153835999995],[-43.585296565,-22.582680513999996],[-43.58078762299999,-22.580672764],[-43.580579349,-22.578976278],[-43.57713216599999,-22.577410583],[-43.573875328,-22.578657130999996],[-43.56453413,-22.576658003999995],[-43.56340681799999,-22.580262898999994],[-43.560516962,-22.57927906400001],[-43.55879397399999,-22.572774750999997],[-43.56089750099999,-22.5708017],[-43.559981279,-22.567146041],[-43.556177886,-22.567408099999998],[-43.550534895,-22.573441529999997],[-43.542891616,-22.569215207999996],[-43.541493974,-22.56517185999999],[-43.536566678999996,-22.569764931],[-43.533587196,-22.565685035999998],[-43.53000369899999,-22.56593477],[-43.526314942,-22.569144301000005],[-43.52190713499999,-22.567111300999997],[-43.51823837199999,-22.571112733999996],[-43.51560141099999,-22.569652291999994],[-43.510048157,-22.571832262999994],[-43.506943923,-22.565758359000007],[-43.500746899999996,-22.56384227099999],[-43.501098057,-22.561555781999996],[-43.497801873,-22.559186256000004],[-43.498318129999994,-22.554394556999995],[-43.49193513899999,-22.551762274999998],[-43.4912514,-22.548495282],[-43.48977975399999,-22.549620161999997],[-43.48786809999999,-22.548264687000003],[-43.48657509,-22.549065876000007],[-43.484485002,-22.545791638999997],[-43.474211892,-22.540932812999994],[-43.469243526,-22.536159397000002],[-43.462471262,-22.538220131],[-43.457442733,-22.531995694000003],[-43.44578924599999,-22.526012479999995],[-43.440679662,-22.530666925999995]]]}},{"type":"Feature","properties":{"code_muni":"3303609","name_muni":"Paracambi","abbrev_state":"RJ"},"geometry":{"type":"Polygon","coordinates":[[[-43.63085749099999,-22.540049607999997],[-43.62837257299999,-22.53947551299999],[-43.62641902599999,-22.540608350999992],[-43.623640019,-22.539336585],[-43.597446223999995,-22.568073651999995],[-43.601318165,-22.573226831999992],[-43.617859496,-22.588564345999995],[-43.63998445699999,-22.603137949],[-43.642610527,-22.608024544999996],[-43.647050703999994,-22.609165659000002],[-43.658743566999995,-22.61902986],[-43.661296326,-22.619238098000007],[-43.664279758,-22.621653784],[-43.665513817,-22.624386727],[-43.664663471,-22.625933683999996],[-43.66853145099999,-22.632616172],[-43.66785958399999,-22.636688378000002],[-43.670782511,-22.652912003],[-43.678003914,-22.647458803999996],[-43.68396747199999,-22.649874585],[-43.68970240699999,-22.650325227],[-43.698553392,-22.648579876],[-43.698980221999996,-22.647014932],[-43.704145383,-22.644440047999996],[-43.70889398199999,-22.639934909000004],[-43.713108092,-22.641224517],[-43.711160195,-22.647837941000002],[-43.73779611399999,-22.674109413999997],[-43.74301339,-22.682208227999993],[-43.748004863,-22.685395376],[-43.751225543,-22.690963879999998],[-43.752965073999995,-22.700104421999995],[-43.75871986700001,-22.701017898999996],[-43.763195509,-22.699714654999994],[-43.772403174,-22.692910163999994],[-43.779524574,-22.694430788],[-43.789947975,-22.691027910000003],[-43.792125887999994,-22.691775080999996],[-43.79511651999999,-22.689566246000002],[-43.803079073,-22.691272333999994],[-43.806780343999996,-22.689669050999996],[-43.80911532499999,-22.690077128],[-43.80963287,-22.688151530999995],[-43.81283175499999,-22.686738942999998],[-43.815474929,-22.687078816],[-43.814319581999996,-22.681869369],[-43.81992209999999,-22.679396385999997],[-43.816688627,-22.673654925999998],[-43.817612804,-22.666055786],[-43.82363604799999,-22.662668130999997],[-43.82452021,-22.657677794999998],[-43.826781532,-22.657710987999998],[-43.826963295999995,-22.65586365],[-43.833964001,-22.656207823999992],[-43.840840752000005,-22.648125768999993],[-43.82901519699999,-22.642216491000003],[-43.825404458,-22.641888954999995],[-43.820341731,-22.637059788999995],[-43.81783741299999,-22.637264237],[-43.815447906,-22.633957578],[-43.81157207,-22.633982380000003],[-43.805683945,-22.629065249],[-43.80264645,-22.629297294],[-43.794124932,-22.620770723000003],[-43.79479907899999,-22.616819142000004],[-43.792348303999994,-22.61473446200001],[-43.79058556499999,-22.614889905999995],[-43.78913908799999,-22.612452024],[-43.776792674,-22.611154634000002],[-43.77733595800001,-22.608261346000003],[-43.77242230899999,-22.607497048999996],[-43.772168524,-22.605942562999996],[-43.770649054,-22.605919251000003],[-43.770232623,-22.602205350999995],[-43.77260743899999,-22.599681538999995],[-43.771471887,-22.595524305999998],[-43.769659502,-22.594093858999997],[-43.767047679,-22.594940850999997],[-43.76488875999999,-22.592265217000005],[-43.762504933,-22.591825765999992],[-43.754929464,-22.586128399999996],[-43.754208736,-22.58390350599999],[-43.743820459,-22.578399435],[-43.744161354999996,-22.576702156],[-43.740032899999996,-22.575831012999995],[-43.738846305,-22.572254556],[-43.736080605999994,-22.571795863],[-43.73531885999999,-22.568832544999996],[-43.733286385,-22.568478324000004],[-43.728686247999995,-22.563573674000004],[-43.723459956,-22.56437634],[-43.722590921,-22.562028293000004],[-43.724616078,-22.557182546000007],[-43.715169717,-22.552468648999998],[-43.71244211199999,-22.549545129],[-43.709254814999994,-22.556286581000002],[-43.712317483,-22.56267286],[-43.70884143499999,-22.563172365999996],[-43.707727042,-22.564833152999995],[-43.695249037,-22.558472189999996],[-43.695496687,-22.556837727999994],[-43.691105027,-22.554141718000004],[-43.69087165999999,-22.551537270999994],[-43.687299261,-22.551549904999998],[-43.685914263,-22.554222487999997],[-43.681754642,-22.555366785999993],[-43.682726193,-22.559178158000005],[-43.688379775,-22.562400106999995],[-43.688359732,-22.564673263999996],[-43.691234119,-22.566705570000003],[-43.690028485999996,-22.570250223999988],[-43.687514205,-22.569971655],[-43.689215995,-22.574013369999992],[-43.691691643,-22.575789049999997],[-43.66883247799999,-22.584735246],[-43.66733317399999,-22.586750916],[-43.665757262,-22.584818571000003],[-43.662516054,-22.584184203999996],[-43.661821604,-22.58207736],[-43.659973149,-22.582195803999998],[-43.659074768,-22.580406676999996],[-43.661767131,-22.577252863],[-43.661469029,-22.574033728],[-43.66336665099999,-22.571941956999996],[-43.66878965099999,-22.569094540999995],[-43.670915523,-22.570398658999995],[-43.675388227,-22.569521237999997],[-43.67477988699999,-22.567283165],[-43.67217232,-22.565906169999998],[-43.672295357,-22.563969355],[-43.667688698,-22.562230383999992],[-43.66729982,-22.559136770999995],[-43.664336617,-22.557604029999993],[-43.665079212,-22.555784763999995],[-43.663962571999996,-22.554836188],[-43.66597476,-22.553931315999996],[-43.665498305,-22.551889256000003],[-43.668600957,-22.548689443999997],[-43.668171677,-22.547693419],[-43.664748303,-22.548533445999997],[-43.661622694,-22.546817784000005],[-43.66049604399999,-22.548267691000003],[-43.654718214,-22.546082291999998],[-43.653977977,-22.547518326],[-43.65118143299999,-22.544716212000004],[-43.642442121,-22.543303719999994],[-43.64148471699999,-22.540538364],[-43.639318263999996,-22.539830376999994],[-43.637817917999996,-22.539483012000005],[-43.63717969900001,-22.541986287000007],[-43.632467135,-22.538841036999994],[-43.63085749099999,-22.540049607999997]]]}},{"type":"Feature","properties":{"code_muni":"3303708","name_muni":"Paraíba do Sul","abbrev_state":"RJ"},"geometry":{"type":"Polygon","coordinates":[[[-43.34669882899999,-22.003762356],[-43.346051169,-22.056036769999995],[-43.34387623899999,-22.051499244],[-43.339693994,-22.049993172000008],[-43.335560021999996,-22.052080841],[-43.332575774999995,-22.057332958],[-43.32767916699999,-22.060209766999993],[-43.32151996299999,-22.059742181],[-43.32003739099999,-22.063153428999993],[-43.317207901,-22.064968449999995],[-43.31254601599999,-22.065229757999997],[-43.310976929,-22.067092702999993],[-43.305797216,-22.063886979000007],[-43.30354039,-22.065518998999995],[-43.299479196,-22.062822046],[-43.296032952999994,-22.065620233],[-43.296133139999995,-22.067248731000003],[-43.293501013,-22.068541893999992],[-43.286157191,-22.068908593000003],[-43.283338457,-22.066804967999996],[-43.28053197799999,-22.070403338999995],[-43.281818504,-22.073221749999995],[-43.273291583,-22.076229544999997],[-43.27003788599999,-22.075076814999996],[-43.267772632,-22.072423554000007],[-43.26527131899999,-22.063139191999998],[-43.261582726,-22.059842036999996],[-43.253854727,-22.056202491],[-43.258820746,-22.103327968000002],[-43.242823421999994,-22.131561516],[-43.200747382,-22.177342352999997],[-43.198392203999994,-22.200747022000005],[-43.15899293299999,-22.193433746],[-43.161892119,-22.210862799],[-43.163898054,-22.214681234],[-43.167361793,-22.214676211999997],[-43.166736033,-22.218260661999995],[-43.164779773,-22.219287395],[-43.165940163,-22.221899790999995],[-43.163236637,-22.222762489000004],[-43.165290102,-22.228175616999998],[-43.16815158699999,-22.229785582000005],[-43.16988659199999,-22.232779172],[-43.17011392199999,-22.239147679999995],[-43.173195142999994,-22.243072280999993],[-43.17161453,-22.244901027],[-43.174160097999994,-22.250945988999998],[-43.173424504,-22.256519396999998],[-43.174647584,-22.256648487999996],[-43.17729087699999,-22.264573248999998],[-43.175144712,-22.265716777999998],[-43.175354414,-22.269219449999998],[-43.179047106,-22.282997278999993],[-43.178712916,-22.286070941],[-43.18127199,-22.289720471999992],[-43.18071405199999,-22.291659217999996],[-43.182721224999995,-22.29612623099999],[-43.177331333,-22.297373696999998],[-43.177313813,-22.299386993000006],[-43.180199977,-22.299572113],[-43.183096843,-22.301998019],[-43.188740776,-22.301481409000004],[-43.192200577,-22.303173098999995],[-43.199828814,-22.303787943],[-43.205626413,-22.301453618999997],[-43.20736326099999,-22.298626031000005],[-43.210288113,-22.300432352999994],[-43.211726223999996,-22.299862667],[-43.21630318399999,-22.305557791],[-43.224820158,-22.30513478],[-43.226374995,-22.309916083999997],[-43.231180459,-22.308859309000002],[-43.235419135,-22.311660386999993],[-43.239156055,-22.306474742],[-43.23804755799999,-22.304779375000006],[-43.24197977099999,-22.303137380999996],[-43.247358719999994,-22.307074646],[-43.247808392,-22.311241786000004],[-43.24968727099999,-22.313639157999994],[-43.251014682,-22.312854677999997],[-43.255000654,-22.314439738999997],[-43.263309865,-22.320958903],[-43.264501351,-22.324557630999998],[-43.260209613,-22.328927671000002],[-43.262218129,-22.332987597999992],[-43.26132156799999,-22.333658276999998],[-43.265754410999996,-22.33473221],[-43.267489626,-22.332932748000005],[-43.26822990899999,-22.333686961],[-43.268531501,-22.341198831999996],[-43.272350517999996,-22.342884575999992],[-43.273732465,-22.346765881],[-43.276896670000006,-22.349573396],[-43.278328087,-22.356161615],[-43.287773859,-22.370702979000004],[-43.32539566,-22.278720078999996],[-43.398842071,-22.221144347],[-43.436993754,-22.059968673],[-43.42816992699999,-22.054753143999992],[-43.422773881999994,-22.055222633999996],[-43.418443456,-22.053801809999996],[-43.416726111,-22.049798790999997],[-43.410987216,-22.048964829000003],[-43.409986461,-22.046567959],[-43.40468616799999,-22.042391970999997],[-43.400275433999994,-22.041588895999997],[-43.39328960299999,-22.035126008000002],[-43.373452738,-22.024353676000004],[-43.36783121399999,-22.019807038000007],[-43.36733701499999,-22.014580874999996],[-43.36501427499999,-22.010466661000002],[-43.36026995699999,-22.010676696000004],[-43.355117923,-22.008391021999998],[-43.351386715,-22.008576345999995],[-43.350114693,-22.007387910000006],[-43.350195256,-22.004004270999992],[-43.34831032099999,-22.002114684],[-43.34669882899999,-22.003762356]]]}},{"type":"Feature","properties":{"code_muni":"3303807","name_muni":"Paraty","abbrev_state":"RJ"},"geometry":{"type":"MultiPolygon","coordinates":[[[[-44.719069162000004,-23.359352181],[-44.720665799,-23.358309816999995],[-44.71830915999999,-23.357059469000006],[-44.719069162000004,-23.359352181]]],[[[-44.680567530999994,-23.342790445999995],[-44.679559626999996,-23.341900546],[-44.67938712699999,-23.342334731],[-44.680567530999994,-23.342790445999995]]],[[[-44.680937678,-23.341836007],[-44.681282333999995,-23.341452769999997],[-44.680743138,-23.341332563000005],[-44.680937678,-23.341836007]]],[[[-44.689703795,-23.215221132000007],[-44.690709565,-23.217858467000003],[-44.692692922,-23.217857685999995],[-44.69323499299999,-23.215525958],[-44.689703795,-23.215221132000007]]],[[[-44.68946880299999,-23.209959682],[-44.689589147999996,-23.209163957999994],[-44.689035847999996,-23.209220693999995],[-44.68946880299999,-23.209959682]]],[[[-44.689629411,-23.207968905999994],[-44.688849403999996,-23.207796686999995],[-44.689609225999995,-23.208226543999995],[-44.689629411,-23.207968905999994]]],[[[-44.707018665999996,-23.206263864000004],[-44.707300338,-23.205911065000002],[-44.706816263,-23.20540808299999],[-44.707018665999996,-23.206263864000004]]],[[[-44.682897735,-23.20595142],[-44.68196266,-23.205139771],[-44.681491119,-23.205056869999993],[-44.682897735,-23.20595142]]],[[[-44.709526603,-23.204250350999992],[-44.70909487899999,-23.205271519],[-44.710596069,-23.204883851],[-44.709526603,-23.204250350999992]]],[[[-44.685145381,-23.181438187999998],[-44.68658259,-23.181989846999997],[-44.685652149,-23.181038668],[-44.685145381,-23.181438187999998]]],[[[-44.678703685,-23.180762393],[-44.678566433,-23.180979237],[-44.678851253,-23.180989504],[-44.678703685,-23.180762393]]],[[[-44.683766809,-23.176986327999998],[-44.681706231999996,-23.178485407],[-44.684387242,-23.178651727],[-44.683766809,-23.176986327999998]]],[[[-44.680086596,-23.175466465000003],[-44.679317815,-23.17491268199999],[-44.68006186,-23.175546242999992],[-44.680086596,-23.175466465000003]]],[[[-44.679463104,-23.174048248000002],[-44.680209654,-23.173204770000005],[-44.67955706099999,-23.172855942],[-44.679463104,-23.174048248000002]]],[[[-44.678338309,-23.169509156],[-44.674154123,-23.170092545000006],[-44.678762712,-23.172293061],[-44.678338309,-23.169509156]]],[[[-44.683399425999994,-23.150840306999996],[-44.683215925,-23.155094082999998],[-44.681130563,-23.157445546],[-44.684584839,-23.157739157999995],[-44.68483994,-23.16021389899999],[-44.687883615,-23.162759296999997],[-44.688573316,-23.167873167],[-44.692187029,-23.169605460999993],[-44.690956553999996,-23.166429732999998],[-44.69544905099999,-23.160853645999996],[-44.69491804300001,-23.156167543000002],[-44.688990084,-23.154955887999996],[-44.685375705,-23.151021958999998],[-44.683399425999994,-23.150840306999996]]],[[[-44.633547059,-22.914375086],[-44.630037584,-22.917366817],[-44.629608821,-22.921334232000003],[-44.62718820999999,-22.924113049999995],[-44.622654854,-22.936695155000002],[-44.62026411,-22.939615459000002],[-44.613781820999996,-22.938772469999996],[-44.612200490999996,-22.937278347],[-44.607770443,-22.94270254],[-44.602340436,-22.94528964099999],[-44.59693368399999,-22.945719855999997],[-44.59453262099999,-22.94766745],[-44.586765502,-22.947330254],[-44.584876044999994,-22.945661718999997],[-44.581480838,-22.947754654999997],[-44.577027535000006,-22.946411687999998],[-44.574255662999995,-22.950681346999996],[-44.57086500799999,-22.951254137],[-44.565086632,-22.954971793999995],[-44.561674029,-22.954434110999998],[-44.561766202,-22.959227114000004],[-44.557809340999995,-22.961320760999996],[-44.55742089699999,-22.963164223999993],[-44.56056562300001,-22.971803918000003],[-44.555016144,-22.972237470999993],[-44.55441583999999,-22.97573257599999],[-44.552094664,-22.972904475999993],[-44.550440492,-22.972837776],[-44.548586219,-22.976252839000008],[-44.549319924,-22.978013731999997],[-44.545718099,-22.978627376],[-44.54447746999999,-22.981508836],[-44.545638059,-22.98353653],[-44.543446778,-22.984872511999992],[-44.54595918099999,-22.992291767999998],[-44.54152414099999,-22.993188212999996],[-44.54385961399999,-22.996408334999998],[-44.540568719999996,-22.995983704],[-44.54136855,-22.998644198999997],[-44.544548308,-22.998307622999995],[-44.541439408,-23.000451081],[-44.542829997999995,-23.002133961],[-44.545141744,-23.000451081],[-44.54298057199999,-23.003701696],[-44.545956613,-23.003249976],[-44.544743168,-23.006429733999994],[-44.548170928999994,-23.003923128],[-44.546638622,-23.008573191],[-44.543379149,-23.008360616999994],[-44.546815767,-23.010858364999997],[-44.544778596,-23.013710404],[-44.547807780999996,-23.014790989999995],[-44.54460145099999,-23.016137294],[-44.546142614999994,-23.020441923999996],[-44.544123158999994,-23.02097336],[-44.544672309999996,-23.022567667999997],[-44.53843679599999,-23.023028245],[-44.536009906,-23.02508313],[-44.533104723,-23.020937930999995],[-44.529898394,-23.020211635999992],[-44.527932080999996,-23.024604838],[-44.521767426,-23.025880285000007],[-44.521080878999996,-23.027292291],[-44.530538544,-23.02712772],[-44.544586457,-23.032740933999996],[-44.55196380799999,-23.037998453000004],[-44.55455961199999,-23.036402558],[-44.556946344,-23.036998187999995],[-44.561501936999996,-23.04002923199999],[-44.561955301,-23.042382290999996],[-44.566545721,-23.043599518999997],[-44.56938602899999,-23.047198344],[-44.577023583,-23.048829821],[-44.57797598999999,-23.053991275],[-44.58566569999999,-23.056664561999995],[-44.58342994099999,-23.058035352],[-44.593107745999994,-23.059344012],[-44.596299026,-23.063958666999994],[-44.60003541999999,-23.062011112999997],[-44.590183032999995,-23.052822389999996],[-44.590579041999995,-23.048697001],[-44.59698959399999,-23.045088958999994],[-44.599396289,-23.047364426],[-44.604295703999995,-23.047749609000004],[-44.60821407299999,-23.049806444],[-44.611542211,-23.047769601000002],[-44.614221541,-23.051563561999995],[-44.61325977,-23.046488329],[-44.61735366,-23.044046091999988],[-44.638067318,-23.052530005],[-44.637737488999996,-23.048665377999995],[-44.640877401,-23.04757278],[-44.643404701,-23.048203831],[-44.645286976,-23.046804034000004],[-44.648125289999996,-23.049035393000004],[-44.647409957,-23.053473330999996],[-44.650891393,-23.056547463999998],[-44.654909808999996,-23.05497070299999],[-44.65636563899999,-23.052211379999996],[-44.660727241,-23.054784138],[-44.66120399,-23.056500026999995],[-44.663923416,-23.053491368999996],[-44.668552646,-23.054168567000005],[-44.67714976599999,-23.062140477],[-44.67876613,-23.065159664999996],[-44.675868473,-23.066521222],[-44.677631848,-23.068609399999993],[-44.676090374999994,-23.070327738999993],[-44.68008554399999,-23.072399794],[-44.68186222899999,-23.072613706999995],[-44.682104038,-23.071190127000005],[-44.68450437,-23.071677322999996],[-44.687585264,-23.077596445999998],[-44.684770685,-23.079326034],[-44.691019494,-23.08275616],[-44.689872177999995,-23.08740017699999],[-44.687519563,-23.088237233999997],[-44.687333794,-23.09066245799999],[-44.687806408,-23.091459196999995],[-44.690712764,-23.090360712000003],[-44.69431615100001,-23.096314178999997],[-44.695786205,-23.102053139],[-44.69432191399999,-23.107117847000005],[-44.698728540000005,-23.116380054],[-44.698900691,-23.121176374],[-44.69733050199999,-23.124285337],[-44.692357054,-23.122723382999997],[-44.68819296,-23.125758268],[-44.689408005,-23.129159961000003],[-44.692073571,-23.13091221099999],[-44.699368827,-23.131488044],[-44.699822196,-23.135541925],[-44.697278552,-23.136652613],[-44.69832541099999,-23.142183871000004],[-44.69578610399999,-23.145589914],[-44.69301791699999,-23.146425473999997],[-44.69564448,-23.148280481999993],[-44.695162675,-23.151177286999992],[-44.69746070499999,-23.151737420000003],[-44.696654823,-23.154122481000005],[-44.699466164,-23.15564076],[-44.705277588,-23.155654243999994],[-44.707001657999996,-23.158135809],[-44.705660005,-23.162348132999995],[-44.70750768799999,-23.163486580999994],[-44.706743299,-23.166517369],[-44.70340304700001,-23.16956418699999],[-44.699035686,-23.168419442000005],[-44.69791872799999,-23.170260016000004],[-44.69954633199999,-23.172421327000002],[-44.69831115,-23.174498737],[-44.703282464999994,-23.176773483999998],[-44.70585973899999,-23.173860093000002],[-44.708634216,-23.174732831999993],[-44.71098865599999,-23.178010317],[-44.71080113599999,-23.181275170000003],[-44.712474851,-23.182974738],[-44.716136748,-23.182411361999996],[-44.717244724,-23.184775899],[-44.714445979,-23.187904173],[-44.711543823999996,-23.184941221999996],[-44.706794654999996,-23.184928147],[-44.70684429199999,-23.186136288],[-44.71102816599999,-23.190307081],[-44.713523962000004,-23.189279152999994],[-44.7147677,-23.190185727999996],[-44.714289095,-23.194026453],[-44.71682250599999,-23.194900826999998],[-44.71828881799999,-23.193635008999994],[-44.720675109,-23.196139922],[-44.721157098,-23.201826154999992],[-44.715258227,-23.21088572],[-44.710297112999996,-23.211020061999996],[-44.71213673599999,-23.214113734],[-44.70952906099999,-23.216435621999995],[-44.710353542,-23.217229431999993],[-44.709115621,-23.219281366999997],[-44.709833047,-23.221157660999996],[-44.711397944,-23.220379005999995],[-44.714824547,-23.221503785999996],[-44.711723135999996,-23.226097715],[-44.714647751,-23.228214784000002],[-44.715274015,-23.230883022],[-44.713179462,-23.234114267],[-44.710315257999994,-23.234975221999992],[-44.69484577299999,-23.23263719499999],[-44.694233923999995,-23.228757018999993],[-44.690428358,-23.222063510999998],[-44.68747751899999,-23.221602376000003],[-44.683484354,-23.223967669],[-44.681509850000005,-23.220726410999994],[-44.677341945,-23.219907698999997],[-44.672882199,-23.214710964],[-44.677805726,-23.212482203999993],[-44.672442874999994,-23.210357835999996],[-44.67102478799999,-23.211330000999997],[-44.66825452399999,-23.205405314],[-44.66656376299999,-23.205297774000005],[-44.66645519699999,-23.209972409999995],[-44.665094036,-23.209876306000005],[-44.66360153699999,-23.206074003999994],[-44.660745836,-23.208440151],[-44.65871901,-23.207779708],[-44.656822392,-23.201702558999997],[-44.65808526699999,-23.199235229],[-44.655212624,-23.195744318999992],[-44.65435726799999,-23.190544159000005],[-44.652675973,-23.188350007],[-44.647368025,-23.187951022],[-44.643454598,-23.185224759000004],[-44.644340963,-23.189831799],[-44.64590101699999,-23.19132481999999],[-44.644766008999994,-23.192176363],[-44.645713766,-23.194534181000005],[-44.64371578299999,-23.196421372000003],[-44.636943040999995,-23.195480957000008],[-44.63460502,-23.196708790999992],[-44.63162958299999,-23.195594083999996],[-44.62924504499999,-23.196796633000005],[-44.626361194999994,-23.196234135999998],[-44.627518995,-23.200592768],[-44.62640528299999,-23.202698018],[-44.624525396,-23.202288438],[-44.621737973,-23.204637111999997],[-44.616023444,-23.203820224999998],[-44.61579280099999,-23.206363152000005],[-44.620067564,-23.205986962999997],[-44.623435955999994,-23.207239339999994],[-44.627175349999995,-23.213110712],[-44.626134273,-23.215072824999996],[-44.624578748999994,-23.21453862],[-44.623712974,-23.215660024999995],[-44.625118660999995,-23.222368402999994],[-44.628983497,-23.223971759999998],[-44.633484724,-23.222230666000005],[-44.632492557,-23.218863136999996],[-44.633875013,-23.216969581],[-44.638220241999996,-23.216621136999997],[-44.640974979,-23.219233751999997],[-44.638641365999995,-23.212915206],[-44.63651596199999,-23.211433284],[-44.636972067,-23.210581104999996],[-44.640622652,-23.214640551000002],[-44.646712564999994,-23.217259667999993],[-44.651370594999996,-23.222157419000002],[-44.65273758899999,-23.21704104899999],[-44.655911956,-23.218137775999995],[-44.65712668199999,-23.214688154999997],[-44.662709957,-23.214001151999998],[-44.662436582,-23.217185485999998],[-44.658922997,-23.221393961999997],[-44.663135791,-23.225027162000003],[-44.663977953,-23.22801282],[-44.658844608,-23.227049429],[-44.656812602,-23.223732965],[-44.65491686099999,-23.224836074999995],[-44.654751808,-23.227086798999995],[-44.666726449,-23.235082418],[-44.669291172,-23.234894245999996],[-44.67014403900001,-23.231977840999996],[-44.672990965,-23.230574880999992],[-44.674351291,-23.234302532],[-44.678352145999995,-23.238210506000005],[-44.676759144,-23.240035448],[-44.674814270999995,-23.23881131699999],[-44.672109837,-23.239794883],[-44.676894106000006,-23.24266563],[-44.68042231399999,-23.2419666],[-44.681703327,-23.240011785],[-44.683223045999995,-23.240455812999997],[-44.685089375,-23.241990364000003],[-44.681377904,-23.243087062999997],[-44.678967422999996,-23.245923118000004],[-44.684892499,-23.250271968999996],[-44.69237056,-23.252473013],[-44.690540301999995,-23.253702659],[-44.685112592,-23.251931634],[-44.680342489,-23.252671264],[-44.678846015999994,-23.250567399999998],[-44.674760038,-23.250396279],[-44.674017107,-23.246775272],[-44.67148641299999,-23.247236051999995],[-44.66945413999999,-23.244260459],[-44.667603268,-23.245489156],[-44.67035109199999,-23.248230303999996],[-44.66924422099999,-23.250267842999992],[-44.667837115999994,-23.247905318999997],[-44.663919213999996,-23.247937044],[-44.660966914,-23.244797410000004],[-44.658908277,-23.239648474999996],[-44.654514240999994,-23.239093955],[-44.65196435599999,-23.235019349999998],[-44.644679931999995,-23.235977373000004],[-44.64309647499999,-23.234461898999996],[-44.63828465200001,-23.23398824299999],[-44.636692246,-23.238399660999995],[-44.631676244000005,-23.240343433999996],[-44.626922909,-23.236496275],[-44.623655286,-23.237332642000002],[-44.61940739,-23.234162346000005],[-44.613408053,-23.233570678000003],[-44.613043282,-23.234863803999993],[-44.618548344999994,-23.238860190999997],[-44.619689311,-23.242347751],[-44.624892462,-23.243980494000002],[-44.62679447000001,-23.246547879000005],[-44.626207167,-23.249708505999997],[-44.63446597899999,-23.258712281],[-44.633755126,-23.261847489999997],[-44.635856517,-23.263783601000007],[-44.63595960799999,-23.267351985000005],[-44.640606423,-23.270904656999996],[-44.64198199999999,-23.277446811],[-44.6493619,-23.283744363000004],[-44.649775600999995,-23.287300630000004],[-44.654244942,-23.288351862],[-44.65727253,-23.292163220999996],[-44.655366409,-23.295389108999995],[-44.65392722599999,-23.293614961999992],[-44.64978575199999,-23.29524768899999],[-44.64989061099999,-23.298187601999995],[-44.646733845,-23.29723409],[-44.648029507,-23.301904638999993],[-44.640139004999995,-23.301338989],[-44.638798605999995,-23.302346108],[-44.637497586,-23.301203085999997],[-44.63685902999999,-23.299090062],[-44.643709264,-23.294057269],[-44.646241057,-23.289847928999997],[-44.642032150999995,-23.286669383999996],[-44.642623999,-23.289080749000004],[-44.638209796999995,-23.290138219],[-44.63039946699999,-23.281910419],[-44.62669965199999,-23.270610380999997],[-44.62359349199999,-23.268509335000005],[-44.621447859,-23.264324088],[-44.620952202,-23.258283142],[-44.61397075099999,-23.252188640000004],[-44.606842852,-23.251081123999995],[-44.59710959899999,-23.244230651999995],[-44.59704263799999,-23.238069877000008],[-44.59929785799999,-23.237928699],[-44.599243218,-23.236492538],[-44.590870882,-23.232514036],[-44.574843458,-23.233560435],[-44.570492177,-23.229940448999997],[-44.56559528799999,-23.230047854],[-44.560258907999994,-23.226378087999997],[-44.559119001,-23.227306170000006],[-44.560540328,-23.231178516],[-44.57156072499999,-23.239208344999994],[-44.57850120399999,-23.246677304000002],[-44.577862414,-23.248478436999996],[-44.574956573,-23.248040784],[-44.575185015,-23.251575174999996],[-44.57609509699999,-23.253704622],[-44.58145181199999,-23.25760526],[-44.581438950999996,-23.261724311999995],[-44.584902319,-23.263748275],[-44.58341580599999,-23.268042512999997],[-44.579966129000006,-23.270898769],[-44.57575752099999,-23.268505548],[-44.572384295,-23.271648384999995],[-44.56717239,-23.270837148],[-44.558925053,-23.27351845],[-44.551422931999994,-23.270649658000004],[-44.550404841,-23.273655455999997],[-44.547805024,-23.274310618999994],[-44.54380924699999,-23.272176842],[-44.540077581999995,-23.266551486],[-44.53799316799999,-23.26673341],[-44.535429558,-23.268149609],[-44.53571464099999,-23.269789123000002],[-44.527194374,-23.272754487],[-44.525423194,-23.274772850999998],[-44.526027231,-23.276637207],[-44.523024841,-23.276794032999998],[-44.522172123,-23.279441960999993],[-44.518517568,-23.279529289000003],[-44.52071349999999,-23.283458065],[-44.515209003,-23.28578722],[-44.51314421,-23.291144538999998],[-44.509311007,-23.292278762999995],[-44.505303322,-23.290770783000003],[-44.502861405,-23.293135987999992],[-44.502669403,-23.295239669],[-44.506433599,-23.299710865],[-44.507879366,-23.29935723199999],[-44.50951152499999,-23.30104577799999],[-44.509775533,-23.29539219],[-44.513331139,-23.295720837000005],[-44.513948291000005,-23.291658921],[-44.524269116,-23.290543381999996],[-44.525301590999995,-23.28758296],[-44.52887034799999,-23.286764314],[-44.530059743,-23.287591691999996],[-44.529682174,-23.290214218],[-44.53581185,-23.292077093999993],[-44.53969033199999,-23.297443292000004],[-44.54097077899999,-23.300034882999995],[-44.539648402,-23.301177177000003],[-44.540340463,-23.304725527999995],[-44.54234086699999,-23.304775793999998],[-44.54219268799999,-23.302215514000004],[-44.544230458,-23.30219346],[-44.54888531,-23.304642534],[-44.549317322,-23.307231173000005],[-44.55075152399999,-23.307802903999995],[-44.552326941,-23.303529648],[-44.555763087,-23.303567113999996],[-44.55549478199999,-23.305359859999996],[-44.55738268399999,-23.306144238999998],[-44.559393591,-23.310797268999995],[-44.56239742299999,-23.311316087999995],[-44.560211,-23.315778243],[-44.56332597,-23.317927066999992],[-44.564110797,-23.321063309999996],[-44.56629582699999,-23.322994579999996],[-44.561970654,-23.327000934],[-44.56327101899999,-23.332969895000005],[-44.56829186899999,-23.338419644999995],[-44.57261596,-23.346138035],[-44.57898915199999,-23.351683265000002],[-44.579989308,-23.354654271999998],[-44.58535563499999,-23.359558422],[-44.590868985,-23.36223295],[-44.59592054,-23.358474726],[-44.599357862999994,-23.359169060999992],[-44.603518178,-23.362591295999998],[-44.60347814099999,-23.365828827999998],[-44.60690048499999,-23.366705016999997],[-44.608833477000005,-23.35639241999999],[-44.606808268,-23.347926891000007],[-44.611151027,-23.349384728],[-44.61156327,-23.347693359000004],[-44.61325171899999,-23.347348315],[-44.618173756999994,-23.351626003],[-44.616130442,-23.346573407000005],[-44.618808148999996,-23.344299923],[-44.618575567,-23.341452911],[-44.621286523,-23.341093825],[-44.62232359,-23.339232006],[-44.625508515,-23.339529787999997],[-44.629081223,-23.350220373],[-44.63149410999999,-23.35210054],[-44.63435146999999,-23.352250510999998],[-44.63563578099999,-23.350737215999995],[-44.634007277,-23.350446874000003],[-44.628766107,-23.342638171999994],[-44.62887115099999,-23.337409006],[-44.64008550999999,-23.330999881000004],[-44.644444148999995,-23.334081379000004],[-44.647251667,-23.334187301000007],[-44.651116989,-23.340976604999998],[-44.6550234,-23.342916263],[-44.65866025099999,-23.341563149999992],[-44.660412513,-23.338928365999998],[-44.663049642999994,-23.339148969],[-44.663740544999996,-23.342051713000004],[-44.661776685,-23.342246061999997],[-44.66316193299999,-23.344098886000005],[-44.658586662,-23.345342055000003],[-44.659788777,-23.347445454999995],[-44.67235517,-23.345020991000005],[-44.67381769199999,-23.343431380999995],[-44.672576705999994,-23.340742461],[-44.674580425,-23.340584118],[-44.673460115,-23.338359146999995],[-44.67524469600001,-23.335889940000005],[-44.67947861399999,-23.339238626],[-44.68175416199999,-23.33886663],[-44.683947124,-23.342567384],[-44.683573511,-23.346254760999997],[-44.681306437,-23.346071708999993],[-44.681059214,-23.347168204000003],[-44.686200036,-23.352021873],[-44.68504980699999,-23.347481003],[-44.69059211999999,-23.347551176000003],[-44.69070680899999,-23.344122415000005],[-44.694916330999995,-23.342870172],[-44.698480217,-23.343865118999997],[-44.70117740399999,-23.340241206],[-44.704325591,-23.341130180000004],[-44.704792938999994,-23.343984695999996],[-44.707304036,-23.342623537],[-44.715933293999996,-23.345163247],[-44.721971462,-23.350383045],[-44.722380329,-23.353335161],[-44.719224176,-23.354207843999994],[-44.721401361,-23.357568693],[-44.72691977800001,-23.353505097000003],[-44.732105450999995,-23.358891112999995],[-44.731655931999995,-23.362919684000005],[-44.726982174,-23.367247402],[-44.724217577999994,-23.367456306],[-44.728080881,-23.368931961999998],[-44.73254091399999,-23.365918426000004],[-44.735755352,-23.365637162999995],[-44.74146098100001,-23.358886841999993],[-44.75642820899999,-23.350207859],[-44.759944000999994,-23.341227521000004],[-44.763399523,-23.341589145999993],[-44.770752550999994,-23.338254166000002],[-44.77715015599999,-23.338498794999992],[-44.776257276,-23.332387816],[-44.781611136,-23.325896873999998],[-44.778111982,-23.31559770599999],[-44.786784562,-23.310087649],[-44.788005010999996,-23.305780516999995],[-44.786260017,-23.301400193999992],[-44.787421385,-23.299106885],[-44.80536440699999,-23.290049087000007],[-44.80716210599999,-23.286876001999996],[-44.807149798999994,-23.283485517000003],[-44.81884870599999,-23.289737653999993],[-44.826720800000004,-23.291621355000004],[-44.82718595499999,-23.288842451],[-44.823758905,-23.280692338],[-44.828848581,-23.2762455],[-44.82848294000001,-23.269557112999994],[-44.834519206,-23.267401304000003],[-44.83999308799999,-23.263389624],[-44.836056392,-23.256172347999993],[-44.842130151,-23.255722440000003],[-44.852121860000004,-23.248898835],[-44.869464134,-23.249834006000004],[-44.871992799,-23.248955073000005],[-44.878310884,-23.242875326],[-44.88086761999999,-23.236589937999998],[-44.885950801,-23.235790336999997],[-44.88932055099999,-23.22659492],[-44.88893148099999,-23.224504849999995],[-44.88011470499999,-23.213309707999993],[-44.883482367999996,-23.211007931999998],[-44.883720724,-23.204805127],[-44.874900123,-23.196746051999998],[-44.876832374,-23.194487877999997],[-44.87412558,-23.189713582999996],[-44.874748382,-23.184698388999994],[-44.87273247,-23.182502192999998],[-44.860456718,-23.180977968],[-44.856359337,-23.176683913],[-44.85308143200001,-23.176601965000003],[-44.85273725199999,-23.173897693999997],[-44.847918733,-23.174143537000003],[-44.844853891999996,-23.172389857999992],[-44.84528001999999,-23.168980837000003],[-44.842903539000005,-23.166686304000002],[-44.839363402,-23.165850438],[-44.83810140899999,-23.167243548],[-44.83351234199999,-23.166833809999996],[-44.82844798,-23.16201528999999],[-44.82515368499999,-23.16304783],[-44.822727177,-23.160076943000004],[-44.821252979,-23.153525516999995],[-44.82548147599999,-23.143740972],[-44.823481953999995,-23.141200596],[-44.81605749999999,-23.140315562],[-44.81584443599999,-23.137332668],[-44.819302626,-23.133825310999995],[-44.819253457,-23.131596335],[-44.81441854799999,-23.127466176],[-44.814893844,-23.120402291000005],[-44.810599789,-23.11553460299999],[-44.81297626999999,-23.112731994999997],[-44.815270803,-23.112453373],[-44.81643445899999,-23.107831527],[-44.809337795999994,-23.101390444999996],[-44.808813331,-23.099472870999996],[-44.812877932999996,-23.098227267000002],[-44.811189812,-23.096293303000003],[-44.812533753,-23.091687846999992],[-44.818843719,-23.091458394000004],[-44.81792590599999,-23.085722060999995],[-44.81407436799999,-23.081378837000003],[-44.811402876,-23.071364838999994],[-44.814795507,-23.067677195999998],[-44.80699409399999,-23.063055350999992],[-44.811894561,-23.054516409],[-44.80650240799999,-23.049861785],[-44.804617613,-23.049288151999992],[-44.803404789,-23.050812376999993],[-44.802208353,-23.048780076],[-44.801274151,-23.04451879999999],[-44.803044219,-23.040060850000003],[-44.800585791,-23.035291499000003],[-44.801962511,-23.031587466999998],[-44.798438763,-23.029719061],[-44.795865608,-23.025310279999996],[-44.798635436999994,-23.020262307],[-44.792817156999995,-23.00983857],[-44.795488649,-23.007052351000002],[-44.799635198,-23.006478718],[-44.80263587,-22.999661977999995],[-44.80125635499999,-22.996500363999992],[-44.79290140599999,-22.993413212000007],[-44.793647320000005,-22.986329059999996],[-44.79189818199999,-22.981875898000002],[-44.789762422,-22.981350171999996],[-44.787562456,-22.982545376000004],[-44.783468366,-22.978954973999993],[-44.776739527,-22.978055535000003],[-44.77306535900001,-22.981455253],[-44.769912241,-22.980883427],[-44.764840455999995,-22.983313811],[-44.759343338,-22.979095374999996],[-44.75525953299999,-22.980312491],[-44.75435156299999,-22.978600317999998],[-44.75660851799999,-22.976550898],[-44.756790113,-22.974319884000003],[-44.751030984,-22.972011044],[-44.749369708,-22.969973325000005],[-44.749423756,-22.966055612],[-44.751766148,-22.962638193],[-44.748247808,-22.95687069],[-44.74912749799999,-22.953725402],[-44.745086732,-22.95188968799999],[-44.743820658,-22.947205612999998],[-44.734601317,-22.945130835],[-44.727865098,-22.941820411],[-44.719473654,-22.934920505999997],[-44.716720331,-22.934930069999997],[-44.713434415,-22.929875376000005],[-44.71082117500001,-22.930100990999996],[-44.710133084999995,-22.931720337],[-44.70663497299999,-22.931606414000008],[-44.703545231999996,-22.93610204],[-44.701027972,-22.935196685],[-44.700310339999994,-22.932890901000004],[-44.695716618,-22.932053795999995],[-44.687734766999995,-22.936770009999993],[-44.687223706999994,-22.932519676],[-44.682563977,-22.930335177],[-44.680148204000005,-22.925772055999992],[-44.67860725,-22.926215196],[-44.673837371,-22.918045564000003],[-44.671657761999995,-22.919286785000004],[-44.671612056,-22.92206628],[-44.66402713099999,-22.926689082000006],[-44.65899404799999,-22.927931211000004],[-44.656491204999995,-22.924439896],[-44.64664436699999,-22.919521272],[-44.646399132,-22.918195522999998],[-44.642839509,-22.917524505000003],[-44.638673491,-22.914153772999995],[-44.635465464999996,-22.91539884699999],[-44.633547059,-22.914375086]]],[[[-44.68415265899999,-23.129301486999992],[-44.685579996,-23.130709731],[-44.68736370599999,-23.13055402199999],[-44.685436909,-23.128488354999998],[-44.68415265899999,-23.129301486999992]]],[[[-44.67780486099999,-23.126188333999995],[-44.679449204,-23.125949278999997],[-44.677676106999996,-23.124713004],[-44.67780486099999,-23.126188333999995]]],[[[-44.67764216399999,-23.111228128000004],[-44.67305219,-23.112086944999994],[-44.674181104999995,-23.113362248999994],[-44.678203615,-23.114230803],[-44.67764216399999,-23.111228128000004]]],[[[-44.680612803,-23.109359329999997],[-44.67951366599999,-23.108102489999997],[-44.678799809,-23.109275495999995],[-44.679163759,-23.109749085],[-44.680612803,-23.109359329999997]]],[[[-44.688721493,-23.109661241],[-44.688104325,-23.107945146999995],[-44.685621131,-23.106314011],[-44.68557990099999,-23.106799559000002],[-44.688721493,-23.109661241]]],[[[-44.67596941899999,-23.095583773000005],[-44.676553223,-23.095971489000004],[-44.676753858999994,-23.095960053000002],[-44.67596941899999,-23.095583773000005]]],[[[-44.68287847399999,-23.087164467],[-44.684148224,-23.088509057],[-44.684892514000005,-23.08861099],[-44.68413779099999,-23.086989401999993],[-44.68287847399999,-23.087164467]]],[[[-44.671761775,-23.356659022999995],[-44.672104802999996,-23.354805883],[-44.670506081,-23.355006619999997],[-44.671761775,-23.356659022999995]]],[[[-44.665948217,-23.351531688],[-44.665780065,-23.350687632],[-44.665331368,-23.350557294999994],[-44.665948217,-23.351531688]]],[[[-44.66482336499999,-23.349950437],[-44.66503712299999,-23.350210416999992],[-44.66510641800001,-23.350059532],[-44.66482336499999,-23.349950437]]],[[[-44.636114978,-23.280211010999995],[-44.636655431,-23.279668025],[-44.635964542,-23.279723079],[-44.636114978,-23.280211010999995]]],[[[-44.63004033899999,-23.274095138000003],[-44.631907028,-23.273135221999993],[-44.631580595,-23.272584802000004],[-44.6298289,-23.272953961999995],[-44.63004033899999,-23.274095138000003]]],[[[-44.668426851,-23.240003665999996],[-44.670556006,-23.240460383],[-44.67172511,-23.239513832999993],[-44.66845751099999,-23.238720472],[-44.668426851,-23.240003665999996]]],[[[-44.63590915,-23.224019708999997],[-44.633860441,-23.225755758],[-44.636830906,-23.226008192999995],[-44.639584223,-23.229166123999995],[-44.647012983,-23.229601256999995],[-44.649278149,-23.231470073000004],[-44.651012533,-23.231347696],[-44.647359232,-23.227080602000004],[-44.63981921500001,-23.227740431000008],[-44.638436078,-23.224963239],[-44.63590915,-23.224019708999997]]],[[[-44.672651158,-23.199923633999997],[-44.672663458,-23.201352061999998],[-44.67321570199999,-23.201020181000004],[-44.672651158,-23.199923633999997]]],[[[-44.62508889899999,-23.194875314999997],[-44.626011102,-23.194614006],[-44.62470643899999,-23.194254274],[-44.62508889899999,-23.194875314999997]]],[[[-44.635175873,-23.192244893],[-44.63651333699999,-23.194595009],[-44.637149992,-23.19383927099999],[-44.635175873,-23.192244893]]],[[[-44.656392731,-23.183116984999995],[-44.657668209,-23.18596059],[-44.656768791,-23.18794618799999],[-44.659139302,-23.188084647999997],[-44.659799647,-23.185694261000002],[-44.658377354,-23.183282623999997],[-44.659557161,-23.182071792999995],[-44.657736052999994,-23.181140041000003],[-44.656392731,-23.183116984999995]]],[[[-44.63445700999999,-23.176462596999997],[-44.635080372,-23.176564151999994],[-44.63474896499999,-23.176049128],[-44.63445700999999,-23.176462596999997]]],[[[-44.633896313,-23.174741689999998],[-44.635213183,-23.174870905],[-44.634775987,-23.174061057000003],[-44.633896313,-23.174741689999998]]],[[[-44.66141142499999,-23.159436706999998],[-44.664127726,-23.163464690999998],[-44.66553102299999,-23.162929113],[-44.666185371,-23.16061245199999],[-44.663918867999996,-23.158900773999992],[-44.66141142499999,-23.159436706999998]]],[[[-44.675252727,-23.133056938],[-44.676435013,-23.132416113999998],[-44.67458645199999,-23.131843382999996],[-44.675252727,-23.133056938]]],[[[-44.66729969499999,-23.132032186],[-44.667075643,-23.131875612999995],[-44.667178492,-23.132104654999996],[-44.66729969499999,-23.132032186]]],[[[-44.66770221899999,-23.123138580000003],[-44.66757437399999,-23.121956764],[-44.666316355999996,-23.121000333999994],[-44.66770221899999,-23.123138580000003]]],[[[-44.67037622,-23.09813445],[-44.673914567,-23.09827330999999],[-44.66911941,-23.096872569999995],[-44.67037622,-23.09813445]]],[[[-44.658239269,-23.092738506],[-44.65791164099999,-23.093156424999997],[-44.658369298,-23.093192509],[-44.658239269,-23.092738506]]],[[[-44.637766322,-23.071565530000004],[-44.64423625999999,-23.075093007000003],[-44.644602469,-23.072102696000005],[-44.645893913,-23.072329029000002],[-44.64202411699999,-23.068102215],[-44.639708682999995,-23.069872635999996],[-44.635194517,-23.067651550999997],[-44.637766322,-23.071565530000004]]],[[[-44.631043531,-23.067761942999994],[-44.62946332,-23.070827313],[-44.631634024,-23.071990139999997],[-44.63163601,-23.070024663],[-44.633042257,-23.069378409],[-44.631043531,-23.067761942999994]]],[[[-44.63743063999999,-23.066212754000002],[-44.637574402,-23.067378858999994],[-44.638262186999995,-23.066521524000002],[-44.63743063999999,-23.066212754000002]]],[[[-44.626047087,-23.060836834000007],[-44.627278444999995,-23.062606912999996],[-44.629087763,-23.062702246999994],[-44.628544146,-23.06047175],[-44.626047087,-23.060836834000007]]],[[[-44.65993882,-23.059516066],[-44.660169057,-23.058409283000003],[-44.65955671599999,-23.059288504],[-44.65993882,-23.059516066]]],[[[-44.566536143,-23.347899316],[-44.570124723,-23.352721595000002],[-44.570811782,-23.352416283999997],[-44.56956023899999,-23.34825298699999],[-44.566536143,-23.347899316]]],[[[-44.571784410999996,-23.267512407999995],[-44.57120690199999,-23.265567016],[-44.568173586,-23.264286410000004],[-44.570870361,-23.267304082999996],[-44.571784410999996,-23.267512407999995]]],[[[-44.553709717,-23.220339048000003],[-44.556591878999996,-23.223688667999994],[-44.557168401999995,-23.223613257],[-44.55694465199999,-23.221026850000005],[-44.553709717,-23.220339048000003]]],[[[-44.591523853999995,-23.204696389999995],[-44.587679639,-23.206802193],[-44.584592334999996,-23.203673809999994],[-44.586796348,-23.207236980999998],[-44.586010619999996,-23.209248998999996],[-44.5938555,-23.216033838999998],[-44.598675881,-23.215664501000003],[-44.600911103,-23.217141890999997],[-44.60055397299999,-23.219966246999995],[-44.602016965,-23.22209713699999],[-44.611722849,-23.224578799],[-44.618634701,-23.224707453000004],[-44.621245884000004,-23.223311820000003],[-44.62018318,-23.221289946000002],[-44.616315682,-23.219934179],[-44.61434488399999,-23.217626721],[-44.604777745999996,-23.214867898999998],[-44.599857881000005,-23.205590015000002],[-44.594836048999994,-23.202115758999994],[-44.591863698,-23.203125145000005],[-44.591523853999995,-23.204696389999995]]],[[[-44.583338606,-23.21003574],[-44.584578885,-23.211784335000004],[-44.585323974,-23.2109566],[-44.583338606,-23.21003574]]],[[[-44.581390414999994,-23.198017004999993],[-44.57897267199999,-23.19966184],[-44.579509664,-23.203069177000007],[-44.581750514999996,-23.201788172999997],[-44.583977434999994,-23.202336649999996],[-44.583055711,-23.20062068],[-44.58459417,-23.200175976],[-44.58338702299999,-23.198920231999995],[-44.581390414999994,-23.198017004999993]]],[[[-44.57230822499999,-23.195811404999997],[-44.57314369499999,-23.196552857999997],[-44.57449202899999,-23.196032262],[-44.573498503,-23.195366851],[-44.57230822499999,-23.195811404999997]]],[[[-44.607777887999994,-23.194393796],[-44.60691935,-23.195980605],[-44.60863507199999,-23.195790017999997],[-44.607777887999994,-23.194393796]]],[[[-44.622996791999995,-23.189747794],[-44.62079537500001,-23.190263718999994],[-44.62420423499999,-23.192411575999998],[-44.622996791999995,-23.189747794]]],[[[-44.573412592,-23.183169231000004],[-44.572648886,-23.187972810999995],[-44.577398387,-23.18943292399999],[-44.57667906399999,-23.184265173],[-44.573412592,-23.183169231000004]]],[[[-44.594817821999996,-23.085336030999997],[-44.59315419599999,-23.086880082],[-44.595800464,-23.088743963999995],[-44.594817821999996,-23.085336030999997]]],[[[-44.556676238,-23.076994685999992],[-44.556603089,-23.076187262],[-44.556310644999996,-23.076337951],[-44.556676238,-23.076994685999992]]],[[[-44.59015784,-23.070369408],[-44.58980888399999,-23.070319152999996],[-44.590326688,-23.070652488],[-44.59015784,-23.070369408]]],[[[-44.602619903,-23.066555270999995],[-44.602461889,-23.068887377999996],[-44.604563438999996,-23.067887836999997],[-44.602619903,-23.066555270999995]]],[[[-44.563944471,-23.06716459400001],[-44.56457596399999,-23.06811370499999],[-44.564788452,-23.067724141999996],[-44.563944471,-23.06716459400001]]],[[[-44.59601998699999,-23.065322607999995],[-44.594818027,-23.066729450000008],[-44.597090141,-23.066637220000004],[-44.59601998699999,-23.065322607999995]]],[[[-44.616261504,-23.061912982999996],[-44.617216943,-23.061565577999996],[-44.61620813799999,-23.061436523999998],[-44.616261504,-23.061912982999996]]],[[[-44.55407611,-23.055204921999998],[-44.551891571,-23.056890996999993],[-44.553666506,-23.058181247],[-44.55646520799999,-23.057985518000002],[-44.556820024,-23.062823940999998],[-44.55892077499999,-23.062725180999998],[-44.563897786999995,-23.066829241000004],[-44.564506792,-23.064477032999996],[-44.556627984,-23.055346380999996],[-44.55407611,-23.055204921999998]]],[[[-44.600455658,-23.055951466],[-44.605586096,-23.060147661],[-44.608714027,-23.064154151999997],[-44.60776989899999,-23.059872884999997],[-44.600455658,-23.055951466]]],[[[-44.61965335499999,-23.058036462000004],[-44.623277847,-23.06016879099999],[-44.62409955799999,-23.058925160999998],[-44.62289767299999,-23.056794409],[-44.61965335499999,-23.058036462000004]]],[[[-44.609540404,-23.053885735999998],[-44.60936942299999,-23.054794641],[-44.610107907,-23.055144302999995],[-44.609540404,-23.053885735999998]]],[[[-44.559321811,-23.052165228000003],[-44.56021592399999,-23.053107247999996],[-44.56320650799999,-23.052877354],[-44.56086165,-23.05127162699999],[-44.559321811,-23.052165228000003]]],[[[-44.545506288999995,-23.04965071299999],[-44.546140099999995,-23.048559974999996],[-44.544086127,-23.046851363000002],[-44.545506288999995,-23.04965071299999]]],[[[-44.544146111,-23.046411235],[-44.543775337,-23.045470292],[-44.543249725,-23.045284482999996],[-44.544146111,-23.046411235]]]]}},{"type":"Feature","properties":{"code_muni":"3303856","name_muni":"Paty do Alferes","abbrev_state":"RJ"},"geometry":{"type":"Polygon","coordinates":[[[-43.32539566,-22.278720078999996],[-43.288430464,-22.371331637999997],[-43.2962027,-22.372358912000003],[-43.29962719099999,-22.369900579999996],[-43.30151687,-22.37353119599999],[-43.30481094000001,-22.374567972000005],[-43.30525337,-22.377836313],[-43.310008301,-22.378137021000008],[-43.316052090999996,-22.381316581999997],[-43.318097392,-22.383963896],[-43.317598178,-22.387785405999992],[-43.31912622,-22.391618441],[-43.325353717,-22.393549816999997],[-43.32689616399999,-22.395432964],[-43.32651144,-22.401316691],[-43.328899199999995,-22.403251901],[-43.33629498,-22.403419397999997],[-43.33460546399999,-22.404687689999996],[-43.334493298999995,-22.408362016999995],[-43.3375899,-22.409930154999998],[-43.337992525,-22.414745131000004],[-43.34431972699999,-22.417989683],[-43.353274829,-22.417150025],[-43.360964524,-22.419593570000007],[-43.361367279,-22.425691422999993],[-43.365326771,-22.426352953],[-43.370168041,-22.432326646999996],[-43.374175008,-22.434453916999995],[-43.371340699,-22.440672231999997],[-43.37376099600001,-22.443246559],[-43.37633089599999,-22.442095447],[-43.377265644999994,-22.442997261],[-43.376089144999995,-22.445099759000005],[-43.37159728400001,-22.44526044199999],[-43.370688599,-22.45225815099999],[-43.374239812,-22.451717336000005],[-43.373660814,-22.454663387],[-43.37635927400001,-22.454261456],[-43.38345305099999,-22.460777280000002],[-43.394802677,-22.463457332000008],[-43.40301644099999,-22.467609465],[-43.404575584,-22.46970034],[-43.408712325,-22.470307558000002],[-43.41156395099999,-22.46896615],[-43.415141651,-22.470020770999998],[-43.420078664,-22.468789754999996],[-43.424125837000005,-22.471374399000002],[-43.429285359999994,-22.471916396999994],[-43.428701131,-22.475085836],[-43.430527326,-22.476228537999997],[-43.431143074999994,-22.47469772699999],[-43.43692634399999,-22.474564623000003],[-43.44078345999999,-22.467393643],[-43.439910217999994,-22.464234168000004],[-43.436628261,-22.464050166999993],[-43.434717022,-22.460452356999998],[-43.441010500999994,-22.453676734999995],[-43.442472751,-22.449572789999998],[-43.438689677999996,-22.445633625999996],[-43.491452722999995,-22.420000172999995],[-43.493145285,-22.417025784999993],[-43.495629431999994,-22.41782209799999],[-43.500933152,-22.408899089999995],[-43.503414406,-22.407923065999995],[-43.507880298,-22.401458758999997],[-43.505286035999994,-22.399007730999998],[-43.501193047,-22.389719054],[-43.494301287,-22.384440241999997],[-43.49410122999999,-22.382066959999996],[-43.487979531,-22.378990985999998],[-43.488993009,-22.37791220999999],[-43.48770137499999,-22.373558055999997],[-43.492967587,-22.36963684599999],[-43.49437005099999,-22.37021446],[-43.49656393,-22.368822497],[-43.496804861,-22.366424949],[-43.498355907,-22.365583786999995],[-43.499789461999995,-22.352112826999996],[-43.50380888299999,-22.348475852],[-43.503066213000004,-22.343517080999998],[-43.50481805599999,-22.338118762000004],[-43.50722816999999,-22.335343111999997],[-43.503630369,-22.311180501999996],[-43.32539566,-22.278720078999996]]]}},{"type":"Feature","properties":{"code_muni":"3303906","name_muni":"Petrópolis","abbrev_state":"RJ"},"geometry":{"type":"Polygon","coordinates":[[[-43.02950643999999,-22.202595217999992],[-43.018918048,-22.217738125999993],[-43.018302363,-22.222807359999997],[-43.015382158,-22.223310880000007],[-43.011882187,-22.220005508999996],[-43.008590372,-22.219339748999996],[-42.99675346,-22.226125006],[-42.99629427399999,-22.233094455999993],[-42.992511352,-22.237088061999998],[-42.99224496,-22.239227153000005],[-42.979926582,-22.249363234999993],[-42.977981376,-22.255229479],[-42.978550420999994,-22.26065511],[-42.980608303,-22.264699974999996],[-42.983630425,-22.263476939],[-42.98792764600001,-22.269379171999994],[-42.988173427999996,-22.275608646000002],[-42.989818211,-22.278436994999993],[-42.999377355,-22.28186278],[-43.00221417699999,-22.28632342],[-43.01388252499999,-22.287884086999995],[-43.016697082,-22.290519661000005],[-43.011821903,-22.296099573999992],[-43.014080067,-22.301993001],[-43.019147907,-22.302869247999997],[-43.023713848999996,-22.306596722999995],[-43.026693764,-22.304423913999997],[-43.036394172,-22.30836424],[-43.042856406000006,-22.315032002999992],[-43.046037549,-22.322050715],[-43.04625526499999,-22.326412606999998],[-43.039888142,-22.328678570999994],[-43.033907387,-22.327266893],[-43.030236642999995,-22.331302261999998],[-43.030465672999995,-22.337334944],[-43.02790142999999,-22.339698152],[-43.03114865599999,-22.344640244],[-43.02720751099999,-22.346352665999994],[-43.026835066,-22.351826462000002],[-43.024189714,-22.35472974],[-43.021435765,-22.355207181999997],[-43.02678815099999,-22.362364447],[-43.026405637,-22.363549213999992],[-43.029840184,-22.363165163],[-43.031185102,-22.364487620999995],[-43.035378939,-22.372356218999993],[-43.02830311599999,-22.378374683999997],[-43.031422056,-22.386408219999993],[-43.034677679,-22.389677070000005],[-43.028612988999996,-22.392489881],[-43.028431426,-22.395260732],[-43.03098826,-22.40258143],[-43.0341457,-22.404767786999994],[-43.037432529,-22.410408625],[-43.037958206999996,-22.415027503999998],[-43.037228831,-22.416728967000005],[-43.032564752,-22.418309566000005],[-43.031759322,-22.419842447000004],[-43.03160353,-22.42173164],[-43.034918469,-22.423212378],[-43.032940192,-22.432841954],[-43.031390861999995,-22.434715358],[-43.027819353999995,-22.435003602],[-43.026452708,-22.439322433000005],[-43.02218422699999,-22.441114859999995],[-43.02679331,-22.449690895999993],[-43.025469654999995,-22.454991926],[-43.028510143,-22.458152339999994],[-43.028843054999996,-22.461251242999996],[-43.03501266799999,-22.462488168999997],[-43.036036816999996,-22.459465061],[-43.040384059,-22.456426991],[-43.04360451699999,-22.459501054000004],[-43.047308685,-22.460207638],[-43.05025164900001,-22.465223675],[-43.055308626,-22.46776226],[-43.05489450999999,-22.470435696000006],[-43.058132143,-22.475082988],[-43.054784262,-22.478327686000004],[-43.055016764,-22.481332700000003],[-43.05792153499999,-22.481339943],[-43.059709245,-22.483734446000007],[-43.062638402999994,-22.483435636999996],[-43.06227076399999,-22.484627061],[-43.06612440499999,-22.486007305000005],[-43.073013047,-22.485730177000008],[-43.079675683,-22.487407792999996],[-43.08109362399999,-22.489566221000004],[-43.076776131,-22.490167804],[-43.074523938,-22.492466770999997],[-43.070630159,-22.500533273999995],[-43.076661856,-22.509103699999994],[-43.07632347700001,-22.510981836],[-43.087043077,-22.517149155000002],[-43.089460959,-22.521037816999993],[-43.09598614699999,-22.522895662],[-43.108043662,-22.533745609999997],[-43.11070721,-22.534849996000002],[-43.114106524,-22.534150005],[-43.117935331999995,-22.530652644999996],[-43.122800249,-22.531012137],[-43.126390053,-22.534392780000005],[-43.131274049,-22.533790911],[-43.135911682,-22.536344071999995],[-43.148921410999996,-22.539697464999993],[-43.162046392,-22.547154134],[-43.182608936,-22.5532197],[-43.198149808,-22.553135763999993],[-43.225010463,-22.563633126999992],[-43.255663171,-22.572268492000003],[-43.255487384999995,-22.573332648],[-43.260794790999995,-22.561264106999992],[-43.258111546,-22.554980559],[-43.26070194900001,-22.555356797000005],[-43.24600521,-22.527031552],[-43.234252912,-22.522748005999997],[-43.231226871,-22.524381424999998],[-43.23087702,-22.527608181999998],[-43.226515600999996,-22.529500442],[-43.22457458499999,-22.527022881],[-43.225406446,-22.524937508000004],[-43.22238814899999,-22.521565675],[-43.224802486,-22.521280063000003],[-43.22502957199999,-22.518020007999997],[-43.22659289599999,-22.516239377],[-43.229727154,-22.517443375],[-43.23159813899999,-22.514385909000005],[-43.233562371,-22.516575368999995],[-43.236721855999996,-22.515552893999995],[-43.236710679,-22.513453663000004],[-43.237813458,-22.51372917],[-43.238522355,-22.511522633000002],[-43.241820085,-22.509393092000003],[-43.29539544099999,-22.475503644999993],[-43.301919713,-22.473889731000003],[-43.300187844,-22.469127586],[-43.296865854,-22.465537028],[-43.297415771999994,-22.46429575799999],[-43.293418392,-22.465648086],[-43.28849843,-22.462297461000006],[-43.289473949,-22.457953617999998],[-43.29473399,-22.457742758999995],[-43.297973477,-22.455381024],[-43.298325435,-22.451214145999998],[-43.302207093,-22.452860884999996],[-43.305372762999994,-22.456704346999995],[-43.306220473,-22.455071534],[-43.308748978000004,-22.456139261999994],[-43.31320844199999,-22.454514189],[-43.320346505,-22.459006223999992],[-43.326005127,-22.458122748999997],[-43.330459461,-22.453358140999995],[-43.335947471999994,-22.454504306999997],[-43.345346675,-22.450778538999998],[-43.34901980099999,-22.452566883],[-43.352054468,-22.448465092999992],[-43.353707871999994,-22.449786253],[-43.35610142499999,-22.448683287999998],[-43.358732096999994,-22.450744131],[-43.36415950799999,-22.450428098],[-43.365115132999996,-22.453493426999998],[-43.36836174599999,-22.453408619999994],[-43.371382088,-22.449775241999998],[-43.37159728400001,-22.44526044199999],[-43.376089144999995,-22.445099759000005],[-43.377265644999994,-22.442997261],[-43.37633089599999,-22.442095447],[-43.37376099600001,-22.443246559],[-43.371340699,-22.440672231999997],[-43.374175008,-22.434453916999995],[-43.370168041,-22.432326646999996],[-43.365326771,-22.426352953],[-43.361367279,-22.425691422999993],[-43.360964524,-22.419593570000007],[-43.353274829,-22.417150025],[-43.34431972699999,-22.417989683],[-43.337992525,-22.414745131000004],[-43.3375899,-22.409930154999998],[-43.334493298999995,-22.408362016999995],[-43.33460546399999,-22.404687689999996],[-43.33629498,-22.403419397999997],[-43.328899199999995,-22.403251901],[-43.32651144,-22.401316691],[-43.32689616399999,-22.395432964],[-43.325353717,-22.393549816999997],[-43.31912622,-22.391618441],[-43.317598178,-22.387785405999992],[-43.318097392,-22.383963896],[-43.316052090999996,-22.381316581999997],[-43.310008301,-22.378137021000008],[-43.30525337,-22.377836313],[-43.30481094000001,-22.374567972000005],[-43.30151687,-22.37353119599999],[-43.29962719099999,-22.369900579999996],[-43.2962027,-22.372358912000003],[-43.287703326999996,-22.370684732000004],[-43.28053716099999,-22.357959920999996],[-43.278328087,-22.356161615],[-43.276896670000006,-22.349573396],[-43.273732465,-22.346765881],[-43.272350517999996,-22.342884575999992],[-43.268531501,-22.341198831999996],[-43.26822990899999,-22.333686961],[-43.267489626,-22.332932748000005],[-43.265754410999996,-22.33473221],[-43.26132156799999,-22.333658276999998],[-43.262218129,-22.332987597999992],[-43.260209613,-22.328927671000002],[-43.264501351,-22.324557630999998],[-43.263309865,-22.320958903],[-43.255000654,-22.314439738999997],[-43.251014682,-22.312854677999997],[-43.24968727099999,-22.313639157999994],[-43.247808392,-22.311241786000004],[-43.247358719999994,-22.307074646],[-43.24197977099999,-22.303137380999996],[-43.23804755799999,-22.304779375000006],[-43.239156055,-22.306474742],[-43.235419135,-22.311660386999993],[-43.231180459,-22.308859309000002],[-43.226374995,-22.309916083999997],[-43.224820158,-22.30513478],[-43.21630318399999,-22.305557791],[-43.211726223999996,-22.299862667],[-43.210288113,-22.300432352999994],[-43.20736326099999,-22.298626031000005],[-43.205918204,-22.301238250000004],[-43.200718079999994,-22.303760154000003],[-43.181669879,-22.301144898999997],[-43.17387023100001,-22.310172327999997],[-43.16720261799999,-22.309225285999993],[-43.161225795,-22.310242561999996],[-43.154321073,-22.306464126999998],[-43.15107095999999,-22.308659582999997],[-43.149561930999994,-22.306051303999997],[-43.145524608,-22.30400411999999],[-43.146220198,-22.298133608999997],[-43.140404751,-22.293836080999995],[-43.137205589,-22.294695850000004],[-43.139152016,-22.290718750999993],[-43.137531469,-22.286970269],[-43.13984387499999,-22.284730738],[-43.13704526499999,-22.283007318999996],[-43.130449428,-22.282491392],[-43.127007408,-22.275873],[-43.12288502999999,-22.275819145999996],[-43.12126340199999,-22.280108560999995],[-43.118656138999995,-22.280366603999997],[-43.116259828,-22.283007035000008],[-43.11059423599999,-22.283402421],[-43.106345940999994,-22.281543693999996],[-43.10608823,-22.275085766],[-43.102840456,-22.273492960999995],[-43.101292358,-22.265872879999996],[-43.099749945,-22.264597904999988],[-43.094319362,-22.265657938000004],[-43.08989957199999,-22.261357948999997],[-43.09276860999999,-22.253451536999997],[-43.090566115,-22.25038070800001],[-43.093954223999994,-22.242326408999997],[-43.076344006,-22.22377744199999],[-43.05977088299999,-22.21586226599999],[-43.057429119,-22.216439494000003],[-43.055398013,-22.213854202],[-43.052969247,-22.214285278999995],[-43.050345979999996,-22.207427580000004],[-43.04758528799999,-22.208632318],[-43.043536617,-22.207972616999992],[-43.039323143999994,-22.204566941],[-43.038109406,-22.206765066],[-43.036197814,-22.206832808999998],[-43.03161024,-22.202706859],[-43.02950643999999,-22.202595217999992]]]}},{"type":"Feature","properties":{"code_muni":"3303955","name_muni":"Pinheiral","abbrev_state":"RJ"},"geometry":{"type":"Polygon","coordinates":[[[-44.003588029,-22.502279805999994],[-44.001896536,-22.511270246999995],[-43.99213996999999,-22.517511107999994],[-43.981408943999995,-22.514974741999996],[-43.97523002999999,-22.516624426],[-43.962965506,-22.516793819],[-43.957869263999996,-22.519383302],[-43.953063543,-22.519588008],[-43.946103464,-22.517989934],[-43.943674474999995,-22.515110044999997],[-43.91348233699999,-22.520781446],[-43.954719821999994,-22.568484347],[-43.984403079,-22.552381194],[-43.98876696999999,-22.55646257399999],[-43.99273019299999,-22.563068028999997],[-43.992486878,-22.564461703],[-43.985002720999994,-22.568715737999998],[-43.982134625,-22.572149058],[-43.98166522999999,-22.578498847],[-43.98496839,-22.577341352999994],[-43.998719326999996,-22.582877021],[-44.014726194999994,-22.586328221],[-44.022858212,-22.580919931999997],[-44.038678392,-22.582220252999992],[-44.055411652,-22.585841785999992],[-44.068523819999996,-22.592419609],[-44.054152444,-22.550333807],[-44.05316141,-22.552289315],[-44.04715817099999,-22.553551733999996],[-44.04418742199999,-22.551754537999997],[-44.041344693,-22.551939617000002],[-44.03827449,-22.548956309],[-44.038629188,-22.541119222999992],[-44.031849473,-22.53813324],[-44.03555223899999,-22.531314378],[-44.033700885,-22.530616708999997],[-44.03447595,-22.529305931000003],[-44.032139149,-22.526641737],[-44.030919375,-22.520779453],[-44.02891760399999,-22.519662821],[-44.029256502,-22.510415148],[-44.027827075,-22.506296270999993],[-44.03046589,-22.505631531],[-44.032714567999996,-22.502142166],[-44.03129089099999,-22.497678124000004],[-44.02876520400001,-22.49628399299999],[-44.027813709,-22.493808848999997],[-44.028674247999994,-22.48679929],[-44.021975280999996,-22.48414238599999],[-44.018981141999994,-22.48494725399999],[-44.00663638,-22.497064938999998],[-44.003588029,-22.502279805999994]]]}},{"type":"Feature","properties":{"code_muni":"3304003","name_muni":"Piraí","abbrev_state":"RJ"},"geometry":{"type":"Polygon","coordinates":[[[-43.844635743,-22.500992484000005],[-43.839878385000006,-22.510273478],[-43.83391808099999,-22.51380766100001],[-43.82882413099999,-22.514460563000004],[-43.828149446,-22.516563566999995],[-43.821414422,-22.51788093999999],[-43.822016042,-22.516671008999996],[-43.81162754799999,-22.511262534999997],[-43.808164046,-22.517574356999997],[-43.80564013,-22.519128726999995],[-43.805910063999995,-22.523883644000005],[-43.814155949,-22.530383264999998],[-43.819869379,-22.532793570999996],[-43.816340237,-22.535609262],[-43.81935004,-22.540527504000003],[-43.819392149,-22.546015649000005],[-43.81555470499999,-22.549727858999997],[-43.81162391,-22.548085717],[-43.811921305999995,-22.551460510999988],[-43.808641509,-22.554179855],[-43.798142438999996,-22.552188948999998],[-43.793389867,-22.548839329999996],[-43.790249558000006,-22.552198562],[-43.789279893999996,-22.550377115],[-43.78773251,-22.551059552],[-43.78599377399999,-22.553688490000006],[-43.786321257,-22.557308039],[-43.783597822,-22.558744571],[-43.782920034,-22.563934211],[-43.776266029999995,-22.566976743999994],[-43.775990538,-22.568716247999998],[-43.77899893199999,-22.572681233],[-43.776854052,-22.575231005000003],[-43.77885827299999,-22.580716138],[-43.773964289,-22.587276988],[-43.771228732,-22.588046688000002],[-43.77439147199999,-22.595573508],[-43.776293194999994,-22.596968397999998],[-43.771950877,-22.607065154999994],[-43.77733595800001,-22.608261346000003],[-43.777022415999994,-22.611255212000007],[-43.781336797,-22.61225112],[-43.782693916,-22.610962654999994],[-43.78913908799999,-22.612452024],[-43.79058556499999,-22.614889905999995],[-43.792348303999994,-22.61473446200001],[-43.79479907899999,-22.616819142000004],[-43.794124932,-22.620770723000003],[-43.80264645,-22.629297294],[-43.805683945,-22.629065249],[-43.81157207,-22.633982380000003],[-43.815447906,-22.633957578],[-43.81783741299999,-22.637264237],[-43.820341731,-22.637059788999995],[-43.825404458,-22.641888954999995],[-43.82901519699999,-22.642216491000003],[-43.840840752000005,-22.648125768999993],[-43.833964001,-22.656207823999992],[-43.826963295999995,-22.65586365],[-43.826781532,-22.657710987999998],[-43.82452021,-22.657677794999998],[-43.82363604799999,-22.662668130999997],[-43.817612804,-22.666055786],[-43.816688627,-22.673654925999998],[-43.81992209999999,-22.679396385999997],[-43.814319581999996,-22.681869369],[-43.815474929,-22.687078816],[-43.81283175499999,-22.686738942999998],[-43.80963287,-22.688151530999995],[-43.80911532499999,-22.690077128],[-43.806780343999996,-22.689669050999996],[-43.803386312,-22.691218872],[-43.79511651999999,-22.689566246000002],[-43.792125887999994,-22.691775080999996],[-43.790191131,-22.690978080999994],[-43.785090953,-22.692685721],[-43.79849483099999,-22.701322439],[-43.80779902199999,-22.710554099999996],[-43.81252848199999,-22.710523893999994],[-43.81780343199999,-22.717603103],[-43.832606586999994,-22.729836620999993],[-43.83277200599999,-22.731150302],[-43.830649412999996,-22.731653109000003],[-43.83362195,-22.735671806999996],[-43.831647111,-22.74043152699999],[-43.83594085599999,-22.74533314],[-43.835522223,-22.751930583999997],[-43.839834975,-22.755905328],[-43.83868881,-22.758331868],[-43.83508514199999,-22.761066080000006],[-43.83526855699999,-22.763511631000004],[-43.831816801,-22.763133958999997],[-43.82998673299999,-22.767366032000005],[-43.82218117499999,-22.766393295999997],[-43.819678208,-22.769449179],[-43.814431739,-22.769896719999995],[-43.812451102,-22.771782443999996],[-43.820142431,-22.777118138000002],[-43.819584927,-22.778105274000005],[-43.822374206999996,-22.782235143999994],[-43.83015445499999,-22.787900668999995],[-43.832478856,-22.793194605],[-43.837759948,-22.795862212000007],[-43.838100939,-22.798018549],[-43.84242506,-22.798530614],[-43.849446955000005,-22.801873663000002],[-43.85864818999999,-22.802794232],[-43.86220572399999,-22.805798155],[-43.869868615,-22.806958085999998],[-43.873781474,-22.80912904],[-43.873055766,-22.805563380000002],[-43.876441035,-22.799363838999998],[-43.878735903,-22.797712273999995],[-43.882784341,-22.797992592],[-43.885123619999995,-22.794550881000003],[-43.88803141999999,-22.795662202000003],[-43.88811223199999,-22.793811999],[-43.891705375,-22.789575948000003],[-43.89052903,-22.78750219999999],[-43.892004062999995,-22.783462171],[-43.89106146099999,-22.781510426],[-43.894951201999994,-22.78080244],[-43.896418907999994,-22.777199704],[-43.89565155799999,-22.775539702],[-43.888160161,-22.774369086000007],[-43.89040977999999,-22.772818706],[-43.892236002999994,-22.766223942],[-43.88636434899999,-22.763231597],[-43.888740948999995,-22.75897399999999],[-43.88500067799999,-22.758320580999992],[-43.885297466,-22.756878643],[-43.889597295,-22.753959561000002],[-43.895035050999994,-22.756763275],[-43.900180474,-22.752283702999996],[-43.903547413,-22.753547488],[-43.903947559,-22.750638827000003],[-43.904072575,-22.748417801999995],[-43.90182415299999,-22.748916030000007],[-43.901335366999994,-22.747715540999998],[-43.903204487,-22.744311552999996],[-43.901058001,-22.742560347000005],[-43.89778375,-22.743877673000004],[-43.899219112999994,-22.738086401],[-43.898737015,-22.73264732],[-43.894330790999994,-22.732766224],[-43.892356183,-22.735430242999996],[-43.884924841,-22.731298194],[-43.88447535299999,-22.728480764],[-43.879904166,-22.727411359999994],[-43.880792411,-22.717409276],[-43.879225244,-22.714226169],[-43.88405741,-22.709725968999997],[-43.881684510999996,-22.702285922],[-43.885557237,-22.701850714],[-43.891192754,-22.703980390999995],[-43.89432102999999,-22.709499161999997],[-43.898204003,-22.711718426999997],[-43.903329043,-22.709016030999994],[-43.908719903,-22.710559585],[-43.912555548,-22.713896737],[-43.914939805,-22.710717605],[-43.913099556,-22.706847286000002],[-43.91594977999999,-22.706118584],[-43.919363113,-22.698860982],[-43.92354918499999,-22.698797856],[-43.924478154,-22.703807825999995],[-43.93013235899999,-22.706736516999996],[-43.931508413,-22.709216049999995],[-43.937546874,-22.711199189999995],[-43.944137836,-22.710604595],[-43.946569349,-22.707534676000005],[-43.947693734,-22.702486918999995],[-43.942941024,-22.69645697899999],[-43.948126782,-22.691388437],[-43.948478827,-22.688542767000005],[-43.952218521,-22.685785991000007],[-43.954413947999996,-22.684364537999997],[-43.956536922999994,-22.686211707],[-43.958219226,-22.685271268000005],[-43.957546793999995,-22.680580869999996],[-43.959533708,-22.676831621],[-43.959310124,-22.671207058],[-43.961529543,-22.665560462000002],[-43.96034472099999,-22.663150333999997],[-43.964152313,-22.661666162000003],[-43.967114477,-22.663501102999998],[-43.970204508,-22.661354181],[-43.97528832199999,-22.666773589000005],[-43.980791062,-22.669327196000005],[-43.982831141,-22.669433256999994],[-43.983053834,-22.667171428999996],[-43.98437727699999,-22.666767966],[-43.98990783899999,-22.668971757999998],[-43.991633425,-22.665985487],[-43.996396409,-22.663686318],[-43.996808652999995,-22.659997058999995],[-43.998651132,-22.659758516000004],[-43.99923271899999,-22.658162466],[-44.003219859,-22.658459201],[-44.003797892,-22.651816942],[-44.006675527,-22.651602902999993],[-44.008191502,-22.648856836999997],[-44.011347701,-22.649920058999996],[-44.013050649,-22.648654617000002],[-44.017007816,-22.640435325],[-44.021469534999994,-22.641037205999996],[-44.021553159999996,-22.643288405999993],[-44.023047013,-22.644303779999994],[-44.02701033,-22.64011159],[-44.033046891,-22.639792225999997],[-44.035928397999996,-22.641691935999994],[-44.049722300000006,-22.640376783999997],[-44.053049231,-22.642364122],[-44.054914063999995,-22.646515323999996],[-44.064823954999994,-22.650115731999996],[-44.07090405299999,-22.655469702999998],[-44.07145798799999,-22.659511417],[-44.08054021400001,-22.667052785],[-44.078066992,-22.669116322],[-44.079980721999995,-22.67466676899999],[-44.07782942699999,-22.676422618999997],[-44.078982414,-22.678635308999993],[-44.07525155,-22.679962337],[-44.075736885,-22.683725362],[-44.07696271999999,-22.683900169999998],[-44.076871929999996,-22.681766197000005],[-44.07897790799999,-22.681416985000002],[-44.079287825,-22.679681719999998],[-44.081691063,-22.678187462],[-44.083367581999994,-22.673060151999998],[-44.084704075999994,-22.672632036999996],[-44.08559411499999,-22.666068919999997],[-44.082734626,-22.660434909999992],[-44.085160808,-22.65868371699999],[-44.08516748499999,-22.652610227],[-44.078243345999994,-22.647483572000002],[-44.086301544,-22.640591634000003],[-44.068523819999996,-22.592419609],[-44.061871803,-22.588613887],[-44.054822984,-22.585658826999996],[-44.038678392,-22.582220252999992],[-44.024249743,-22.580856298999993],[-44.02123440799999,-22.581516019999995],[-44.016364106999994,-22.586153951],[-44.011056973,-22.5860544],[-43.998719326999996,-22.582877021],[-43.98496839,-22.577341352999994],[-43.98166522999999,-22.578498847],[-43.982134625,-22.572149058],[-43.985002720999994,-22.568715737999998],[-43.992486878,-22.564461703],[-43.99273019299999,-22.563068028999997],[-43.98876696999999,-22.55646257399999],[-43.984403079,-22.552381194],[-43.954719821999994,-22.568484347],[-43.91348233699999,-22.520781446],[-43.86863932699999,-22.528600246999996],[-43.86487669499999,-22.527365298999996],[-43.86537562499999,-22.525200222999995],[-43.863329038,-22.525214809999998],[-43.860583276,-22.521724388000003],[-43.858077900999994,-22.521097488],[-43.85680384,-22.517739881999997],[-43.853881591,-22.517180145999994],[-43.85464172,-22.506750083999993],[-43.849228708999995,-22.507272557999997],[-43.844512060999996,-22.503659582],[-43.844635743,-22.500992484000005]]]}},{"type":"Feature","properties":{"code_muni":"3304102","name_muni":"Porciúncula","abbrev_state":"RJ"},"geometry":{"type":"Polygon","coordinates":[[[-41.86057509599999,-20.763205461],[-41.85747821499999,-20.766912677],[-41.856743552999994,-20.763476721000004],[-41.852166046,-20.763759282999995],[-41.84818756999999,-20.774372317999998],[-41.84522631899999,-20.77470009],[-41.84573493,-20.776101599000004],[-41.842581536999994,-20.77915327],[-41.84036624899999,-20.777706551999998],[-41.838727388,-20.780419149],[-41.836681637999995,-20.780656500999996],[-41.836783361,-20.782114522000004],[-41.83575483399999,-20.780272217],[-41.834794123,-20.7820128],[-41.83244320599999,-20.78187717],[-41.828442125,-20.786850263999995],[-41.824384531999996,-20.78829698199999],[-41.826204233000006,-20.789201181000003],[-41.82882641,-20.794343813],[-41.827899606,-20.797112922],[-41.822700462,-20.797180737],[-41.816800564,-20.801306144999998],[-41.812957718,-20.799068253000005],[-41.805791941,-20.797519812],[-41.81270906299999,-20.803001517999995],[-41.813918429,-20.805454157999996],[-41.811624024,-20.803284079999997],[-41.803610561,-20.805691509999996],[-41.799168683999994,-20.805318528],[-41.79387912,-20.798017121000004],[-41.789968459,-20.799995055999997],[-41.785153599999994,-20.799972452000002],[-41.78168373599999,-20.797610232000004],[-41.775156021,-20.799869964999996],[-41.778657766,-20.802579066],[-41.778548649,-20.805655341],[-41.781824058,-20.804846622999996],[-41.78434489199999,-20.808506862999998],[-41.785894223999996,-20.808683724999998],[-41.78625237,-20.810585289],[-41.790569957,-20.809592425000005],[-41.79729404999999,-20.815229226],[-41.799563729,-20.815384639],[-41.811272540999994,-20.830263253],[-41.815143501,-20.833214745],[-41.818256735999995,-20.832980775999996],[-41.82165191199999,-20.83760855099999],[-41.824954063,-20.838668947999995],[-41.829490716,-20.844695990999995],[-41.83299012399999,-20.844778390000002],[-41.833594464,-20.846844464000004],[-41.837964202,-20.849517923],[-41.840100884,-20.848566992999995],[-41.844135926999996,-20.851535690999995],[-41.846478618,-20.8515269],[-41.850996938,-20.856401532999996],[-41.857912286,-20.855266997000005],[-41.860955009,-20.863768334000003],[-41.864709077,-20.862104408],[-41.868409617,-20.862465551],[-41.871698519999995,-20.859843105],[-41.877024153,-20.860899166],[-41.87959844,-20.857161345999994],[-41.885362975,-20.859831477999997],[-41.885707494,-20.857387364999997],[-41.89946586,-20.855837478999998],[-41.904942399999996,-20.858495512999998],[-41.906033922999995,-20.860114543],[-41.902825359999994,-20.861888856],[-41.896310537,-20.871865100999994],[-41.896174922,-20.874996306000007],[-41.901725812,-20.876352893],[-41.90473601899999,-20.878548173999995],[-41.905068566000004,-20.889722586],[-41.902226807,-20.893163316000003],[-41.901510456,-20.897180054000003],[-41.91510169399999,-20.919914270999996],[-41.911821998,-20.928905668],[-41.930849792,-20.938076013],[-41.931981728000004,-20.94038817299999],[-41.930853340999995,-20.943490225000005],[-41.93524631199999,-20.944444328],[-41.935906132,-20.945716883],[-41.94005314299999,-20.943321472999997],[-41.94061079899999,-20.940392638000002],[-41.942630273999995,-20.93895727699999],[-41.948265605,-20.938641768999997],[-41.950208439,-20.94143794],[-41.94917016299999,-20.944515392],[-41.952050581,-20.950002482],[-41.950521226999996,-20.954513071],[-41.95295516299999,-20.957519085999998],[-41.97946753699999,-20.960205710999993],[-41.97969196599999,-20.958270717999998],[-41.983413597,-20.957160195999993],[-41.991126118,-20.960019872],[-41.99246618,-20.964335455000004],[-41.99882466999999,-20.965918196],[-41.99851103499999,-20.97032771],[-42.001717006,-20.973846722],[-42.00037970399999,-20.975367385],[-42.000277191,-20.980624266000003],[-42.002929298,-20.991074169999997],[-42.000110418,-20.995839182],[-42.001119054,-20.999768898999992],[-42.00008446999999,-21.002286961999996],[-42.001382867,-21.004129576999997],[-41.999791804,-21.007762797999998],[-42.003800334,-21.013335158],[-42.0033033,-21.01019748],[-42.00626169699999,-21.00932593399999],[-42.005972425,-21.012353233999995],[-42.00946990399999,-21.011346100999994],[-42.01338197399999,-21.015720492],[-42.018741127,-21.013407310999998],[-42.021932371999995,-21.016806152],[-42.02614999199999,-21.015652407000005],[-42.04085912499999,-21.018575551],[-42.042887064,-21.020144062999996],[-42.046348367,-21.019433932999995],[-42.05163637,-21.023682036],[-42.05870411,-21.021329564999995],[-42.062385342,-21.021874682],[-42.070542747,-21.028779296],[-42.075202213999994,-21.023592358],[-42.08195920699999,-21.023841076999993],[-42.090881890999995,-21.021567420000004],[-42.099138612,-21.017393881],[-42.102031862,-21.014058769000002],[-42.10770326,-21.014415320999998],[-42.114023103,-21.012150215],[-42.115781556,-21.009923204999996],[-42.115644151,-21.003960194],[-42.117074277,-21.001602946000002],[-42.120087783,-21.000121305999997],[-42.123176626,-21.000523106],[-42.12651659499999,-21.003812849999992],[-42.12892739899999,-20.998915903000004],[-42.141363268,-20.992640923999996],[-42.13957305099999,-20.989643126],[-42.140198265,-20.987742298999997],[-42.147188281000005,-20.983798133000004],[-42.151258772,-20.977594143000005],[-42.150949977,-20.974028955],[-42.145996761,-20.966244829000008],[-42.13803669399999,-20.960048924],[-42.126867478,-20.956056728999997],[-42.124730399,-20.95623108399999],[-42.121080993,-20.960470008999998],[-42.11529808899999,-20.959010246999995],[-42.114315555999994,-20.950251673000004],[-42.11117145299999,-20.95019552799999],[-42.10609035699999,-20.944805637000005],[-42.101289984999994,-20.943514308],[-42.095900093,-20.936131280000005],[-42.09296453099999,-20.935755336000003],[-42.08966699199999,-20.938876251],[-42.086327421,-20.939668396],[-42.074059803,-20.936468148000007],[-42.065862675999995,-20.938994659999995],[-42.057107302,-20.936978300000003],[-42.052016638,-20.93434402],[-42.047784081,-20.934727662],[-42.037654371,-20.926984707000003],[-42.027963882,-20.927906486],[-42.02305954999999,-20.925129332999997],[-42.017245257,-20.929064616999998],[-42.008358369,-20.928981894],[-42.00394030399999,-20.931891397],[-41.998676423,-20.926475014999998],[-41.993302658999994,-20.930470919999998],[-41.989464121,-20.929682015],[-41.986519316999996,-20.932550829999993],[-41.97615226799999,-20.935792440999993],[-41.97721881099999,-20.926192926],[-41.97981869899999,-20.922883977],[-41.97775320299999,-20.920303621999995],[-41.974701648,-20.920130459000003],[-41.972976268,-20.916537887999997],[-41.969608233,-20.918026913999995],[-41.966689268,-20.916951506000004],[-41.963723032999994,-20.906540138999997],[-41.964111177999996,-20.902807168000002],[-41.967309843,-20.898572720999997],[-41.96481065599999,-20.897012946000004],[-41.96388897,-20.892528589],[-41.959865456,-20.8901712],[-41.960472323999994,-20.883318882999998],[-41.953081999,-20.878460140000005],[-41.94975542499999,-20.872971995],[-41.95437639399999,-20.865267694000003],[-41.950358981,-20.861799198999996],[-41.950050185,-20.858234010000004],[-41.936028045,-20.855244304999996],[-41.931879918,-20.850106691],[-41.926707009,-20.838789835999997],[-41.92959947599999,-20.832196902],[-41.933024302999996,-20.831045935],[-41.935620996,-20.827705326000004],[-41.932476892,-20.825712188],[-41.930778515,-20.813034012],[-41.928883631,-20.811588285999992],[-41.92995038,-20.808767015],[-41.926078484,-20.802007226000004],[-41.928736251,-20.794327297999995],[-41.923002473,-20.792513124000003],[-41.91944554799999,-20.793654503],[-41.91608263799999,-20.79252716],[-41.906309471,-20.797242155999992],[-41.901990317,-20.796625723000002],[-41.896642534,-20.788456669],[-41.894073914,-20.788793537],[-41.890185892999995,-20.785509072],[-41.885652207999996,-20.786000337999997],[-41.88472582,-20.783403645000003],[-41.880318460999995,-20.78059641000001],[-41.878942916,-20.778743634],[-41.87963068799999,-20.773213382],[-41.873382124,-20.770881423999995],[-41.87473820099999,-20.765934254],[-41.87071701899999,-20.766140596],[-41.86809125,-20.763928819999997],[-41.864022354,-20.765341631],[-41.86057509599999,-20.763205461]]]}},{"type":"Feature","properties":{"code_muni":"3304110","name_muni":"Porto Real","abbrev_state":"RJ"},"geometry":{"type":"Polygon","coordinates":[[[-44.302005036,-22.39970479],[-44.297088792,-22.399622594999997],[-44.288275502,-22.402455715999995],[-44.27513246699999,-22.404325198999995],[-44.274295093000006,-22.409774381],[-44.278212522,-22.41995935],[-44.29234469,-22.432687827],[-44.300283627999995,-22.444285139],[-44.301027511,-22.449408713000004],[-44.307839476999995,-22.453029024],[-44.310914997,-22.452963724],[-44.31358079299999,-22.462789881000003],[-44.318407156,-22.469044067],[-44.320402019,-22.469759120999996],[-44.32401274499999,-22.467173352],[-44.327162513,-22.468299380999998],[-44.333274964,-22.467174792],[-44.339325115,-22.472570549999993],[-44.33437921099999,-22.474206572],[-44.332531335,-22.476143354999998],[-44.334649675,-22.480327876],[-44.329828721,-22.485873877],[-44.33004573899999,-22.492097734999998],[-44.333382726,-22.494011433999997],[-44.342150494,-22.489786243999998],[-44.343642671,-22.491237677999997],[-44.346804276,-22.490705656],[-44.35046019,-22.492029869],[-44.35794198499999,-22.483701627],[-44.35892563899999,-22.478336535],[-44.36289220599999,-22.476528852999998],[-44.36141883199999,-22.475668191],[-44.36423040199999,-22.474269724999996],[-44.362856603999994,-22.470423436],[-44.364653792,-22.467031356999996],[-44.367196766999996,-22.465225073999996],[-44.369252317999994,-22.465480292000002],[-44.370170982,-22.461997765],[-44.373361427,-22.461021687999995],[-44.369190832,-22.452625060999996],[-44.357209573999995,-22.446606753999998],[-44.354262949,-22.443431444000005],[-44.350497436,-22.434570257],[-44.35154633799999,-22.432720122],[-44.351453686999996,-22.413826074000003],[-44.327307581,-22.415248596999998],[-44.321592109,-22.411467172],[-44.31040752399999,-22.397812793999993],[-44.306874461,-22.397676503999993],[-44.302005036,-22.39970479]]]}},{"type":"Feature","properties":{"code_muni":"3304128","name_muni":"Quatis","abbrev_state":"RJ"},"geometry":{"type":"Polygon","coordinates":[[[-44.182946342,-22.238817864],[-44.179688536,-22.24338354099999],[-44.178022342999995,-22.241778894],[-44.173779119,-22.241948421000004],[-44.171525691999996,-22.244944629000003],[-44.168126884,-22.246590345000005],[-44.164572602,-22.251742566999997],[-44.15986276699999,-22.250146378],[-44.15687543899999,-22.25116252400001],[-44.155786062,-22.257117667],[-44.158780599,-22.25844971],[-44.159226914,-22.261508907999996],[-44.16317208499999,-22.265378564000002],[-44.169122031,-22.268071553000002],[-44.167749611999994,-22.268883706000004],[-44.168001996,-22.271735876000005],[-44.16718973199999,-22.272790806999993],[-44.163807871,-22.27274401],[-44.16211110399999,-22.271463746999995],[-44.157887003,-22.274419733],[-44.154004985,-22.274752586999995],[-44.151928868,-22.279632697],[-44.147334551,-22.280116115],[-44.146536909999995,-22.282634615],[-44.149362286,-22.284569042],[-44.150778581,-22.288159124],[-44.149352930999996,-22.290033594999997],[-44.150936826,-22.293417732999995],[-44.148192038,-22.294511023],[-44.148308707,-22.296720965000006],[-44.14536143299999,-22.299198734999997],[-44.145824089,-22.302400493999997],[-44.148716885,-22.306865890999998],[-44.15755962299999,-22.311537102999996],[-44.158095295,-22.313526218999996],[-44.154383006,-22.315384087],[-44.155135138999995,-22.31679840599999],[-44.153896119,-22.319812063],[-44.149455683,-22.318938893],[-44.14811983599999,-22.320041922],[-44.146153749,-22.330070805999995],[-44.148097438,-22.331385174000005],[-44.152468226,-22.331060015999995],[-44.157306954,-22.326341478],[-44.162647545,-22.326898696],[-44.16382250899999,-22.324735105999995],[-44.16974939699999,-22.328376257000002],[-44.16963498700001,-22.331455570999996],[-44.163364791,-22.343551206000004],[-44.163884022000005,-22.345588225999993],[-44.160078428000006,-22.356125476999992],[-44.160949484,-22.359675526],[-44.15922059999999,-22.360603863000005],[-44.155157615,-22.373849189999998],[-44.158084697999996,-22.376052375999997],[-44.161090427999994,-22.374559315999996],[-44.166402334,-22.37680414],[-44.170543159,-22.374990476999997],[-44.173282033999996,-22.376309228999997],[-44.175177517,-22.375599163000004],[-44.17874147100001,-22.378365490999997],[-44.181052202,-22.377747765999995],[-44.182861675,-22.380412698000008],[-44.18593777899999,-22.381324408],[-44.189511935,-22.380315084],[-44.189672792,-22.382025489],[-44.191569122999994,-22.381653838999995],[-44.192038018999995,-22.382895860999998],[-44.202746226,-22.383774702],[-44.20814240799999,-22.387297649999997],[-44.206346576,-22.388986106999994],[-44.204643237,-22.388768488999997],[-44.206635674,-22.391402195000005],[-44.20473167,-22.393522083],[-44.208043362,-22.397300377],[-44.206773434,-22.400607033],[-44.209447885,-22.401118176],[-44.20867364699999,-22.402734764000005],[-44.211870305999994,-22.403723422],[-44.211001024,-22.40953878999999],[-44.213713544,-22.4096131],[-44.214247674,-22.412352033000005],[-44.21221146900001,-22.416400474000003],[-44.21102189,-22.416430353999992],[-44.212897174,-22.41790137],[-44.211518877,-22.419555220999996],[-44.21288115699999,-22.421544775000008],[-44.21661452,-22.422674754999996],[-44.215574278999995,-22.425471298],[-44.218756373999994,-22.429523179000004],[-44.217270332,-22.431684230999995],[-44.22081714699999,-22.434565246999995],[-44.222084914,-22.43400133899999],[-44.22229281599999,-22.436919451],[-44.220539986,-22.437602610999992],[-44.21989457899999,-22.442065764],[-44.22396216799999,-22.443866691999997],[-44.221109461999994,-22.446132322999997],[-44.222346617,-22.449098742000004],[-44.21961453299999,-22.452204317999996],[-44.220490031,-22.454294184],[-44.22234433399999,-22.453535594999995],[-44.223442803999994,-22.454971026999992],[-44.226095073,-22.454872990000002],[-44.224979003,-22.455686426999996],[-44.225591022,-22.458786110000002],[-44.223078466,-22.458683756999996],[-44.223864854,-22.460287675000007],[-44.222396866,-22.463913441000003],[-44.217602148,-22.463352726],[-44.219480962,-22.466680926999995],[-44.218424285999994,-22.467491253999995],[-44.223633418999995,-22.471579082],[-44.22164467899999,-22.473098048],[-44.22524581099999,-22.474427411000004],[-44.22326294399999,-22.475036181000004],[-44.221456977,-22.479461397999994],[-44.22319529399999,-22.479883748000002],[-44.22565925,-22.477383195],[-44.230946006,-22.476968231],[-44.233803794,-22.479144473999998],[-44.234218862,-22.484135778999995],[-44.23926631199999,-22.483543645999998],[-44.24219124099999,-22.486358952999996],[-44.252827329999995,-22.485153269000005],[-44.25462668,-22.484047922000002],[-44.255491064,-22.480759013000004],[-44.259044487,-22.479843407000004],[-44.25959748299999,-22.47435176],[-44.264966801,-22.474138339999996],[-44.268303197,-22.470290423999995],[-44.272625608999995,-22.470332973000005],[-44.279475901999994,-22.464466085999998],[-44.285807906,-22.461467805],[-44.293483484999996,-22.451561375],[-44.29991360499999,-22.450493633],[-44.30120137699999,-22.448959433000006],[-44.299156521,-22.442125035],[-44.29234469,-22.432687827],[-44.27860656,-22.420700256000003],[-44.274295093000006,-22.409774381],[-44.274548648,-22.404849252],[-44.297088792,-22.399622594999997],[-44.302990603999994,-22.399513898],[-44.307788175,-22.397548218],[-44.311187759,-22.398300856000002],[-44.31367603799999,-22.402119984999995],[-44.316170487,-22.402875971999993],[-44.31931901499999,-22.40209923],[-44.319891274999996,-22.400220152],[-44.32146143799999,-22.400128469],[-44.321296756,-22.398167421000007],[-44.32901417600001,-22.396663105],[-44.33599869599999,-22.388379863],[-44.333068323999996,-22.38500012],[-44.33593435299999,-22.383817615999998],[-44.336727858,-22.381133145],[-44.33938886999999,-22.381977179000007],[-44.342394946999995,-22.378323724],[-44.339474437999996,-22.376148127],[-44.342582318,-22.369810293],[-44.339349468,-22.367580462],[-44.34082953699999,-22.36579356],[-44.341148923,-22.360141012],[-44.33565671099999,-22.357425259999996],[-44.332964738,-22.358727863],[-44.331330527,-22.355962019],[-44.333699157000005,-22.3513167],[-44.33062877999999,-22.34709173499999],[-44.333804184,-22.343407553999995],[-44.33158471299999,-22.339707344],[-44.331692658,-22.335611012999998],[-44.32818466999999,-22.331942484999995],[-44.325067558,-22.33222158],[-44.319845597,-22.335720403],[-44.31402766,-22.331958458999996],[-44.30902318,-22.331099867],[-44.30843690999999,-22.329375251000002],[-44.300560253,-22.327906931],[-44.292450071,-22.319306081999997],[-44.284759271999995,-22.319395713000002],[-44.278775396,-22.321210967999995],[-44.272627183000004,-22.320263174999994],[-44.271406954999996,-22.316621325999996],[-44.272411278999996,-22.310857149],[-44.267810116999996,-22.311445937],[-44.26638549199999,-22.309972744999996],[-44.263143899999996,-22.309739735],[-44.257662616,-22.304201683999995],[-44.250398571,-22.313431888000004],[-44.245780673,-22.314321657999994],[-44.243325881,-22.317108753999996],[-44.237480607,-22.317896138],[-44.234748762,-22.314984891],[-44.24725310899999,-22.309702881000003],[-44.260178662,-22.301154832999995],[-44.257294632,-22.298753771],[-44.256400993,-22.291680196],[-44.25774599199999,-22.284911129999998],[-44.259455428,-22.283444303],[-44.257551639999996,-22.281749662],[-44.258286719,-22.273466768],[-44.260246376999994,-22.272876183],[-44.258514082999994,-22.271967499999995],[-44.260326173,-22.269784304],[-44.259865988,-22.268043379000005],[-44.24983619799999,-22.260401325],[-44.24814643799999,-22.262670431999993],[-44.24614631400001,-22.262587667999995],[-44.247139479000005,-22.267456937000002],[-44.24275299899999,-22.267567288],[-44.239201054,-22.262766989999996],[-44.235242187,-22.266394802],[-44.23273858299999,-22.262711814],[-44.227650142,-22.260222776999996],[-44.223669053,-22.259939228],[-44.224020799,-22.256359694999997],[-44.221627548,-22.255435497999997],[-44.224372545,-22.253290538],[-44.215903053,-22.249607551],[-44.213109776,-22.246055606000002],[-44.20969577,-22.247317752999997],[-44.208302579999994,-22.250938668],[-44.203481591,-22.248607488],[-44.201467672,-22.251249032],[-44.19821166799999,-22.245233704000007],[-44.195378012999996,-22.245084680999998],[-44.19136567,-22.240654670000005],[-44.186653488,-22.241226781999995],[-44.182946342,-22.238817864]]]}},{"type":"Feature","properties":{"code_muni":"3304144","name_muni":"Queimados","abbrev_state":"RJ"},"geometry":{"type":"Polygon","coordinates":[[[-43.550554889999994,-22.679656301000005],[-43.548269034,-22.681529393],[-43.54478478,-22.679946872999995],[-43.542358813,-22.680450525999994],[-43.533823965,-22.688939726000005],[-43.522487084999995,-22.691723974],[-43.512214572,-22.691489738999998],[-43.51373198299999,-22.691916771999995],[-43.514232467,-22.694146340000003],[-43.521090711,-22.694278949],[-43.524802347,-22.698405179000005],[-43.536046049,-22.703946114000004],[-43.53559318199999,-22.708990735],[-43.54252830099999,-22.714881812000005],[-43.537912143999996,-22.717621978],[-43.54121031999999,-22.722287381999994],[-43.538307472,-22.727440780999995],[-43.541152718999996,-22.730074117],[-43.542204744,-22.736130592000002],[-43.532280437999994,-22.738686497000003],[-43.53541812,-22.751752842999995],[-43.544364121,-22.754119133999996],[-43.546738823000005,-22.755656251999998],[-43.547529657,-22.758867929000004],[-43.548144764,-22.754726763999997],[-43.555658081999994,-22.754978693999995],[-43.55962014699999,-22.757905081],[-43.566011578,-22.75610352],[-43.569783621999996,-22.752735365000003],[-43.575732071,-22.754975746999996],[-43.580363397999996,-22.754020101],[-43.592250899999996,-22.754528749],[-43.59847781,-22.752489223],[-43.60107365199999,-22.748296227],[-43.610673088,-22.747609289999996],[-43.614808344,-22.750457373999996],[-43.616986944,-22.763435356000002],[-43.627247678,-22.772498357000003],[-43.62378337799999,-22.782471122],[-43.634797998,-22.78331116799999],[-43.635294193,-22.780501316999995],[-43.63234311899999,-22.774865333000005],[-43.637158029999995,-22.766120866],[-43.63701158899999,-22.762625507999996],[-43.642224276,-22.756173495],[-43.64479273399999,-22.745456288999996],[-43.644749861,-22.736954659000002],[-43.641636173,-22.73269722],[-43.63870966999999,-22.720361949000004],[-43.628420359,-22.722575314],[-43.628683493,-22.719290531],[-43.61846538799999,-22.708774674000004],[-43.618081956,-22.704716353000002],[-43.611896253999994,-22.698485584000004],[-43.61004956,-22.692650542999996],[-43.603678349,-22.692774263999993],[-43.59679510099999,-22.685693515],[-43.585871963,-22.693076616],[-43.57664639,-22.692030599],[-43.572353595,-22.689320028999997],[-43.55983468099999,-22.690704231],[-43.556009003,-22.689384688],[-43.55543800099999,-22.679740457999998],[-43.550554889999994,-22.679656301000005]]]}},{"type":"Feature","properties":{"code_muni":"3304151","name_muni":"Quissamã","abbrev_state":"RJ"},"geometry":{"type":"Polygon","coordinates":[[[-41.437628904,-21.986585342000005],[-41.277671974,-22.065323788],[-41.27103039799999,-22.079019338000002],[-41.25729851,-22.098957901000002],[-41.253407593000006,-22.099170342999997],[-41.250110047,-22.09756929],[-41.243396088999994,-22.099269026999995],[-41.22879872499999,-22.095482684999997],[-41.223778295,-22.097697065],[-41.21957419999999,-22.096465994],[-41.217391748,-22.098627153999992],[-41.215002326,-22.096678301],[-41.208813977999995,-22.097396422],[-41.207374543,-22.09623959],[-41.206678898,-22.098074147000002],[-41.206042064,-22.096563422999996],[-41.20346352199999,-22.096126154000004],[-41.202503481,-22.097834867],[-41.203360519,-22.100430347],[-41.2012877,-22.103626165],[-41.199745443,-22.103693717999995],[-41.198830125,-22.101667871000004],[-41.194808151000004,-22.104313300999998],[-41.19111503599999,-22.103323304000003],[-41.193368078,-22.100068021000002],[-41.192733278,-22.097113544],[-41.19041248,-22.098188061],[-41.189098513,-22.101687346000002],[-41.189039238,-22.098995484],[-41.187213222,-22.100364828999997],[-41.185596251,-22.098412036000006],[-41.179113561,-22.099865115000004],[-41.17625731399999,-22.095828335999997],[-41.175029764,-22.09747834899999],[-41.166770485,-22.097835164000003],[-41.16668058199999,-22.099555538999997],[-41.160145772999996,-22.101856561999995],[-41.159564241999995,-22.100173869],[-41.161173479,-22.097747493],[-41.157911855,-22.093435069],[-41.15568495499999,-22.0966818],[-41.151386309,-22.095081305999997],[-41.15294477199999,-22.097814430999996],[-41.152013927,-22.09915228],[-41.148805174,-22.098545995],[-41.148262164,-22.095276285],[-41.14471942699999,-22.09920234499999],[-41.144366528,-22.096798795999995],[-41.14134749299999,-22.094511479999998],[-41.143891468,-22.092266423999998],[-41.142651343999994,-22.08963383199999],[-41.13517137899999,-22.093498161999992],[-41.13286252,-22.097006509],[-41.13415870099999,-22.096715709],[-41.166366188999994,-22.115312359],[-41.192348091999996,-22.127488873999997],[-41.215804666,-22.137429975],[-41.243239968,-22.146943829],[-41.27655753399999,-22.157113812],[-41.356784432,-22.177005550999997],[-41.451343147,-22.202380918],[-41.500320045,-22.217576763999997],[-41.542408026,-22.234606897999992],[-41.543115694,-22.233089943],[-41.53913791899999,-22.229200755999997],[-41.541915678,-22.226159081000002],[-41.546345482999996,-22.225328978999997],[-41.546892813,-22.219960629],[-41.553542742,-22.202828036],[-41.54864416,-22.199814851999996],[-41.540104139,-22.197987595000004],[-41.538850462,-22.189855800000004],[-41.542152212,-22.189120855999995],[-41.54787868299999,-22.182879607999993],[-41.54746938899999,-22.17876611],[-41.551013866,-22.175482962000007],[-41.54999466299999,-22.16976356399999],[-41.554152084,-22.158555089000004],[-41.56372170699999,-22.149584314999995],[-41.568896072,-22.148621651],[-41.568907962999994,-22.145817859999994],[-41.572834267999994,-22.139359991999992],[-41.583583626999996,-22.136222164],[-41.587924785,-22.133453762999995],[-41.693684817999994,-22.108309926000004],[-41.717139722,-22.087377431999997],[-41.717849284,-22.084821420999997],[-41.71561511099999,-22.081321913999997],[-41.705657128,-22.080424958000002],[-41.70170149799999,-22.076515715],[-41.689824394999995,-22.073199549999995],[-41.68267633799999,-22.068146522999996],[-41.678312965,-22.069568376000003],[-41.673363261999995,-22.06720874899999],[-41.662498109999994,-22.068482812],[-41.66243873599999,-22.061105443],[-41.659699719,-22.055827543],[-41.647710251999996,-22.051527669999995],[-41.62963624599999,-22.050056467],[-41.61781881999999,-22.045969027999995],[-41.605700874,-22.048203810999997],[-41.593830079,-22.047284904],[-41.580745026,-22.051420934999996],[-41.57356912699999,-22.051026790000005],[-41.551266704999996,-22.05545321],[-41.54632337499999,-22.054995495],[-41.53954918200001,-22.050015547],[-41.523195925,-22.022369984999994],[-41.51798887499999,-22.017174477],[-41.437628904,-21.986585342000005]]]}},{"type":"Feature","properties":{"code_muni":"3304201","name_muni":"Resende","abbrev_state":"RJ"},"geometry":{"type":"Polygon","coordinates":[[[-44.291509622,-22.24306137],[-44.28944878099999,-22.247462562],[-44.28451760000001,-22.243562684],[-44.274004622999996,-22.24336647599999],[-44.26880460499999,-22.244821348000002],[-44.267342578,-22.248368148999997],[-44.264668191999995,-22.244126838999993],[-44.262737694,-22.244084004000005],[-44.262823213,-22.251297309],[-44.261043792,-22.254663034999997],[-44.262312836,-22.258077041000004],[-44.26004372999999,-22.261760029000005],[-44.26174038700001,-22.263415304],[-44.260326173,-22.269784304],[-44.25850546899999,-22.271781378],[-44.260233939,-22.272928037000003],[-44.25863711,-22.272892159000005],[-44.258071472999994,-22.274502074000004],[-44.257551639999996,-22.281749662],[-44.259455428,-22.283444303],[-44.25774599199999,-22.284911129999998],[-44.256400993,-22.291680196],[-44.257294632,-22.298753771],[-44.260178662,-22.301154832999995],[-44.24725310899999,-22.309702881000003],[-44.23463669499999,-22.31526967899999],[-44.238583858,-22.318284862],[-44.243325881,-22.317108753999996],[-44.245780673,-22.314321657999994],[-44.250682012,-22.313235384],[-44.257662616,-22.304201683999995],[-44.263143899999996,-22.309739735],[-44.26638549199999,-22.309972744999996],[-44.267810116999996,-22.311445937],[-44.272411278999996,-22.310857149],[-44.271406954999996,-22.316621325999996],[-44.272627183000004,-22.320263174999994],[-44.278775396,-22.321210967999995],[-44.284759271999995,-22.319395713000002],[-44.292450071,-22.319306081999997],[-44.30107419600001,-22.328183060999997],[-44.30843690999999,-22.329375251000002],[-44.30902318,-22.331099867],[-44.31402766,-22.331958458999996],[-44.319845597,-22.335720403],[-44.325067558,-22.33222158],[-44.32818466999999,-22.331942484999995],[-44.331692658,-22.335611012999998],[-44.33158471299999,-22.339707344],[-44.33380686099999,-22.343826609],[-44.330609726,-22.347343943999995],[-44.333699157000005,-22.3513167],[-44.331330527,-22.355962019],[-44.332964738,-22.358727863],[-44.33565671099999,-22.357425259999996],[-44.3411148,-22.360044754],[-44.34082953699999,-22.36579356],[-44.339349468,-22.367580462],[-44.342582318,-22.369810293],[-44.339474437999996,-22.376148127],[-44.342394946999995,-22.378323724],[-44.33938886999999,-22.381977179000007],[-44.336727858,-22.381133145],[-44.33593435299999,-22.383817615999998],[-44.333068323999996,-22.38500012],[-44.33599869599999,-22.388379863],[-44.32901417600001,-22.396663105],[-44.321296756,-22.398167421000007],[-44.32146143799999,-22.400128469],[-44.319891274999996,-22.400220152],[-44.319049717,-22.402314013999998],[-44.31367603799999,-22.402119984999995],[-44.321592109,-22.411467172],[-44.327307581,-22.415248596999998],[-44.351453686999996,-22.413826074000003],[-44.35154633799999,-22.432720122],[-44.350497436,-22.434570257],[-44.354262949,-22.443431444000005],[-44.357209573999995,-22.446606753999998],[-44.369190832,-22.452625060999996],[-44.373361427,-22.461021687999995],[-44.370170982,-22.461997765],[-44.369252317999994,-22.465480292000002],[-44.367196766999996,-22.465225073999996],[-44.364653792,-22.467031356999996],[-44.362856603999994,-22.470423436],[-44.36423040199999,-22.474269724999996],[-44.36141883199999,-22.475668191],[-44.36289220599999,-22.476528852999998],[-44.35892563899999,-22.478336535],[-44.35794198499999,-22.483701627],[-44.35147813999999,-22.491422655999994],[-44.343642671,-22.491237677999997],[-44.342150494,-22.489786243999998],[-44.33207384599999,-22.493787004999998],[-44.323187837999996,-22.499474742999997],[-44.320888329999995,-22.505534891000003],[-44.318760505,-22.507400753],[-44.32031432899999,-22.512024128],[-44.324870494,-22.513941575],[-44.323977262999996,-22.518671815],[-44.32784982199999,-22.518559130999996],[-44.328486020999996,-22.520014792999994],[-44.32427406,-22.524937729000005],[-44.324794806999996,-22.526924564999998],[-44.32361349,-22.52768582099999],[-44.325680737,-22.534099555],[-44.321481201,-22.539085386999993],[-44.321636522999995,-22.543596984],[-44.320403206,-22.545420138999997],[-44.321609121,-22.552322903000004],[-44.323991744999994,-22.551973759999992],[-44.327157939,-22.555986782999998],[-44.32392609099999,-22.561951122999996],[-44.32444682599999,-22.56473628099999],[-44.327477671000004,-22.565535755999996],[-44.326758537,-22.569144979],[-44.329523323,-22.568999351000002],[-44.328304521,-22.573165771],[-44.335088579,-22.57138945],[-44.337376903999996,-22.573340824999995],[-44.341853034,-22.573706645999998],[-44.343439085,-22.572500346999995],[-44.346600075999994,-22.573610816999988],[-44.347191427,-22.575459716999998],[-44.34448138100001,-22.580615989999995],[-44.344281276,-22.584725872999996],[-44.341669592,-22.586863321],[-44.342070137,-22.589254198],[-44.344990275,-22.587848741],[-44.347384183,-22.590906068],[-44.345239111,-22.596639261999997],[-44.35014838499999,-22.595314170000005],[-44.350166674,-22.598203814999998],[-44.351829965,-22.600236609000003],[-44.348656590999994,-22.605709714999993],[-44.34885573,-22.608105805],[-44.349898264,-22.609624318999998],[-44.35264939099999,-22.610043589999997],[-44.35602369299999,-22.614899292],[-44.361190306,-22.612841790999994],[-44.359842658999995,-22.609386879],[-44.362744862,-22.605910298999998],[-44.35986161,-22.593054087000002],[-44.362251062,-22.591839279000002],[-44.36575338600001,-22.594038518999998],[-44.37042054,-22.58974648799999],[-44.364613394,-22.586637351999997],[-44.364240812,-22.584485367999996],[-44.361584412,-22.582648364999997],[-44.3605182,-22.583171693999997],[-44.35991436,-22.581022921999992],[-44.363845746,-22.577955540999994],[-44.371213883,-22.580406234000005],[-44.382397778,-22.573494188],[-44.389598553,-22.574198521000003],[-44.392007834,-22.572355242999997],[-44.395702277999995,-22.581562141000003],[-44.400247785999994,-22.582190751999992],[-44.400942447999995,-22.585267112999997],[-44.40352262199999,-22.588029221999996],[-44.40965053499999,-22.588430307000007],[-44.404928485999996,-22.591432240000003],[-44.405945669999994,-22.598999095],[-44.401124383,-22.60329525],[-44.398172069,-22.602852817],[-44.40179423599999,-22.606685862999996],[-44.403484765,-22.606095597],[-44.40661965699999,-22.608848413000004],[-44.415439386,-22.602104401000005],[-44.43147450499999,-22.598651763999992],[-44.439301859,-22.604730057999994],[-44.44232507,-22.60431249799999],[-44.44527656299999,-22.606330298000003],[-44.446725759,-22.610512542000002],[-44.454609235999996,-22.609468646999996],[-44.464876737,-22.615969573],[-44.471846852,-22.613427268],[-44.478469642,-22.612848922999994],[-44.484820838999994,-22.603872067999998],[-44.488666230999996,-22.606755579999998],[-44.488916001999996,-22.609175577999995],[-44.48560238099999,-22.609802779],[-44.485174996,-22.611051631000002],[-44.492990035,-22.6180119],[-44.491144189,-22.620685690999995],[-44.495938208,-22.622874807],[-44.49552086799999,-22.625619843999992],[-44.500370239,-22.628688173],[-44.508588431999996,-22.640947013999998],[-44.510724935,-22.640135787],[-44.515599965,-22.63010656000001],[-44.521463674,-22.631796104],[-44.526684359,-22.629928145999994],[-44.532271782,-22.630727716],[-44.534532788,-22.633088106999995],[-44.531231432,-22.639496735],[-44.53500486699999,-22.638107045],[-44.53781249,-22.633038414999994],[-44.534184941,-22.626404473],[-44.528490989,-22.623663471],[-44.526303901,-22.619291592],[-44.530650593,-22.619119341],[-44.53299406000001,-22.615836123],[-44.535628641,-22.618341986000004],[-44.53753784500001,-22.61819408999999],[-44.541383142,-22.611924192999993],[-44.545787086,-22.609497235999996],[-44.546029412,-22.606961680999998],[-44.54944561399999,-22.606190376],[-44.550278977999994,-22.603761208000005],[-44.553056859,-22.605611157999995],[-44.55508540100001,-22.610256872999997],[-44.564086764,-22.611992721999997],[-44.571607926,-22.605749799999998],[-44.57221381099999,-22.601431907],[-44.574057033,-22.601733571],[-44.57584037,-22.606632130999998],[-44.57990625699999,-22.611785646999994],[-44.58086238,-22.614541532],[-44.579721633,-22.616433606999994],[-44.583776997,-22.622855120000004],[-44.58365665499999,-22.626213227],[-44.589157669,-22.623494129],[-44.591831897999995,-22.623547972999994],[-44.59326772499999,-22.621681397],[-44.59289082,-22.616916245000002],[-44.596884215,-22.613739476999996],[-44.596955108,-22.609993846999995],[-44.602076008,-22.607771538999994],[-44.604605808,-22.613700887999993],[-44.610797354999995,-22.617384265999995],[-44.612784959,-22.617344830000004],[-44.61729256299999,-22.613259197999998],[-44.62298720799999,-22.605123426999995],[-44.624872278,-22.606929622999996],[-44.63309875299999,-22.609327368999995],[-44.64024855299999,-22.608057923000004],[-44.646116541,-22.603386614],[-44.643448401,-22.600485464],[-44.647120179,-22.584641311],[-44.64650333,-22.58152393999999],[-44.642368184,-22.577634845000002],[-44.642898536,-22.564496470999998],[-44.64162335499999,-22.560202437],[-44.64442761299999,-22.555598615999994],[-44.64808529399999,-22.552493929000004],[-44.650352661999996,-22.557013233000003],[-44.655650524,-22.554169127999995],[-44.659398047,-22.554240613000005],[-44.661532701,-22.550936128999997],[-44.667873632,-22.554073763],[-44.674922457,-22.561342093],[-44.677426102,-22.561500142000003],[-44.67884438,-22.558901235000004],[-44.67712438299999,-22.547528433000004],[-44.674922743,-22.542946882000003],[-44.66992646,-22.539268285],[-44.671007247,-22.536664736],[-44.678753072999996,-22.530615015],[-44.68082089999999,-22.52569143],[-44.686537971,-22.524018571999996],[-44.688860474,-22.519807297],[-44.697463255,-22.518033637999995],[-44.69695346,-22.515442182999994],[-44.700145299,-22.513167804],[-44.69886571899999,-22.511465836999992],[-44.701387610000005,-22.510745297000003],[-44.704086094,-22.512428972999995],[-44.70823274499999,-22.511950339],[-44.714543194,-22.514949255999994],[-44.716220807,-22.514236191000006],[-44.715289073,-22.512571493999996],[-44.717177386,-22.510476647],[-44.712790287999994,-22.509367015],[-44.714411877,-22.505968051000004],[-44.71368959699999,-22.503078932],[-44.710241066,-22.501110365999992],[-44.71125367399999,-22.496259762000005],[-44.712266125999996,-22.492822247999996],[-44.720074326,-22.492771471999998],[-44.72201687199999,-22.485078283],[-44.72496894599999,-22.483793771],[-44.72248298299999,-22.479335738999993],[-44.72382232,-22.47616565499999],[-44.722765625,-22.473380990999996],[-44.721084634,-22.472484341999998],[-44.721365264,-22.470724800999996],[-44.717960715000004,-22.470718376999997],[-44.71769599099999,-22.467359087000006],[-44.719345016999995,-22.466989432999995],[-44.71924545,-22.463421080999996],[-44.72331163799999,-22.462149193],[-44.725013911999994,-22.456567017999998],[-44.72421737599999,-22.450830675000002],[-44.726992404,-22.45056088],[-44.728810305,-22.448614506000002],[-44.731508249,-22.441432836],[-44.730223514,-22.439634205999994],[-44.733852891,-22.436030524],[-44.733942822,-22.43289577],[-44.74144567700001,-22.424827631999996],[-44.74916524099999,-22.420978292999994],[-44.755333665,-22.415269200999997],[-44.763234788,-22.416977898999992],[-44.77117445199999,-22.415076491],[-44.774257817,-22.412288614999998],[-44.776351934999994,-22.412083058000007],[-44.77848459599999,-22.408896913999996],[-44.783597842,-22.407933362999998],[-44.793792217,-22.409076777],[-44.79979835499999,-22.407355231999997],[-44.805386952999996,-22.403847904],[-44.809421021999995,-22.406083344],[-44.809085869,-22.403383601],[-44.804795975,-22.400083629999997],[-44.80366540799999,-22.393814121],[-44.79587991199999,-22.389908526000003],[-44.79338647899999,-22.386871139],[-44.787589544,-22.388091367999994],[-44.780308919999996,-22.382906718999998],[-44.77600095399999,-22.384293222999997],[-44.767667124,-22.378268824],[-44.761770189,-22.377433746000005],[-44.75642569,-22.374658718000003],[-44.744696057,-22.375590150999994],[-44.730241244,-22.361119874999996],[-44.725986887,-22.359024178],[-44.721165883,-22.360229428999993],[-44.707953094,-22.368828084999997],[-44.704715107,-22.367856689],[-44.695450864,-22.371562386000008],[-44.690288071999994,-22.370159257999997],[-44.68821935799999,-22.372893558999998],[-44.67929435899999,-22.374248496999993],[-44.676454668999995,-22.37215601699999],[-44.67039243599999,-22.374818361999996],[-44.665481492999994,-22.372893552999997],[-44.661854406,-22.380484972],[-44.66288582899999,-22.39975718799999],[-44.65556284299999,-22.399187616],[-44.653547034,-22.400272724999997],[-44.652912738999994,-22.403194374000005],[-44.650310801,-22.40437791699999],[-44.651417567,-22.409428441000003],[-44.64865017899999,-22.408540178],[-44.648236087,-22.411485575],[-44.64461579899999,-22.414980977999996],[-44.644678677,-22.419356582000006],[-44.641912907,-22.419925871000004],[-44.63730193,-22.434917872000003],[-44.63976014199999,-22.439802322999995],[-44.63995787599999,-22.443606806999995],[-44.65061332300001,-22.452486375],[-44.646592963,-22.468963763],[-44.651764117,-22.471247351999992],[-44.65423463799999,-22.4807117],[-44.656800795,-22.481963852999996],[-44.659382011,-22.481051214000004],[-44.662207050999996,-22.483618129000003],[-44.652223465000006,-22.491603755],[-44.649416097999996,-22.491132511000004],[-44.647039942,-22.496181369999995],[-44.62073990399999,-22.508885613],[-44.624106847,-22.516895045],[-44.626610124,-22.535386552],[-44.624468938,-22.537053082999996],[-44.622667496,-22.543632075],[-44.615482331,-22.557370547999998],[-44.610186481,-22.559375483999997],[-44.60450775399999,-22.564484347999993],[-44.59514750700001,-22.565864044999998],[-44.58599624399999,-22.560491826],[-44.583590551,-22.547454702000003],[-44.578225233999994,-22.540598270999993],[-44.563243515,-22.531829319999996],[-44.564614997,-22.529151693],[-44.57709998299999,-22.527606095000003],[-44.578150744999995,-22.526036922],[-44.577219656,-22.517024412],[-44.567457167,-22.507744969999997],[-44.55848730799999,-22.504569351999997],[-44.549741751999996,-22.496240056999994],[-44.544973627,-22.498955518999992],[-44.535497852,-22.495124698],[-44.53212142299999,-22.48813281299999],[-44.53004355899999,-22.486591811999997],[-44.521004648,-22.487793437000004],[-44.513157495,-22.484468190000005],[-44.51372618,-22.476041826000003],[-44.512452515999996,-22.472695620999996],[-44.496949943999994,-22.468584538999995],[-44.487855924,-22.468746917999994],[-44.489535542999995,-22.463127643],[-44.48803765099999,-22.461131670000004],[-44.484631418999996,-22.460828774000003],[-44.483810254999995,-22.459238871999997],[-44.480054763999995,-22.458022845000002],[-44.478510514999996,-22.453777336000005],[-44.479809370999995,-22.453210936999998],[-44.480559328999995,-22.448659293999995],[-44.487104922,-22.443897482],[-44.48698224,-22.435970992],[-44.59686686,-22.398237774],[-44.599049198,-22.398540434000004],[-44.602865034000004,-22.392786908999998],[-44.60738585099999,-22.392332133],[-44.626333465,-22.372762544],[-44.616297378,-22.376265944000004],[-44.614224611,-22.379520550999995],[-44.611429525,-22.380986199999995],[-44.605682914999996,-22.377157229999995],[-44.601340621999995,-22.372053408999996],[-44.593714723999994,-22.369334206],[-44.58846946999999,-22.362210483999995],[-44.584704094,-22.360398651999997],[-44.57919826599999,-22.361680102],[-44.578460221,-22.359202278],[-44.575816091,-22.357364983],[-44.565900732,-22.365458114999996],[-44.564251999999996,-22.364431660000005],[-44.56292996599999,-22.366216013000003],[-44.560918867,-22.364708514000004],[-44.55949026399999,-22.365915720999997],[-44.555893428,-22.365110123],[-44.55392628,-22.360968599000003],[-44.549069361,-22.357159644],[-44.550575704,-22.344118694999995],[-44.548455366,-22.337817404000003],[-44.546282394,-22.33703464],[-44.544010934,-22.338071497000005],[-44.541536633,-22.336152049000003],[-44.543746476,-22.332330774999996],[-44.538855564,-22.329616242999993],[-44.532579303,-22.330704089],[-44.530229307999996,-22.323188911],[-44.52475767899999,-22.320402825],[-44.52339156,-22.318301578],[-44.520783997,-22.318623025],[-44.517148694,-22.315922776],[-44.51357547599999,-22.308628574],[-44.51167401,-22.309434344],[-44.511041443,-22.307901875],[-44.506196458999995,-22.305639482000004],[-44.502782301,-22.306990676999995],[-44.50141174,-22.305239821999994],[-44.496855751,-22.303741240999997],[-44.494516861,-22.301405534],[-44.494821357999996,-22.299701808999995],[-44.491102169,-22.298643325999997],[-44.49017083199999,-22.296482459],[-44.48434524399999,-22.293764136999997],[-44.48227902099999,-22.294054133],[-44.480481045,-22.2889212],[-44.47913256199999,-22.28815271],[-44.476102102,-22.289247441999997],[-44.476522595999995,-22.286071986999996],[-44.473064403,-22.283135789],[-44.470519674,-22.282773276999997],[-44.46850752100001,-22.280095138999997],[-44.46546649,-22.279155577],[-44.463588765,-22.281084052],[-44.459913062999995,-22.279989316],[-44.463379231999994,-22.276320192000004],[-44.46320451999999,-22.274696885000004],[-44.460551054999996,-22.273507900999995],[-44.458738578,-22.270466565999996],[-44.46298300299999,-22.266968367999997],[-44.460268307999996,-22.262531543999998],[-44.457571343,-22.261857302999996],[-44.458934324999994,-22.261096060999996],[-44.456636106,-22.257231862999998],[-44.452387660999996,-22.258217849999998],[-44.452068665,-22.256724369999997],[-44.449777695,-22.257869855],[-44.447769470999994,-22.255520884999996],[-44.445079756999995,-22.257166611000002],[-44.440453086,-22.25481733199999],[-44.438174656,-22.256758221],[-44.43868664899999,-22.257864739000002],[-44.43719808899999,-22.257773434999997],[-44.433209465,-22.251408332999993],[-44.430367588,-22.252322914999997],[-44.429197926,-22.254338968],[-44.42625398199999,-22.254076217000005],[-44.42389664099999,-22.255662657000002],[-44.414452235,-22.254154230000005],[-44.41300527999999,-22.255604051000002],[-44.39479666799999,-22.258906944999996],[-44.392396901999994,-22.261962832999995],[-44.389962737,-22.270508796000005],[-44.38758897699999,-22.272504823],[-44.384073371999996,-22.267529247999995],[-44.380720201,-22.267001735999994],[-44.37985118099999,-22.268394925999996],[-44.37688547999999,-22.268298367999996],[-44.37470603399999,-22.26498091799999],[-44.37607163599999,-22.261842794],[-44.37112650099999,-22.259187457],[-44.369871249999996,-22.259766802999994],[-44.366243438999994,-22.256594192],[-44.36448470799999,-22.257759781999994],[-44.363960538,-22.253807812],[-44.362022486,-22.251973215],[-44.35986373099999,-22.252414621999996],[-44.360036156,-22.253669871999996],[-44.35840846799999,-22.253773327000005],[-44.357167012,-22.256056228],[-44.354925493,-22.255242384000002],[-44.352421889,-22.257683914999998],[-44.346131842999995,-22.253518138999997],[-44.340372863999995,-22.253497448],[-44.339255553,-22.257959793999998],[-44.336889889,-22.258559831999992],[-44.33326897399999,-22.256787308000007],[-44.328303148,-22.256918349999996],[-44.32389597699999,-22.253738841999997],[-44.323282145,-22.255780344999998],[-44.325020184,-22.257166638000005],[-44.32393735899999,-22.260787553000004],[-44.32234892899999,-22.261127330000004],[-44.319606054999994,-22.25874605],[-44.31701279,-22.259387468999996],[-44.315316132999996,-22.254345776],[-44.312095243,-22.255007886],[-44.30772945399999,-22.251980112],[-44.30210151799999,-22.253842297000002],[-44.29583216299999,-22.248876471000003],[-44.297108104,-22.246131468999998],[-44.29630248099999,-22.245094569999992],[-44.294692901,-22.245832624],[-44.291509622,-22.24306137]]]}},{"type":"Feature","properties":{"code_muni":"3304300","name_muni":"Rio Bonito","abbrev_state":"RJ"},"geometry":{"type":"Polygon","coordinates":[[[-42.552571142,-22.619556962999997],[-42.544066107999996,-22.623644264999992],[-42.533533224,-22.62603822699999],[-42.52800195199999,-22.631691793999998],[-42.526433198,-22.704672245999998],[-42.52962549,-22.710328101999995],[-42.530782411,-22.71707145],[-42.518895754999996,-22.717584942999995],[-42.514546226,-22.719682398000007],[-42.50781203999999,-22.720083887999998],[-42.504921217,-22.724375782999996],[-42.498663404999995,-22.725647079999998],[-42.48905495299999,-22.72199897199999],[-42.480494805999996,-22.724936953999993],[-42.473192458,-22.724591345],[-42.458726844999994,-22.718638317999996],[-42.453967733999995,-22.725905329000003],[-42.44429784799999,-22.728465030999992],[-42.441784029999994,-22.730310473999996],[-42.446812806,-22.822750680000002],[-42.454262291999996,-22.819007866999996],[-42.459835052,-22.820714952000003],[-42.461735881,-22.819089339],[-42.472001783,-22.820183640000003],[-42.477407236,-22.823013235999994],[-42.47790526199999,-22.826076146],[-42.483730126999994,-22.829911770000002],[-42.48719656,-22.827560742],[-42.498364802,-22.830917503],[-42.501749274,-22.828868209],[-42.503592184999995,-22.825749504],[-42.506338568000004,-22.826798893999996],[-42.511121255999996,-22.824231195000003],[-42.515485317999996,-22.825701439000003],[-42.52644661899999,-22.816354504000003],[-42.527488343,-22.818335790000006],[-42.53194989199999,-22.808768057999995],[-42.53797033,-22.812082445],[-42.55315777799999,-22.815061199],[-42.556115554,-22.811767787999994],[-42.560455090999994,-22.811427195999997],[-42.56256698999999,-22.807134523999995],[-42.566090183,-22.806093473000004],[-42.567474673999996,-22.804195042],[-42.580711248,-22.805621486999996],[-42.58724562599999,-22.808149232],[-42.595111848,-22.814422607],[-42.599978789,-22.815258881],[-42.60176674099999,-22.816644327999988],[-42.601008521,-22.820013650999996],[-42.608799008999995,-22.821472043000007],[-42.611975958,-22.823192805],[-42.61612454899999,-22.828543754999995],[-42.622695357999994,-22.830377449999993],[-42.626374068,-22.833390697999995],[-42.628625055,-22.832874839000002],[-42.634293096,-22.836872072],[-42.63599142699999,-22.839816140999993],[-42.63557015599999,-22.841823096999995],[-42.632066202999994,-22.84548105],[-42.636479109999996,-22.849435599999996],[-42.637824091,-22.852999189999995],[-42.645125705,-22.854897538],[-42.643356276,-22.851272175999995],[-42.643685456,-22.847622941],[-42.645714056,-22.844726908],[-42.650642055999995,-22.847144562],[-42.660119584,-22.849076689999993],[-42.661835802,-22.846600258],[-42.668914418,-22.844641669999994],[-42.656157454,-22.828427409000003],[-42.657946553,-22.824041136],[-42.662645346,-22.826193915000005],[-42.66426315699999,-22.824451073],[-42.66321608,-22.822698473999996],[-42.66826022899999,-22.821979804999998],[-42.665290375999994,-22.819662139000005],[-42.665155481,-22.81752143],[-42.66583098499999,-22.816007882],[-42.66973706999999,-22.81540942699999],[-42.66997003499999,-22.811632012],[-42.666667309,-22.810199713999996],[-42.66326553299999,-22.804040538000002],[-42.666728364,-22.803306257],[-42.66675105,-22.802220203],[-42.65909109999999,-22.80222777099999],[-42.658205367,-22.800921175000006],[-42.659298318,-22.798990805000003],[-42.672541996999996,-22.795970355],[-42.67795260199999,-22.797781009999998],[-42.679968177,-22.796397675999998],[-42.679476097999995,-22.794709053000002],[-42.688101011,-22.792899380999998],[-42.686157771,-22.787859742],[-42.688252808,-22.785994505000005],[-42.687953836,-22.784380568],[-42.686024924,-22.78298098],[-42.68541609299999,-22.780107763],[-42.68226030499999,-22.780123960000005],[-42.675544678,-22.773968763],[-42.67574781599999,-22.770569887],[-42.67633816299999,-22.769519807999995],[-42.680922064,-22.769766710000003],[-42.684858106,-22.767940073999995],[-42.69033817599999,-22.761741769999997],[-42.686484205,-22.758996711999988],[-42.694387948,-22.752518964999997],[-42.69512247899999,-22.742003967],[-42.698199749,-22.738046965999985],[-42.69798264199999,-22.733679773],[-42.70014242,-22.727119722],[-42.703524653,-22.725967830999995],[-42.705242159,-22.723234796999996],[-42.708897156999996,-22.723415411999994],[-42.74722203699999,-22.686532582999998],[-42.737797997,-22.683163765],[-42.735286424,-22.679059053999996],[-42.728665498,-22.677002363000003],[-42.72259824499999,-22.677391768000007],[-42.71671500699999,-22.675020468000003],[-42.714274904,-22.670289364999995],[-42.70925702099999,-22.670358301],[-42.703913791,-22.663573643999996],[-42.698898437,-22.663358213999995],[-42.700614491,-22.660936858999996],[-42.69902392299999,-22.658705995999995],[-42.69553055,-22.656447491999998],[-42.692942208,-22.656659263999998],[-42.693838255,-22.655607705000005],[-42.69084203599999,-22.654073236],[-42.692644644999994,-22.650132318],[-42.690826491,-22.647962099999997],[-42.692949963,-22.646950876],[-42.693112307,-22.642589668999996],[-42.688357468,-22.642372587],[-42.686485746,-22.640531303999996],[-42.675062307999994,-22.640811396999997],[-42.672827996,-22.637781889999996],[-42.66800558399999,-22.636733597999992],[-42.662827018,-22.644157817999996],[-42.656472209,-22.641774148],[-42.653958989,-22.643376086],[-42.648432927,-22.642057692999995],[-42.645936113,-22.644805159999994],[-42.641361874,-22.641025733000003],[-42.640243719,-22.64320814],[-42.637420864,-22.643417366],[-42.63877989,-22.644870097999995],[-42.637406499,-22.648467015999994],[-42.633414637,-22.6501304],[-42.632357705,-22.65293233099999],[-42.625933855,-22.657193147999998],[-42.622525169,-22.654266530000008],[-42.620023663,-22.654085554999995],[-42.618971244,-22.651412933999996],[-42.613529115999995,-22.649935732999996],[-42.61207396299999,-22.645525675],[-42.604855933,-22.642016707999993],[-42.600227209,-22.636741060000002],[-42.594839892,-22.633505043000003],[-42.592752961,-22.630215228999994],[-42.584614587,-22.625104094999998],[-42.575503373,-22.623474055000003],[-42.571506542,-22.626116222999997],[-42.564564659,-22.620125787],[-42.552571142,-22.619556962999997]]]}},{"type":"Feature","properties":{"code_muni":"3304409","name_muni":"Rio Claro","abbrev_state":"RJ"},"geometry":{"type":"Polygon","coordinates":[[[-44.032396187,-22.639781392999996],[-44.02701033,-22.64011159],[-44.023047013,-22.644303779999994],[-44.021553159999996,-22.643288405999993],[-44.021469534999994,-22.641037205999996],[-44.016694019,-22.640588210999997],[-44.013050649,-22.648654617000002],[-44.011347701,-22.649920058999996],[-44.008191502,-22.648856836999997],[-44.006675527,-22.651602902999993],[-44.003797892,-22.651816942],[-44.003219859,-22.658459201],[-43.99923271899999,-22.658162466],[-43.998651132,-22.659758516000004],[-43.996808652999995,-22.659997058999995],[-43.996396409,-22.663686318],[-43.991633425,-22.665985487],[-43.98990783899999,-22.668971757999998],[-43.98437727699999,-22.666767966],[-43.983053834,-22.667171428999996],[-43.982831141,-22.669433256999994],[-43.980791062,-22.669327196000005],[-43.97528832199999,-22.666773589000005],[-43.970204508,-22.661354181],[-43.967114477,-22.663501102999998],[-43.964152313,-22.661666162000003],[-43.96034472099999,-22.663150333999997],[-43.961529543,-22.665560462000002],[-43.959310124,-22.671207058],[-43.959533708,-22.676831621],[-43.957546793999995,-22.680580869999996],[-43.958219226,-22.685271268000005],[-43.956536922999994,-22.686211707],[-43.954413947999996,-22.684364537999997],[-43.952218521,-22.685785991000007],[-43.948478827,-22.688542767000005],[-43.948126782,-22.691388437],[-43.942941024,-22.69645697899999],[-43.947693734,-22.702486918999995],[-43.946569349,-22.707534676000005],[-43.943981637,-22.710670101000005],[-43.937546874,-22.711199189999995],[-43.931508413,-22.709216049999995],[-43.93013235899999,-22.706736516999996],[-43.924478154,-22.703807825999995],[-43.92354918499999,-22.698797856],[-43.919363113,-22.698860982],[-43.91594977999999,-22.706118584],[-43.913099556,-22.706847286000002],[-43.914939805,-22.710717605],[-43.912555548,-22.713896737],[-43.908719903,-22.710559585],[-43.903329043,-22.709016030999994],[-43.898204003,-22.711718426999997],[-43.89432102999999,-22.709499161999997],[-43.891192754,-22.703980390999995],[-43.88338645499999,-22.701481141],[-43.881216849999994,-22.702722261],[-43.88405741,-22.709725968999997],[-43.879225244,-22.714226169],[-43.880792411,-22.717409276],[-43.879904166,-22.727411359999994],[-43.88447535299999,-22.728480764],[-43.884924841,-22.731298194],[-43.892356183,-22.735430242999996],[-43.894330790999994,-22.732766224],[-43.898737015,-22.73264732],[-43.899219112999994,-22.738086401],[-43.89778375,-22.743877673000004],[-43.901058001,-22.742560347000005],[-43.903204487,-22.744311552999996],[-43.901335366999994,-22.747715540999998],[-43.90182415299999,-22.748916030000007],[-43.904072575,-22.748417801999995],[-43.903947559,-22.750638827000003],[-43.903547413,-22.753547488],[-43.900180474,-22.752283702999996],[-43.895035050999994,-22.756763275],[-43.889597295,-22.753959561000002],[-43.885297466,-22.756878643],[-43.88500067799999,-22.758320580999992],[-43.888740948999995,-22.75897399999999],[-43.88636434899999,-22.763231597],[-43.892236002999994,-22.766223942],[-43.89040977999999,-22.772818706],[-43.888160161,-22.774369086000007],[-43.89565155799999,-22.775539702],[-43.896418907999994,-22.777199704],[-43.894951201999994,-22.78080244],[-43.89106146099999,-22.781510426],[-43.892004062999995,-22.783462171],[-43.89052903,-22.78750219999999],[-43.891705375,-22.789575948000003],[-43.88811223199999,-22.793811999],[-43.88803141999999,-22.795662202000003],[-43.885123619999995,-22.794550881000003],[-43.882784341,-22.797992592],[-43.878735903,-22.797712273999995],[-43.876441035,-22.799363838999998],[-43.873055766,-22.805563380000002],[-43.873781474,-22.80912904],[-43.88008484699999,-22.811473552000002],[-43.87858243299999,-22.813161575999995],[-43.878881039,-22.815853117000003],[-43.889001505,-22.822108450999995],[-43.88849890499999,-22.824097315999992],[-43.894450966,-22.830993374],[-43.898478217,-22.833177142],[-43.903431313999995,-22.830207480999995],[-43.905760858,-22.830241628999993],[-43.91290371,-22.836536566],[-43.910190672,-22.844748738000003],[-43.912772475,-22.848075242],[-43.912454675,-22.849787724999995],[-43.917039416,-22.852631387999995],[-43.917998137000005,-22.857031118000002],[-43.925159779999994,-22.863454376000007],[-43.926396472,-22.869675571999995],[-43.92972491199999,-22.874009005],[-43.933771961,-22.87487183799999],[-43.934183418,-22.877414358],[-43.939562077999994,-22.878702674000003],[-43.938972159,-22.881190616],[-43.942271458,-22.884673614999997],[-43.95778341199999,-22.88782196],[-43.960141858,-22.88562599],[-43.964872248,-22.886352272],[-43.967164865,-22.884925700000004],[-43.968421497,-22.881102900999995],[-43.97395698099999,-22.876184110000004],[-43.973462061999996,-22.871819002],[-43.97684951699999,-22.870471614999996],[-43.980411376999996,-22.865956807],[-43.97418190399999,-22.854524129],[-43.98102335,-22.847900249000002],[-43.983680178,-22.849168045000003],[-43.98844759999999,-22.846485038],[-43.99106149599999,-22.84677710700001],[-43.990228879,-22.842351200999996],[-43.999089386,-22.845080123999995],[-44.000547188999995,-22.853069137999995],[-44.003786379999994,-22.859042357999993],[-44.007115412,-22.859337979000003],[-44.009444075,-22.860853679000005],[-44.009377794,-22.862526193],[-44.014088066999996,-22.864537324999997],[-44.018262758,-22.870673908999997],[-44.026327319,-22.873481489],[-44.027713976,-22.875905636999995],[-44.032748292,-22.878847234999995],[-44.036228381,-22.879331670999996],[-44.041582277,-22.883233617000002],[-44.045259007999995,-22.882985263999995],[-44.05151490299999,-22.877705564999996],[-44.058552388,-22.878249263],[-44.064187295,-22.880607909],[-44.071306441,-22.878167433999995],[-44.07920815999999,-22.879371172000003],[-44.088468936999995,-22.883643149999997],[-44.094484868,-22.877671627999998],[-44.10237142399999,-22.872680741],[-44.104273537999994,-22.86894404099999],[-44.111940622,-22.86459337999999],[-44.113062471,-22.86108017999999],[-44.111865937,-22.859082683],[-44.117516459,-22.860810055999995],[-44.11913547399999,-22.862736688],[-44.118816973,-22.867335571],[-44.124236711,-22.872720570999995],[-44.12470742099999,-22.874996798000005],[-44.127780501,-22.877221991000003],[-44.133339229,-22.877553513],[-44.14319897,-22.883010619],[-44.14422087700001,-22.887047970999998],[-44.14907758199999,-22.890001729999998],[-44.15023308199999,-22.892918874],[-44.152016278,-22.893631042000003],[-44.15512339699999,-22.902162989],[-44.165477222999996,-22.904041236],[-44.167827079999995,-22.906689729000004],[-44.169843254999996,-22.912673698],[-44.17413258199999,-22.915688863],[-44.172410192,-22.919150949000002],[-44.174062666,-22.920648493],[-44.173057388,-22.922617363999997],[-44.175227011,-22.928199626999994],[-44.179638225999994,-22.927503105],[-44.182404201999994,-22.925472958999997],[-44.191595164999995,-22.927339177999997],[-44.19259010599999,-22.928914223999993],[-44.20374633099999,-22.928936459],[-44.214977448999996,-22.931874012999995],[-44.223438533,-22.928872216],[-44.23161481099999,-22.920175437],[-44.239558601,-22.916216724999998],[-44.24158157699999,-22.912976793],[-44.23702986199999,-22.906764670000005],[-44.23822491799999,-22.904002742999996],[-44.241696878999996,-22.902336478999995],[-44.23685811599999,-22.897233341000007],[-44.237749881,-22.886226454999996],[-44.234056495999994,-22.876386572000005],[-44.23169532699999,-22.874339188],[-44.231524638,-22.871414769],[-44.234812340000005,-22.870380862999994],[-44.237671917,-22.872031168000003],[-44.24041557599999,-22.869183472999996],[-44.244635853999995,-22.868080769000002],[-44.248002025000005,-22.857171826],[-44.26088816899999,-22.847597047999997],[-44.266858826,-22.84886378699999],[-44.272089705,-22.845640008],[-44.275406935,-22.846505563999997],[-44.279973258,-22.845571863000004],[-44.28203487299999,-22.842013204999994],[-44.285340161,-22.843875503],[-44.287978298999995,-22.84220115400001],[-44.291758494,-22.842464945000003],[-44.296503677,-22.844905592999993],[-44.299613698,-22.851665752],[-44.30311749999999,-22.853979641],[-44.30464255399999,-22.852440868000002],[-44.30553637,-22.847497195999996],[-44.309951977999994,-22.846619675],[-44.311532306,-22.843772592999997],[-44.31513390399999,-22.842562059],[-44.318056695,-22.845094991],[-44.31742049299999,-22.839951795000005],[-44.30817767199999,-22.832551256999995],[-44.30137354299999,-22.831016630000004],[-44.29652163,-22.827876577999998],[-44.291167349,-22.829334086999996],[-44.285657484,-22.828243205999996],[-44.28647102099999,-22.832070528999992],[-44.284178326,-22.833013493999996],[-44.283364789,-22.836156704],[-44.267678747,-22.829243597000005],[-44.269516167,-22.827411180999988],[-44.267343653,-22.825284890000002],[-44.26587374,-22.818942998000004],[-44.26371046999999,-22.81779665099999],[-44.26131146,-22.806259213],[-44.25934233,-22.804299329],[-44.25818211599999,-22.806541178999996],[-44.24598830299999,-22.803712286999996],[-44.241540664,-22.798327776000004],[-44.240029026,-22.791988031],[-44.242491539,-22.788233080999998],[-44.24786378299999,-22.790871439000004],[-44.25072970499999,-22.788303276],[-44.25636849699999,-22.787726368999998],[-44.256610426,-22.784990717999996],[-44.253756063999994,-22.780756347],[-44.257102794999994,-22.778029984],[-44.25447438599999,-22.773507815000002],[-44.258574682,-22.770700873],[-44.257580991,-22.766958884999998],[-44.25511304199999,-22.76497114],[-44.251976582,-22.764692035],[-44.250472777999995,-22.757567505],[-44.246164697,-22.757443504],[-44.242638383999996,-22.754611026],[-44.238777532,-22.755724762],[-44.242499891,-22.748650855999994],[-44.235111684,-22.745143262],[-44.23211166,-22.741876289],[-44.22952794199999,-22.735541766999997],[-44.227046522,-22.733738989999992],[-44.218330996999995,-22.732371470000004],[-44.209351396,-22.737025352000003],[-44.20561651999999,-22.736470667999992],[-44.204392179,-22.734988299999994],[-44.198960308,-22.735287341000003],[-44.200394529,-22.729954895],[-44.199182267999994,-22.727196444999997],[-44.202608553999994,-22.725570883000003],[-44.20370685799999,-22.71741752],[-44.201058864,-22.715143052000002],[-44.185231868,-22.712018329],[-44.17606108499999,-22.705657947999992],[-44.17386083699999,-22.702107966999996],[-44.176812985,-22.692621393999996],[-44.167424282999995,-22.687139603999995],[-44.168085983,-22.683092413999997],[-44.161365163999996,-22.678258449],[-44.165533159999995,-22.673649499999993],[-44.165362570999996,-22.672280314],[-44.147149978,-22.652764556999998],[-44.148287378,-22.648791738999996],[-44.116300663,-22.643626982],[-44.09399752699999,-22.649262668000002],[-44.088246671,-22.648773927999997],[-44.085350019,-22.646658280999993],[-44.086301544,-22.640591634000003],[-44.078243345999994,-22.647483572000002],[-44.08516748499999,-22.652610227],[-44.085160808,-22.65868371699999],[-44.082734626,-22.660434909999992],[-44.08559411499999,-22.666068919999997],[-44.084704075999994,-22.672632036999996],[-44.083367581999994,-22.673060151999998],[-44.081691063,-22.678187462],[-44.079287825,-22.679681719999998],[-44.07897790799999,-22.681416985000002],[-44.076871929999996,-22.681766197000005],[-44.07696271999999,-22.683900169999998],[-44.075736885,-22.683725362],[-44.07525155,-22.679962337],[-44.078982414,-22.678635308999993],[-44.07782942699999,-22.676422618999997],[-44.079980721999995,-22.67466676899999],[-44.078066992,-22.669116322],[-44.08054021400001,-22.667052785],[-44.07145798799999,-22.659511417],[-44.070716015,-22.655225248000004],[-44.061879477,-22.648444703],[-44.054914063999995,-22.646515323999996],[-44.053049231,-22.642364122],[-44.049722300000006,-22.640376783999997],[-44.035928397999996,-22.641691935999994],[-44.032396187,-22.639781392999996]]]}},{"type":"Feature","properties":{"code_muni":"3304508","name_muni":"Rio das Flores","abbrev_state":"RJ"},"geometry":{"type":"Polygon","coordinates":[[[-43.58355346399999,-22.055815029999994],[-43.58469281199999,-22.063513932999992],[-43.584029113,-22.071124339999997],[-43.58121945799999,-22.070538072999998],[-43.574305933999995,-22.078325465999995],[-43.568564944,-22.077329914999996],[-43.566728712,-22.080681594],[-43.56589909,-22.087971209999992],[-43.564538508,-22.088612784999995],[-43.56033508600001,-22.088037579999998],[-43.559605018,-22.083812035000008],[-43.549339818,-22.080858577000004],[-43.548211531,-22.079077653999995],[-43.541298008,-22.079276762999992],[-43.53550170999999,-22.075427313],[-43.52482723,-22.072407486],[-43.52084503999999,-22.067695229],[-43.52048000599999,-22.063524991],[-43.518422542,-22.06094763],[-43.512814291,-22.059277323],[-43.50692949999999,-22.062009550000003],[-43.50434107699999,-22.069686323999996],[-43.506829946,-22.073032468999997],[-43.50382280299999,-22.075202269999995],[-43.49741649199999,-22.073557896999997],[-43.49433029499999,-22.074929539999996],[-43.48321334999999,-22.073270296999993],[-43.476156025,-22.069210676],[-43.465039079,-22.072717216],[-43.462306855,-22.072407489999996],[-43.45690877599999,-22.070294717],[-43.45322525,-22.066865609000004],[-43.447771863,-22.066821362999995],[-43.446444467,-22.063226330999996],[-43.443325085,-22.061478591999997],[-43.436993754,-22.059968673],[-43.400414092999995,-22.216298164999998],[-43.402615688999994,-22.215478384000004],[-43.419320515,-22.224065012999997],[-43.417618675,-22.227075305999996],[-43.418117329999994,-22.228937652],[-43.423864847999994,-22.235008139999998],[-43.42649601299999,-22.236049192],[-43.432743910999996,-22.234465778999997],[-43.434610334,-22.230791903],[-43.442552808,-22.226100402],[-43.449052821,-22.224670532999994],[-43.455280924,-22.220328397999996],[-43.457758319,-22.216325431],[-43.46953280099999,-22.215509653],[-43.47238888599999,-22.217588602999992],[-43.470515324999994,-22.224449756],[-43.47111951099999,-22.232004893999996],[-43.473419304,-22.236373346999994],[-43.477171395,-22.237044744],[-43.476772917,-22.243665210999996],[-43.481067636999995,-22.249832579999996],[-43.484557029,-22.249753079000005],[-43.490274378,-22.244391889000006],[-43.496076884,-22.244509118],[-43.505358455,-22.239468796999994],[-43.514747279,-22.236460748000002],[-43.519879498,-22.244373701],[-43.516940111,-22.251154593],[-43.517308832999994,-22.261300776999995],[-43.52107470699999,-22.270923650000004],[-43.525168231,-22.276332084],[-43.52728987599999,-22.276358395],[-43.529363916,-22.273689937],[-43.538348563,-22.272715689],[-43.540719887,-22.270369546],[-43.54577982799999,-22.268705760999996],[-43.55509735,-22.268550762999993],[-43.56138264999999,-22.264661986999993],[-43.56536866999999,-22.268741110999994],[-43.569726548000006,-22.270685733],[-43.577474528,-22.279007941000003],[-43.579435178,-22.285318840999995],[-43.585145756,-22.285448524999993],[-43.588699611,-22.288300571999997],[-43.59486231,-22.28566771299999],[-43.594191826,-22.28295158],[-43.59045637399999,-22.280823168999998],[-43.58645651199999,-22.276041257000003],[-43.58876115799999,-22.27306116699999],[-43.588431699,-22.268341063],[-43.593844765,-22.266001358],[-43.587108018,-22.265724572999996],[-43.58773979899999,-22.263842684],[-43.59248333000001,-22.26039757099999],[-43.597109721,-22.261592232999995],[-43.598830776999996,-22.260727253999995],[-43.599237024999994,-22.258440504999996],[-43.602080582999996,-22.259756676],[-43.608493382999995,-22.25849662],[-43.608419557,-22.255258127],[-43.610246534,-22.252911255999997],[-43.608017159999996,-22.250082681999995],[-43.605334489,-22.250061143],[-43.602864211,-22.246728980999997],[-43.605825346,-22.243608765999994],[-43.60989264799999,-22.244072579999997],[-43.61125977299999,-22.241981102999997],[-43.60865709099999,-22.234993571999993],[-43.609579424,-22.232695044000003],[-43.607235438,-22.231277862],[-43.608730230999996,-22.224659021000004],[-43.612256598,-22.224757246],[-43.617541278,-22.221951333],[-43.62418454499999,-22.222676597999996],[-43.626307798999996,-22.219668163],[-43.625281159000004,-22.217771318],[-43.63438700199999,-22.207874041],[-43.652073519999995,-22.203730207999996],[-43.65382521499999,-22.199382169999996],[-43.659317719,-22.19588403],[-43.656916738,-22.193845354],[-43.656537248,-22.188420311999998],[-43.654984855,-22.18616524],[-43.657821927,-22.183719261],[-43.657313460999994,-22.180737355],[-43.658587922,-22.179694171999998],[-43.663223579,-22.180940795999998],[-43.662991805000004,-22.178869324999994],[-43.665271647,-22.17585275],[-43.666682494999996,-22.175906335000008],[-43.66542853699999,-22.174118442000005],[-43.666261324,-22.172233944000002],[-43.670676472,-22.171395779000004],[-43.67063324899999,-22.169429875999995],[-43.674393197,-22.166568428999998],[-43.67101966,-22.163360058999995],[-43.665534843,-22.162355633999997],[-43.666492611,-22.158148785999995],[-43.661100671999996,-22.154740786999994],[-43.66246598099999,-22.153933129000002],[-43.662666822,-22.150779329999995],[-43.664030552,-22.150007330000005],[-43.66289579,-22.148506557],[-43.664420427,-22.147182896000004],[-43.660249922,-22.11330895],[-43.661933533,-22.108349624],[-43.659089311,-22.10445882499999],[-43.662106381,-22.099304808],[-43.660693718,-22.095787927],[-43.661388187,-22.092183596],[-43.66419703099999,-22.088454595],[-43.666650341,-22.088547309999996],[-43.668461598,-22.086174833],[-43.66789844899999,-22.084166006999997],[-43.665398519,-22.082993473],[-43.66611752499999,-22.074940601000005],[-43.663860951,-22.073535773],[-43.656969551,-22.073624265999996],[-43.65296523799999,-22.066766051],[-43.645664557,-22.064896634999993],[-43.637324082999996,-22.068004955999996],[-43.635797575999995,-22.0695204],[-43.636594015,-22.072330055000002],[-43.629614121,-22.075195019],[-43.627589842,-22.077462655],[-43.622302379,-22.074852108000005],[-43.620709503,-22.075261389],[-43.620377654,-22.076588785],[-43.62275590499999,-22.078170601000004],[-43.62121784,-22.083275275999995],[-43.61961440099999,-22.084276623],[-43.612114611,-22.08188730999999],[-43.611838070000005,-22.072130944999998],[-43.610333686999994,-22.070438515000003],[-43.60882930499999,-22.070316836999996],[-43.607645708999996,-22.072352177999996],[-43.603010882999996,-22.072318992999996],[-43.598265441,-22.064586909],[-43.598962324,-22.058746364000005],[-43.59452660699999,-22.060438794999992],[-43.59231427999999,-22.056257496],[-43.58713743399999,-22.054587192],[-43.585987023,-22.051567365],[-43.58355346399999,-22.055815029999994]]]}},{"type":"Feature","properties":{"code_muni":"3304524","name_muni":"Rio das Ostras","abbrev_state":"RJ"},"geometry":{"type":"MultiPolygon","coordinates":[[[[-41.933889121,-22.541482624999997],[-41.934470583,-22.541797314999997],[-41.934699079,-22.541504715000002],[-41.933889121,-22.541482624999997]]],[[[-41.941866790999995,-22.541016466],[-41.941723292,-22.54179714299999],[-41.942166941,-22.541410630999994],[-41.941866790999995,-22.541016466]]],[[[-41.93513112299999,-22.540815674000005],[-41.935191935999995,-22.540545829999996],[-41.935028831,-22.540617814000008],[-41.93513112299999,-22.540815674000005]]],[[[-41.941562263,-22.540551921999995],[-41.941554635,-22.540391702999997],[-41.941501229,-22.540458462000004],[-41.941562263,-22.540551921999995]]],[[[-41.93373832,-22.540433666999995],[-41.93383750300001,-22.5404165],[-41.933669655,-22.540330669],[-41.93373832,-22.540433666999995]]],[[[-41.934043496,-22.540481349999993],[-41.934058755,-22.540288707999995],[-41.933959572999996,-22.540218137],[-41.934043496,-22.540481349999993]]],[[[-41.93407401399999,-22.540031214999992],[-41.93433341099999,-22.539949198999995],[-41.934032051,-22.539895795],[-41.93407401399999,-22.540031214999992]]],[[[-41.942912667,-22.539804241000002],[-41.94321784299999,-22.539663097],[-41.943175881,-22.539594434],[-41.942912667,-22.539804241000002]]],[[[-41.935851663,-22.539508602999998],[-41.935699075,-22.539359828999995],[-41.935676185999995,-22.539459012],[-41.935851663,-22.539508602999998]]],[[[-41.936057358000006,-22.539370449000003],[-41.937755947,-22.540042968],[-41.93812209899999,-22.539902580999993],[-41.937358281,-22.538517501],[-41.936057358000006,-22.539370449000003]]],[[[-41.919059247999996,-22.531850895000005],[-41.917959450999994,-22.533195423],[-41.919888821,-22.533476358999998],[-41.919059247999996,-22.531850895000005]]],[[[-41.91873129999999,-22.531499644999997],[-41.918548194,-22.531825803999997],[-41.91875419,-22.531757138],[-41.91873129999999,-22.531499644999997]]],[[[-41.919578163,-22.526839992],[-41.919932931999995,-22.526857158999995],[-41.91968116,-22.526580593],[-41.919578163,-22.526839992]]],[[[-41.937014768999994,-22.376750790999992],[-41.937523356,-22.382514945],[-41.939643367,-22.38484192699999],[-41.941531101,-22.391337984],[-41.937884548,-22.394637924],[-41.933897816,-22.394940910000003],[-41.932847903,-22.39643987],[-41.928801983999996,-22.397441839999992],[-41.919959223999996,-22.395447502000003],[-41.906909747,-22.400016859999997],[-41.903433808,-22.405128276999996],[-41.898729749,-22.406523116],[-41.893330667,-22.411834848000005],[-41.888384013,-22.414497694999998],[-41.882206143,-22.414862854],[-41.879147496,-22.417920089000003],[-41.869314157,-22.419429097999995],[-41.860271006,-22.418627205],[-41.85693548199999,-22.416141446999998],[-41.85724231,-22.413919932],[-41.856017320999996,-22.41381262],[-41.855152673,-22.410842345999995],[-41.837608499,-22.411394547],[-41.82806342999999,-22.408269111],[-41.81779025,-22.417031018],[-41.83464011499999,-22.428701183000005],[-41.853820413,-22.448053140999992],[-41.85514792600001,-22.45153214600001],[-41.854278175999994,-22.454288265000002],[-41.855086892,-22.456287168000003],[-41.858123391999996,-22.457849285999995],[-41.860400765,-22.463195583],[-41.85995826,-22.466092846999995],[-41.861877054,-22.468192837],[-41.859538644,-22.47016122],[-41.86242637,-22.472915432999994],[-41.862704842,-22.475785992],[-41.861350623999996,-22.47704484199999],[-41.863391489,-22.476245664000004],[-41.864345160999996,-22.478681348000002],[-41.866557687,-22.477529307999998],[-41.871078102,-22.481166621999993],[-41.873050301,-22.481107496000003],[-41.87306555999999,-22.484416743999997],[-41.87531623,-22.483857892],[-41.877669899,-22.485936902000002],[-41.87687644199999,-22.487922451999996],[-41.88267478299999,-22.48877313],[-41.883521646,-22.487523814999996],[-41.88563498800001,-22.487205289000002],[-41.88551291699999,-22.486093304000004],[-41.887561409,-22.485774776999996],[-41.893333046,-22.48845651],[-41.913978187999994,-22.512887737000003],[-41.92032203,-22.523679517],[-41.920112221,-22.526429912],[-41.92237814999999,-22.526674055],[-41.922454443999996,-22.528844616],[-41.924628822,-22.530713817],[-41.925883859,-22.529655238999997],[-41.927772133,-22.531081936999993],[-41.93251761599999,-22.537534496999996],[-41.937823862,-22.536365292],[-41.93707570299999,-22.533416642000002],[-41.941695779999996,-22.531636974999994],[-41.94092521099999,-22.529788752],[-41.94303855,-22.528133175999997],[-41.95987281,-22.532943508000006],[-41.96923789299999,-22.543060085000004],[-41.979155928999994,-22.562459237000002],[-41.981913596999995,-22.561521757999998],[-41.98465178599999,-22.548590623],[-41.986712172,-22.545863603],[-41.98810081999999,-22.534008242],[-41.990128543,-22.529990228999996],[-41.990252747,-22.525058376999997],[-41.986737938,-22.521651831000007],[-41.991211229,-22.510214035999997],[-41.989985226,-22.506733259999997],[-41.991310552,-22.502159408999994],[-42.003085407,-22.490200215],[-42.018921946,-22.47976729199999],[-42.01802425099999,-22.476756073999997],[-42.02055507,-22.475063173],[-42.023071612,-22.470643401],[-42.026952251999994,-22.46842846199999],[-42.02580635599999,-22.464983360999998],[-42.027609127,-22.455434176000008],[-42.025149465,-22.452820819999996],[-42.017433647999994,-22.449385119999995],[-42.017140103,-22.447168301999998],[-42.020809798,-22.44162858099999],[-42.020767273999994,-22.438830021],[-42.018816898999994,-22.436340898999994],[-42.017855904,-22.4283801],[-42.01445594399999,-22.425877238000005],[-42.019725097,-22.427821031],[-42.022850647,-22.424693296000004],[-42.030791238,-22.424188109],[-42.036210772,-22.427983642999994],[-42.039276447,-22.426444566999994],[-42.042098103,-22.427959428],[-42.046302306,-22.424053640999997],[-42.049799849,-22.424477273],[-42.05419925,-22.423059196],[-42.05811483099999,-22.424219222],[-42.06351677399999,-22.422772435000002],[-42.06343188799999,-22.42082283099999],[-42.06068201699999,-22.417055683999997],[-42.052485124,-22.412610275],[-42.045516253,-22.403322273000004],[-42.04239057,-22.401482269999995],[-42.03821799,-22.40137071499999],[-42.036418488,-22.398873155999993],[-42.034171351,-22.398427887],[-42.031797458,-22.393623308000002],[-42.02687175900001,-22.39154473],[-42.023788837999994,-22.38794392],[-41.997362532,-22.40029577199999],[-41.99261926599999,-22.396404678000003],[-41.98987767999999,-22.398022835],[-41.981026366,-22.396253133999995],[-41.97914442,-22.395677233999997],[-41.976958266,-22.391972661],[-41.96362027,-22.388066248999998],[-41.961648088,-22.388844048999996],[-41.957610667999994,-22.387756912999997],[-41.952656578,-22.38906229399999],[-41.94953673599999,-22.386845151999996],[-41.94679062,-22.389425988999996],[-41.944361536,-22.384365374],[-41.941458025,-22.38269968],[-41.940573112,-22.377882462999995],[-41.937014768999994,-22.376750790999992]]],[[[-41.908967535,-22.537157022999995],[-41.909149021,-22.536901588999996],[-41.908755798,-22.537013342],[-41.908967535,-22.537157022999995]]],[[[-41.909397499,-22.536562863],[-41.90948150399999,-22.536430957999997],[-41.909363896,-22.536539586],[-41.909397499,-22.536562863]]],[[[-41.91701300399999,-22.532549021999998],[-41.91639085199999,-22.532160183999995],[-41.91633180699999,-22.532523908999995],[-41.91701300399999,-22.532549021999998]]],[[[-41.884860603,-22.48985078099999],[-41.884574502,-22.489682935],[-41.88446769,-22.489742061],[-41.884860603,-22.48985078099999]]],[[[-41.88358476700001,-22.48982845],[-41.88338412699999,-22.489399753],[-41.88317108299999,-22.489600264],[-41.88358476700001,-22.48982845]]],[[[-41.88497885899999,-22.48956468],[-41.884811013,-22.489408274000002],[-41.88471183,-22.489528438999997],[-41.88497885899999,-22.48956468]]],[[[-41.88401755499999,-22.487878582],[-41.884559242,-22.488273403],[-41.884761422,-22.487886211],[-41.88401755499999,-22.487878582]]],[[[-41.864235826,-22.479251567999995],[-41.865231825,-22.478714198999995],[-41.865446412,-22.478384204999994],[-41.864235826,-22.479251567999995]]],[[[-41.861088867,-22.47510569199999],[-41.861482644999995,-22.475372400000005],[-41.861760976999996,-22.474757877999995],[-41.861088867,-22.47510569199999]]],[[[-41.856767426,-22.474699054],[-41.858145509,-22.474508385],[-41.857599509,-22.473395012000005],[-41.856992024,-22.473568984999996],[-41.856767426,-22.474699054]]],[[[-41.85744292199999,-22.473040834999995],[-41.858300722,-22.473064927],[-41.858083488999995,-22.472811465999996],[-41.85744292199999,-22.473040834999995]]],[[[-41.855892536,-22.467537827],[-41.856852014,-22.467355061999996],[-41.856468564,-22.466687966],[-41.855892536,-22.467537827]]],[[[-41.854842751999996,-22.457128306999998],[-41.854785531,-22.456769727999998],[-41.85472449699999,-22.457103512],[-41.854842751999996,-22.457128306999998]]],[[[-41.854995338,-22.456981440999996],[-41.855037301,-22.456733486999997],[-41.854945747,-22.456697246],[-41.854995338,-22.456981440999996]]],[[[-41.848884552,-22.478754740999996],[-41.848242121999995,-22.478573827999995],[-41.848386192,-22.478965307999996],[-41.848884552,-22.478754740999996]]],[[[-41.84990237699999,-22.478535823999998],[-41.84965980599999,-22.478783441],[-41.84999165599999,-22.478795305999995],[-41.84990237699999,-22.478535823999998]]],[[[-41.85133096999999,-22.478638168],[-41.85059174500001,-22.477987559000002],[-41.850872366,-22.478707039999996],[-41.85133096999999,-22.478638168]]],[[[-41.85091047899999,-22.46502484299999],[-41.851518281,-22.464841772],[-41.85144587799999,-22.464764534],[-41.85091047899999,-22.46502484299999]]],[[[-41.851938636,-22.464049002999996],[-41.85241774599999,-22.463939038999996],[-41.852407704,-22.463871699999988],[-41.851938636,-22.464049002999996]]],[[[-41.854030807,-22.462712615],[-41.85301264,-22.463422545999997],[-41.853584562,-22.463755556000002],[-41.854030807,-22.462712615]]],[[[-41.852180093,-22.46267106299999],[-41.852470008999994,-22.462884685],[-41.852599712,-22.462568064999996],[-41.852180093,-22.46267106299999]]],[[[-41.85423239899999,-22.454889079999997],[-41.853854743999996,-22.455762646000004],[-41.854297249,-22.455270551000005],[-41.85423239899999,-22.454889079999997]]],[[[-41.854442207,-22.454826138000005],[-41.85429725000001,-22.454906247000007],[-41.85450324499999,-22.454957744999998],[-41.854442207,-22.454826138000005]]],[[[-41.851027235,-22.453838300000005],[-41.85196154399999,-22.45509468499999],[-41.852541345,-22.454005605],[-41.851027235,-22.453838300000005]]],[[[-41.8288837,-22.425833734],[-41.828561934,-22.425387584999992],[-41.828424885,-22.425580366],[-41.8288837,-22.425833734]]],[[[-41.82816866499999,-22.424539348],[-41.827995865,-22.424517315999996],[-41.828037575,-22.424627477],[-41.82816866499999,-22.424539348]]],[[[-41.82779922999999,-22.42443469499999],[-41.82766813999999,-22.424621969000004],[-41.827829023,-22.424544857000004],[-41.82779922999999,-22.42443469499999]]],[[[-41.828037575,-22.424285977999993],[-41.827811148,-22.424341058999993],[-41.828037575,-22.424346567],[-41.828037575,-22.424285977999993]]]]}},{"type":"Feature","properties":{"code_muni":"3304557","name_muni":"Rio de Janeiro","abbrev_state":"RJ"},"geometry":{"type":"MultiPolygon","coordinates":[[[[-43.569092772999994,-23.081294963999994],[-43.56885698399999,-23.08164298699999],[-43.569183145,-23.08151125199999],[-43.569092772999994,-23.081294963999994]]],[[[-43.561375744,-23.078737275],[-43.55981507,-23.081347643999997],[-43.563786308,-23.081934104],[-43.561375744,-23.078737275]]],[[[-43.573613626,-23.072621538999996],[-43.57363126799999,-23.073491765],[-43.574347827,-23.072880536],[-43.573613626,-23.072621538999996]]],[[[-43.514032567,-23.065628549999996],[-43.512566526,-23.063537673999996],[-43.513451302,-23.062515946],[-43.511412275,-23.061265342],[-43.507894637999996,-23.064538100999997],[-43.514032567,-23.065628549999996]]],[[[-43.511344223,-23.060678834000004],[-43.512727518,-23.061208908],[-43.51102380700001,-23.060210768999998],[-43.511344223,-23.060678834000004]]],[[[-43.567416743,-23.05977544],[-43.567603904,-23.060009843000003],[-43.56756615399999,-23.059681423000004],[-43.567416743,-23.05977544]]],[[[-43.56633303699999,-23.05861734],[-43.56606128899999,-23.059095547],[-43.566532357999996,-23.059065486],[-43.56633303699999,-23.05861734]]],[[[-43.567216802000004,-23.058022605999998],[-43.56720832800001,-23.059601881],[-43.567589147,-23.059456554],[-43.567216802000004,-23.058022605999998]]],[[[-43.565705453999996,-23.058755419],[-43.56582075399999,-23.058816548000003],[-43.565794225,-23.058693993999995],[-43.565705453999996,-23.058755419]]],[[[-43.563444231000005,-23.057306349999998],[-43.56294474,-23.058102082000005],[-43.56366670500001,-23.059132721999994],[-43.563983418,-23.058294636],[-43.563444231000005,-23.057306349999998]]],[[[-43.565282187,-23.058150445999996],[-43.565825706,-23.05665656099999],[-43.565552984,-23.055419767],[-43.565282187,-23.058150445999996]]],[[[-43.56391220399999,-23.054645286999996],[-43.565172865,-23.053252866],[-43.563279896999994,-23.054836217999995],[-43.56391220399999,-23.054645286999996]]],[[[-43.50784434199999,-23.053457159000004],[-43.509175074999995,-23.054147115],[-43.509627648999995,-23.053787235],[-43.508892116999995,-23.052621826],[-43.50784434199999,-23.053457159000004]]],[[[-43.56443743799999,-23.051791711999996],[-43.566496862,-23.052519827],[-43.569491412999994,-23.050988643],[-43.568906066,-23.050760216000004],[-43.56443743799999,-23.051791711999996]]],[[[-43.56936740799999,-23.050903330000004],[-43.569401672,-23.050707262999996],[-43.56906474,-23.050737719999994],[-43.56936740799999,-23.050903330000004]]],[[[-43.56998034099999,-23.049640479999997],[-43.570109821,-23.050472075],[-43.570782756999996,-23.049671482],[-43.56998034099999,-23.049640479999997]]],[[[-43.60475908499999,-23.036826389],[-43.600939649,-23.040526174999997],[-43.593016896,-23.04291777],[-43.58863012,-23.042995669999996],[-43.58614060299999,-23.045603161999995],[-43.57793496299999,-23.047665910000003],[-43.56755754499999,-23.053976122999995],[-43.565998588999996,-23.056082098],[-43.568329647,-23.059610996999997],[-43.566395414,-23.061527597999994],[-43.566957809,-23.063004281],[-43.58067977699999,-23.054999888],[-43.606076744999996,-23.050510658999997],[-43.630362986,-23.050265132000003],[-43.66779709,-23.053058914999998],[-43.666638273,-23.042572679999996],[-43.663703729,-23.040743421000005],[-43.630929691999995,-23.033692843],[-43.619528254,-23.032907067],[-43.614277569,-23.030968952999995],[-43.60662558599999,-23.033292425000003],[-43.60475908499999,-23.036826389]]],[[[-43.584087352999994,-23.045039791999997],[-43.58361542,-23.044384491000002],[-43.583009032,-23.045373754999996],[-43.584087352999994,-23.045039791999997]]],[[[-43.585633978000004,-23.044773309999997],[-43.58801641099999,-23.042127002],[-43.58648379299999,-23.042927154],[-43.585633978000004,-23.044773309999997]]],[[[-43.593474678999996,-23.042483095999998],[-43.59165951899999,-23.041327558000003],[-43.588591808,-23.042231608],[-43.588928578,-23.042731963],[-43.593474678999996,-23.042483095999998]]],[[[-43.592971893,-23.041031786999998],[-43.593163067,-23.04144041],[-43.593457951,-23.041271221000002],[-43.592971893,-23.041031786999998]]],[[[-43.57772637299999,-23.043757422],[-43.57920647499999,-23.044476057],[-43.580436479999996,-23.040390764],[-43.58144707,-23.039056991999992],[-43.588304947999994,-23.035652731999996],[-43.58575123199999,-23.035297600000003],[-43.583522976999994,-23.036756143999998],[-43.57967848199999,-23.039997384],[-43.57772637299999,-23.043757422]]],[[[-43.595610085,-23.032522388999997],[-43.58141261899999,-23.039798668],[-43.578480499,-23.046090162999995],[-43.58188662199999,-23.045542015999995],[-43.58582834199999,-23.042358115999996],[-43.589650227999996,-23.040656045000002],[-43.60227779400001,-23.039044000999994],[-43.60402173199999,-23.029100305999993],[-43.60261468,-23.029007629999995],[-43.599704715,-23.027679743999997],[-43.595610085,-23.032522388999997]]],[[[-43.46791431199999,-23.03580476199999],[-43.46850044999999,-23.037895019],[-43.47092408999999,-23.03776664999999],[-43.470320547,-23.03685227599999],[-43.472204397,-23.03629115],[-43.470014123999995,-23.033739446999995],[-43.46791431199999,-23.03580476199999]]],[[[-43.605292847,-23.033155895999997],[-43.611768741,-23.030475908999996],[-43.60760880899999,-23.029631530000003],[-43.60405725799999,-23.031698155000008],[-43.605292847,-23.033155895999997]]],[[[-43.60247169899999,-23.026282609999992],[-43.600128971000004,-23.027347032],[-43.603108531000004,-23.028952836999995],[-43.604570626,-23.027386267999997],[-43.60247169899999,-23.026282609999992]]],[[[-43.65308274499999,-23.003247126999998],[-43.652408013,-23.003125319999995],[-43.65307324199999,-23.003380773999993],[-43.65308274499999,-23.003247126999998]]],[[[-43.650732497,-23.002505490999997],[-43.650241836999996,-23.002511403],[-43.650786075999996,-23.002599304999997],[-43.650732497,-23.002505490999997]]],[[[-43.660587930999995,-22.999467772000003],[-43.660716789,-22.99995993099999],[-43.66101368,-22.999810411999995],[-43.660587930999995,-22.999467772000003]]],[[[-43.659905579,-22.99846591],[-43.660673257,-22.998969410999997],[-43.66141105999999,-22.998863837999995],[-43.661238630999996,-22.998401886999996],[-43.659905579,-22.99846591]]],[[[-43.69525341899999,-22.986219991000002],[-43.69614382599999,-22.986707308000007],[-43.696235621,-22.986698856999997],[-43.69525341899999,-22.986219991000002]]],[[[-43.70321399299999,-22.985664594],[-43.707288134,-22.986733166999997],[-43.702879378,-22.985225139],[-43.70321399299999,-22.985664594]]],[[[-43.302782958,-22.803802649999998],[-43.300923434999994,-22.803645396],[-43.299207882999994,-22.806578372],[-43.295731984999996,-22.80637546],[-43.290173681,-22.810407793999996],[-43.28847637999999,-22.810373082000005],[-43.28904537599999,-22.807909463],[-43.278667552,-22.807374144000004],[-43.272831206,-22.809829052999998],[-43.26479676299999,-22.826469684],[-43.253908514,-22.837321915999997],[-43.24323604,-22.84225569499999],[-43.23652963799999,-22.862028195],[-43.233651820999995,-22.86371881],[-43.232437511,-22.869207197999998],[-43.230016122,-22.867787522],[-43.22620963799999,-22.869153497],[-43.226667053,-22.8741249],[-43.22472976499999,-22.875301145000005],[-43.224116014,-22.873672454999998],[-43.22262325399999,-22.873118896999994],[-43.221579815,-22.874347841],[-43.221387726,-22.872908504],[-43.218883459,-22.872105063],[-43.218188503,-22.873411546999993],[-43.219745978,-22.875370870999998],[-43.217017007,-22.875799447],[-43.21653644599999,-22.873554340999995],[-43.212732017,-22.872820931],[-43.21380876799999,-22.871169076000005],[-43.209918785999996,-22.866999100999998],[-43.204432148,-22.871705390999995],[-43.201385748,-22.871460885999998],[-43.215972408,-22.88634385],[-43.210843739,-22.897606423999996],[-43.195886185,-22.892037349],[-43.190783014999994,-22.892113884],[-43.180829173999996,-22.895476112000004],[-43.179066196,-22.892280556],[-43.179527314,-22.895636819999996],[-43.177023756,-22.895876511999997],[-43.173346635,-22.902080706999996],[-43.169241695,-22.904559611999996],[-43.16178975,-22.904784509999992],[-43.161642039,-22.916789622999993],[-43.165665272,-22.915623073999996],[-43.16721660099999,-22.917690907999997],[-43.16605519,-22.915430240999992],[-43.169298286,-22.914283636999993],[-43.172709940999994,-22.916606727000005],[-43.17161306,-22.919775966],[-43.16942039800001,-22.919128788],[-43.16956839,-22.916762442],[-43.16755717,-22.919146306000002],[-43.171269155,-22.932407589999997],[-43.17111641699999,-22.935126694000004],[-43.16916379599999,-22.935815786999992],[-43.168634093,-22.938715912999996],[-43.17425525499999,-22.944192523999995],[-43.178661510999994,-22.943023268000005],[-43.180377887,-22.947934549999996],[-43.169995218,-22.952310576999995],[-43.165136065,-22.947711130999988],[-43.163221335,-22.947737477000004],[-43.16384923999999,-22.945938150999993],[-43.161985556999994,-22.943375113000002],[-43.158058886999996,-22.943449168000004],[-43.157747654999994,-22.941161238],[-43.152178491,-22.938572966999995],[-43.151140772999995,-22.940650383999998],[-43.154527404999996,-22.941996875],[-43.15579444099999,-22.944180910999997],[-43.154943475,-22.947024811],[-43.150985467999995,-22.948922179],[-43.150235009,-22.950928642000004],[-43.156595266000004,-22.953304945000003],[-43.160940189,-22.952835999999998],[-43.164440948,-22.954723483999995],[-43.16433663099999,-22.956409544],[-43.159680589999994,-22.957688151],[-43.160447904,-22.961111564999992],[-43.15867743599999,-22.963100250999997],[-43.159595999,-22.964414529999992],[-43.16254846399999,-22.965274001999997],[-43.164773215,-22.963595505],[-43.167197291,-22.963892642999998],[-43.176928749999995,-22.968358510999998],[-43.185295903,-22.974224870999997],[-43.18836508099999,-22.978469858],[-43.189264993,-22.983634843999994],[-43.188157682,-22.98578691799999],[-43.183523691999994,-22.986014907000005],[-43.189216918,-22.98820893999999],[-43.190115601,-22.990696445999998],[-43.195246555,-22.988433230999995],[-43.207082324,-22.987228124999998],[-43.21967193599999,-22.987136895999992],[-43.22666805,-22.988536951],[-43.226956791999996,-22.99018369199999],[-43.23171348699999,-22.991439843000002],[-43.233144727,-22.993603846000003],[-43.231843013,-22.995166264],[-43.23396829000001,-22.995168474],[-43.240781456,-23.000415085999997],[-43.24565063099999,-23.001041049999994],[-43.252069789,-22.999110981],[-43.274726913,-23.002276972000004],[-43.277199108,-23.005707393999998],[-43.281585002,-23.006266380999996],[-43.286907844,-23.009893765],[-43.285501141000005,-23.014996528999998],[-43.28643267699999,-23.016449786],[-43.287384508,-23.014842432],[-43.296319625,-23.016809801],[-43.29687332599999,-23.015883908999996],[-43.30705569599999,-23.016000267000003],[-43.335942479,-23.011363032000006],[-43.35760481,-23.011121428999992],[-43.398683789,-23.014349107999998],[-43.445596384,-23.0229183],[-43.466304523999995,-23.029191234],[-43.47069816,-23.033250539000004],[-43.477590754,-23.031734977999996],[-43.49280093699999,-23.035318146000005],[-43.49752501299999,-23.037821905999998],[-43.498245242,-23.03713339600001],[-43.50010108299999,-23.040910917],[-43.50302997499999,-23.040121453000005],[-43.507065237999996,-23.042489385],[-43.506836521,-23.045670072000004],[-43.508535183999996,-23.047573829],[-43.534386641,-23.050291658999996],[-43.536365209,-23.05207594799999],[-43.534965261,-23.053556450999995],[-43.536880582,-23.056056322999996],[-43.539856627,-23.056355652999997],[-43.542098448999994,-23.059118584000004],[-43.54538209799999,-23.058811084],[-43.548931811,-23.060707565],[-43.550052140999995,-23.063095451999992],[-43.547743757999996,-23.064633435],[-43.551707989,-23.066423152999995],[-43.551297850999994,-23.068850760000004],[-43.552799429,-23.071519910999996],[-43.548822371,-23.073317406999998],[-43.55183268999999,-23.076182620999994],[-43.553686604,-23.07606051899999],[-43.554136807,-23.072643297000003],[-43.564614079,-23.075528652999992],[-43.566422644999996,-23.075156773],[-43.566821379,-23.073575156999993],[-43.572456364999994,-23.07313926599999],[-43.56772328,-23.071457727],[-43.569088984,-23.066293447000003],[-43.561598577,-23.058151114000005],[-43.56282569399999,-23.05688625099999],[-43.562373013,-23.053156352],[-43.56441430899999,-23.051316913],[-43.568596243,-23.050655094999993],[-43.569787074999994,-23.049624393],[-43.571844491,-23.048996800999998],[-43.573546088,-23.047242630000003],[-43.578074532,-23.04560808],[-43.577171289,-23.043649953000003],[-43.579657713,-23.039631524],[-43.585379509999996,-23.035192792999997],[-43.589413211,-23.035058365999998],[-43.59425733599999,-23.032394863],[-43.599564046,-23.022883565999997],[-43.60728808799999,-23.02157529999999],[-43.614102664,-23.017630141],[-43.622915885999994,-23.007870205999993],[-43.624269612999996,-23.008543038],[-43.63218791999999,-23.005603299],[-43.638563629,-23.006245773000003],[-43.643225513,-23.001117249999997],[-43.64603014499999,-23.002016460000007],[-43.64793982399999,-23.00089949],[-43.653200393999995,-23.002775059],[-43.652630189,-23.000622838000005],[-43.654227315,-23.000041397],[-43.658972057999996,-22.991643800999995],[-43.665929589,-22.985325754999998],[-43.674279061,-22.980309440000003],[-43.679829015,-22.98087194],[-43.687475832,-22.985996782],[-43.68947541,-22.991902712999998],[-43.695828466,-22.984610442000005],[-43.70060320499999,-22.985703519999998],[-43.704475525,-22.977910213999994],[-43.710963744999994,-22.970578979999992],[-43.714144906,-22.969038373],[-43.719635301,-22.973022222999997],[-43.71851869499999,-22.972002145],[-43.720216633,-22.970897699000002],[-43.717859604,-22.969585827999992],[-43.718702353999994,-22.966696330999998],[-43.724652864,-22.960703145000004],[-43.73158454299999,-22.957910212000005],[-43.745253065,-22.946500504999992],[-43.765627056,-22.936288886],[-43.768395014,-22.932639753],[-43.77404406099999,-22.932760081999998],[-43.781018204999995,-22.928279419999996],[-43.780936948999994,-22.927005737999995],[-43.784327854,-22.924271059999995],[-43.78996420400001,-22.925703301999995],[-43.796101924,-22.91911296],[-43.796025751,-22.917075334],[-43.790747065,-22.914329251],[-43.792249608,-22.908312747000004],[-43.795355625,-22.906730864999997],[-43.794807504,-22.903531402000002],[-43.789820516,-22.903560335999995],[-43.788347871,-22.900608065999997],[-43.784687401,-22.903976682],[-43.784320949999994,-22.900085405999995],[-43.781679548,-22.899295459],[-43.780211268,-22.894701828999995],[-43.778275067,-22.896182138999997],[-43.775155899,-22.895801348],[-43.774599443999996,-22.892720076000003],[-43.773047478,-22.892502191000002],[-43.76672712599999,-22.895267782999994],[-43.751619126,-22.888735837000002],[-43.750715072,-22.887756534999994],[-43.752197855,-22.880583994999988],[-43.748227114,-22.877933194],[-43.741266253,-22.877128515000003],[-43.73434520799999,-22.878325353999994],[-43.726890306,-22.873039084999995],[-43.717600763,-22.872487205],[-43.711530135,-22.866775348],[-43.706524137,-22.868613199],[-43.697379620999996,-22.864735398],[-43.68972086899999,-22.865241175999998],[-43.681053394,-22.862677397999995],[-43.67698317799999,-22.865506168999996],[-43.672983846,-22.863833766999996],[-43.669996909,-22.86525500699999],[-43.665134892,-22.865154948999997],[-43.65835262099999,-22.863268493999996],[-43.649553206,-22.857132687999997],[-43.644130926,-22.855733431999994],[-43.623480644999994,-22.862814086999997],[-43.59656214,-22.857756978],[-43.592943914,-22.860499291],[-43.588465965,-22.838693115000005],[-43.559386906,-22.828884737000003],[-43.521804683,-22.822547868000004],[-43.490062317,-22.815514928000006],[-43.482420575,-22.830431704],[-43.45813140799999,-22.849037118000002],[-43.42699043999999,-22.836880601999994],[-43.424087853,-22.832464460000008],[-43.42180194299999,-22.832464460000008],[-43.41486022099999,-22.821221016000003],[-43.410861321,-22.820162722],[-43.407761624,-22.821171501],[-43.390237659,-22.813660979999995],[-43.387806206,-22.814799363],[-43.384852540999994,-22.813997693999998],[-43.38287111099999,-22.811879811000004],[-43.376840118,-22.810816604999996],[-43.375765541,-22.808499725],[-43.36998676499999,-22.805282794000007],[-43.361634723,-22.804431844],[-43.357614342999995,-22.802619564999993],[-43.34846476999999,-22.803769271],[-43.33012554799999,-22.802726514],[-43.325048854,-22.801105388],[-43.320690316,-22.801622988000002],[-43.310477897999995,-22.799889472000004],[-43.30412878599999,-22.800817639],[-43.302782958,-22.803802649999998]]],[[[-43.786736338,-22.926674572999996],[-43.78487612,-22.925448172999996],[-43.78328950899999,-22.925723115000004],[-43.78539665899999,-22.928865380999994],[-43.786736338,-22.926674572999996]]],[[[-43.199642376,-23.073012325999994],[-43.198891278,-23.07476533999999],[-43.200476192,-23.073663428999996],[-43.199642376,-23.073012325999994]]],[[[-43.193662628,-23.06744276899999],[-43.191097759,-23.070769536999997],[-43.192784887,-23.074102079999992],[-43.199159712,-23.071232999],[-43.197572466,-23.068601697],[-43.193662628,-23.06744276899999]]],[[[-43.310255028,-23.047332833000002],[-43.31042894800001,-23.046514632999997],[-43.309928457,-23.047156988999998],[-43.310255028,-23.047332833000002]]],[[[-43.310227565,-23.044073536],[-43.31002640599999,-23.044483094999997],[-43.310394546,-23.044505007999998],[-43.310227565,-23.044073536]]],[[[-43.304102629999996,-23.036539599999998],[-43.302593707999996,-23.038438099999997],[-43.307944639,-23.038709139000005],[-43.304102629999996,-23.036539599999998]]],[[[-43.315897873,-23.037678020999998],[-43.31661467499999,-23.037176557],[-43.315690528999994,-23.03757912],[-43.315897873,-23.037678020999998]]],[[[-43.19677304099999,-23.034721818],[-43.205724827,-23.040134684000005],[-43.20826786999999,-23.039866039000003],[-43.207359137,-23.03783299399999],[-43.19677304099999,-23.034721818]]],[[[-43.304992592,-23.034081116],[-43.304804105,-23.033950443000002],[-43.304774808,-23.034116547000004],[-43.304992592,-23.034081116]]],[[[-43.305343644,-23.033609441],[-43.305755422,-23.033268935999992],[-43.305326957,-23.033249859999998],[-43.305343644,-23.033609441]]],[[[-43.19620473599999,-23.033833052000002],[-43.194915266,-23.032478732999998],[-43.194627251,-23.032595561999997],[-43.195195087,-23.033751486000003],[-43.19620473599999,-23.033833052000002]]],[[[-43.298386453999996,-23.031610068999992],[-43.29929475,-23.033151268999994],[-43.298359105,-23.034014675999998],[-43.301322946,-23.033284446000007],[-43.30109971099999,-23.031572593999993],[-43.298386453999996,-23.031610068999992]]],[[[-43.19343390899999,-23.031927281000005],[-43.192971954,-23.031165129999998],[-43.19263154899999,-23.031214549999998],[-43.19343390899999,-23.031927281000005]]],[[[-43.27592338,-23.028823112],[-43.276667452,-23.030736264999994],[-43.278428772,-23.030182874999998],[-43.27592338,-23.028823112]]],[[[-43.192407818,-23.029005257999998],[-43.191326026,-23.030106172000007],[-43.19257902199999,-23.030212676999994],[-43.192407818,-23.029005257999998]]],[[[-43.191903239999995,-23.025331867999995],[-43.189929246999995,-23.026883779999988],[-43.191819212999995,-23.027700487],[-43.195257123,-23.027368359],[-43.191903239999995,-23.025331867999995]]],[[[-43.201560209,-23.025663117],[-43.200652700999996,-23.026748804999997],[-43.202023128,-23.027444043],[-43.206334362,-23.025980115999996],[-43.201560209,-23.025663117]]],[[[-43.182084518,-23.023285440000002],[-43.18382311999999,-23.022408977999998],[-43.183671298,-23.02159766],[-43.182801599,-23.021392015999997],[-43.182084518,-23.023285440000002]]],[[[-43.167372532,-22.895598457999995],[-43.168172575,-22.897519162999995],[-43.171744728,-22.897721731999997],[-43.17134626199999,-22.898661022999992],[-43.174959094,-22.897519901999992],[-43.17589111,-22.895564248999996],[-43.174717756999996,-22.893147959999997],[-43.167372532,-22.895598457999995]]],[[[-43.209142252999996,-22.886417078],[-43.207361765,-22.889039460999996],[-43.20910600300001,-22.891952228],[-43.208662622,-22.889505599000003],[-43.211094452999994,-22.887144563999996],[-43.209142252999996,-22.886417078]]],[[[-43.195519336,-22.88709045699999],[-43.19743902100001,-22.888098483000004],[-43.197818423,-22.887770860999996],[-43.195519336,-22.88709045699999]]],[[[-43.173234916,-22.883016031999997],[-43.173600625,-22.884149118999996],[-43.176923558,-22.884243611999995],[-43.17559851899999,-22.882811635],[-43.173234916,-22.883016031999997]]],[[[-43.23176273299999,-22.836148423999997],[-43.22768271099999,-22.837060062999992],[-43.225401164,-22.839616462999988],[-43.22374776099999,-22.839277326],[-43.219839915,-22.844803931999994],[-43.221924012,-22.848756280999996],[-43.224162325,-22.846597429000006],[-43.22229426,-22.843789462000004],[-43.223874044,-22.84189706399999],[-43.226201786000004,-22.841495708000004],[-43.23132936499999,-22.84408542199999],[-43.232374027,-22.847451463999995],[-43.22776769499999,-22.855070653],[-43.22250072100001,-22.858872206000004],[-43.218102285,-22.858869689],[-43.215217628999994,-22.857173947999996],[-43.208316231999994,-22.858529007],[-43.209006162,-22.860364518999994],[-43.214473327,-22.85968830299999],[-43.21951126999999,-22.861766245000005],[-43.21804995,-22.863383239999994],[-43.21667335899999,-22.861762924],[-43.215122316999995,-22.863670017000004],[-43.214098795,-22.867826919999995],[-43.21566520099999,-22.870530775999995],[-43.220009085,-22.869640573999998],[-43.221945917000006,-22.870742979999992],[-43.227701949,-22.86699534299999],[-43.23171566199999,-22.866433383],[-43.232461975999996,-22.86306727],[-43.23623882099999,-22.861133625999997],[-43.236499664,-22.853948411999998],[-43.240999312999996,-22.846574760999996],[-43.239969648,-22.84232470499999],[-43.243129683999996,-22.839851947],[-43.24315503999999,-22.838244222999997],[-43.241653869,-22.836937097999993],[-43.237578952999996,-22.839238936000005],[-43.23229624499999,-22.838614288999995],[-43.23176273299999,-22.836148423999997]]],[[[-43.17408275299999,-22.838767546],[-43.17563180599999,-22.837591794000005],[-43.175704403000005,-22.836589913000005],[-43.173259426,-22.837961414],[-43.17408275299999,-22.838767546]]],[[[-43.254536212,-22.825463181000003],[-43.25414578,-22.825626895],[-43.25416627799999,-22.825763416],[-43.254536212,-22.825463181000003]]],[[[-43.258153508,-22.824662300999996],[-43.257582156999995,-22.826289970999998],[-43.259203576,-22.826619001],[-43.259922077999995,-22.825091082999993],[-43.258153508,-22.824662300999996]]],[[[-43.255552597,-22.824526546],[-43.25461811299999,-22.824632511],[-43.25466149799999,-22.825319452999995],[-43.255552597,-22.824526546]]],[[[-43.172109096999996,-22.775765212],[-43.171302077,-22.776984117000005],[-43.173211029,-22.779173778999997],[-43.170583483,-22.782841569999988],[-43.16798728599999,-22.78241979899999],[-43.169258051999996,-22.780884590999992],[-43.16666582799999,-22.779238694000004],[-43.1668451,-22.777465517],[-43.164492495999994,-22.776978638000003],[-43.156655935,-22.779071503],[-43.15553547,-22.784138966],[-43.15745362199999,-22.787398129],[-43.169170633,-22.79316340700001],[-43.175211212,-22.801180743999996],[-43.178352131,-22.802061099999996],[-43.177280025,-22.810644783],[-43.174946446999996,-22.812537866999996],[-43.176509003,-22.815431485000005],[-43.174984612,-22.819743125999995],[-43.169840821,-22.821730561999996],[-43.16545462,-22.820064965],[-43.163794951,-22.822481761],[-43.168185571,-22.824733831],[-43.170190651999995,-22.831243975000003],[-43.17370185899999,-22.831161835999996],[-43.174674167,-22.829244139999997],[-43.173038983,-22.828718219999995],[-43.17264615399999,-22.825297029999998],[-43.175526641999994,-22.823778011],[-43.176761768999995,-22.825100115999994],[-43.17581582,-22.827217734999998],[-43.18473730699999,-22.833584129],[-43.184564247,-22.830055503999994],[-43.189641796,-22.828721792000003],[-43.187715610999994,-22.826620306999995],[-43.191122271999994,-22.820309797],[-43.196447205,-22.818852863],[-43.203937595,-22.820208562999998],[-43.206758029999996,-22.818305588],[-43.208594323999996,-22.818643798000004],[-43.210696279,-22.818059835999993],[-43.209067518,-22.818348514000004],[-43.20839990399999,-22.816229980999992],[-43.209746482,-22.817166935],[-43.210223131999996,-22.815652594999992],[-43.214521117,-22.817760370999995],[-43.216816984,-22.817180791],[-43.221144805,-22.8195887],[-43.22091039699999,-22.820993207],[-43.222399673,-22.819000223],[-43.226718852,-22.82066275599999],[-43.237654536,-22.832738068999998],[-43.241554337,-22.833942781999998],[-43.247531532,-22.831071016],[-43.248824915,-22.828787784999996],[-43.251509939,-22.828532107000004],[-43.251760962999995,-22.826055360999998],[-43.250005344,-22.825411983],[-43.249996691999996,-22.823717355999992],[-43.25865503100001,-22.819602197999995],[-43.265675294999994,-22.812849803],[-43.264245913,-22.808299751],[-43.26032751799999,-22.804192512999997],[-43.261741840999996,-22.803509934999997],[-43.256688128,-22.797400789999998],[-43.252203658,-22.797321094000004],[-43.244848321,-22.791868026],[-43.23388425299999,-22.791570672000002],[-43.228607620999995,-22.787544856999997],[-43.228780787,-22.784394442],[-43.230882139,-22.784383796],[-43.22772048499999,-22.783587403000002],[-43.219314552,-22.785151501],[-43.21297981199999,-22.789135003],[-43.207690096,-22.794989461999997],[-43.20412954399999,-22.795412293],[-43.198247633,-22.793621656],[-43.19442299,-22.795113101000005],[-43.19174825999999,-22.794580501],[-43.19267540999999,-22.796327159000004],[-43.191365315999995,-22.796469195000007],[-43.188584059,-22.794569501999998],[-43.189417296,-22.792510044999997],[-43.18834249,-22.788481108],[-43.191619666,-22.787760012],[-43.19033498999999,-22.787846887999994],[-43.189400125,-22.783185810000003],[-43.185668245,-22.784698016999997],[-43.182855763,-22.781480503999997],[-43.181933236,-22.783448300999993],[-43.17927248099999,-22.783438085],[-43.17673518099999,-22.781204426],[-43.17574042,-22.777167728999995],[-43.172109096999996,-22.775765212]]],[[[-43.16899639499999,-22.76869203],[-43.169023498,-22.76879015],[-43.16904814899999,-22.768767861999997],[-43.16899639499999,-22.76869203]]],[[[-43.169213676,-22.767542722999995],[-43.16927695,-22.767780957999996],[-43.169422491999995,-22.767673181999996],[-43.169213676,-22.767542722999995]]],[[[-43.168853035,-22.767121208],[-43.169145898,-22.767521942999988],[-43.169148758,-22.767157991999998],[-43.168853035,-22.767121208]]],[[[-43.169157188999996,-22.766998989999998],[-43.169113231,-22.767043858000005],[-43.169172243999995,-22.767023793999996],[-43.169157188999996,-22.766998989999998]]],[[[-43.169230445,-22.766959643],[-43.16917547199999,-22.766991421],[-43.169214561,-22.766997054999997],[-43.169230445,-22.766959643]]],[[[-43.169168293,-22.766900396],[-43.16919241499999,-22.766769740999994],[-43.169119380999994,-22.766897241999995],[-43.169168293,-22.766900396]]],[[[-43.16916946,-22.766706897999995],[-43.169089507,-22.766619125],[-43.169089746999994,-22.766705984],[-43.16916946,-22.766706897999995]]],[[[-43.157848361999996,-22.912835036999997],[-43.160550273999995,-22.916554001999994],[-43.161366245,-22.916422772999997],[-43.16063357099999,-22.912949651999995],[-43.157848361999996,-22.912835036999997]]],[[[-43.16699491,-22.896882147],[-43.165853082,-22.897016892000003],[-43.16683872299999,-22.897335808],[-43.16699491,-22.896882147]]],[[[-43.167386531,-22.829345781],[-43.16719316099999,-22.829131935999992],[-43.16711918099999,-22.82923385499999],[-43.167386531,-22.829345781]]],[[[-43.16314077399999,-22.819864828],[-43.16247870099999,-22.819711318999996],[-43.162764505,-22.820055673],[-43.16262498900001,-22.820148012],[-43.16278708699999,-22.820319272],[-43.16314077399999,-22.819864828]]],[[[-43.162097394999996,-22.811165872],[-43.160698882,-22.81459428],[-43.161662643999996,-22.815131694],[-43.16526291,-22.813091781],[-43.162097394999996,-22.811165872]]],[[[-43.169318414,-22.800054490000008],[-43.168476448999996,-22.800239292999997],[-43.16928049999999,-22.800682653999996],[-43.169318414,-22.800054490000008]]],[[[-43.157717573000006,-22.799863657000003],[-43.157322672999996,-22.800163686000005],[-43.157804496,-22.800309858000002],[-43.157717573000006,-22.799863657000003]]],[[[-43.155821023,-22.794624566000003],[-43.155791112,-22.79472634099999],[-43.155856309,-22.794653627],[-43.155821023,-22.794624566000003]]],[[[-43.155470926999996,-22.794587409],[-43.15549954299999,-22.794651227],[-43.155538214,-22.794619192],[-43.155470926999996,-22.794587409]]],[[[-43.156005962,-22.794377319000002],[-43.15588255,-22.794416297999994],[-43.15594547399999,-22.794512534],[-43.156005962,-22.794377319000002]]],[[[-43.15498693399999,-22.794120368999998],[-43.154876439,-22.794115638],[-43.154941187,-22.794169472999993],[-43.15498693399999,-22.794120368999998]]],[[[-43.155817072999994,-22.794040869000003],[-43.15579861599999,-22.794028248999997],[-43.15580661199999,-22.794050456999994],[-43.155817072999994,-22.794040869000003]]],[[[-43.15576506,-22.793395591999996],[-43.15562174299999,-22.794645531],[-43.15576603299999,-22.794586956999996],[-43.15596390299999,-22.79461202],[-43.155761107,-22.794540616],[-43.15576506,-22.793395591999996]]],[[[-43.155699161,-22.792089942],[-43.15576136,-22.792047154],[-43.155696392,-22.792077673999998],[-43.155699161,-22.792089942]]],[[[-43.155420131,-22.791986866],[-43.155504262,-22.792077524],[-43.155532553,-22.791999148],[-43.155420131,-22.791986866]]],[[[-43.15551227899999,-22.791964594],[-43.155555897,-22.791915679],[-43.155499391999996,-22.791931498999993],[-43.15551227899999,-22.791964594]]],[[[-43.155625697,-22.791902759999996],[-43.155696183,-22.791948876],[-43.155702975,-22.791884434999997],[-43.155625697,-22.791902759999996]]],[[[-43.155517636,-22.791884784000004],[-43.155539291,-22.791903988],[-43.155540104,-22.791897905000003],[-43.155517636,-22.791884784000004]]],[[[-43.155622882,-22.791891744000004],[-43.155539157,-22.791838611],[-43.155544306,-22.791896327],[-43.155622882,-22.791891744000004]]],[[[-43.155820543,-22.79183683],[-43.155772049999996,-22.791811008],[-43.155783373,-22.791855871000003],[-43.155820543,-22.79183683]]],[[[-43.15551018399999,-22.791841374999997],[-43.155511991,-22.791815673],[-43.15548463,-22.791840402],[-43.15551018399999,-22.791841374999997]]],[[[-43.155370207999994,-22.7917337],[-43.15539788899999,-22.791768339999997],[-43.155408405,-22.791757478],[-43.155370207999994,-22.7917337]]],[[[-43.155720709,-22.791777564],[-43.155674549,-22.791685056000006],[-43.155708841,-22.791778798999996],[-43.155720709,-22.791777564]]],[[[-43.160022453,-22.770098348999998],[-43.156147214,-22.773215877999995],[-43.153635712,-22.773085158999997],[-43.152793259999996,-22.771686695],[-43.152057122,-22.774141382000003],[-43.154435116,-22.775436626999998],[-43.159840906,-22.775495002999996],[-43.160235884,-22.77186842499999],[-43.16232948,-22.771614143000004],[-43.160022453,-22.770098348999998]]],[[[-43.167906603,-22.767867698000003],[-43.167948024,-22.769081188999998],[-43.168496196999996,-22.768713659],[-43.167906603,-22.767867698000003]]],[[[-43.168719377,-22.768124575999995],[-43.16857719899999,-22.767980109],[-43.168634809,-22.768162560999997],[-43.168719377,-22.768124575999995]]],[[[-43.16836326199999,-22.767802928999995],[-43.168427542,-22.767935371999997],[-43.168619359,-22.767809578000005],[-43.16836326199999,-22.767802928999995]]],[[[-43.16820794699999,-22.767732191],[-43.168318801,-22.767674102000004],[-43.168312331,-22.767559016999993],[-43.16820794699999,-22.767732191]]],[[[-43.167928559,-22.767521221999992],[-43.168044199,-22.767704340999998],[-43.168018193,-22.767403531000003],[-43.167928559,-22.767521221999992]]],[[[-43.168778057000004,-22.767640153],[-43.168743401,-22.767387474],[-43.168633409,-22.767530902999994],[-43.168778057000004,-22.767640153]]],[[[-43.16855336399999,-22.76750409199999],[-43.168557492999994,-22.767344608],[-43.168505509,-22.767490558],[-43.16855336399999,-22.76750409199999]]],[[[-43.16836710599999,-22.767204809999992],[-43.168258252,-22.767262922],[-43.168340398999995,-22.767256444000004],[-43.16836710599999,-22.767204809999992]]],[[[-43.16894914299999,-22.767076977],[-43.16888339999999,-22.766972515],[-43.168872331,-22.767068317],[-43.16894914299999,-22.767076977]]],[[[-43.168751523,-22.766791551999997],[-43.168662627,-22.766745158999996],[-43.168713609,-22.766802783999996],[-43.168751523,-22.766791551999997]]],[[[-43.147334795999996,-23.060630904999993],[-43.142853984999995,-23.064102130000002],[-43.142328751,-23.065887140999997],[-43.147821930999996,-23.064944324999995],[-43.14818040299999,-23.060728829],[-43.14990414999999,-23.059969684],[-43.147334795999996,-23.060630904999993]]],[[[-43.147526665,-22.961670968],[-43.148734671,-22.965562049],[-43.151430079,-22.966739261],[-43.149374132,-22.965159073],[-43.151055615,-22.964347597],[-43.150020293,-22.96241341],[-43.147526665,-22.961670968]]],[[[-43.148578482,-22.935463730000002],[-43.147990565,-22.935058209999998],[-43.147890596,-22.935097669000005],[-43.148578482,-22.935463730000002]]],[[[-43.147296137999994,-22.934469610999997],[-43.146560661,-22.934844454000004],[-43.14730982599999,-22.934939848000003],[-43.147296137999994,-22.934469610999997]]],[[[-43.124255816,-22.805978211],[-43.122245391,-22.804931307],[-43.12376478299999,-22.807120018],[-43.124255816,-22.805978211]]],[[[-43.11695528599999,-22.802587356],[-43.11786321999999,-22.804431016999995],[-43.119614235,-22.803847344999998],[-43.118859947,-22.80261718299999],[-43.11695528599999,-22.802587356]]],[[[-43.108131449999995,-22.800840834999995],[-43.111966776,-22.803190734999998],[-43.10888455599999,-22.800035067],[-43.108131449999995,-22.800840834999995]]],[[[-43.123733327,-22.799298229],[-43.12330918999999,-22.797824096],[-43.122715336,-22.799013548000005],[-43.123733327,-22.799298229]]],[[[-43.111675539,-22.795700172999993],[-43.111273137999994,-22.7966236],[-43.113438615,-22.797311700999998],[-43.113774411,-22.796394965999998],[-43.111675539,-22.795700172999993]]],[[[-43.121141437999995,-22.796501369999998],[-43.12275289000001,-22.796356908000003],[-43.121198305,-22.795699432],[-43.121141437999995,-22.796501369999998]]],[[[-43.15492024899999,-22.794204983],[-43.154889102,-22.794173746],[-43.154881745,-22.794199119999995],[-43.15492024899999,-22.794204983]]],[[[-43.154859424,-22.794120314999994],[-43.154816558,-22.79409111],[-43.154812146,-22.794114894000003],[-43.154859424,-22.794120314999994]]],[[[-43.105042391999994,-22.791026585999997],[-43.10424594999999,-22.791919148000005],[-43.104631297,-22.791985042],[-43.105042391999994,-22.791026585999997]]],[[[-43.105246955999995,-22.790149746],[-43.10615153399999,-22.791707185],[-43.106585194999994,-22.79138472],[-43.105246955999995,-22.790149746]]],[[[-43.152151073999995,-22.790284758],[-43.152349746999995,-22.790395186],[-43.15222841899999,-22.790181363999995],[-43.152151073999995,-22.790284758]]],[[[-43.15197392699999,-22.790229258],[-43.15121854699999,-22.789699942],[-43.15181662,-22.790722683],[-43.15197392699999,-22.790229258]]],[[[-43.10158989,-22.789814762],[-43.100897239999995,-22.789604326],[-43.101621565,-22.78993966199999],[-43.10158989,-22.789814762]]],[[[-43.14934473299999,-22.789494461999993],[-43.14864665699999,-22.789052180000006],[-43.14858909899999,-22.789455982000003],[-43.14934473299999,-22.789494461999993]]],[[[-43.099490672,-22.788252275999998],[-43.100277725000005,-22.789317191999995],[-43.100576868999994,-22.788961442999994],[-43.099490672,-22.788252275999998]]],[[[-43.149391599,-22.786707603999993],[-43.14953613299999,-22.787703073],[-43.151615004,-22.787474689999996],[-43.150935894,-22.786868284999997],[-43.149391599,-22.786707603999993]]],[[[-43.13838313299999,-22.782795783],[-43.137479133,-22.783301582999997],[-43.13835121700001,-22.783044827999998],[-43.13838313299999,-22.782795783]]],[[[-43.140491246,-22.781666966999992],[-43.140503288999994,-22.782214387],[-43.140892512,-22.78190560599999],[-43.140491246,-22.781666966999992]]],[[[-43.105208516999994,-22.777267773000002],[-43.106174101,-22.777771515],[-43.10699993299999,-22.776927291999993],[-43.10608322099999,-22.776501248999995],[-43.105208516999994,-22.777267773000002]]],[[[-43.137574274,-22.77613492],[-43.138192342,-22.777344006],[-43.138521899,-22.777270621999996],[-43.138666324,-22.776478821000005],[-43.137574274,-22.77613492]]],[[[-43.141585729,-22.776605438999997],[-43.13958764099999,-22.776058753999994],[-43.139156244999995,-22.776890925999997],[-43.141585729,-22.776605438999997]]],[[[-43.115125669,-22.76970531],[-43.114419462,-22.769674186],[-43.11534069699999,-22.770424691],[-43.115125669,-22.76970531]]],[[[-43.117116775999996,-22.769124147],[-43.11637999199999,-22.769219668],[-43.117101035,-22.769470224999996],[-43.117116775999996,-22.769124147]]],[[[-43.10230147099999,-22.76284529000001],[-43.101526446,-22.762939019],[-43.10215060099999,-22.763278228999994],[-43.10230147099999,-22.76284529000001]]],[[[-43.10553254,-22.748754522999995],[-43.101809307,-22.75199793],[-43.107061771,-22.755088893000003],[-43.10847683499999,-22.757799792999997],[-43.106914295,-22.763227576999995],[-43.102713725,-22.763390445000002],[-43.102478735,-22.765091377],[-43.108190914999994,-22.769972959999997],[-43.110739384,-22.769593737999994],[-43.11436735,-22.767598590999995],[-43.110690893,-22.766311480999995],[-43.110168149,-22.764685613999998],[-43.111648809,-22.760813676],[-43.109947882,-22.758663021],[-43.112813522,-22.754069863999998],[-43.109164686,-22.75178819],[-43.109398385,-22.748955070999997],[-43.107265336,-22.749760113999994],[-43.10553254,-22.748754522999995]]],[[[-43.117629224,-22.753779817],[-43.114541775999996,-22.756370003],[-43.12008203599999,-22.758457760999995],[-43.120901408,-22.756485161999997],[-43.117629224,-22.753779817]]],[[[-43.128980860999995,-22.746581224999996],[-43.12564261,-22.746582111999995],[-43.12409992199999,-22.748321419],[-43.126104786,-22.747220785999996],[-43.128792183,-22.748032481],[-43.128980860999995,-22.746581224999996]]]]}},{"type":"Feature","properties":{"code_muni":"3304607","name_muni":"Santa Maria Madalena","abbrev_state":"RJ"},"geometry":{"type":"Polygon","coordinates":[[[-41.97111239299999,-21.80313208],[-41.970056513,-21.805206679999998],[-41.97098337599999,-21.811500834],[-41.967820827999994,-21.817099049999996],[-41.96520297899999,-21.82776489],[-41.961352237,-21.832009776],[-41.961484027,-21.833934451999994],[-41.956763625,-21.834144374999997],[-41.957273373999996,-21.835379283],[-41.955518368,-21.835747067],[-41.956952754,-21.836706438999993],[-41.95628344,-21.841328108000003],[-41.954888776999994,-21.841493743999994],[-41.953702861,-21.843964208999996],[-41.955170093,-21.848024240000004],[-41.952274814999996,-21.855566283],[-41.949910650999996,-21.856049377999994],[-41.949365442,-21.859259495999996],[-41.936525409999994,-21.872309938999997],[-41.93172662199999,-21.870332190000003],[-41.929771236,-21.870515928999993],[-41.929662982,-21.871635740000002],[-41.928082235,-21.870291439999995],[-41.92684490799999,-21.871360021999998],[-41.927968296,-21.872819788999998],[-41.926159475999995,-21.873203069],[-41.92556579,-21.875965149999995],[-41.911051758,-21.876176981],[-41.908399992999996,-21.877916637999995],[-41.89715010999999,-21.878304774],[-41.889271108,-21.871630539999998],[-41.887081741,-21.871529490999997],[-41.882652502999996,-21.872693191999996],[-41.888337362,-21.877600169],[-41.886817497,-21.880740763999995],[-41.88019647499999,-21.881180167],[-41.866676089,-21.884999376999996],[-41.855763107,-21.884889807],[-41.850060862999996,-21.886015619],[-41.84898652599999,-21.887576413999998],[-41.844238095,-21.886858625],[-41.84110235799999,-21.887868806999993],[-41.829318405,-21.885743602999998],[-41.826226852,-21.883457277999995],[-41.81475674499999,-21.879401257],[-41.80915299299999,-21.880862929000003],[-41.807705411,-21.879274628999994],[-41.796785232,-21.876833271999995],[-41.796501135999996,-21.878963116999998],[-41.78735704099999,-21.881751102999996],[-41.791032583,-21.883884156999997],[-41.788892121,-21.885912233000006],[-41.789726764,-21.887187219],[-41.78781697299999,-21.886965566999994],[-41.788853726,-21.888368023],[-41.785950312999994,-21.887599278],[-41.784837968,-21.888900384],[-41.784579311,-21.887077077000004],[-41.782239712000006,-21.886636779],[-41.77955881199999,-21.887773264999993],[-41.7796756,-21.889211905000007],[-41.77698457099999,-21.888746057],[-41.77574444999999,-21.890346432999998],[-41.77305813499999,-21.889735106999996],[-41.77143213099999,-21.891180556],[-41.770718585,-21.890044157],[-41.76314353099999,-21.890335928000002],[-41.761892012,-21.889120685000005],[-41.760114855999994,-21.890186994000004],[-41.757706430999995,-21.888633556],[-41.75209548,-21.889920251],[-41.740719499,-21.888764815],[-41.740125277,-21.890310415000002],[-41.738985035999995,-21.888809854],[-41.738311435,-21.889786161999996],[-41.738137095999996,-21.888548636999992],[-41.735335436,-21.889240319000002],[-41.733113995,-21.887426110999996],[-41.732407302999995,-21.888520392000004],[-41.73118148299999,-21.887843569999998],[-41.73047603,-21.889602858999996],[-41.728671013,-21.889804501],[-41.726595051,-21.888022721],[-41.723861816,-21.890068612000004],[-41.720464733,-21.886558764],[-41.712375228999996,-21.890703413000004],[-41.70327775999999,-21.889808813999995],[-41.702675546,-21.891427416999992],[-41.707087889,-21.892364951000005],[-41.70958863199999,-21.894540540000005],[-41.709524542,-21.900358092],[-41.712289546,-21.90120900399999],[-41.710321806,-21.904907009],[-41.712789362,-21.905913131],[-41.716097733999995,-21.911388460999998],[-41.713949558,-21.923742407999995],[-41.71605265,-21.930787668999997],[-41.718711583,-21.934032051999996],[-41.721023045,-21.944889032],[-41.713399083999995,-21.961489325999995],[-41.720613186,-21.968078743999992],[-41.716907676999995,-21.981482218],[-41.717817275,-21.985504661999993],[-41.72289848,-21.992995980999993],[-41.731385099,-21.996334577],[-41.734827656,-22.004615609999995],[-41.740064759,-22.003777208],[-41.74176949700001,-22.008545535999996],[-41.74574191,-22.010686031999995],[-41.747827045,-22.009211798999992],[-41.753627539,-22.015387452999995],[-41.757065844,-22.016039314000004],[-41.762120073,-22.019462865],[-41.76434833199999,-22.013920617],[-41.764111135,-22.007713029],[-41.76850424999999,-22.010253832],[-41.783241764,-22.014116349],[-41.788920722,-22.018735749000005],[-41.792743348,-22.0248516],[-41.787741188,-22.020817370999993],[-41.77631885,-22.021945524],[-41.772916862,-22.024758535000004],[-41.77211759,-22.027851862999995],[-41.767672268999995,-22.030142819],[-41.764616466,-22.033899194000007],[-41.763084385999996,-22.03800289],[-41.764697569,-22.040523493999995],[-41.76362391399999,-22.044158266999997],[-41.766742514,-22.04720179],[-41.762110621,-22.049518462000005],[-41.758901784,-22.054711376999993],[-41.762382044,-22.06349811],[-41.75513088499999,-22.068768704000004],[-41.754951726,-22.074020801999996],[-41.753230906999995,-22.077501793],[-41.754505812,-22.081781828999993],[-41.75045348,-22.086397118000004],[-41.751869207,-22.085861302999998],[-41.753315617999995,-22.087051418],[-41.753039245,-22.085382028999998],[-41.760431774999994,-22.083725519],[-41.76439137100001,-22.084369712],[-41.764654784,-22.085615837999995],[-41.76811226299999,-22.084324676],[-41.767513244999996,-22.086586124999997],[-41.76976193,-22.086241554999994],[-41.77239689699999,-22.089443181999997],[-41.77209600999999,-22.090903325000006],[-41.778107162,-22.094887452999995],[-41.779051574,-22.097334888],[-41.788451955999996,-22.099836633999995],[-41.792725929999996,-22.100182631],[-41.797341183,-22.098298006],[-41.798502899999995,-22.099247207],[-41.799353403,-22.097830966000004],[-41.802835192,-22.099245477999997],[-41.81062740899999,-22.098680974000004],[-41.813481371,-22.100604590999996],[-41.819851117,-22.099108773999998],[-41.82125345899999,-22.1001004],[-41.821956660999994,-22.094340501999998],[-41.824960521,-22.093522038000007],[-41.826205864,-22.08893433],[-41.829411428,-22.088222970999997],[-41.828224137,-22.086359423999994],[-41.831070919999995,-22.085377766999997],[-41.83198727799999,-22.083234519],[-41.830739916,-22.081655372],[-41.832786463999994,-22.081180584],[-41.832629747,-22.07830195],[-41.839105497999995,-22.075123367],[-41.83654987,-22.072060193999995],[-41.844108161,-22.07041674],[-41.84796423099999,-22.071355866999998],[-41.85922358399999,-22.063519201999995],[-41.865387223,-22.05771242799999],[-41.867456345,-22.054215555],[-41.86704051699999,-22.052259616999997],[-41.870245782000005,-22.051343103999997],[-41.87324695,-22.051651013999994],[-41.876191685,-22.05494042699999],[-41.887495558,-22.048969337],[-41.89066227199999,-22.052835112999993],[-41.892376807999995,-22.053688286],[-41.893360409,-22.052848061000002],[-41.895532106,-22.056382999],[-41.900658887,-22.056160365],[-41.902338849,-22.056932891],[-41.901827450999996,-22.057907402000005],[-41.903534447,-22.057655962],[-41.903402792,-22.060377508],[-41.904485189,-22.060317035],[-41.903320154,-22.061787592999995],[-41.90476065699999,-22.061116729999995],[-41.90551628699999,-22.063226337],[-41.904558232999996,-22.065750901999994],[-41.905557333,-22.065176238],[-41.908670152,-22.068268551000003],[-41.916831154,-22.067287051],[-41.924809197,-22.062896961],[-41.925920065999996,-22.060490794],[-41.92835453,-22.061969533000003],[-41.934000087,-22.058578094999998],[-41.934149377999994,-22.056978184999995],[-41.936032901,-22.056872982999995],[-41.937153896999995,-22.062195748999997],[-41.940873712999995,-22.064066654],[-41.94169173099999,-22.070386939999995],[-41.947443838,-22.071614088000004],[-41.955159006,-22.077303369999996],[-41.95900444699999,-22.076387631],[-41.961765605,-22.077873387],[-41.988107447,-22.057760011999996],[-42.052809861,-22.058563153999998],[-42.10367816499999,-22.049911249999997],[-42.10244423399999,-22.043500323000007],[-42.097777177,-22.033123029000002],[-42.099303178999996,-22.030272904999997],[-42.103595979999994,-22.029406847],[-42.118635349,-22.030857445999995],[-42.12229126199999,-22.029775030999996],[-42.134643532,-22.033254529999997],[-42.13848225,-22.031973966],[-42.139092002999995,-22.028301437999993],[-42.135365703,-22.023421887999998],[-42.129989182,-22.020034663999997],[-42.129886909,-22.018703942000005],[-42.131574099,-22.018142083999997],[-42.13141697399999,-22.013006269000005],[-42.133285804,-22.009938076],[-42.131871957,-22.006739317000005],[-42.129049697,-22.006769369000004],[-42.12552813,-22.003053633999993],[-42.121062968,-22.001686985999992],[-42.120668936,-21.999420889999996],[-42.11724385600001,-21.996454364],[-42.117704906,-21.991101785999998],[-42.11475668199999,-21.987793901],[-42.114553553,-21.984486416],[-42.112894817999994,-21.98274135999999],[-42.111573237,-21.983760086999993],[-42.109388721,-21.983036839],[-42.10580674,-21.979955084],[-42.09939546,-21.980233154],[-42.097152957,-21.97643882],[-42.0966249,-21.973983959],[-42.099332403,-21.970150215],[-42.10327483199999,-21.968712089000004],[-42.100244857,-21.965123426],[-42.10152049399999,-21.963098519],[-42.10115355399999,-21.955797016],[-42.092144667,-21.955297481],[-42.08835865599999,-21.960876098000004],[-42.082114498,-21.953005359],[-42.081867535,-21.948560366999995],[-42.08363050599999,-21.948691581999995],[-42.085933188,-21.951741381],[-42.087243339,-21.951326702999996],[-42.089445307,-21.946041778],[-42.092887059,-21.945075085],[-42.093942146,-21.942961040999993],[-42.090293403,-21.939292798],[-42.08938344999999,-21.935163886999998],[-42.09664953299999,-21.935890328],[-42.094737724999995,-21.932904845999996],[-42.09816252299999,-21.93178596],[-42.100892131,-21.926461563000004],[-42.094167251,-21.924248075999998],[-42.092690387999994,-21.928308975999997],[-42.08875784,-21.92949689],[-42.088856045,-21.932089445999992],[-42.083782876,-21.936311972999995],[-42.075535371,-21.936267416999996],[-42.078186271999996,-21.931981244],[-42.07362140800001,-21.925175162000002],[-42.07364146199999,-21.922109217999992],[-42.075100819999996,-21.921375011],[-42.07340779199999,-21.918956551],[-42.076557157,-21.916750509000003],[-42.076478124999994,-21.914838195999998],[-42.073199665999994,-21.913818775000003],[-42.06875814499999,-21.915678269],[-42.067982305,-21.918580508],[-42.06628845,-21.917431972],[-42.064349824999994,-21.919021167],[-42.062262026,-21.918548283999993],[-42.056717398,-21.910142621],[-42.053986624,-21.908326766],[-42.042934225,-21.890113605999996],[-42.036007177,-21.888077417],[-42.034174411,-21.886360016999998],[-42.031442431,-21.87529174],[-42.025717333,-21.867081473999992],[-42.021715048999994,-21.867335977000003],[-42.021030182,-21.863581996999997],[-42.026215310999994,-21.864362280000005],[-42.024427884999994,-21.861675119000004],[-42.01780016899999,-21.858575847000004],[-42.018699209,-21.855237323],[-42.014588362999994,-21.853083380999994],[-42.01193135799999,-21.848691929],[-42.004142323,-21.845778912],[-42.00418079799999,-21.842994646],[-42.00146356199999,-21.839490400999996],[-42.005266347,-21.838643436],[-42.00545101,-21.83740041],[-41.995127275,-21.825290086999992],[-41.988219688,-21.821359364],[-41.986588101,-21.817768571999995],[-41.983450834,-21.816344407],[-41.97808212699999,-21.80975005],[-41.97364097999999,-21.807196548999997],[-41.973931136,-21.803887738000004],[-41.97111239299999,-21.80313208]]]}},{"type":"Feature","properties":{"code_muni":"3304706","name_muni":"Santo Antônio de Pádua","abbrev_state":"RJ"},"geometry":{"type":"Polygon","coordinates":[[[-42.275375943,-21.427472203999994],[-42.20229904399999,-21.468618109999998],[-42.137349508999996,-21.471098623],[-42.135580936,-21.469337365999998],[-42.12971340899999,-21.471160793999996],[-42.12732866299999,-21.473629425],[-42.12444145700001,-21.473879731],[-42.120219527,-21.471731096999992],[-42.112684386999995,-21.463855711],[-42.109137333,-21.45894217],[-42.10689343599999,-21.452683347],[-42.10044091299999,-21.451208721],[-42.093642871,-21.45338849299999],[-42.089025676,-21.449946277],[-42.086914449999995,-21.446549474],[-42.082290868,-21.448080022999996],[-42.080629246,-21.450831049999998],[-42.074094897,-21.447120466],[-42.064373289,-21.435381032999995],[-42.057487591000005,-21.433893544999997],[-42.048346093,-21.438076817000006],[-42.0420575,-21.434998477999997],[-42.032931238,-21.434013268999998],[-42.028743071,-21.436725664],[-42.024168128,-21.436676945999995],[-42.021325127999994,-21.433045696999997],[-42.018776368,-21.432035472000003],[-42.01729044,-21.432998447],[-42.016745019999995,-21.430600276],[-42.008945685,-21.428233954000003],[-42.006092007999996,-21.433532915000004],[-42.00249916799999,-21.431967177999994],[-42.001206387,-21.433721774000002],[-42.003075341,-21.437491748],[-42.002740296,-21.439865393],[-42.00007465,-21.439324444],[-41.99758164499999,-21.445072599999996],[-41.998700019999994,-21.451922061999994],[-41.993148664,-21.457054337],[-41.99468988999999,-21.460161413],[-41.994100163999995,-21.465007983000003],[-42.002313096,-21.465971082],[-42.007442727,-21.476113178],[-42.005716032,-21.478000296999998],[-42.005389859,-21.482551521999998],[-42.001279395,-21.484544839000005],[-41.99805846299999,-21.488853034999998],[-42.002054266,-21.495862764],[-42.010055893,-21.497574449999995],[-42.01322302199999,-21.501055767999993],[-42.016036657,-21.50148878],[-42.016397853,-21.503792071999992],[-42.020747776,-21.50560456299999],[-42.030037247,-21.506892011999994],[-42.036632538,-21.513015748000004],[-42.038943042999996,-21.513405113000005],[-42.04291006399999,-21.52055955],[-42.046474073,-21.520096307000003],[-42.054770027,-21.52635537],[-42.051522207,-21.535681703],[-42.053306681,-21.545913115000005],[-42.060361393,-21.549506499000003],[-42.065252895,-21.559670425],[-42.076446477000005,-21.571919498999996],[-42.077417983,-21.575163601000003],[-42.086866611999994,-21.578327263999995],[-42.086455753,-21.585121477],[-42.092011438,-21.58659765899999],[-42.105015984,-21.601806419000003],[-42.10958288999999,-21.601991783],[-42.10941815799999,-21.603519105999997],[-42.112239442,-21.60555482499999],[-42.116462706,-21.600961261],[-42.12388833199999,-21.602588490000002],[-42.126125653,-21.601260918999998],[-42.131346627999996,-21.602877858],[-42.132825811,-21.601914441],[-42.135806798,-21.606145036],[-42.138204911,-21.603798468],[-42.140662655,-21.606602904000002],[-42.138987954,-21.610939028999997],[-42.14301794699999,-21.609817384000003],[-42.148089266,-21.612467560999995],[-42.150073123000006,-21.615583638],[-42.155230470999996,-21.619250608],[-42.157826911,-21.618715302999995],[-42.157839202999995,-21.622672729],[-42.162159003999996,-21.622242630000002],[-42.162734619,-21.625624235999993],[-42.168408465,-21.625693318000003],[-42.172156364,-21.630029431000004],[-42.17929333299999,-21.630125441999994],[-42.18271729,-21.63358809],[-42.186659438,-21.628933995000004],[-42.196030629,-21.636444136999998],[-42.197609257,-21.64020414399999],[-42.20301635,-21.643563067],[-42.204720339999994,-21.648649391999996],[-42.200104085999996,-21.652413125999995],[-42.195317837999994,-21.654269036999995],[-42.193940263,-21.662810001000004],[-42.195936573999994,-21.666214266999997],[-42.195177406,-21.668716261],[-42.193350904999996,-21.668511133000003],[-42.186004567,-21.674578341000004],[-42.184026022999994,-21.677962893],[-42.186497172,-21.679596946999993],[-42.183991982,-21.681308184],[-42.190830088,-21.684640289],[-42.194202999000005,-21.683763581999994],[-42.19920149099999,-21.68527386199999],[-42.207144257,-21.690130861],[-42.215821667,-21.689773513999995],[-42.226904520000005,-21.696432040000005],[-42.229151598,-21.695629485999998],[-42.237080088,-21.697209474999998],[-42.24611163699999,-21.706580406],[-42.249586664999995,-21.706733596999992],[-42.259938696,-21.712928806999997],[-42.266649175,-21.714473168],[-42.268764028,-21.712822741],[-42.27178684,-21.714545947],[-42.266738927999995,-21.708281016999994],[-42.267933344,-21.707209484],[-42.26935498499999,-21.707896584999997],[-42.268563484,-21.706271520999994],[-42.27267659799999,-21.703827760999996],[-42.271435061999995,-21.699721571999998],[-42.26778097,-21.698696201999994],[-42.267245202999995,-21.695019565999992],[-42.26493482,-21.693863707000006],[-42.27144286,-21.685478984999996],[-42.27004088599999,-21.682337502],[-42.272190566,-21.681354512999995],[-42.273757962,-21.677408080000003],[-42.276476117,-21.676744515999992],[-42.28081137,-21.68039871299999],[-42.28336641400001,-21.680952767999997],[-42.282320395999996,-21.67923165499999],[-42.28444120699999,-21.678277269],[-42.2845077,-21.676828079000003],[-42.28613957599999,-21.677383502999994],[-42.28711663899999,-21.672730609999995],[-42.283190401999995,-21.672822114999995],[-42.282571076,-21.670398876999997],[-42.288356372,-21.667454618000004],[-42.30134101,-21.654922064999997],[-42.30773330899999,-21.659977437999995],[-42.30778862,-21.657389703000003],[-42.31090682399999,-21.660085391999992],[-42.316426057,-21.656458983],[-42.316508502999994,-21.654655778],[-42.320636293,-21.660913196000003],[-42.324592634999995,-21.656011608000004],[-42.331044587,-21.660631231999997],[-42.334212631,-21.661634773999996],[-42.334896416999996,-21.660837843],[-42.33361739299999,-21.660286878999997],[-42.33503907699999,-21.659721157000003],[-42.340131487,-21.661973859000003],[-42.34019094199999,-21.65929837],[-42.343249427,-21.659676882999996],[-42.342398384,-21.656651499],[-42.346477435999994,-21.652226169],[-42.34495397300001,-21.650601384],[-42.347117712,-21.647515093999992],[-42.346443658,-21.644484090999995],[-42.34802583,-21.641801997],[-42.355643781999994,-21.647792288],[-42.365152200999994,-21.646458483999993],[-42.369601498,-21.640094308000002],[-42.364673313999994,-21.632166934999997],[-42.35884669399999,-21.631334561],[-42.359243063,-21.626882019000004],[-42.355477560999994,-21.625045510999996],[-42.36008865,-21.621187519999996],[-42.36530750399999,-21.624358468999993],[-42.36602096699999,-21.620434421999995],[-42.369119437,-21.619455779],[-42.363715423,-21.613312998999998],[-42.363233174,-21.606099088999997],[-42.361568426,-21.602346799],[-42.354235605999996,-21.595357498],[-42.351868557,-21.590026999],[-42.346256348,-21.582975107999996],[-42.324772005,-21.569443554999996],[-42.32792993799999,-21.565497721999996],[-42.327570862,-21.562811236000005],[-42.330922522,-21.56133585],[-42.330433667,-21.559842865000004],[-42.32738823399999,-21.557510895999997],[-42.321883275999994,-21.558090380000007],[-42.314882802999996,-21.555898997000003],[-42.309412914999996,-21.551486092000005],[-42.308567271,-21.549081422],[-42.309705737,-21.546594712],[-42.306958165999994,-21.545719645],[-42.306245268999994,-21.542891497999996],[-42.302526076,-21.538914572],[-42.30630472399999,-21.529084656000002],[-42.303274316,-21.528476066000003],[-42.297188245,-21.523535494999997],[-42.289089112000006,-21.52786912599999],[-42.285601067,-21.528120158999997],[-42.283044489,-21.52510775699999],[-42.283862462,-21.522182956],[-42.28085785599999,-21.516879808000002],[-42.279748022999996,-21.516972293999995],[-42.28047231099999,-21.515301140999988],[-42.279008135,-21.511938408],[-42.277297144,-21.511172098999996],[-42.273861948,-21.503895429999993],[-42.271794225,-21.502590717],[-42.268956886,-21.503122511999997],[-42.268240119999994,-21.501338852999996],[-42.266991557999994,-21.502392532999988],[-42.26532020399999,-21.49800275],[-42.263026488,-21.498217870999998],[-42.259743007,-21.496282779],[-42.254615402,-21.486978146000002],[-42.255584617,-21.483612038999993],[-42.271250628999994,-21.475027641],[-42.270976625,-21.471862016],[-42.268078365,-21.468874912],[-42.27098301,-21.466052106999996],[-42.277179421999996,-21.466505001],[-42.28354052299999,-21.462655402999992],[-42.292083749,-21.459979211],[-42.287148953,-21.44763719299999],[-42.28387597999999,-21.445818870999993],[-42.285912497,-21.441527642999997],[-42.282312225999995,-21.436800015999996],[-42.279093802999995,-21.435099887999996],[-42.280451322,-21.432412017],[-42.275375943,-21.427472203999994]]]}},{"type":"Feature","properties":{"code_muni":"3304755","name_muni":"São Francisco de Itabapoana","abbrev_state":"RJ"},"geometry":{"type":"MultiPolygon","coordinates":[[[[-41.013284549999995,-21.615085353000005],[-41.014711062,-21.618784701999996],[-41.016392844,-21.610841453999996],[-41.01541681,-21.610855415],[-41.013284549999995,-21.615085353000005]]],[[[-41.028510079,-21.602808315999997],[-41.01879673399999,-21.607316582000003],[-41.016737963,-21.61173039399999],[-41.01778980299999,-21.613969086],[-41.029986946,-21.616374750999995],[-41.04591101199999,-21.61621795199999],[-41.044283883999995,-21.606780241999996],[-41.04701498,-21.598340243],[-41.046020599,-21.593310393],[-41.048394441,-21.589597176],[-41.045526172,-21.584928379000004],[-41.043797242,-21.584955260000005],[-41.036796776,-21.596380102999994],[-41.028510079,-21.602808315999997]]],[[[-41.04780197899999,-21.583809068000004],[-41.048033068,-21.582707778],[-41.047744207,-21.582680917],[-41.04780197899999,-21.583809068000004]]],[[[-41.036388921,-21.464050592999996],[-41.036431688,-21.463763698],[-41.036060584999994,-21.463679091000003],[-41.036388921,-21.464050592999996]]],[[[-41.035627557,-21.463468649],[-41.03637680100001,-21.463004385],[-41.035976907,-21.462661661000002],[-41.035627557,-21.463468649]]],[[[-41.09011916299999,-21.221467712999996],[-41.089218652,-21.219520662999994],[-41.086699656,-21.220019594000004],[-41.085324551999996,-21.22208833499999],[-41.08057861699999,-21.222076166],[-41.081357437,-21.22440045700001],[-41.074238535,-21.227004636999997],[-41.073411037999996,-21.230923076000003],[-41.069237049,-21.228452755999996],[-41.059319262,-21.234646809000004],[-41.05273629199999,-21.241263654999997],[-41.054123072,-21.243067800999995],[-41.052151684,-21.242313318999997],[-41.047271889,-21.248896783],[-41.045629066,-21.247156606999997],[-41.04673805,-21.251022566],[-41.045166640999994,-21.250697804],[-41.04458252599999,-21.253058603],[-41.04133359499999,-21.254947335000004],[-41.035803301,-21.254069893999993],[-41.03458996399999,-21.252241426999998],[-41.036018501,-21.25119623000001],[-41.031549246,-21.250928669000004],[-41.030241172,-21.248837732],[-41.028543949,-21.250000596999996],[-41.024905223999994,-21.245802698999995],[-41.019996997999996,-21.247596881999993],[-41.01595493,-21.251803933],[-41.013335834,-21.250257223],[-41.010902343999994,-21.252649467999998],[-41.004740411,-21.251099872000005],[-41.00321833699999,-21.254461118000005],[-41.00404915399999,-21.255928809999997],[-40.999835952,-21.258498839999998],[-41.001599643,-21.260085609],[-40.999772531999994,-21.262536563],[-41.000364448999996,-21.264861953000004],[-40.99816589899999,-21.266172627999996],[-41.00025875,-21.269343614],[-40.999320445,-21.278469376999997],[-40.995795224999995,-21.286189793],[-40.99036527199999,-21.285832743999993],[-40.984953455,-21.287481657],[-40.979922156,-21.280124968999996],[-40.976370651,-21.281731601],[-40.977617906,-21.285135126999997],[-40.976835729,-21.287270257999996],[-40.980683193,-21.287608497000004],[-40.980788893,-21.289088289999995],[-40.976983709,-21.290398964999998],[-40.974721738,-21.288559791999997],[-40.971780918,-21.295190917],[-40.964749519,-21.29626492699999],[-40.965817272,-21.299559336999994],[-40.961042426,-21.301119919000005],[-40.958985304,-21.304001842999998],[-40.957940916,-21.311386043999995],[-40.963199226,-21.328134319999993],[-40.964641182,-21.339828274],[-40.96429023099999,-21.349216245000004],[-40.96139869099999,-21.360776684999998],[-40.964656441,-21.362777492000003],[-40.969256966,-21.375215312999998],[-40.977294535,-21.382756970000003],[-40.982627480999994,-21.391610882],[-40.99031791099999,-21.393186353000004],[-40.997081367999996,-21.398921749000007],[-41.00247534999999,-21.407413266999992],[-41.006106941,-21.419084331000004],[-41.016887276,-21.433002255],[-41.023109047,-21.445264598999998],[-41.03522834000001,-21.457196973],[-41.037612527,-21.462274335],[-41.047500222,-21.467962048000004],[-41.057052224,-21.478519221999996],[-41.06411704199999,-21.488525174],[-41.070495216,-21.501819394],[-41.073165504,-21.514577648],[-41.072646707,-21.525609752000005],[-41.05373090599999,-21.577068908999998],[-41.04767399799999,-21.586633526999996],[-41.05016542399999,-21.586559173],[-41.064949160999994,-21.552718199],[-41.050300209,-21.594989559],[-41.05244407,-21.593498013000005],[-41.052093118,-21.597743771999994],[-41.050193398999994,-21.597102901],[-41.048621744,-21.598626874999997],[-41.045986143,-21.606602706999997],[-41.048112066,-21.613778364999998],[-41.050232619999996,-21.615691554],[-41.04814931,-21.617799939999998],[-41.052903515000004,-21.617980423],[-41.068743436999995,-21.626506215999996],[-41.076293713,-21.632152052999995],[-41.083995087999995,-21.644066429000002],[-41.08857308899999,-21.645990496999996],[-41.095197293,-21.651294880000005],[-41.097278784,-21.654322502],[-41.096900331,-21.657804268999993],[-41.09867906,-21.663140454000004],[-41.097959999,-21.670558131000003],[-41.098981822,-21.672791002999997],[-41.10344756599999,-21.675970006999997],[-41.110184027,-21.677256746999998],[-41.119686243,-21.674394732999996],[-41.12696107499999,-21.673822956],[-41.131267338,-21.674752294999998],[-41.13435092099999,-21.677949550000005],[-41.138233258,-21.676292378],[-41.140974944,-21.677420228],[-41.139434465,-21.671386685999998],[-41.144294308999996,-21.672844638999997],[-41.146797587,-21.671735127999998],[-41.147540318,-21.672872148],[-41.145715583999994,-21.673504844000004],[-41.14564222799999,-21.676356564000002],[-41.150357639000006,-21.674022595],[-41.158369518,-21.674641863999998],[-41.162835073000004,-21.677704482999992],[-41.164852367,-21.681592357999996],[-41.17114265499999,-21.68288526],[-41.175287277,-21.685856183999995],[-41.17509471700001,-21.687515867],[-41.177121181,-21.689129702],[-41.18501613499999,-21.688753751],[-41.19046282800001,-21.68409563699999],[-41.196070773,-21.683288716999996],[-41.196919801,-21.681618996999998],[-41.18557547599999,-21.636432485999997],[-41.183741571999995,-21.609162341999998],[-41.181089875,-21.592060307],[-41.18947375,-21.591612059999996],[-41.19752336199999,-21.59298053],[-41.199452859,-21.591386863999993],[-41.20003337399999,-21.58791424],[-41.20394959299999,-21.585071575999997],[-41.219539716999996,-21.578958118999996],[-41.22264519,-21.573962985999998],[-41.229832772,-21.571419032],[-41.230768096,-21.566731488000002],[-41.234767837999996,-21.563546084],[-41.24007647,-21.563062648000002],[-41.24363869,-21.558627680999997],[-41.24712339,-21.558759055999996],[-41.254467362,-21.556311271],[-41.244064303,-21.500557581999992],[-41.246550373999995,-21.500086373],[-41.248748489,-21.501851743],[-41.26148524199999,-21.489735176999996],[-41.256766433,-21.485648343],[-41.256779163,-21.480365471],[-41.255531641,-21.47904157],[-41.258497688000006,-21.466216284999998],[-41.255913535999994,-21.458425641],[-41.258574067,-21.454027491000005],[-41.255837157,-21.445753113000002],[-41.25787392699999,-21.432622312],[-41.257714803999995,-21.42135642699999],[-41.262361022,-21.416841916999996],[-41.262203958,-21.413343673999996],[-41.266720739,-21.407656049],[-41.26381267499999,-21.403577140999992],[-41.262765581,-21.399269778],[-41.256917096,-21.396416685000005],[-41.255702033,-21.393095034],[-41.25813934899999,-21.390600200999998],[-41.257269393,-21.388809958999992],[-41.25327909699999,-21.387659604],[-41.24956549,-21.389069354000004],[-41.246212643999996,-21.387700763],[-41.243102142,-21.388532921999996],[-41.241636510999996,-21.384116119],[-41.237206224,-21.382420092],[-41.238139482,-21.379800243999995],[-41.236979293999994,-21.375580852],[-41.242966231,-21.366499459999993],[-41.243799002,-21.367456897],[-41.246843693,-21.365650161999998],[-41.253237852000005,-21.365507158],[-41.255444306,-21.362188269],[-41.26009618599999,-21.364815072999995],[-41.263672682999996,-21.364074667],[-41.26545019300001,-21.356175321],[-41.26644861399999,-21.354478815999997],[-41.268675479,-21.354406421],[-41.269851585,-21.351848208999996],[-41.269438720000004,-21.350069546999997],[-41.266989047,-21.349072944000003],[-41.267868073,-21.346883750000003],[-41.264540325,-21.344221628999996],[-41.262868184,-21.339548531999995],[-41.262915940999996,-21.337585925],[-41.264581739,-21.336677175],[-41.26334840599999,-21.331833358999994],[-41.258059082,-21.326031167999997],[-41.255250965,-21.324957358],[-41.25354401999999,-21.321457872999996],[-41.250628062,-21.321381085],[-41.24828583,-21.314156337],[-41.249588856,-21.311552941],[-41.24894943599999,-21.309246581000004],[-41.26178854199999,-21.314594256],[-41.277468362,-21.312332424999994],[-41.28285407799999,-21.314765136999988],[-41.287619659,-21.314147145999993],[-41.295390471999994,-21.315847313],[-41.29935541099999,-21.31065150999999],[-41.30441728699999,-21.311233053],[-41.307735173,-21.313546826999996],[-41.31289488899999,-21.311681473999997],[-41.310473722999994,-21.309683152],[-41.30885416300001,-21.30167602199999],[-41.30244749599999,-21.29773821],[-41.302732791,-21.295375687999993],[-41.299144732,-21.292665116],[-41.29664977299999,-21.283379936999996],[-41.293594616,-21.280991236999995],[-41.287220463,-21.256302288999997],[-41.282783691000006,-21.250741606999995],[-41.276419687,-21.24978899],[-41.27685705999999,-21.246734561999997],[-41.27319459299999,-21.247603487],[-41.27190470899999,-21.246287046000003],[-41.276288809,-21.240370174],[-41.275539188,-21.235559489],[-41.27140170599999,-21.237250989],[-41.27070807,-21.235413459999997],[-41.273713828,-21.233904496000005],[-41.268858372,-21.232578068000006],[-41.26713036499999,-21.233941003],[-41.264623537999995,-21.233125676000004],[-41.26082679,-21.236788564],[-41.260717268,-21.23268759],[-41.25734643799999,-21.230217269999997],[-41.25866069700001,-21.228039008],[-41.256494603,-21.225252292000004],[-41.25121322999999,-21.222331716999996],[-41.24106423,-21.220457680999996],[-41.23652517,-21.222623774000002],[-41.234456429,-21.225897251999996],[-41.230026888999994,-21.225605195],[-41.228627447,-21.227527907000002],[-41.229612655,-21.229240338000004],[-41.227045469,-21.231580204999997],[-41.226424847,-21.22865963],[-41.223942358,-21.227430554],[-41.222141336,-21.232870126],[-41.214852067,-21.237299665000002],[-41.21183413899999,-21.235754194000002],[-41.21081244,-21.238372352999995],[-41.205895636,-21.240974721999997],[-41.205408873,-21.244333383999997],[-41.203705204,-21.240414944999998],[-41.199263496,-21.244357721999993],[-41.19797357499999,-21.242106444999997],[-41.19373874099999,-21.244065665],[-41.194103813,-21.241571006],[-41.19311811899999,-21.241327625],[-41.192740878,-21.246864549],[-41.19059912299999,-21.248750753999996],[-41.187946266999994,-21.24333552099999],[-41.18254320199999,-21.244528089],[-41.183443713,-21.242228135999998],[-41.186206091,-21.242021261999994],[-41.18232415899999,-21.238686937999994],[-41.182956951,-21.23607059],[-41.18071720599999,-21.239905236],[-41.177614732,-21.239003334],[-41.177979803999996,-21.241303287],[-41.180936886,-21.241558836999996],[-41.177079293,-21.242276812000004],[-41.174061365,-21.240804355000005],[-41.175819795,-21.244728878],[-41.1681472,-21.242666221999997],[-41.16818370699999,-21.245525952000005],[-41.163303913,-21.242873096],[-41.161429877,-21.245976208],[-41.158241582,-21.241449316000004],[-41.15652574399999,-21.244722794],[-41.15508979399999,-21.244734963],[-41.156659604,-21.242179460000003],[-41.155625233,-21.239733478],[-41.144502709,-21.237981133000005],[-41.14116838599999,-21.239052009999998],[-41.13759068099999,-21.235486475],[-41.136629324999994,-21.232030460000004],[-41.138953615999995,-21.230119916999996],[-41.135923518999995,-21.226700411],[-41.130301411,-21.22657872],[-41.12673118099999,-21.230206513999992],[-41.120067229,-21.230229439000002],[-41.11555250599999,-21.228635291999996],[-41.11195046299999,-21.222416899999995],[-41.108117207999996,-21.22252642199999],[-41.104612518,-21.219265112999995],[-41.10119301099999,-21.219313789],[-41.09849396399999,-21.221156801999992],[-41.09328311899999,-21.220494188],[-41.092333932,-21.21812122],[-41.09011916299999,-21.221467712999996]]]]}},{"type":"Feature","properties":{"code_muni":"3304805","name_muni":"São Fidélis","abbrev_state":"RJ"},"geometry":{"type":"Polygon","coordinates":[[[-41.742727276,-21.464314036000005],[-41.67947124599999,-21.516261683999993],[-41.626952386,-21.595716480999993],[-41.622956775999995,-21.594865445000003],[-41.619417776999995,-21.590880591999998],[-41.61483370599999,-21.589751184000004],[-41.612920512,-21.587926821],[-41.607441049,-21.588166077999997],[-41.606089343,-21.586372425],[-41.60223800600001,-21.587432110999995],[-41.601245724,-21.585810788],[-41.590060592,-21.581476186000003],[-41.585274678999994,-21.576290952999997],[-41.57984930799999,-21.575794422000005],[-41.560976755,-21.56574623499999],[-41.549613019,-21.564613291],[-41.541433655,-21.560816348999996],[-41.54379742100001,-21.616474267],[-41.538135612,-21.621865901],[-41.541354413,-21.627017829999993],[-41.547221052,-21.628887658999997],[-41.549797945,-21.628162620999998],[-41.55333443399999,-21.630280032999995],[-41.553072009999994,-21.633722667999997],[-41.55557097199999,-21.636800074],[-41.556005065,-21.640591484],[-41.559276948,-21.638823497],[-41.56127504,-21.639579849000008],[-41.563552099,-21.64323424],[-41.56516399099999,-21.641220259],[-41.56980921699999,-21.640378443000007],[-41.57596558299999,-21.646515721],[-41.575205118,-21.649841847],[-41.576814378,-21.650162968],[-41.57805051999999,-21.653018585999998],[-41.58203778,-21.653235710999997],[-41.58426031199999,-21.657040308],[-41.589291341999996,-21.658328708999996],[-41.591206639,-21.664147396999997],[-41.594228569,-21.662879515999997],[-41.60425226899999,-21.665285575],[-41.612215099,-21.664755236],[-41.616869946,-21.670948153999994],[-41.630302995,-21.670089122999993],[-41.634073888,-21.671431579000004],[-41.636341794,-21.669244461000005],[-41.639505556,-21.67040486799999],[-41.648409425,-21.681023766000003],[-41.64906996799999,-21.687509903999995],[-41.652792825999995,-21.689503612999996],[-41.655433111,-21.693933936000004],[-41.66304552799999,-21.694382234999996],[-41.665650518,-21.698194508000004],[-41.669802046,-21.69857637400001],[-41.67733432199999,-21.703233601000004],[-41.681633956,-21.702682997999993],[-41.683464341,-21.708249469999995],[-41.687952787,-21.711136469000003],[-41.69128829499999,-21.710131051999998],[-41.696014534,-21.714413622],[-41.69536474,-21.718974782],[-41.700463919,-21.725742987999997],[-41.69861347999999,-21.731211753999997],[-41.69977434599999,-21.736310574999997],[-41.697722446,-21.739238856],[-41.702211121999994,-21.741745183999992],[-41.70420777999999,-21.747914157999993],[-41.709225627,-21.751640350999992],[-41.714637889,-21.754585505],[-41.718877944,-21.754178201999995],[-41.722672427,-21.756067027],[-41.729535594999994,-21.763167824999993],[-41.73237690599999,-21.764215560999997],[-41.734307087,-21.762818824],[-41.734334302,-21.764665378000004],[-41.73745219799999,-21.766460131],[-41.74790304,-21.779292164999994],[-41.751679773,-21.781154055],[-41.749244718,-21.786176683000004],[-41.746002217,-21.787579960999995],[-41.74718311699999,-21.788796298],[-41.756336395999995,-21.789766397999998],[-41.759055859,-21.788207541999995],[-41.762756591999995,-21.789070158999998],[-41.765796834999996,-21.78744492],[-41.77404554600001,-21.789500729999997],[-41.776592991,-21.788292903999995],[-41.777492494,-21.784739244999997],[-41.786941817000006,-21.783665794999997],[-41.788627033999994,-21.78163483],[-41.793351027,-21.784225701999997],[-41.795155231,-21.783438450999995],[-41.796615366999994,-21.784925922999996],[-41.794780714,-21.791734568],[-41.7957853,-21.794301515999997],[-41.797467364999996,-21.795906161999998],[-41.808667414,-21.797662859999996],[-41.810298497,-21.799629178999997],[-41.810738062999995,-21.804816321],[-41.814957012,-21.806394191999992],[-41.816257181000005,-21.809668129],[-41.825866211,-21.817471592999993],[-41.830601715,-21.817667464],[-41.834494508999995,-21.820815114],[-41.83546832999999,-21.824460225999996],[-41.839184096,-21.826868635],[-41.837367861,-21.833090499999997],[-41.84250501799999,-21.83625246],[-41.850203443999995,-21.837214005999996],[-41.85816831500001,-21.844621351000004],[-41.871784760000004,-21.850401433],[-41.874900459,-21.853390069000003],[-41.884719270999994,-21.858261039999995],[-41.88847294799999,-21.865176654999992],[-41.883879782,-21.872344245999997],[-41.889271108,-21.871630539999998],[-41.89715010999999,-21.878304774],[-41.908399992999996,-21.877916637999995],[-41.911051758,-21.876176981],[-41.92556579,-21.875965149999995],[-41.926159475999995,-21.873203069],[-41.927968296,-21.872819788999998],[-41.92684490799999,-21.871360021999998],[-41.928082235,-21.870291439999995],[-41.929662982,-21.871635740000002],[-41.929771236,-21.870515928999993],[-41.93172662199999,-21.870332190000003],[-41.936525409999994,-21.872309938999997],[-41.949365442,-21.859259495999996],[-41.949910650999996,-21.856049377999994],[-41.952274814999996,-21.855566283],[-41.955170093,-21.848024240000004],[-41.953702861,-21.843964208999996],[-41.954888776999994,-21.841493743999994],[-41.95628344,-21.841328108000003],[-41.956952754,-21.836706438999993],[-41.955518368,-21.835747067],[-41.957273373999996,-21.835379283],[-41.956763625,-21.834144374999997],[-41.961484027,-21.833934451999994],[-41.961352237,-21.832009776],[-41.96520297899999,-21.82776489],[-41.967820827999994,-21.817099049999996],[-41.97098337599999,-21.811500834],[-41.970056513,-21.805206679999998],[-41.971211006999994,-21.804460843999998],[-41.971078411,-21.80309447999999],[-41.959387811999996,-21.792540698],[-41.959208139,-21.788781889000003],[-41.956649093,-21.786823413],[-41.956270863,-21.782134558000003],[-41.952047483,-21.774557392],[-41.952901479999994,-21.771231804],[-41.949880314000005,-21.77005396299999],[-41.945440864,-21.773151387],[-41.936991978,-21.769571601],[-41.934392381,-21.767067673],[-41.934276487,-21.761528557000002],[-41.935798089,-21.760267210000002],[-41.937944941000005,-21.75221413099999],[-41.936841834,-21.748646517],[-41.933342513,-21.747837093000005],[-41.929987296,-21.743424253000004],[-41.930403646,-21.741328825],[-41.937122288,-21.741195379000004],[-41.93673805699999,-21.59675294099999],[-41.934105808999995,-21.593069242999995],[-41.923623158999995,-21.586113948],[-41.919481691,-21.585739393000004],[-41.900984012,-21.575614604999995],[-41.895802621,-21.574907752],[-41.88468341299999,-21.580041168],[-41.878196659,-21.57927458],[-41.868563453,-21.573716421],[-41.870987249,-21.572115868],[-41.87342579900001,-21.561526508],[-41.870686509,-21.555711966999997],[-41.860987616,-21.545601710999996],[-41.853595148,-21.54114793],[-41.851213978,-21.536354800000005],[-41.843115593,-21.530335057999995],[-41.84211415199999,-21.527596901999996],[-41.839562091,-21.526816286],[-41.837904336,-21.522634051999994],[-41.832930607,-21.519754908],[-41.832575301,-21.516002963999995],[-41.82980893,-21.516545597999993],[-41.829032415,-21.514810375000003],[-41.82363254,-21.512904660999993],[-41.824092596999996,-21.508397144],[-41.825791124,-21.506446242000003],[-41.81986427799999,-21.50106636],[-41.82109733299999,-21.497959946],[-41.819900284,-21.495723140999992],[-41.816823266,-21.494240281000003],[-41.815754833,-21.49147260599999],[-41.824983984999996,-21.482269452],[-41.742727276,-21.464314036000005]]]}},{"type":"Feature","properties":{"code_muni":"3304904","name_muni":"São Gonçalo","abbrev_state":"RJ"},"geometry":{"type":"MultiPolygon","coordinates":[[[[-43.105612385,-22.848237198999996],[-43.105763226,-22.846297006],[-43.10384006099999,-22.845750804],[-43.103853031999996,-22.847598757],[-43.105612385,-22.848237198999996]]],[[[-43.10793440799999,-22.846478402],[-43.108159942,-22.847377581000003],[-43.108413563,-22.847319422999995],[-43.10793440799999,-22.846478402]]],[[[-43.111512731,-22.830385148999998],[-43.104739526,-22.834766122000005],[-43.10604105499999,-22.83989993199999],[-43.10781258099999,-22.840785694999997],[-43.109547954,-22.840153007],[-43.112765623,-22.834838429],[-43.115540417,-22.833559913999995],[-43.111512731,-22.830385148999998]]],[[[-43.093925654,-22.822583262],[-43.096170519,-22.823268536],[-43.096194149,-22.825040796999993],[-43.10195990500001,-22.829695935999997],[-43.10439198,-22.829375231999993],[-43.095933128999995,-22.819325227],[-43.093394304,-22.820442568999997],[-43.093925654,-22.822583262]]],[[[-42.996495602,-22.734549871],[-42.993061552,-22.737359204],[-42.99736059399999,-22.741393693],[-42.992392374999994,-22.743156884],[-42.991155780999996,-22.749623029],[-42.987669003,-22.749929752999996],[-42.97720848800001,-22.755604258],[-42.961606904,-22.758810101],[-42.96140945599999,-22.760291789999997],[-42.954403991,-22.764256035999995],[-42.950202176999994,-22.769393455],[-42.944046849,-22.769522810999998],[-42.940320056,-22.776671896999996],[-42.94231352599999,-22.780714796999998],[-42.94142109,-22.788483893000002],[-42.943221066,-22.794835140999997],[-42.939049386,-22.800137694],[-42.93869094699999,-22.802599076],[-42.920138174,-22.819707784000002],[-42.91582773599999,-22.819701649999995],[-42.913739917,-22.816874018999993],[-42.906129506999996,-22.816893452999995],[-42.885950468999994,-22.867632869999998],[-42.895073120999996,-22.871124527],[-42.900955033,-22.877568329],[-42.905569704,-22.87937355],[-42.908749762,-22.878022623],[-42.91981323699999,-22.881775214000005],[-42.92685373399999,-22.882144698999998],[-42.937709565999995,-22.888255669999996],[-42.955972429,-22.893803361999996],[-42.954466086,-22.900928604999997],[-42.96148471,-22.901185260000002],[-42.972814406999994,-22.906812217],[-42.977509221999995,-22.906118794000005],[-42.979786540999996,-22.908716186],[-42.983751794,-22.909236214],[-42.98569065099999,-22.907357410000003],[-42.98711873799999,-22.892610038999997],[-42.990719583,-22.888191471999992],[-42.994198488,-22.887811303],[-43.002766634,-22.891107295999998],[-43.008881615,-22.891530501999995],[-43.01237629199999,-22.887640231000002],[-43.01836535299999,-22.885082987],[-43.027918752,-22.875938197999997],[-43.03035099099999,-22.875346105],[-43.03474662699999,-22.877231434999995],[-43.041493497,-22.87255238099999],[-43.04841680199999,-22.871641976999996],[-43.05285825699999,-22.87304404599999],[-43.055930576,-22.871098558],[-43.06741531099999,-22.869555341],[-43.07377940799999,-22.865881596999994],[-43.096095075,-22.860606242],[-43.10344747399999,-22.855880631],[-43.100496881,-22.849381574999992],[-43.102717072,-22.851010036999995],[-43.10427288499999,-22.850260783999996],[-43.102183956,-22.844565905000003],[-43.09748674899999,-22.842741803999996],[-43.09625947399999,-22.839981911000002],[-43.09815203,-22.838141689999993],[-43.096871001,-22.836646382999998],[-43.09747004399999,-22.838214696],[-43.09561289,-22.837720516999997],[-43.095221319,-22.836268585000003],[-43.096585344,-22.835874244],[-43.095189942,-22.835698976999996],[-43.09587668,-22.833797324999992],[-43.097734122999995,-22.833713325999998],[-43.096855559,-22.832350047000002],[-43.098233795999995,-22.830737059000004],[-43.096926099,-22.827869626999995],[-43.08698079,-22.820656452000005],[-43.08487688899999,-22.821328066000003],[-43.082082871999994,-22.820051322999998],[-43.065079276999995,-22.802931881000003],[-43.06813354999999,-22.801011637999995],[-43.070898207999996,-22.80186641],[-43.078943841999994,-22.799131698],[-43.081532315,-22.789385632999995],[-43.078638567999995,-22.784882949999997],[-43.07532487899999,-22.784016327000003],[-43.068378449,-22.778647713],[-43.067615098999994,-22.772477283999994],[-43.068770287999996,-22.769892997999992],[-43.065371125,-22.76819371],[-43.063828115999996,-22.76480689],[-43.04935223599999,-22.757450238999997],[-43.046635845,-22.757168547999992],[-43.039414594,-22.750337728000005],[-43.037342824,-22.750439024],[-43.032684937,-22.747595914],[-43.029402255,-22.747618229000004],[-43.023927596,-22.740231387999994],[-43.021656132,-22.740247699],[-43.01783794899999,-22.743779736000004],[-43.012358486,-22.74126688199999],[-43.010282356,-22.736330484],[-43.000804274,-22.738613465999997],[-42.999619867999996,-22.737359019999992],[-43.00054986899999,-22.734493027],[-42.996495602,-22.734549871]]],[[[-43.12048289999999,-22.805691379999992],[-43.120522048,-22.806436637],[-43.120945914,-22.806284732],[-43.12048289999999,-22.805691379999992]]],[[[-43.072864492,-22.774565071000005],[-43.072349601,-22.774322318],[-43.07262773,-22.774698395999994],[-43.072864492,-22.774565071000005]]],[[[-43.07379753,-22.773323712999993],[-43.073563857,-22.774545299],[-43.074311627,-22.774119127999995],[-43.07379753,-22.773323712999993]]],[[[-43.06959439399999,-22.76064368100001],[-43.06974392699999,-22.760211871999996],[-43.069580081,-22.76026415000001],[-43.06959439399999,-22.76064368100001]]]]}},{"type":"Feature","properties":{"code_muni":"3305000","name_muni":"São João da Barra","abbrev_state":"RJ"},"geometry":{"type":"MultiPolygon","coordinates":[[[[-41.048195811,-21.617800950999996],[-41.046871165999995,-21.619093424],[-41.041344779999996,-21.618596124999996],[-41.039920396,-21.620830048999995],[-41.03593252499999,-21.619803704999992],[-41.03063447899999,-21.620429276999996],[-41.03029092799999,-21.622121568],[-41.026898540999994,-21.623397548],[-41.021904602,-21.622493113000004],[-41.020507472,-21.621151559999994],[-41.015681719,-21.621825156000003],[-41.01499230899999,-21.619539848999995],[-41.012308357,-21.620984263999997],[-41.02270469,-21.685746928999997],[-41.02468833199999,-21.71454408],[-41.023898689,-21.732602856],[-41.006297676,-21.811136028999996],[-41.00030097300001,-21.833326122],[-40.998466963,-21.835721148999998],[-40.99907729400001,-21.841174503000005],[-40.993969718,-21.848705812000006],[-40.994729238999994,-21.854303637],[-40.99171409,-21.872289442],[-40.981825802,-21.911062302999998],[-41.127875404,-21.911935987999993],[-41.134440723,-21.900262636000008],[-41.153041269999996,-21.88310632],[-41.159330098000005,-21.870054561000003],[-41.158811735,-21.864335583999992],[-41.15401897899999,-21.861094757999993],[-41.14904458499999,-21.819209406999995],[-41.16169249199999,-21.795039837000004],[-41.17725147499999,-21.776865262],[-41.172044224,-21.748724521],[-41.1943175,-21.726468916],[-41.192688987,-21.724971889],[-41.182980333,-21.723911573999995],[-41.178730943,-21.721669771000002],[-41.16826373399999,-21.709140731],[-41.15789178299999,-21.703619557],[-41.14603735199999,-21.694978576],[-41.137367059,-21.684563183],[-41.136642934,-21.680195276999996],[-41.131267338,-21.674752294999998],[-41.121901135,-21.674014389000003],[-41.108064691,-21.677294592],[-41.101403919999996,-21.674758957999995],[-41.097959999,-21.670558131000003],[-41.09867906,-21.663140454000004],[-41.096900331,-21.657804268999993],[-41.097278784,-21.654322502],[-41.095197293,-21.651294880000005],[-41.08857308899999,-21.645990496999996],[-41.083995087999995,-21.644066429000002],[-41.076293713,-21.632152052999995],[-41.068743436999995,-21.626506215999996],[-41.052903515000004,-21.617980423],[-41.048195811,-21.617800950999996]]],[[[-41.028506843,-21.621278546999996],[-41.02657660599999,-21.623178264],[-41.029788581,-21.621419688999996],[-41.028506843,-21.621278546999996]]],[[[-41.028506844,-21.620719692999995],[-41.022239296,-21.621400615000002],[-41.024779883,-21.622983714],[-41.028506844,-21.620719692999995]]],[[[-41.015685645999994,-21.620874187],[-41.016517251,-21.621480722999998],[-41.016894904999994,-21.621148844999997],[-41.015685645999994,-21.620874187]]],[[[-41.017539588999995,-21.620610973999995],[-41.016067117999995,-21.620326777],[-41.016093819999995,-21.620446942],[-41.017539588999995,-21.620610973999995]]],[[[-41.018252938,-21.620322966],[-41.02032050199999,-21.620300074],[-41.01757392299999,-21.619743132000004],[-41.018252938,-21.620322966]]],[[[-41.015327066,-21.619703075],[-41.016913978,-21.619388363],[-41.015475838,-21.61886765799999],[-41.015327066,-21.619703075]]]]}},{"type":"Feature","properties":{"code_muni":"3305109","name_muni":"São João de Meriti","abbrev_state":"RJ"},"geometry":{"type":"Polygon","coordinates":[[[-43.32929030799999,-22.755902649999996],[-43.329213255999996,-22.786371212999995],[-43.330914454,-22.802665842999996],[-43.34846476999999,-22.803769271],[-43.353950531,-22.802393848000005],[-43.35930007799999,-22.802939449999997],[-43.361739403,-22.804451471000004],[-43.365475183,-22.804065463],[-43.374509024,-22.807641201000003],[-43.376840118,-22.810816604999996],[-43.37960615899999,-22.810628980000004],[-43.387806206,-22.814799363],[-43.39055594,-22.813820363000005],[-43.41070801499999,-22.791674885000003],[-43.385153607,-22.766455838000006],[-43.32929030799999,-22.755902649999996]]]}},{"type":"Feature","properties":{"code_muni":"3305133","name_muni":"São José de Ubá","abbrev_state":"RJ"},"geometry":{"type":"Polygon","coordinates":[[[-41.83935324099999,-21.288317905],[-41.81601493,-21.327520958],[-41.824903592,-21.331264663],[-41.829728470999996,-21.338451091999996],[-41.83521121599999,-21.338336361999996],[-41.839149288,-21.340105956999995],[-41.84083247899999,-21.342912382],[-41.85532263899999,-21.345202123999997],[-41.857858532,-21.347699447],[-41.858468546999994,-21.350889517],[-41.861455049999996,-21.352149637999997],[-41.86446081599999,-21.355928086],[-41.86407741499999,-21.360426027000003],[-41.868019858,-21.366097771],[-41.873325765,-21.367085157999995],[-41.876921073,-21.371424130999994],[-41.88219683599999,-21.372896977999993],[-41.884120912,-21.377675443999994],[-41.887307748999994,-21.377059633],[-41.890490217,-21.379658335],[-41.892653802999995,-21.379514963],[-41.894355774999994,-21.381717642999995],[-41.89981688,-21.381887668999997],[-41.901028438999994,-21.388151687999997],[-41.89784917099999,-21.394037631999996],[-41.90063997699999,-21.395441509],[-41.903834572,-21.401006229999993],[-41.915064873,-21.410214701000008],[-41.916228824,-21.412760850000005],[-41.923092578,-21.414836680999997],[-41.931043427,-21.420392634],[-41.93910086,-21.423405831],[-41.941552856,-21.427498145],[-41.950229751,-21.432292005000004],[-41.95201382399999,-21.43701945899999],[-41.958986884999995,-21.446716432],[-41.961296082,-21.455091476999996],[-41.96733054399999,-21.460041758],[-41.970495789,-21.465162174999996],[-41.971377459,-21.467432518],[-41.969786866,-21.469756522999997],[-41.970402873,-21.471065638999995],[-41.984318357,-21.481542953],[-41.989036459,-21.482551001999997],[-41.99214883599999,-21.48600383699999],[-41.99805846299999,-21.488853034999998],[-42.001279395,-21.484544839000005],[-42.005389859,-21.482551521999998],[-42.005716032,-21.478000296999998],[-42.007442727,-21.476113178],[-42.00404148799999,-21.470892283999994],[-42.003448507,-21.467422154000005],[-42.001954235,-21.465753556],[-41.994100163999995,-21.465007983000003],[-41.99468988999999,-21.460161413],[-41.993148664,-21.457054337],[-41.998700019999994,-21.451922061999994],[-41.997295990999994,-21.446162244],[-42.00007465,-21.439324444],[-42.002740296,-21.439865393],[-42.003178614,-21.436669970000004],[-42.001047051,-21.434102846000002],[-42.00249916799999,-21.431967177999994],[-42.006092007999996,-21.433532915000004],[-42.008945685,-21.428233954000003],[-42.016745019999995,-21.430600276],[-42.01729044,-21.432998447],[-42.018776368,-21.432035472000003],[-42.021325127999994,-21.433045696999997],[-42.024168128,-21.436676945999995],[-42.028743071,-21.436725664],[-42.03245399299999,-21.43408753499999],[-42.036451604,-21.433928991999995],[-42.04570815499999,-21.436225067999995],[-42.048346093,-21.438076817000006],[-42.05806291299999,-21.433802981999996],[-42.056231698,-21.428602539000003],[-42.053030859,-21.426448494000002],[-42.053746418,-21.424664515],[-42.052185713,-21.419470147999995],[-42.050150851999994,-21.417286472],[-42.04579105999999,-21.41576652599999],[-42.04469743,-21.409130389999994],[-42.04060516399999,-21.400056121],[-42.037492144,-21.39600563799999],[-42.029971414,-21.390722095],[-42.03216524999999,-21.383888926],[-42.028734654999994,-21.379039751999994],[-42.028615767,-21.376502867000006],[-42.039697916,-21.366056433999997],[-42.037670967,-21.356514141],[-42.033653278,-21.347913131000002],[-42.034643953,-21.343371387],[-42.027210951,-21.332006430999996],[-42.020995721,-21.328679893999997],[-42.01729082899999,-21.330393624999996],[-42.01134643,-21.328948952999998],[-42.007761621,-21.330756124],[-42.00357288399999,-21.327647749999997],[-42.00074568899999,-21.328961444],[-41.99860878199999,-21.3284564],[-41.998258409,-21.326146526],[-41.99330251,-21.322036376000003],[-41.988644205,-21.323029674000008],[-41.987115065999994,-21.321977424],[-41.986087823,-21.320077975],[-41.988353702,-21.317071547999998],[-41.987691503,-21.314087444999995],[-41.985029787,-21.312911101],[-41.978647252,-21.315365361999998],[-41.974405802,-21.310488915999994],[-41.96380312,-21.310663424],[-41.961399424,-21.308152767],[-41.959859023,-21.312922483999998],[-41.956396741,-21.314242238999995],[-41.952796082,-21.312057341000003],[-41.949235095,-21.312654347],[-41.94715805999999,-21.310670792999996],[-41.940750871,-21.309210613999994],[-41.932272937,-21.312654456000004],[-41.917736233,-21.295173836000004],[-41.908961554,-21.298259052999995],[-41.905933282,-21.297450989999994],[-41.903332513,-21.30294228199999],[-41.89938825499999,-21.303732988],[-41.896544049,-21.303266212999997],[-41.891059544,-21.297163691000005],[-41.88607167399999,-21.295192145000005],[-41.88425604299999,-21.296395656999994],[-41.883609335,-21.29929583299999],[-41.878814586999994,-21.30086727],[-41.875994629,-21.298726467],[-41.873860364,-21.299679745000002],[-41.870786482999996,-21.298917181999997],[-41.87049184199999,-21.304967238],[-41.865628907,-21.300262426000003],[-41.861950276,-21.302858284000003],[-41.85587953299999,-21.302524704],[-41.845507944999994,-21.296726801999995],[-41.844071761,-21.293109025999996],[-41.83935324099999,-21.288317905]]]}},{"type":"Feature","properties":{"code_muni":"3305158","name_muni":"São José do Vale do Rio Preto","abbrev_state":"RJ"},"geometry":{"type":"Polygon","coordinates":[[[-42.956531818,-22.084618428000002],[-42.954227837,-22.084882247999992],[-42.948664942,-22.092766284999996],[-42.948739225999994,-22.094971730000005],[-42.945932867,-22.094017788999988],[-42.943739750999995,-22.09587778],[-42.94018479,-22.093243279000003],[-42.93805777,-22.095450889999995],[-42.935067764,-22.094585356999996],[-42.928976908,-22.103543628999997],[-42.9207089,-22.099527126999998],[-42.916809995,-22.09897824300001],[-42.914893935,-22.100631307999997],[-42.91267394399999,-22.108878228],[-42.904105767999994,-22.112587812000008],[-42.902077884,-22.112146780999996],[-42.901664132,-22.110488700000005],[-42.898921535999996,-22.111280801],[-42.895592564,-22.110392799999993],[-42.892244295999994,-22.105807839000004],[-42.888936591,-22.103640902],[-42.887007468,-22.103901708000002],[-42.88418603,-22.099945475],[-42.87880562499999,-22.09958885],[-42.875958383,-22.102109045],[-42.872162319999994,-22.101431407999996],[-42.86791086,-22.113444176999998],[-42.867390366,-22.124012568999998],[-42.865089263,-22.125292165999994],[-42.86440567999999,-22.127592844],[-42.867684895,-22.136738567999995],[-42.869073604,-22.137016484000004],[-42.873533743,-22.143970177000003],[-42.874411036,-22.154483678999995],[-42.863867602999996,-22.165244386999998],[-42.85621261,-22.161388073],[-42.85153205699999,-22.161923967],[-42.843187897,-22.153149672999998],[-42.836031943,-22.152328132999997],[-42.831939033999994,-22.146209732000003],[-42.827603362999994,-22.142748464],[-42.824529714,-22.143475549999994],[-42.819904159,-22.147094711],[-42.814388433,-22.136246163999996],[-42.803647283,-22.133248715],[-42.80104695399999,-22.130587475],[-42.799734821,-22.126399625999998],[-42.795433855,-22.125078941000005],[-42.793780645999995,-22.122153858999997],[-42.78595259299999,-22.121037498000007],[-42.784280994,-22.122241969000005],[-42.78167591,-22.121064016999995],[-42.779196392,-22.122212887999993],[-42.77304397899999,-22.12030299],[-42.76904625,-22.124180393000003],[-42.765539254,-22.12280013299999],[-42.761763519999995,-22.118211607],[-42.756162688,-22.118136682],[-42.74613879,-22.122379047000003],[-42.74466707,-22.127694837],[-42.74989417199999,-22.124824562],[-42.75579683499999,-22.124395609],[-42.761693293,-22.125216252000005],[-42.763332555,-22.127791212],[-42.766433583,-22.129266082000004],[-42.76775881099999,-22.132708577],[-42.777148628999996,-22.130489680999993],[-42.791654337999994,-22.143335286000003],[-42.802561346,-22.149377006000005],[-42.805452297,-22.152993388],[-42.80626535,-22.157163204],[-42.814951423,-22.163523369000004],[-42.820181014999996,-22.164162826000002],[-42.822844724,-22.167309467999996],[-42.828596104999995,-22.16892654999999],[-42.83925938,-22.175393783000004],[-42.84751730199999,-22.174739267999996],[-42.849239043999994,-22.177393686999995],[-42.853487349999995,-22.178384887999997],[-42.85237480499999,-22.181115494],[-42.85453784,-22.183480715999995],[-42.868567567,-22.190931219999992],[-42.874151834,-22.192099386999995],[-42.876786327,-22.191386628000004],[-42.877989693,-22.186414699000004],[-42.892183834,-22.189705855999996],[-42.90421094999999,-22.218688337],[-42.903949007,-22.221553748999995],[-42.906551363999995,-22.224950555999996],[-42.911334784999994,-22.225491986],[-42.918763009,-22.223267795999995],[-42.93377238,-22.229029319],[-42.9343235,-22.230954968999995],[-42.942827795,-22.234413761],[-42.94103851300001,-22.237020785],[-42.944846437,-22.238799562999997],[-42.94648919499999,-22.245076317000002],[-42.95274227299999,-22.248224584999996],[-42.95558428399999,-22.253530009999995],[-42.95810882599999,-22.254088972],[-42.962976188,-22.252035683999996],[-42.970255388,-22.254241185],[-42.970787791,-22.256642486],[-42.973423165,-22.258271860999997],[-42.97418060599999,-22.263269999],[-42.978386578999995,-22.263100574999996],[-42.980608303,-22.264699974999996],[-42.978550420999994,-22.26065511],[-42.977981376,-22.255229479],[-42.979926582,-22.249363234999993],[-42.992427719999995,-22.239019207999995],[-42.992511352,-22.237088061999998],[-42.996552089,-22.232477956999997],[-42.99675346,-22.226125006],[-43.008590372,-22.219339748999996],[-43.011882187,-22.220005508999996],[-43.015382158,-22.223310880000007],[-43.018302363,-22.222807359999997],[-43.018918048,-22.217738125999993],[-43.029034698,-22.20259285],[-43.03161024,-22.202706859],[-43.035710564999995,-22.206687456999997],[-43.037945420999996,-22.206881952999996],[-43.039447132999996,-22.204579514],[-43.042849705,-22.207724765],[-43.047757299,-22.208605314999996],[-43.04543141,-22.200473048999992],[-43.041631603,-22.193503157],[-43.038876543,-22.192096248999995],[-43.0404982,-22.188672476],[-43.031060483,-22.177798998999997],[-43.029828421,-22.173967675999997],[-43.02574156099999,-22.169898938999996],[-43.02606729399999,-22.167856652000005],[-43.022647664999994,-22.16534356099999],[-43.020764224,-22.161809147],[-43.017217624,-22.148267031999996],[-43.013417121,-22.146742606],[-43.009470351,-22.149512461999997],[-43.00410468700001,-22.149279227999994],[-43.00150410799999,-22.153953203],[-42.954975382,-22.138870543999992],[-42.964319049,-22.126431027999995],[-42.966132853999994,-22.116638059000003],[-42.96505553899999,-22.114920731],[-42.968297577,-22.107727724999993],[-42.967467472,-22.104891531999996],[-42.97385920399999,-22.097240734000003],[-42.96959393899999,-22.088405022],[-42.96832079,-22.087783294],[-42.966948730999995,-22.08952856399999],[-42.963607089,-22.088799406999996],[-42.956531818,-22.084618428000002]]]}},{"type":"Feature","properties":{"code_muni":"3305208","name_muni":"São Pedro da Aldeia","abbrev_state":"RJ"},"geometry":{"type":"Polygon","coordinates":[[[-42.131895167,-22.65336462699999],[-42.024998143,-22.796407414999994],[-42.03814261699999,-22.858095002],[-42.039805344,-22.859083715],[-42.041197474,-22.865734066000005],[-42.046252016,-22.867583289],[-42.05371263199999,-22.862924748000005],[-42.057259353999996,-22.865842071],[-42.060647013,-22.865943097999992],[-42.074322055,-22.859555854000003],[-42.08402631,-22.865255858],[-42.09955938299999,-22.861997698999996],[-42.108870061999994,-22.869635909999996],[-42.104362741,-22.882582439],[-42.10489698599999,-22.891146008000007],[-42.110809235999994,-22.905345441000005],[-42.113188092,-22.908137568],[-42.116634494,-22.909295296999996],[-42.128847637999996,-22.906111831999997],[-42.15244557599999,-22.893910763],[-42.163050345,-22.883728164],[-42.169993657,-22.873735042000003],[-42.180466442,-22.876904195],[-42.190315129999995,-22.874913307],[-42.202204563,-22.879708515999994],[-42.20784996999999,-22.879655082999996],[-42.211668375,-22.877732413999993],[-42.176658016,-22.827592454999994],[-42.19242981499999,-22.82157923199999],[-42.192818921999994,-22.81356997899999],[-42.19734767799999,-22.803538746999997],[-42.19657202,-22.801057196],[-42.194394262,-22.800199028999998],[-42.20032849599999,-22.795196568],[-42.192725845,-22.789246598],[-42.19833366999999,-22.783549614],[-42.201942074,-22.783152019],[-42.204004833,-22.780210172000004],[-42.20708676099999,-22.781839564],[-42.20911073399999,-22.785235889],[-42.25388559999999,-22.791985203],[-42.218398877999995,-22.77023687799999],[-42.166897899,-22.680425167000003],[-42.15178282899999,-22.669482498000004],[-42.142460856,-22.656383016],[-42.13843581599999,-22.657322082999997],[-42.131895167,-22.65336462699999]]]}},{"type":"Feature","properties":{"code_muni":"3305307","name_muni":"São Sebastião do Alto","abbrev_state":"RJ"},"geometry":{"type":"Polygon","coordinates":[[[-41.955186082999994,-21.729315495],[-41.948628624,-21.73046009],[-41.946089603,-21.735809341000003],[-41.942233900999994,-21.739466841999995],[-41.93979574000001,-21.738997503000004],[-41.93982340299999,-21.741409705999995],[-41.93000721,-21.74157720299999],[-41.929987296,-21.743424253000004],[-41.933342513,-21.747837093000005],[-41.936841834,-21.748646517],[-41.937944941000005,-21.75221413099999],[-41.935798089,-21.760267210000002],[-41.934276487,-21.761528557000002],[-41.934392381,-21.767067673],[-41.936991978,-21.769571601],[-41.945440864,-21.773151387],[-41.949880314000005,-21.77005396299999],[-41.952901479999994,-21.771231804],[-41.952047483,-21.774557392],[-41.956270863,-21.782134558000003],[-41.956649093,-21.786823413],[-41.959208139,-21.788781889000003],[-41.959623915,-21.792866562],[-41.967940274,-21.801381466000006],[-41.973931136,-21.803887738000004],[-41.97364097999999,-21.807196548999997],[-41.97808212699999,-21.80975005],[-41.983450834,-21.816344407],[-41.986588101,-21.817768571999995],[-41.988219688,-21.821359364],[-41.995127275,-21.825290086999992],[-42.00545101,-21.83740041],[-42.005266347,-21.838643436],[-42.00146356199999,-21.839490400999996],[-42.00418079799999,-21.842994646],[-42.004142323,-21.845778912],[-42.01193135799999,-21.848691929],[-42.014588362999994,-21.853083380999994],[-42.018699209,-21.855237323],[-42.01780016899999,-21.858575847000004],[-42.024427884999994,-21.861675119000004],[-42.026215310999994,-21.864362280000005],[-42.021030182,-21.863581996999997],[-42.021715048999994,-21.867335977000003],[-42.025717333,-21.867081473999992],[-42.031442431,-21.87529174],[-42.034174411,-21.886360016999998],[-42.036007177,-21.888077417],[-42.042934225,-21.890113605999996],[-42.053986624,-21.908326766],[-42.056717398,-21.910142621],[-42.062262026,-21.918548283999993],[-42.064349824999994,-21.919021167],[-42.06628845,-21.917431972],[-42.067982305,-21.918580508],[-42.06875814499999,-21.915678269],[-42.073199665999994,-21.913818775000003],[-42.076478124999994,-21.914838195999998],[-42.076557157,-21.916750509000003],[-42.07340779199999,-21.918956551],[-42.075100819999996,-21.921375011],[-42.07364146199999,-21.922109217999992],[-42.07362140800001,-21.925175162000002],[-42.078186271999996,-21.931981244],[-42.075535371,-21.936267416999996],[-42.083782876,-21.936311972999995],[-42.088856045,-21.932089445999992],[-42.08875784,-21.92949689],[-42.092690387999994,-21.928308975999997],[-42.094167251,-21.924248075999998],[-42.100892131,-21.926461563000004],[-42.09816252299999,-21.93178596],[-42.094737724999995,-21.932904845999996],[-42.09664953299999,-21.935890328],[-42.08938344999999,-21.935163886999998],[-42.090293403,-21.939292798],[-42.093942146,-21.942961040999993],[-42.092887059,-21.945075085],[-42.089445307,-21.946041778],[-42.087243339,-21.951326702999996],[-42.085933188,-21.951741381],[-42.08363050599999,-21.948691581999995],[-42.081867535,-21.948560366999995],[-42.082114498,-21.953005359],[-42.08835865599999,-21.960876098000004],[-42.092144667,-21.955297481],[-42.10115355399999,-21.955797016],[-42.10152049399999,-21.963098519],[-42.100244857,-21.965123426],[-42.10327483199999,-21.968712089000004],[-42.099332403,-21.970150215],[-42.0966249,-21.973983959],[-42.097152957,-21.97643882],[-42.09939546,-21.980233154],[-42.10580674,-21.979955084],[-42.109388721,-21.983036839],[-42.111573237,-21.983760086999993],[-42.112894817999994,-21.98274135999999],[-42.114553553,-21.984486416],[-42.11475668199999,-21.987793901],[-42.117704906,-21.991101785999998],[-42.11724385600001,-21.996454364],[-42.120668936,-21.999420889999996],[-42.121062968,-22.001686985999992],[-42.12552813,-22.003053633999993],[-42.129049697,-22.006769369000004],[-42.131871957,-22.006739317000005],[-42.133285804,-22.009938076],[-42.13002032499999,-22.020121560999993],[-42.136838065,-22.024733419999997],[-42.137916472,-22.022917997000004],[-42.136643072999995,-22.020283516],[-42.139193987999995,-22.019162861],[-42.142385325,-22.023181727000004],[-42.14658417999999,-22.024664005],[-42.151913647,-22.016935609000004],[-42.153742787,-22.010382737000008],[-42.156505759,-22.008722074999998],[-42.160098161,-22.008664864999997],[-42.16336137,-22.005919550999998],[-42.168893477,-22.004769246999995],[-42.173912038,-22.004217801],[-42.18024144699999,-22.006301451999995],[-42.183020625,-22.014999821999996],[-42.18615973099999,-22.017473505],[-42.194994254,-22.013054976000003],[-42.19885120399999,-22.015502537999996],[-42.204455763,-22.016468565],[-42.20663133199999,-22.013607066999995],[-42.211668447,-22.013165713000003],[-42.215495724,-22.008704658999996],[-42.217826646,-22.008056673],[-42.219472016,-22.009926966000002],[-42.223021929999994,-22.00800974099999],[-42.224538776,-22.003859646999995],[-42.220283937,-21.995774395],[-42.222390376,-21.990575129999996],[-42.22715380399999,-21.988329713999992],[-42.225289575,-21.981910037999995],[-42.23257255,-21.973125400000004],[-42.240357164,-21.97490504],[-42.243006707999996,-21.972789268],[-42.240247846,-21.971534091999995],[-42.24006829,-21.9701899],[-42.242529322,-21.969435752],[-42.24266939899999,-21.968231746],[-42.23925462300001,-21.963641719000005],[-42.241608314,-21.962622053999997],[-42.244120364,-21.958649219999995],[-42.241304747,-21.956218754],[-42.242646001999994,-21.951231018999998],[-42.241559622,-21.952220333],[-42.240118426,-21.950785679],[-42.23786405999999,-21.950926482999993],[-42.236151818,-21.943293204],[-42.234575676999995,-21.942747865000005],[-42.233868472,-21.936725072999995],[-42.230378276,-21.934064539],[-42.228155996999995,-21.934796510000005],[-42.22758078999999,-21.931082024],[-42.22516791699999,-21.929775598000003],[-42.226303479,-21.92488056399999],[-42.22144257899999,-21.918176225],[-42.217912519,-21.916729406999995],[-42.209821639999994,-21.919009602000003],[-42.21429726299999,-21.914220218999997],[-42.212571013,-21.912615885999998],[-42.213460381,-21.90940563],[-42.218349489999994,-21.908119069],[-42.221295856,-21.909148622],[-42.22158307499999,-21.908073351999995],[-42.21849802,-21.90604065599999],[-42.21653697399999,-21.902693702],[-42.217198545,-21.900494896000005],[-42.214235896,-21.898898564000003],[-42.21289556299999,-21.896146608999995],[-42.215926678,-21.893318367],[-42.21476203299999,-21.8911062],[-42.211591557000006,-21.891672123999996],[-42.211502832,-21.889070857999997],[-42.209635604,-21.886851364999995],[-42.21144402899999,-21.886572705999995],[-42.21028736299999,-21.885546452],[-42.213157655,-21.88513046699999],[-42.21059086199999,-21.881763743000004],[-42.210855048999996,-21.879886738999996],[-42.208636656,-21.879441935],[-42.206800624,-21.877015086999997],[-42.20469846499999,-21.879536223],[-42.201090228,-21.878633883000003],[-42.19908937999999,-21.881418560999993],[-42.189939708,-21.874944232],[-42.192115904999994,-21.874454334],[-42.18809168399999,-21.872927608],[-42.185629587,-21.873535709],[-42.185996983,-21.874893228],[-42.184036393999996,-21.874707435],[-42.18352077299999,-21.876056464999998],[-42.18305116,-21.869854331],[-42.175286608,-21.865166614],[-42.173824535,-21.867160303],[-42.171275959,-21.866557598],[-42.17133388999999,-21.864956420999995],[-42.168115684,-21.863978060000004],[-42.167432358,-21.862144553999993],[-42.168891582,-21.85979297400001],[-42.167109751999995,-21.858416247999997],[-42.16623290599999,-21.859560502],[-42.165155502999994,-21.858832435000007],[-42.165348945,-21.859846709999996],[-42.162893004,-21.858887626999998],[-42.162167592,-21.860206724999998],[-42.161396856,-21.859191622999997],[-42.161649653999994,-21.86052968],[-42.160524164,-21.858821870999996],[-42.158317392,-21.858825327000005],[-42.159170753999994,-21.860352373000005],[-42.154466039,-21.860566908999996],[-42.15220795599999,-21.858993143999992],[-42.150155646,-21.859964008999995],[-42.150506903,-21.86100980199999],[-42.149068345,-21.859201836999993],[-42.14650323099999,-21.860692595999996],[-42.145016453,-21.856084639],[-42.143873623,-21.858883980999998],[-42.14221924999999,-21.858717739],[-42.142655376,-21.857648340999997],[-42.140289142,-21.856468199999995],[-42.1406387,-21.855456083999993],[-42.13874944399999,-21.855487126999993],[-42.139367744,-21.854042223],[-42.137889040999994,-21.852661849999997],[-42.13915991599999,-21.851451281999996],[-42.140205187,-21.852233664999996],[-42.14063621099999,-21.850771285999993],[-42.14218244599999,-21.851258799000004],[-42.141556826,-21.849706037999997],[-42.14430264,-21.847812051999995],[-42.142829253,-21.84552214599999],[-42.145862089,-21.842026066999995],[-42.14344075099999,-21.841549938],[-42.14228894299999,-21.842895705],[-42.141609846,-21.839860050999995],[-42.138676986,-21.839744328999988],[-42.137271857,-21.836734019999994],[-42.135130674,-21.839141239],[-42.132527035,-21.839445131],[-42.133520069,-21.841701181999998],[-42.132330980999996,-21.844332583000003],[-42.12805524099999,-21.842517460999996],[-42.128432551,-21.844039903000002],[-42.125932746,-21.844474449],[-42.125222725,-21.846261417999997],[-42.123602646,-21.845521323999996],[-42.122866134999995,-21.849918507],[-42.120468396,-21.850359532],[-42.120258917,-21.847811091],[-42.117039584000004,-21.846462457000005],[-42.11907265499999,-21.841939458000006],[-42.117322979,-21.839132782],[-42.11844280099999,-21.838016569],[-42.116329451999995,-21.837142967000002],[-42.11844050399999,-21.837267252],[-42.118283571,-21.835874022999995],[-42.120689801,-21.836375975999996],[-42.123044310999994,-21.829845054999996],[-42.126949661999994,-21.829865872],[-42.126965757,-21.826234549999995],[-42.125012313999996,-21.825598674],[-42.125414724,-21.823915962],[-42.12017413700001,-21.822546805000005],[-42.118925135,-21.827236996999993],[-42.117669879999994,-21.826779579000004],[-42.11799455,-21.82455583699999],[-42.11326999799999,-21.825459699999996],[-42.11323541699999,-21.824010729000005],[-42.11078286899999,-21.822576296000005],[-42.111515339,-21.820613126],[-42.108998422,-21.820229635999997],[-42.106733147,-21.817423785000006],[-42.107419131,-21.814360930999992],[-42.103314083,-21.814002525999996],[-42.104953603,-21.811943951999996],[-42.10309913199999,-21.809479516999993],[-42.102008131999995,-21.810370302],[-42.098571253,-21.809435884999996],[-42.099601424,-21.811016737999996],[-42.096325199999995,-21.81389232],[-42.09218925099999,-21.813299328],[-42.09202147799999,-21.809655641999996],[-42.09020563399999,-21.809837383999994],[-42.089481084,-21.807393604],[-42.087713659,-21.80680598],[-42.087825402,-21.805483720999987],[-42.090684288,-21.80442292],[-42.08937949599999,-21.801371699999997],[-42.087527615999996,-21.803811907999997],[-42.085453374000004,-21.801444562000004],[-42.07639465,-21.801176763],[-42.071486733,-21.796529197],[-42.068541169999996,-21.797630709000003],[-42.069852988,-21.799390351],[-42.068477253,-21.800659301999996],[-42.066522934,-21.798969775999996],[-42.065570754,-21.801415238000004],[-42.063342821999996,-21.800780183],[-42.063029688,-21.802144484999996],[-42.05831537499999,-21.80104369],[-42.05838734499999,-21.799929217],[-42.061475981,-21.799106203],[-42.06190891199999,-21.79205723],[-42.06323491999999,-21.790545321],[-42.060388915999994,-21.791662850999998],[-42.060909334,-21.789446591],[-42.055775149,-21.785786816],[-42.055659441,-21.781808684999998],[-42.05388821799999,-21.779760329999995],[-42.051289748,-21.780150835],[-42.051058281,-21.778593346000008],[-42.049215196999995,-21.77950254],[-42.047525193999995,-21.778644216999997],[-42.04489606399999,-21.783931712],[-42.042552242999996,-21.783953699999994],[-42.044086539999995,-21.782499528999995],[-42.04370044400001,-21.780567222],[-42.042438795,-21.780783795999998],[-42.043184589,-21.779203896999995],[-42.037947786,-21.775826526],[-42.039998513,-21.77529212],[-42.040055553,-21.772917748],[-42.031478482999994,-21.765874920999998],[-42.030911184,-21.767651555000004],[-42.028428364,-21.76640791799999],[-42.028998873,-21.768789784999996],[-42.02700891,-21.768401195],[-42.02754444499999,-21.766771285],[-42.025167005,-21.767224977],[-42.024811416999995,-21.766198284],[-42.024229926,-21.768276188],[-42.022043567999994,-21.768241329],[-42.020907662,-21.770238958999997],[-42.01365048000001,-21.77215638299999],[-42.013616558,-21.765652008999997],[-42.01966890900001,-21.762784723999996],[-42.01977660399999,-21.760235629999997],[-42.021924422999994,-21.758345247000005],[-42.020416071999996,-21.757752693],[-42.022754936999995,-21.755629244],[-42.02146883099999,-21.754837479999996],[-42.021404614,-21.751902771999998],[-42.020264778999994,-21.752626889999995],[-42.01864405,-21.750600665],[-42.013785095,-21.750514466999995],[-42.012081838,-21.748262787999998],[-42.012897388,-21.747104908999994],[-42.011081689,-21.746026090999997],[-42.011606515,-21.744879938000004],[-42.008612496,-21.744845043999998],[-42.004695663,-21.746915233000003],[-42.00434024199999,-21.74258875],[-42.00245628399999,-21.742657180999995],[-42.002391924,-21.741203989],[-42.000115714,-21.742391588],[-42.001410409,-21.739776819999996],[-41.999549001999995,-21.740863294999997],[-41.999779371,-21.739066410999996],[-41.99571643699999,-21.737514484999995],[-41.99201945499999,-21.739106490000008],[-41.991811958999996,-21.736803865000002],[-41.987652904,-21.736282324999998],[-41.984988638999994,-21.732885681999996],[-41.981411617,-21.733242615],[-41.97986533699999,-21.736888514999993],[-41.98078389999999,-21.738392112999996],[-41.977493179999996,-21.739485296],[-41.975372498,-21.737880638999997],[-41.97616103599999,-21.734267627],[-41.971099083,-21.734271229999994],[-41.968910081,-21.732160262000004],[-41.967883201,-21.733374447999992],[-41.965332364999995,-21.732288681],[-41.963367487999996,-21.733690151999998],[-41.961595069,-21.731174467],[-41.95543536900001,-21.731376662],[-41.955186082999994,-21.729315495]]]}},{"type":"Feature","properties":{"code_muni":"3305406","name_muni":"Sapucaia","abbrev_state":"RJ"},"geometry":{"type":"Polygon","coordinates":[[[-42.67275729499999,-21.935630967999998],[-42.67679261699999,-21.941236134],[-42.67707673299999,-21.944678112000002],[-42.679849743,-21.945636859999993],[-42.680635733,-21.94847162],[-42.688814474,-21.949355519999994],[-42.695868114,-21.957933004000004],[-42.699247764999996,-21.959775049999998],[-42.69707225199999,-21.963061928],[-42.688583972,-21.962699812999997],[-42.687655320999994,-21.965150785999995],[-42.691875012,-21.967910266999997],[-42.690769085,-21.970455954],[-42.692827220999995,-21.97579614],[-42.696429327,-21.976466947999995],[-42.69817222699999,-21.979375507999993],[-42.698780701,-21.985929246],[-42.697559224,-21.98990063],[-42.7024386,-21.993061668],[-42.69934168799999,-21.994884858],[-42.69714029399999,-22.000980425000005],[-42.699881584,-22.003163218],[-42.70250870699999,-22.009480645],[-42.706306272999996,-22.009941675],[-42.709409384,-22.013294560000002],[-42.706886136,-22.01944123],[-42.70809911,-22.023352948999996],[-42.711928017999995,-22.025354729000004],[-42.71532204999999,-22.025369485],[-42.71413900799999,-22.029855436],[-42.710708161,-22.032860243],[-42.71328080399999,-22.035140681],[-42.712206968,-22.040318235],[-42.713372615,-22.044339043],[-42.717296982,-22.048953378999997],[-42.717460825,-22.05237329],[-42.726336267,-22.05250725799999],[-42.736410936,-22.047625927000002],[-42.742868251999994,-22.047608607999994],[-42.742851547,-22.051899828000003],[-42.736329477,-22.059916577999996],[-42.73832889599999,-22.064461406],[-42.733992244,-22.067807479],[-42.734999387,-22.072846224],[-42.733302024,-22.074677665999996],[-42.732187882999995,-22.083190923],[-42.734751911,-22.095171949000008],[-42.74479597399999,-22.097886643999992],[-42.749588481,-22.10051017799999],[-42.754108428,-22.099548304],[-42.759399047,-22.100764767999994],[-42.760581297,-22.105314759999995],[-42.758149038,-22.107797351000002],[-42.755562689,-22.118240359],[-42.761763519999995,-22.118211607],[-42.765539254,-22.12280013299999],[-42.76904625,-22.124180393000003],[-42.77304397899999,-22.12030299],[-42.779196392,-22.122212887999993],[-42.78167591,-22.121064016999995],[-42.784280994,-22.122241969000005],[-42.78595259299999,-22.121037498000007],[-42.793780645999995,-22.122153858999997],[-42.795433855,-22.125078941000005],[-42.799734821,-22.126399625999998],[-42.80104695399999,-22.130587475],[-42.803647283,-22.133248715],[-42.814388433,-22.136246163999996],[-42.819904159,-22.147094711],[-42.824529714,-22.143475549999994],[-42.827673508,-22.142780917],[-42.831939033999994,-22.146209732000003],[-42.836031943,-22.152328132999997],[-42.843463006,-22.153298655999997],[-42.85203948299999,-22.162189044],[-42.85621261,-22.161388073],[-42.863977872999996,-22.165215779000008],[-42.874411036,-22.154483678999995],[-42.873533743,-22.143970177000003],[-42.869073604,-22.137016484000004],[-42.867684895,-22.136738567999995],[-42.86440567999999,-22.127592844],[-42.865089263,-22.125292165999994],[-42.867390366,-22.124012568999998],[-42.86791086,-22.113444176999998],[-42.873152256,-22.100867583],[-42.875958383,-22.102109045],[-42.87880562499999,-22.09958885],[-42.88418603,-22.099945475],[-42.887007468,-22.103901708000002],[-42.888936591,-22.103640902],[-42.892244295999994,-22.105807839000004],[-42.895592564,-22.110392799999993],[-42.898921535999996,-22.111280801],[-42.901664132,-22.110488700000005],[-42.902077884,-22.112146780999996],[-42.904105767999994,-22.112587812000008],[-42.91267394399999,-22.108878228],[-42.914893935,-22.100631307999997],[-42.916809995,-22.09897824300001],[-42.9207089,-22.099527126999998],[-42.928976908,-22.103543628999997],[-42.935067764,-22.094585356999996],[-42.93805777,-22.095450889999995],[-42.94018479,-22.093243279000003],[-42.943739750999995,-22.09587778],[-42.945932867,-22.094017788999988],[-42.948739225999994,-22.094971730000005],[-42.948664942,-22.092766284999996],[-42.955037051,-22.084517159000004],[-42.956708949,-22.084263228999998],[-42.960827347,-22.086614591],[-42.960392302,-22.087575212000004],[-42.966948730999995,-22.08952856399999],[-42.968437464999994,-22.087773401999996],[-43.016271959,-22.085848899],[-43.01306480099999,-22.081664992999997],[-43.013478729999996,-22.075337352],[-43.010886123,-22.075769708],[-43.00658211,-22.070405806000007],[-43.010097040999995,-22.056027545999992],[-43.005832147999996,-22.052420710000003],[-43.003884783,-22.048487964],[-43.00462714599999,-22.046688196],[-43.00949028099999,-22.044751848999997],[-43.00805664400001,-22.042042773000006],[-43.010030479,-22.03918147799999],[-43.006472864,-22.034582427],[-43.002214232,-22.032836557999996],[-42.99995881500001,-22.035077405999992],[-42.995098072,-22.036232241999997],[-42.989804296,-22.034228273000004],[-42.984260588,-22.026002304000002],[-42.968985459,-22.014895039],[-42.964820161000006,-22.013699870999996],[-42.959208268999994,-22.015003562],[-42.95022822599999,-22.009619081],[-42.94709474799999,-22.005920397],[-42.93849216299999,-22.003702695999998],[-42.90715998899999,-21.989441581000005],[-42.89754521100001,-21.982909280999998],[-42.896841372,-21.981142826999996],[-42.898968655,-21.980061684000002],[-42.893603111999994,-21.975169289999997],[-42.87846973999999,-21.965773500999994],[-42.882887614999994,-21.962448549999994],[-42.881427471,-21.959266186000004],[-42.855089076999995,-21.949501928],[-42.844911566,-21.946690181],[-42.84239149399999,-21.948261337],[-42.83320054299999,-21.943066765999994],[-42.815504826,-21.936359852999995],[-42.810336068999995,-21.937759435999997],[-42.787790310999995,-21.929569796999996],[-42.739978318999995,-21.908664312999992],[-42.684964374,-21.879198143],[-42.665343627,-21.873250938999988],[-42.66448148999999,-21.877003661999996],[-42.66809310499999,-21.880183789],[-42.66651174799999,-21.881358681999995],[-42.663158317,-21.890727958],[-42.668433994,-21.893142247],[-42.67002183700001,-21.897979265],[-42.666609237,-21.899237150999998],[-42.662214180999996,-21.905520309999996],[-42.662710174,-21.911050477999996],[-42.663467704999995,-21.915461112999992],[-42.671348660999996,-21.923294723999998],[-42.670491844999994,-21.927308137000004],[-42.674467175,-21.931940250999997],[-42.67275729499999,-21.935630967999998]]]}},{"type":"Feature","properties":{"code_muni":"3305505","name_muni":"Saquarema","abbrev_state":"RJ"},"geometry":{"type":"MultiPolygon","coordinates":[[[[-42.468737103,-22.94347148],[-42.469063536,-22.944566067],[-42.469455043,-22.944415619999997],[-42.468737103,-22.94347148]]],[[[-42.476144168,-22.940489044],[-42.476433209,-22.939427537999997],[-42.475712658,-22.939435363],[-42.476144168,-22.940489044]]],[[[-42.475429352,-22.939246725000004],[-42.47546148200001,-22.938832477],[-42.47525799299999,-22.938901519],[-42.475429352,-22.939246725000004]]],[[[-42.474701072,-22.938753572],[-42.474658232,-22.938497132],[-42.474508293,-22.938694394000002],[-42.474701072,-22.938753572]]],[[[-42.474422612,-22.938516859000003],[-42.474701072,-22.938240691],[-42.47426196299999,-22.938092745],[-42.474422612,-22.938516859000003]]],[[[-42.473587233,-22.938280144],[-42.473501553,-22.937944798],[-42.473458713,-22.938546447],[-42.473587233,-22.938280144]]],[[[-42.56558673199999,-22.806366174999997],[-42.56256698999999,-22.807134523999995],[-42.560455090999994,-22.811427195999997],[-42.556115554,-22.811767787999994],[-42.55315777799999,-22.815061199],[-42.53797033,-22.812082445],[-42.53194989199999,-22.808768057999995],[-42.527488343,-22.818335790000006],[-42.52644661899999,-22.816354504000003],[-42.515485317999996,-22.825701439000003],[-42.511121255999996,-22.824231195000003],[-42.506338568000004,-22.826798893999996],[-42.503592184999995,-22.825749504],[-42.501749274,-22.828868209],[-42.498364802,-22.830917503],[-42.48719656,-22.827560742],[-42.483730126999994,-22.829911770000002],[-42.47790526199999,-22.826076146],[-42.477407236,-22.823013235999994],[-42.47240825899999,-22.820254559999995],[-42.461735881,-22.819089339],[-42.459835052,-22.820714952000003],[-42.454262291999996,-22.819007866999996],[-42.447719692,-22.823028704],[-42.369933474,-22.83539679600001],[-42.382598601999995,-22.883774994],[-42.38511804,-22.886957874999997],[-42.386839830999996,-22.892911326],[-42.382776934,-22.901866213],[-42.377951016999994,-22.90773183299999],[-42.381636458,-22.935685002999993],[-42.455765488,-22.934877118999992],[-42.474201105,-22.937817564999992],[-42.487402016999994,-22.935927789999997],[-42.49198552499999,-22.938275762999996],[-42.49401523900001,-22.936325416000003],[-42.49608774699999,-22.936736876999994],[-42.496605093,-22.935042856000003],[-42.505912072,-22.934002885],[-42.566697659999996,-22.932702638000002],[-42.60161468799999,-22.933636171999996],[-42.641212390999996,-22.937537785],[-42.641646226,-22.935509162000002],[-42.63419090499999,-22.919736056000005],[-42.63806866099999,-22.917869814],[-42.646585465,-22.907865310000002],[-42.655214828,-22.903848095],[-42.66309765599999,-22.908157103999997],[-42.665346563,-22.907446391],[-42.667842062,-22.910494309999997],[-42.670234754999996,-22.911032477999996],[-42.67349424399999,-22.909707896],[-42.676002071,-22.910805530999994],[-42.67935328299999,-22.909445355],[-42.67775823699999,-22.905984158],[-42.67388564099999,-22.903648531],[-42.678955306,-22.896136008],[-42.676389215,-22.88803151899999],[-42.67786375199999,-22.883024997999996],[-42.677190053,-22.877726097],[-42.674094599,-22.873177362999996],[-42.671835470999994,-22.872755396],[-42.669182821999996,-22.868735942999997],[-42.66187188399999,-22.863454505],[-42.65993829699999,-22.859011178999992],[-42.652991514,-22.855724377999998],[-42.646540911,-22.85548152499999],[-42.637824091,-22.852999189999995],[-42.636479109999996,-22.849435599999996],[-42.632066202999994,-22.84548105],[-42.63557015599999,-22.841823096999995],[-42.63599142699999,-22.839816140999993],[-42.634293096,-22.836872072],[-42.628625055,-22.832874839000002],[-42.626374068,-22.833390697999995],[-42.622695357999994,-22.830377449999993],[-42.61612454899999,-22.828543754999995],[-42.611975958,-22.823192805],[-42.608799008999995,-22.821472043000007],[-42.601008521,-22.820013650999996],[-42.60176674099999,-22.816644327999988],[-42.595111848,-22.814422607],[-42.58724562599999,-22.808149232],[-42.58135105099999,-22.805736861000003],[-42.569540921999995,-22.804006246999997],[-42.567160017,-22.804362859],[-42.56558673199999,-22.806366174999997]]]]}},{"type":"Feature","properties":{"code_muni":"3305554","name_muni":"Seropédica","abbrev_state":"RJ"},"geometry":{"type":"Polygon","coordinates":[[[-43.698553392,-22.648579876],[-43.688270144,-22.650359068],[-43.678003914,-22.647458803999996],[-43.66905951999999,-22.655408454999996],[-43.66231754,-22.657244617999996],[-43.659959490999995,-22.660029652999995],[-43.654275663,-22.657816710000006],[-43.650663446,-22.65344254],[-43.641031916,-22.650587185999996],[-43.634531193,-22.65807357],[-43.633229248,-22.661891538],[-43.636283598999995,-22.669941785999992],[-43.64610743899999,-22.671113903],[-43.64984175400001,-22.678243749999996],[-43.65244896,-22.680475428000005],[-43.645437747,-22.694360522000004],[-43.643512219,-22.705793828],[-43.636939326,-22.716141330000003],[-43.641636173,-22.73269722],[-43.644749861,-22.736954659000002],[-43.64460142499999,-22.746994421000004],[-43.64304971499999,-22.748986811999995],[-43.642224276,-22.756173495],[-43.63701158899999,-22.762625507999996],[-43.637158029999995,-22.766120866],[-43.63234311899999,-22.774865333000005],[-43.635294193,-22.780501316999995],[-43.634654341,-22.786543319],[-43.630335289,-22.803590369000002],[-43.626951706,-22.80701976],[-43.62917698399999,-22.810702966],[-43.622354196,-22.820672796999997],[-43.622475087999995,-22.825337577],[-43.62984838399999,-22.829912763000003],[-43.632569657,-22.834346561000007],[-43.648002521,-22.844830563999995],[-43.65678149699999,-22.849273976999996],[-43.67025818799999,-22.852385929],[-43.673480495,-22.864046178],[-43.75480056799999,-22.818771146999996],[-43.754932329999995,-22.814592641999994],[-43.764063921,-22.811308339],[-43.76785752000001,-22.812418559],[-43.77153184699999,-22.809278387999996],[-43.773966126,-22.809257299999995],[-43.783485974,-22.801840413],[-43.784950255999995,-22.797030577],[-43.788192245,-22.796649674000005],[-43.793510692,-22.791051584999998],[-43.790322483,-22.78631302899999],[-43.788642967,-22.780247174],[-43.791240627,-22.777990112],[-43.788833449,-22.771867589],[-43.782027105,-22.768979871999996],[-43.779723474,-22.770062878000005],[-43.773322611,-22.769131156],[-43.772764405,-22.766024857],[-43.774947699,-22.762171302000002],[-43.77332048299999,-22.758713778999997],[-43.769942748,-22.756985340999996],[-43.76616075399999,-22.757011248],[-43.76636981199999,-22.754756826000005],[-43.77012173599999,-22.753343179],[-43.77370900499999,-22.754334104999998],[-43.773124949,-22.749856814],[-43.768517925,-22.744398597],[-43.772378599,-22.743855131000007],[-43.772207744,-22.742871729000004],[-43.76732374099999,-22.734283527],[-43.765896422999994,-22.733939315000004],[-43.76527360299999,-22.729434156999996],[-43.755624583999996,-22.729248464999998],[-43.75271721,-22.731001984999995],[-43.748555579999994,-22.724957193],[-43.74565711499999,-22.723613328999996],[-43.744385574,-22.718190251999996],[-43.742053934999994,-22.715743025000002],[-43.74346696400001,-22.714111955999996],[-43.742673938,-22.712911865],[-43.738832233,-22.71107671199999],[-43.737528981,-22.707728525999997],[-43.739338743,-22.705809516],[-43.752965073999995,-22.700104421999995],[-43.749461633,-22.687229280000004],[-43.742074253,-22.681246907],[-43.73779611399999,-22.674109413999997],[-43.711160195,-22.647837941000002],[-43.713108092,-22.641224517],[-43.70889398199999,-22.639934909000004],[-43.704145383,-22.644440047999996],[-43.698980221999996,-22.647014932],[-43.698553392,-22.648579876]]]}},{"type":"Feature","properties":{"code_muni":"3305604","name_muni":"Silva Jardim","abbrev_state":"RJ"},"geometry":{"type":"Polygon","coordinates":[[[-42.281395482,-22.412805776999992],[-42.28312728000001,-22.418995504999998],[-42.287430937,-22.423599889000005],[-42.290054472,-22.429552015000002],[-42.29322805399999,-22.428963701],[-42.29479413000001,-22.430223191000003],[-42.293178817,-22.434038339],[-42.293738104999996,-22.436552780999993],[-42.29671858,-22.441343157],[-42.29821836699999,-22.448937381],[-42.304077072,-22.45685067599999],[-42.302009045,-22.461695810999995],[-42.302421952,-22.464546690000002],[-42.297624946,-22.467467399999993],[-42.293009829999995,-22.463941748999996],[-42.28914849699999,-22.465520732999995],[-42.2892418,-22.468477738999994],[-42.28774894299999,-22.469626091],[-42.288574321,-22.47032228],[-42.287102995,-22.471693125],[-42.286134073,-22.471097417],[-42.284145988999995,-22.474556827999997],[-42.28525845499999,-22.475159711999996],[-42.284476139999995,-22.477269809],[-42.280619281,-22.479440809],[-42.277923487,-22.478938174999993],[-42.277869698,-22.48032333799999],[-42.275716468,-22.48112206],[-42.27721094899999,-22.483088481999996],[-42.270335413,-22.48574893499999],[-42.270784219999996,-22.490616407],[-42.270215114,-22.492221931999996],[-42.269923621,-22.491023572],[-42.268873321,-22.491976708],[-42.269183321,-22.497269853000002],[-42.262969428999995,-22.500059857999993],[-42.26388555,-22.501614488],[-42.261503896,-22.506668338999994],[-42.263467283999994,-22.511676640999998],[-42.263716867,-22.517400414000004],[-42.26569689299999,-22.519763134999998],[-42.262818368,-22.526435323999998],[-42.25921021999999,-22.528847942],[-42.259087296999994,-22.532160033000004],[-42.256599713,-22.532002861999995],[-42.254282624,-22.533889541],[-42.250272655,-22.546418615],[-42.24078849499999,-22.546152393],[-42.230114434,-22.540958906000004],[-42.226415149999994,-22.542019086000003],[-42.221753216,-22.539645877999995],[-42.21363384899999,-22.538548425999988],[-42.203650523,-22.541976034999998],[-42.204016579,-22.544837921999992],[-42.198392638,-22.546867864],[-42.19810977699999,-22.548431918999995],[-42.19315139199999,-22.547783002999996],[-42.190505810999994,-22.549130751999996],[-42.19047688799999,-22.551751281000005],[-42.186923267999994,-22.555491126],[-42.188659189,-22.556187218],[-42.18868999800001,-22.557918339],[-42.19304037100001,-22.558205967],[-42.191134836,-22.561528069999994],[-42.192263776,-22.562390954],[-42.19199772,-22.566791661999993],[-42.19385292,-22.566403364999992],[-42.193198567,-22.568553384],[-42.194823664999994,-22.569358741999995],[-42.19445693899999,-22.571530333],[-42.19661414899999,-22.570854407999995],[-42.195664975999996,-22.573428677999996],[-42.19694851599999,-22.572939709999996],[-42.196621339,-22.574334706],[-42.19798038199999,-22.574075841],[-42.19877854899999,-22.576793925000004],[-42.202316372999995,-22.574845246],[-42.205070410999994,-22.577131888],[-42.205659579,-22.579791161000006],[-42.205018527,-22.581068688000002],[-42.20337823,-22.580903644999996],[-42.206080213999996,-22.58305869],[-42.208574065,-22.580977008],[-42.208981704,-22.583075041000004],[-42.214673762,-22.586331495999996],[-42.213837634,-22.589619268999996],[-42.21544709399999,-22.592617769000007],[-42.217314884000004,-22.590725478000007],[-42.218534343,-22.593447932999997],[-42.219349845,-22.589952674999992],[-42.225381469,-22.592528249999997],[-42.227472102,-22.589697976999997],[-42.226955550999996,-22.593630768],[-42.228272812,-22.59443719800001],[-42.22583451399999,-22.596288801999997],[-42.233035363999996,-22.598075167999998],[-42.234098204999995,-22.599669056999996],[-42.23643083499999,-22.598526155],[-42.237873428,-22.599453550000003],[-42.232382367999996,-22.604042468000003],[-42.235997200999996,-22.605169729999993],[-42.236443024,-22.606527856999996],[-42.23432582,-22.606643463],[-42.236458615,-22.609332731],[-42.240517887,-22.607583067],[-42.240896284,-22.609969401999997],[-42.243346325,-22.609166562],[-42.248254661,-22.613082144],[-42.250403844,-22.610836019],[-42.25482408999999,-22.611882721],[-42.259045231,-22.610691741999993],[-42.260194426999995,-22.608257143000003],[-42.272769619,-22.605483086999993],[-42.276152057999994,-22.605894851999995],[-42.280163648999995,-22.608513688999995],[-42.28114565999999,-22.614387006999994],[-42.29547687,-22.623823299999994],[-42.312298575,-22.643270858],[-42.32353718499999,-22.685891217],[-42.32942636799999,-22.691952977],[-42.330914170999996,-22.69575779999999],[-42.33004915699999,-22.700468325],[-42.331777279,-22.704138887999992],[-42.337685990999994,-22.706651040000004],[-42.339530768,-22.706162717000005],[-42.345282131,-22.710731253000002],[-42.352989033,-22.710183432],[-42.356101204999995,-22.71399759299999],[-42.357446807,-22.714182070999993],[-42.359519467999995,-22.711903227999994],[-42.36189530000001,-22.713079344999997],[-42.362006766,-22.71917983],[-42.368753363,-22.724259451],[-42.378880124,-22.718534648999995],[-42.389378065,-22.722437046999996],[-42.393649313,-22.721453846999992],[-42.395812925,-22.722961907],[-42.398931006,-22.730030339],[-42.404198799,-22.732219276],[-42.40996305099999,-22.729313547],[-42.415272997,-22.734993925],[-42.42004371,-22.736439866],[-42.42912504099999,-22.732969327999996],[-42.438013616,-22.733082352999993],[-42.443939679,-22.728608705000003],[-42.45319138499999,-22.726350195000006],[-42.458726844999994,-22.718638317999996],[-42.473192458,-22.724591345],[-42.480494805999996,-22.724936953999993],[-42.48905495299999,-22.72199897199999],[-42.498663404999995,-22.725647079999998],[-42.504921217,-22.724375782999996],[-42.50781203999999,-22.720083887999998],[-42.514546226,-22.719682398000007],[-42.518895754999996,-22.717584942999995],[-42.530357756,-22.717417335999997],[-42.52962549,-22.710328101999995],[-42.526433198,-22.704672245999998],[-42.52800195199999,-22.631691793999998],[-42.533533224,-22.62603822699999],[-42.544066107999996,-22.623644264999992],[-42.551394326,-22.619578237],[-42.564564659,-22.620125787],[-42.60335989399999,-22.540709558000003],[-42.59882185099999,-22.540205362000002],[-42.596146504000004,-22.535274942],[-42.593176361999994,-22.533725613999994],[-42.591234888,-22.528913094],[-42.592538849,-22.526677981],[-42.587507296,-22.523686810000004],[-42.588423181,-22.522249380000005],[-42.586095157,-22.517913339999996],[-42.586121411,-22.514883825000002],[-42.577998262,-22.50207905],[-42.579065949,-22.498825892],[-42.578139512,-22.494090101999994],[-42.57184199499999,-22.487051961999995],[-42.567069769999996,-22.485914181],[-42.565725608,-22.484134671],[-42.567414760999995,-22.479726555],[-42.563248791,-22.472199961],[-42.563372545,-22.467579868],[-42.553455621999994,-22.466536929],[-42.55057133199999,-22.455754412000008],[-42.536553061999996,-22.457692726999998],[-42.529974746,-22.45051888],[-42.523555053,-22.446910765],[-42.515148434,-22.435949571],[-42.51190642,-22.434849958000004],[-42.50803511299999,-22.436747789999995],[-42.499964284,-22.434739666000006],[-42.492811575,-22.435655554],[-42.490308568,-22.438881777999995],[-42.481744604000006,-22.441243453999995],[-42.478849673999996,-22.447027967000004],[-42.477298932,-22.446668417000005],[-42.474462257999996,-22.449294450000004],[-42.471234321,-22.449247739999997],[-42.464791295000005,-22.446733577999993],[-42.46417639399999,-22.444381576],[-42.45559086899999,-22.442533783],[-42.450970044,-22.433880996],[-42.44873819000001,-22.434712815999998],[-42.439689230999996,-22.432646875],[-42.434694580999995,-22.433272391000003],[-42.427376710999994,-22.428545703],[-42.417044187,-22.426946214000004],[-42.412791258,-22.426607593000007],[-42.40352120899999,-22.429117440000002],[-42.400808638,-22.425225186],[-42.398296774,-22.423979443999997],[-42.394818055,-22.423004909],[-42.390887047,-22.423981522999995],[-42.389568157999996,-22.420269712],[-42.371181056,-22.425372496],[-42.36829141599999,-22.418957021],[-42.36704165999999,-22.418666423],[-42.358793545999994,-22.424425728],[-42.35484813,-22.429171275999998],[-42.350992345,-22.428618743999994],[-42.34472547499999,-22.42457512],[-42.34254532799999,-22.425980654],[-42.34246126299999,-22.427578075],[-42.337928247,-22.428964399],[-42.328633419,-22.428477461999996],[-42.324874513999994,-22.424495533],[-42.323930147999995,-22.420880061],[-42.323076539,-22.422642645],[-42.317508897,-22.422390585000002],[-42.314912321,-22.424568342999997],[-42.31060729699999,-22.420020558],[-42.29851601899999,-22.415495243],[-42.297964253,-22.412922288],[-42.292156311,-22.412896315000005],[-42.28804650099999,-22.406776654000005],[-42.28012096,-22.404239301000004],[-42.277136418999994,-22.401420654999995],[-42.26991092699999,-22.4017521],[-42.269148604,-22.402530995],[-42.281395482,-22.412805776999992]]]}},{"type":"Feature","properties":{"code_muni":"3305703","name_muni":"Sumidouro","abbrev_state":"RJ"},"geometry":{"type":"Polygon","coordinates":[[[-42.69099385999999,-21.969320907999993],[-42.547901581999994,-21.999633246999995],[-42.55112818999999,-21.999428328999997],[-42.553918984000006,-22.000905449999998],[-42.560580218999995,-21.998533458999997],[-42.56052021,-22.003572972000004],[-42.564430284,-22.003027580999994],[-42.566810231,-22.008078851999997],[-42.570142778999994,-22.008593229000002],[-42.57168131299999,-22.010181997000004],[-42.57091912399999,-22.011793749],[-42.572807600999994,-22.014407201],[-42.572438503,-22.01838547],[-42.575100857,-22.019801596000004],[-42.576295904,-22.025812066999997],[-42.57557474,-22.027249915],[-42.574284952,-22.025779825999994],[-42.569897547,-22.025626563],[-42.56305891099999,-22.029388746],[-42.56599950999999,-22.043235518999992],[-42.572188182999994,-22.045531002],[-42.573001078,-22.048399349000004],[-42.579059303,-22.047559361000005],[-42.57758131199999,-22.054450097],[-42.57428189699999,-22.057504195],[-42.575804294,-22.060582551999996],[-42.573857024,-22.064267484],[-42.57900899799999,-22.067300669999998],[-42.581670085,-22.071000368999997],[-42.587014246,-22.073711016999997],[-42.587330795999996,-22.075961514999996],[-42.590411683000006,-22.075642462],[-42.59542365899999,-22.078622797],[-42.598876251,-22.078072472],[-42.600537605999996,-22.083327652],[-42.603464278,-22.083686923999995],[-42.606792537000004,-22.091445757999995],[-42.604043476,-22.09728654],[-42.601244427,-22.096735784],[-42.599589848,-22.097926877999996],[-42.597616045,-22.096721649000003],[-42.591401892,-22.105898641999993],[-42.593606777999995,-22.107400316000003],[-42.594773109,-22.111174293],[-42.603323792999994,-22.110670316],[-42.60349355,-22.114179347],[-42.605801963999994,-22.115242016999993],[-42.606045104,-22.118323383],[-42.610007864,-22.120667615000002],[-42.607044424,-22.127048750999997],[-42.61082001399999,-22.131019623],[-42.61780211199999,-22.133347736],[-42.609153564,-22.1405617],[-42.603620418,-22.140570208999996],[-42.600171558999996,-22.137958493999996],[-42.593698441,-22.141769860999993],[-42.590060002,-22.141900535999998],[-42.58721642199999,-22.139815766],[-42.57723799499999,-22.140700572999997],[-42.573418262,-22.163494388999993],[-42.571109871,-22.163268393],[-42.570586055,-22.161999230999996],[-42.568235729,-22.162385801999996],[-42.564807044,-22.160132181],[-42.559383717,-22.160849499],[-42.555102215,-22.169415029000003],[-42.55536947299999,-22.173161446999995],[-42.55761495899999,-22.170953393999998],[-42.561330962999996,-22.170962220999993],[-42.564325100999994,-22.173709114],[-42.563691405,-22.177936339000002],[-42.566063752999995,-22.179488027999998],[-42.57109320299999,-22.176945596999996],[-42.57385470799999,-22.181207556999997],[-42.58348147699999,-22.176591575999993],[-42.588513299999995,-22.178307735999997],[-42.593457672,-22.178011617],[-42.593952432,-22.181868555999998],[-42.599369466,-22.182087153999994],[-42.598842403000006,-22.184015505999998],[-42.600662325,-22.186278902],[-42.603990754,-22.185336068000005],[-42.603523884999994,-22.189075022999994],[-42.605817666,-22.191218977],[-42.605812822,-22.193054013999998],[-42.611448933,-22.196399234],[-42.616045911,-22.194908818],[-42.618773114999996,-22.192110418],[-42.62392895199999,-22.191640447],[-42.62639149799999,-22.187421175999994],[-42.632465063999994,-22.185445344999998],[-42.637088889,-22.187775982999998],[-42.64177057399999,-22.187253894999998],[-42.640768066999996,-22.191614301],[-42.641827991,-22.197115559],[-42.63844981999999,-22.20112317999999],[-42.63987206,-22.203377597],[-42.64614740599999,-22.205506550999992],[-42.642730933,-22.210046551],[-42.644444354,-22.211902555000005],[-42.647925289,-22.211506315999998],[-42.650543504999995,-22.213768314999996],[-42.653513567,-22.212807475999995],[-42.65620534799999,-22.208702499999994],[-42.659396641,-22.209887278000004],[-42.660367423000004,-22.212625133999996],[-42.658353756,-22.215673823],[-42.661506234,-22.218494541000005],[-42.668481312000004,-22.220278566],[-42.670962924,-22.223084656999998],[-42.67149504,-22.224414229],[-42.670117607,-22.225335925999993],[-42.67438348699999,-22.231633842000008],[-42.677585174,-22.242597932999995],[-42.678972989,-22.242288297000005],[-42.681425549,-22.245092577],[-42.6850685,-22.245416790999993],[-42.68566951599999,-22.249122534999998],[-42.690146743,-22.253519123999997],[-42.695807563,-22.253653154000002],[-42.70129705699999,-22.256509529999995],[-42.705884429,-22.263264331999995],[-42.71086820899999,-22.266733892],[-42.713992132,-22.266140295999996],[-42.714095517,-22.263487123999997],[-42.71856065499999,-22.259146539999993],[-42.715615499,-22.256060303999995],[-42.715858137999994,-22.253441257999995],[-42.719242621999996,-22.252530467999996],[-42.721392451999996,-22.24808317199999],[-42.72578482499999,-22.244093777],[-42.73162675499999,-22.240750441999996],[-42.735441183,-22.240946943],[-42.737623697,-22.237323050999997],[-42.744007204,-22.233871508],[-42.735877939,-22.227552531999997],[-42.73569031899999,-22.225444767000003],[-42.732958896999996,-22.224910955999995],[-42.73692950499999,-22.219319988000002],[-42.731988552999994,-22.217637944999996],[-42.733670508,-22.21088751],[-42.732482806,-22.209438817],[-42.73848811799999,-22.206863557000002],[-42.74038862199999,-22.202547783],[-42.744493268999996,-22.198510686],[-42.74251385,-22.192191062000003],[-42.748692829999996,-22.194000737999996],[-42.749702737999996,-22.191636],[-42.751617003999996,-22.191308524000004],[-42.751822986,-22.186142419000003],[-42.749766291,-22.184319695],[-42.74608176899999,-22.184268739999993],[-42.747426324,-22.17973349],[-42.744954945,-22.176159085],[-42.748249421999994,-22.171542399000003],[-42.747122359,-22.168889964999998],[-42.748819109,-22.164445655999998],[-42.747694686,-22.162364184999998],[-42.752246913,-22.161803220999992],[-42.75557371499999,-22.156537276],[-42.755898837,-22.151544940000004],[-42.755082271,-22.147864580999997],[-42.749666723999994,-22.145049061999995],[-42.74899576399999,-22.132792309000006],[-42.746714545,-22.132357506999995],[-42.747606656,-22.129241354000005],[-42.744600228,-22.127325956999996],[-42.74613879,-22.122379047000003],[-42.755349536,-22.118552469],[-42.758149038,-22.107797351000002],[-42.760576853,-22.105032892000004],[-42.75910102699999,-22.100487160999997],[-42.754108428,-22.099548304],[-42.749588481,-22.10051017799999],[-42.73450986,-22.094835101000005],[-42.73264194299999,-22.089133221999994],[-42.733427803999994,-22.085708896],[-42.732110515,-22.079730969999996],[-42.734999387,-22.072846224],[-42.733992244,-22.067807479],[-42.73832889599999,-22.064461406],[-42.736329477,-22.059916577999996],[-42.742851547,-22.051899828000003],[-42.742868251999994,-22.047608607999994],[-42.736410936,-22.047625927000002],[-42.726336267,-22.05250725799999],[-42.717460825,-22.05237329],[-42.717296982,-22.048953378999997],[-42.713372615,-22.044339043],[-42.712206968,-22.040318235],[-42.71328080399999,-22.035140681],[-42.710708161,-22.032860243],[-42.71413900799999,-22.029855436],[-42.71532204999999,-22.025369485],[-42.711928017999995,-22.025354729000004],[-42.70809911,-22.023352948999996],[-42.706886136,-22.01944123],[-42.709409384,-22.013294560000002],[-42.706306272999996,-22.009941675],[-42.70250870699999,-22.009480645],[-42.699881584,-22.003163218],[-42.696986975,-22.000633716999996],[-42.69934168799999,-21.994884858],[-42.7024386,-21.993061668],[-42.697559224,-21.98990063],[-42.698780701,-21.985929246],[-42.69817222699999,-21.979375507999993],[-42.696429327,-21.976466947999995],[-42.692827220999995,-21.97579614],[-42.69099385999999,-21.969320907999993]]]}},{"type":"Feature","properties":{"code_muni":"3305752","name_muni":"Tanguá","abbrev_state":"RJ"},"geometry":{"type":"Polygon","coordinates":[[[-42.74722203699999,-22.686532582999998],[-42.708897156999996,-22.723415411999994],[-42.705242159,-22.723234796999996],[-42.703524653,-22.725967830999995],[-42.70014242,-22.727119722],[-42.69798264199999,-22.733679773],[-42.698199749,-22.738046965999985],[-42.69512247899999,-22.742003967],[-42.694387948,-22.752518964999997],[-42.686484205,-22.758996711999988],[-42.69033817599999,-22.761741769999997],[-42.684858106,-22.767940073999995],[-42.680922064,-22.769766710000003],[-42.67633816299999,-22.769519807999995],[-42.67574781599999,-22.770569887],[-42.675544678,-22.773968763],[-42.68226030499999,-22.780123960000005],[-42.68541609299999,-22.780107763],[-42.686024924,-22.78298098],[-42.687953836,-22.784380568],[-42.688252808,-22.785994505000005],[-42.686157771,-22.787859742],[-42.688101011,-22.792899380999998],[-42.679476097999995,-22.794709053000002],[-42.679968177,-22.796397675999998],[-42.67795260199999,-22.797781009999998],[-42.672541996999996,-22.795970355],[-42.659298318,-22.798990805000003],[-42.658205367,-22.800921175000006],[-42.65909109999999,-22.80222777099999],[-42.66675105,-22.802220203],[-42.666728364,-22.803306257],[-42.66326553299999,-22.804040538000002],[-42.666667309,-22.810199713999996],[-42.66997003499999,-22.811632012],[-42.66973706999999,-22.81540942699999],[-42.66583098499999,-22.816007882],[-42.665155481,-22.81752143],[-42.665290375999994,-22.819662139000005],[-42.66826022899999,-22.821979804999998],[-42.66321608,-22.822698473999996],[-42.66426315699999,-22.824451073],[-42.662645346,-22.826193915000005],[-42.657946553,-22.824041136],[-42.656157454,-22.828427409000003],[-42.668914418,-22.844641669999994],[-42.661835802,-22.846600258],[-42.660119584,-22.849076689999993],[-42.650642055999995,-22.847144562],[-42.645714056,-22.844726908],[-42.643685456,-22.847622941],[-42.643356276,-22.851272175999995],[-42.645866863,-22.855330148000004],[-42.652991514,-22.855724377999998],[-42.660669270999996,-22.85913166999999],[-42.66594803899999,-22.858193795],[-42.670118071,-22.855687432999993],[-42.675777587,-22.855717607999996],[-42.677715319,-22.854272746999996],[-42.684078432,-22.855996506999997],[-42.686901468,-22.854901137999992],[-42.691296554000004,-22.855512157999996],[-42.696404883999996,-22.857259313],[-42.699721522,-22.854155765],[-42.700278927999996,-22.850149532999996],[-42.703934632999996,-22.852085776999996],[-42.71624985099999,-22.853678337],[-42.722136938,-22.848233002],[-42.724362029,-22.847907061999997],[-42.724718662,-22.845239364999994],[-42.72668131900001,-22.844988558999994],[-42.72945172699999,-22.840808518],[-42.73189412799999,-22.841816633999997],[-42.73356688,-22.840776159000004],[-42.733484912,-22.836655758],[-42.736294548,-22.835730549],[-42.73673221,-22.831917685999997],[-42.739452920999994,-22.831380001999996],[-42.743437171,-22.827811846999996],[-42.74292265,-22.822673072999997],[-42.74682969,-22.824228261999988],[-42.748518377,-22.822937411],[-42.741925438,-22.814365072],[-42.737751521999996,-22.81258959399999],[-42.736303150999994,-22.806640883999997],[-42.738921282,-22.806746191999995],[-42.741223356,-22.803901992000004],[-42.750278438,-22.802392267999995],[-42.752467413999995,-22.798553647000002],[-42.757647031999994,-22.796658157],[-42.76017398599999,-22.798781436999995],[-42.761864604,-22.797976613999996],[-42.770808443,-22.80059964999999],[-42.77589747500001,-22.800511315],[-42.77886893899999,-22.802874255999992],[-42.782458743,-22.802773653],[-42.784139547,-22.804015239999995],[-42.788359439000004,-22.803045237000003],[-42.79203526999999,-22.800112072000005],[-42.797680422999996,-22.800459318000005],[-42.801580976,-22.797450742999995],[-42.805211703,-22.789720910999996],[-42.798969590999995,-22.79033315],[-42.796664776,-22.786765120000002],[-42.789831591,-22.787315467999996],[-42.787231287,-22.782133328],[-42.783547627,-22.77972172599999],[-42.783306624,-22.775261677999996],[-42.791224615999994,-22.771857862],[-42.788660138999994,-22.769254339999996],[-42.787920282,-22.763878441999992],[-42.788885868,-22.762622439999998],[-42.786852365,-22.759409196000004],[-42.788449619,-22.757503107000005],[-42.787643246,-22.755937416999995],[-42.789047254,-22.756586834000007],[-42.791790315,-22.751740517],[-42.798722219,-22.755114921],[-42.800110109,-22.752562486999995],[-42.796257727,-22.751714363999994],[-42.795370768,-22.749211677999998],[-42.800581353999995,-22.744315629],[-42.803218161,-22.744145129999996],[-42.803243,-22.735505073],[-42.795604834,-22.737214697999995],[-42.763420942,-22.739303716999995],[-42.76254745799999,-22.727112877],[-42.758071132,-22.723400888],[-42.75948657099999,-22.71894933300001],[-42.760495072,-22.718701630999988],[-42.761150609,-22.718285292],[-42.756156396,-22.717445456000004],[-42.752415096,-22.71279639],[-42.74959935799999,-22.711478563999997],[-42.748395791,-22.70587014199999],[-42.745787378,-22.702979825999996],[-42.749292186,-22.694385861],[-42.746477618,-22.691788610999996],[-42.74722203699999,-22.686532582999998]]]}},{"type":"Feature","properties":{"code_muni":"3305802","name_muni":"Teresópolis","abbrev_state":"RJ"},"geometry":{"type":"Polygon","coordinates":[[[-42.761693293,-22.125216252000005],[-42.74989417199999,-22.124824562],[-42.74466874299999,-22.127698737999996],[-42.747606656,-22.129241354000005],[-42.746714545,-22.132357506999995],[-42.74899576399999,-22.132792309000006],[-42.749666723999994,-22.145049061999995],[-42.755082271,-22.147864580999997],[-42.755898837,-22.151544940000004],[-42.75557371499999,-22.156537276],[-42.752246913,-22.161803220999992],[-42.747694686,-22.162364184999998],[-42.748819109,-22.164445655999998],[-42.747122359,-22.168889964999998],[-42.748249421999994,-22.171542399000003],[-42.744954945,-22.176159085],[-42.747426324,-22.17973349],[-42.74608176899999,-22.184268739999993],[-42.749766291,-22.184319695],[-42.751822986,-22.186142419000003],[-42.751617003999996,-22.191308524000004],[-42.749702737999996,-22.191636],[-42.748692829999996,-22.194000737999996],[-42.74251385,-22.192191062000003],[-42.744493268999996,-22.198510686],[-42.74038862199999,-22.202547783],[-42.73848811799999,-22.206863557000002],[-42.732482806,-22.209438817],[-42.733670508,-22.21088751],[-42.731988552999994,-22.217637944999996],[-42.73692950499999,-22.219319988000002],[-42.732958896999996,-22.224910955999995],[-42.73569031899999,-22.225444767000003],[-42.735877939,-22.227552531999997],[-42.744007204,-22.233871508],[-42.737623697,-22.237323050999997],[-42.735441183,-22.240946943],[-42.73162675499999,-22.240750441999996],[-42.72578482499999,-22.244093777],[-42.721392451999996,-22.24808317199999],[-42.719242621999996,-22.252530467999996],[-42.715858137999994,-22.253441257999995],[-42.715615499,-22.256060303999995],[-42.71856065499999,-22.259146539999993],[-42.71368929599999,-22.265086369999995],[-42.714134022,-22.268193798],[-42.71669881199999,-22.269868232999993],[-42.71666318199999,-22.276232073999992],[-42.717988948999995,-22.27857320799999],[-42.717559014,-22.280628595999996],[-42.711008895,-22.287278735999998],[-42.71215412299999,-22.291201697999995],[-42.717179228,-22.297456777999997],[-42.717732398,-22.302109531],[-42.72303254599999,-22.309934668999997],[-42.722209334,-22.311777494],[-42.726291372999995,-22.317190930000006],[-42.719827031,-22.323457986],[-42.71773988300001,-22.328010603999992],[-42.719173639999994,-22.332136202000004],[-42.725125010999996,-22.336609632999995],[-42.726653863,-22.335853451],[-42.724573252,-22.341390877],[-42.725803104,-22.34279052300001],[-42.72487962999999,-22.347552459000003],[-42.722680429,-22.35012259899999],[-42.72251517299999,-22.352710259],[-42.740026071,-22.361002932000005],[-42.73900976,-22.370495613],[-42.745889652,-22.373748681000002],[-42.75178918,-22.373485467],[-42.75580513500001,-22.3776611],[-42.760107734,-22.376813179],[-42.76311145799999,-22.377959653],[-42.767177006,-22.384254436],[-42.770162034,-22.384300164999996],[-42.774755324,-22.380696096999998],[-42.78038746499999,-22.381501416999996],[-42.78703461700001,-22.377829814999995],[-42.79006669299999,-22.378344023],[-42.79348774399999,-22.37544534199999],[-42.795984491,-22.377416534],[-42.803412554999994,-22.378687364000005],[-42.80229863099999,-22.387046982999998],[-42.81308296699999,-22.388953446],[-42.815176648,-22.391500289999996],[-42.81156646899999,-22.392978055999997],[-42.81109006399999,-22.397766407000002],[-42.808711037,-22.400468421000003],[-42.810537869,-22.405231641999997],[-42.821779135999996,-22.406088530999998],[-42.822337469,-22.408922300999993],[-42.827005842999995,-22.412947932],[-42.836868305,-22.413018144000006],[-42.83999820599999,-22.411333429],[-42.852403776,-22.416917252999994],[-42.85064987,-22.417512696],[-42.85197445699999,-22.421044165],[-42.850683521,-22.42584146400001],[-42.85486477999999,-22.427076077000002],[-42.857382652,-22.426287352],[-42.868855534,-22.431926275999995],[-42.86981549099999,-22.433403238],[-42.868397331999994,-22.434973265],[-42.868668221,-22.437259620999995],[-42.874854682,-22.442600055],[-42.871564536,-22.446102847999992],[-42.873808978,-22.44937742899999],[-42.880244076,-22.448814015],[-42.88528710999999,-22.453565626],[-42.890354970999994,-22.455097573000003],[-42.890248446,-22.458708875],[-42.89409519,-22.457328051],[-42.89774602199999,-22.459032279999995],[-42.898730904,-22.457457895000005],[-42.90164004499999,-22.457674179000005],[-42.902051704,-22.456295527999988],[-42.90578828899999,-22.454782879],[-42.912557245,-22.456371806],[-42.918426411999995,-22.450888038],[-42.919291392,-22.452370630999997],[-42.925361016,-22.453897083000005],[-42.926501453,-22.450629236000005],[-42.930178008,-22.447999081999995],[-42.93412862299999,-22.449515372000004],[-42.935634412,-22.452666424],[-42.940771349,-22.457170118999997],[-42.94295106599999,-22.457319208],[-42.945386806,-22.45518803199999],[-42.955143759,-22.457740677999997],[-42.95410131399999,-22.459500230000007],[-42.956093395,-22.462340407999996],[-42.955840431999995,-22.465747427999993],[-42.96377973,-22.464157269],[-42.968926,-22.467811719],[-42.970586445,-22.471172403999997],[-42.976687218,-22.47093708],[-42.978159189,-22.468611235000004],[-42.980690083999995,-22.468092623999997],[-42.98277764,-22.463590987999996],[-42.984797095,-22.462658553],[-42.996091916,-22.461674623999993],[-42.99982098299999,-22.459674739],[-43.00957400899999,-22.462770342000002],[-43.016491167999995,-22.467101977],[-43.020276939,-22.462374855999997],[-43.024391454,-22.462809980000003],[-43.025569679,-22.460313414999995],[-43.028843054999996,-22.461251242999996],[-43.028510143,-22.458152339999994],[-43.025469654999995,-22.454991926],[-43.02679331,-22.449690895999993],[-43.02218422699999,-22.441114859999995],[-43.026452708,-22.439322433000005],[-43.027819353999995,-22.435003602],[-43.031390861999995,-22.434715358],[-43.032940192,-22.432841954],[-43.034918469,-22.423212378],[-43.03160353,-22.42173164],[-43.031759322,-22.419842447000004],[-43.032564752,-22.418309566000005],[-43.037228831,-22.416728967000005],[-43.037958206999996,-22.415027503999998],[-43.037432529,-22.410408625],[-43.0341457,-22.404767786999994],[-43.03098826,-22.40258143],[-43.028431426,-22.395260732],[-43.028612988999996,-22.392489881],[-43.034677679,-22.389677070000005],[-43.031422056,-22.386408219999993],[-43.02830311599999,-22.378374683999997],[-43.035378939,-22.372356218999993],[-43.031185102,-22.364487620999995],[-43.029840184,-22.363165163],[-43.026405637,-22.363549213999992],[-43.02678815099999,-22.362364447],[-43.021435765,-22.355207181999997],[-43.024189714,-22.35472974],[-43.026835066,-22.351826462000002],[-43.02720751099999,-22.346352665999994],[-43.03114865599999,-22.344640244],[-43.02790142999999,-22.339698152],[-43.030465672999995,-22.337334944],[-43.030236642999995,-22.331302261999998],[-43.033907387,-22.327266893],[-43.039888142,-22.328678570999994],[-43.04625526499999,-22.326412606999998],[-43.046037549,-22.322050715],[-43.042856406000006,-22.315032002999992],[-43.03292512,-22.306465018999994],[-43.026693764,-22.304423913999997],[-43.023713848999996,-22.306596722999995],[-43.019147907,-22.302869247999997],[-43.014080067,-22.301993001],[-43.011821903,-22.296099573999992],[-43.016697082,-22.290519661000005],[-43.009964315,-22.286531741],[-43.006227218,-22.287404885000004],[-43.00221417699999,-22.28632342],[-42.999377355,-22.28186278],[-42.989818211,-22.278436994999993],[-42.988173427999996,-22.275608646000002],[-42.98792764600001,-22.269379171999994],[-42.984566452,-22.264297087],[-42.98301452399999,-22.263257509000002],[-42.980846577,-22.264700759],[-42.97795060399999,-22.263007135999995],[-42.974341409999994,-22.263393937999997],[-42.97304389,-22.261243636000003],[-42.973423165,-22.258271860999997],[-42.970787791,-22.256642486],[-42.970255388,-22.254241185],[-42.962976188,-22.252035683999996],[-42.95810882599999,-22.254088972],[-42.95558428399999,-22.253530009999995],[-42.95274227299999,-22.248224584999996],[-42.94648919499999,-22.245076317000002],[-42.944846437,-22.238799562999997],[-42.940891244,-22.236743519999997],[-42.94275302799999,-22.235303969000004],[-42.942138764,-22.233854975999996],[-42.93448967399999,-22.231050688999996],[-42.93377238,-22.229029319],[-42.927757498,-22.226190938999988],[-42.918763009,-22.223267795999995],[-42.911334784999994,-22.225491986],[-42.906551363999995,-22.224950555999996],[-42.903949007,-22.221553748999995],[-42.90421094999999,-22.218688337],[-42.892183834,-22.189705855999996],[-42.877989693,-22.186414699000004],[-42.877291871,-22.191143551999996],[-42.874151834,-22.192099386999995],[-42.868567567,-22.190931219999992],[-42.863065372,-22.187140036999995],[-42.859564125999995,-22.18678647],[-42.85237480499999,-22.181115494],[-42.853487349999995,-22.178384887999997],[-42.849239043999994,-22.177393686999995],[-42.84751730199999,-22.174739267999996],[-42.83925938,-22.175393783000004],[-42.828596104999995,-22.16892654999999],[-42.822844724,-22.167309467999996],[-42.820181014999996,-22.164162826000002],[-42.814951423,-22.163523369000004],[-42.80626535,-22.157163204],[-42.805452297,-22.152993388],[-42.802561346,-22.149377006000005],[-42.791654337999994,-22.143335286000003],[-42.777148628999996,-22.130489680999993],[-42.768051234,-22.132784426999997],[-42.766396058,-22.129221232000003],[-42.763332555,-22.127791212],[-42.761693293,-22.125216252000005]]]}},{"type":"Feature","properties":{"code_muni":"3305901","name_muni":"Trajano de Moraes","abbrev_state":"RJ"},"geometry":{"type":"Polygon","coordinates":[[[-42.173562862,-22.004361811],[-42.16336137,-22.005919550999998],[-42.160098161,-22.008664864999997],[-42.156505759,-22.008722074999998],[-42.153851415999995,-22.010287939],[-42.151913647,-22.016935609000004],[-42.14658417999999,-22.024664005],[-42.142385325,-22.023181727000004],[-42.139307359,-22.019218161],[-42.137007728,-22.019609131999996],[-42.13790535599999,-22.023167398999995],[-42.136173646,-22.024955109],[-42.13953163899999,-22.029109666999997],[-42.136837008,-22.033103177000005],[-42.126538854,-22.031696493],[-42.123224338,-22.029842262999995],[-42.118635349,-22.030857445999995],[-42.103595979999994,-22.029406847],[-42.09926441,-22.03029649699999],[-42.097777177,-22.033123029000002],[-42.10244423399999,-22.043500323000007],[-42.10367816499999,-22.049911249999997],[-42.052809861,-22.058563153999998],[-41.988107447,-22.057760011999996],[-41.961765605,-22.077873387],[-41.96331842899999,-22.083114734999995],[-41.961242325,-22.087776417000004],[-41.962119097000006,-22.091029110999997],[-41.96030012699999,-22.092717561999994],[-41.962476758,-22.094492183],[-41.96164417699999,-22.096666412],[-41.958567378999994,-22.097535253],[-41.96226492499999,-22.10294269],[-41.962448175999995,-22.105500528999997],[-41.960297841999996,-22.108422415000003],[-41.95793968099999,-22.117645166],[-41.96019875699999,-22.124614523],[-41.96686470099999,-22.131995854],[-41.973798328,-22.133612499000005],[-41.977848602,-22.126442024000003],[-41.98347771899999,-22.128117618],[-41.989020599,-22.132656204999996],[-41.992063304999995,-22.132712355000002],[-41.997071647,-22.135295152],[-42.000583627,-22.140027180999997],[-42.00545963799999,-22.14335101],[-42.011300771,-22.143142983999997],[-42.01613898099999,-22.146505966],[-42.019847546,-22.147375816999997],[-42.027200134999994,-22.157955364999996],[-42.03792128,-22.160338104999997],[-42.039419929,-22.156660251999998],[-42.042045056,-22.157929237999994],[-42.04504732099999,-22.163006188999997],[-42.052667686999996,-22.162471825],[-42.054820510999996,-22.15955307],[-42.057082325,-22.16165279499999],[-42.063153206,-22.162304394999996],[-42.065636217,-22.164430941999996],[-42.072248492,-22.165166047],[-42.075119609999994,-22.163905683999992],[-42.087779766,-22.170465654000004],[-42.089182878,-22.176734695],[-42.09680118,-22.183148994999993],[-42.097002724999996,-22.184813077],[-42.093211125,-22.187219495],[-42.09278849099999,-22.189465444000003],[-42.097936753999996,-22.194075649000002],[-42.092515512999995,-22.196755080999996],[-42.093345938999995,-22.202666259000004],[-42.09836462,-22.201888909],[-42.10018878099999,-22.204471967999996],[-42.105061172,-22.205582179999993],[-42.107682457,-22.209742249],[-42.108516463,-22.208506244],[-42.111730165,-22.209527918000003],[-42.112795248999994,-22.206796229],[-42.115481197,-22.208570764999997],[-42.11771927299999,-22.20799121599999],[-42.12202468099999,-22.211981278999996],[-42.124906687,-22.211137900000008],[-42.12812639999999,-22.213865948000002],[-42.13133501499999,-22.213277148999996],[-42.13220997199999,-22.211251799000003],[-42.138040700999994,-22.21045283999999],[-42.14103874399999,-22.210783419999995],[-42.142294488,-22.21249416399999],[-42.148204872,-22.211062852999998],[-42.153323016,-22.213998607999986],[-42.15897803800001,-22.215068327],[-42.15997808899999,-22.218638157],[-42.161418235,-22.21817001799999],[-42.168220767,-22.224384685],[-42.171268372,-22.225314359999995],[-42.172946685999996,-22.229137126000005],[-42.178052433,-22.232909793999998],[-42.181901678,-22.238854028999995],[-42.183361416,-22.244508512999996],[-42.18702429399999,-22.245374436],[-42.192909644,-22.244240398999995],[-42.197620166,-22.246646626999993],[-42.201913873,-22.249988557000002],[-42.201577826999994,-22.25287979799999],[-42.203338275,-22.254680532000002],[-42.21055090499999,-22.259588284999996],[-42.210916006999994,-22.262491601999994],[-42.215362132,-22.267199744],[-42.22709628999999,-22.274017269],[-42.22977539499999,-22.27799317099999],[-42.232947898999996,-22.288121231999998],[-42.23493006599999,-22.288334157999998],[-42.23855244799999,-22.28618189],[-42.244605769,-22.290348919000007],[-42.246086532999996,-22.293437441],[-42.24900868999999,-22.295243592000002],[-42.24789549,-22.299622899999996],[-42.250362553,-22.305839634000005],[-42.25343432299999,-22.306132790000003],[-42.25682927199999,-22.302979612],[-42.265430865999996,-22.307094048000003],[-42.269850649,-22.301716676999998],[-42.27377932,-22.301731933999996],[-42.273214269,-22.299617714000004],[-42.276253037,-22.297425369000006],[-42.276673638999995,-22.293042360999998],[-42.278345031,-22.292392276],[-42.28186358899999,-22.294008155999997],[-42.28754142099999,-22.292164444000004],[-42.285656089999996,-22.288644271999996],[-42.293092669,-22.288486183000003],[-42.294538662,-22.284289468999997],[-42.291490407,-22.280539895999997],[-42.281521506999994,-22.278315990000003],[-42.28028388399999,-22.275826774999995],[-42.28182077799999,-22.273299044999998],[-42.28072755,-22.271893541999997],[-42.273951372999996,-22.270491375999995],[-42.27100242200001,-22.267232146],[-42.264594054,-22.266351361999998],[-42.260717868,-22.262382777999996],[-42.26005248799999,-22.258721090999998],[-42.252002355,-22.256359829999997],[-42.253827597999994,-22.251588430999995],[-42.251661535,-22.249095753999992],[-42.248589482,-22.248129455000004],[-42.247688743000005,-22.244950035999995],[-42.250263491,-22.237356614],[-42.242349689,-22.234865078000002],[-42.240069967,-22.235247665999996],[-42.23714563,-22.228242237],[-42.234079900999994,-22.227473014],[-42.233461263,-22.22465688999999],[-42.238310632,-22.224998434999996],[-42.24423576900001,-22.221658936],[-42.250332338,-22.222017034999997],[-42.257419395999996,-22.216005704999997],[-42.265128049,-22.216773734999993],[-42.272300037,-22.211586152000002],[-42.273968551,-22.208217610000002],[-42.279790544,-22.208925252],[-42.286081492,-22.200826919999994],[-42.28290382,-22.198306641000002],[-42.285179599,-22.195919466000003],[-42.282792397,-22.194109680999993],[-42.27803569,-22.193306368],[-42.28057014899999,-22.190593514999996],[-42.280467802,-22.187229502],[-42.282771527,-22.183469805999998],[-42.282134807,-22.181381084999998],[-42.285663978,-22.175158961000005],[-42.292182043,-22.170364062999997],[-42.293901958999996,-22.165095007],[-42.291724721,-22.160214977],[-42.293704494,-22.158932510999996],[-42.294225066,-22.154870543],[-42.296551902,-22.153830127],[-42.29761932,-22.151268746999996],[-42.294581345000005,-22.146727442999993],[-42.294630868,-22.143028693],[-42.290998824,-22.139655295000004],[-42.283612519,-22.142318792],[-42.27983123799999,-22.141710934000002],[-42.27865327899999,-22.133545365000003],[-42.277067732,-22.131885052],[-42.278807613,-22.123683659],[-42.283692836,-22.122021631000003],[-42.289143714999994,-22.115675572999997],[-42.294043185999996,-22.114539122999993],[-42.293271630999996,-22.113392642999994],[-42.285680282,-22.113487032999995],[-42.279413851,-22.117011336],[-42.273800344,-22.118063233000004],[-42.269592466,-22.121379762999997],[-42.26619360099999,-22.121910987999996],[-42.264077591,-22.121386062999992],[-42.262923529,-22.119188648],[-42.2653962,-22.115052658],[-42.265471176999995,-22.107557118],[-42.26672456399999,-22.105334496999998],[-42.271549680999996,-22.104346902999993],[-42.27215896599999,-22.107129685],[-42.27612942,-22.107897534],[-42.273644394,-22.105057386999995],[-42.27675644299999,-22.100690220000004],[-42.275546738,-22.097018462999998],[-42.278834373,-22.095503171],[-42.275728272,-22.092167721999992],[-42.26769707199999,-22.088761227999996],[-42.268592147999996,-22.085705308999998],[-42.26539033,-22.081877969000004],[-42.267224440999996,-22.075522839999998],[-42.270519258,-22.072856885000004],[-42.27012858599999,-22.06893348099999],[-42.265863833,-22.066960243999997],[-42.26538552899999,-22.063227641999998],[-42.261078559999994,-22.064797269999996],[-42.26166910399999,-22.061679480999995],[-42.25932007499999,-22.05268373199999],[-42.262909453,-22.050330004],[-42.260436783,-22.045931050999997],[-42.254069533,-22.044200743],[-42.249132604,-22.044487140999998],[-42.242378311,-22.038912910999993],[-42.240109584,-22.034589561000004],[-42.24078428399999,-22.032276878999998],[-42.250633749,-22.029415491000005],[-42.250839839,-22.028250163000003],[-42.241112744999995,-22.023698899999992],[-42.23709120099999,-22.026150439],[-42.234872622000005,-22.02961674799999],[-42.233020345,-22.029399008999995],[-42.233854773,-22.026635727],[-42.23025333,-22.020594622000004],[-42.225314989,-22.016023787000005],[-42.22333869599999,-22.011755087],[-42.22045556,-22.011323757999996],[-42.217826646,-22.008056673],[-42.21529943699999,-22.00881739999999],[-42.211668447,-22.013165713000003],[-42.20663133199999,-22.013607066999995],[-42.204731199,-22.016393946000004],[-42.19885120399999,-22.015502537999996],[-42.194994254,-22.013054976000003],[-42.18615973099999,-22.017473505],[-42.183020625,-22.014999821999996],[-42.180384792999995,-22.006444213999995],[-42.173562862,-22.004361811]]]}},{"type":"Feature","properties":{"code_muni":"3306008","name_muni":"Três Rios","abbrev_state":"RJ"},"geometry":{"type":"Polygon","coordinates":[[[-43.002214232,-22.032836557999996],[-43.006472864,-22.034582427],[-43.010030479,-22.03918147799999],[-43.00805664400001,-22.042042773000006],[-43.009476375999995,-22.044801383999996],[-43.00462714599999,-22.046688196],[-43.003888357,-22.048435018999996],[-43.005832147999996,-22.052420710000003],[-43.010097040999995,-22.056027545999992],[-43.00658211,-22.070405806000007],[-43.010886123,-22.075769708],[-43.013478729999996,-22.075337352],[-43.01306480099999,-22.081664992999997],[-43.016271959,-22.085848899],[-42.96959393899999,-22.088405022],[-42.97385920399999,-22.097240734000003],[-42.967467472,-22.104891531999996],[-42.968297577,-22.107727724999993],[-42.96505553899999,-22.114920731],[-42.966132853999994,-22.116638059000003],[-42.964319049,-22.126431027999995],[-42.954975382,-22.138870543999992],[-43.00150410799999,-22.153953203],[-43.00410468700001,-22.149279227999994],[-43.009470351,-22.149512461999997],[-43.013417121,-22.146742606],[-43.017217624,-22.148267031999996],[-43.020764224,-22.161809147],[-43.022647664999994,-22.16534356099999],[-43.02606729399999,-22.167856652000005],[-43.02574156099999,-22.169898938999996],[-43.029828421,-22.173967675999997],[-43.031060483,-22.177798998999997],[-43.0404982,-22.188672476],[-43.038876543,-22.192096248999995],[-43.041631603,-22.193503157],[-43.04543141,-22.200473048999992],[-43.047757299,-22.208605314999996],[-43.058939519999996,-22.189904452999997],[-43.050541721,-22.181418157999993],[-43.046468393,-22.179126627999995],[-43.042626075,-22.179901478000005],[-43.04244232,-22.175766888],[-43.039424611,-22.172268383999995],[-43.039386893999996,-22.169506259],[-43.03709326,-22.169937679],[-43.033986526,-22.166739344],[-43.039179546,-22.162828221],[-43.051667334,-22.166590437000004],[-43.054521324,-22.164978614000002],[-43.05819944499999,-22.168685361],[-43.068057448,-22.17228301999999],[-43.071875867,-22.176614612],[-43.078194033,-22.177863329],[-43.081511122,-22.181691843],[-43.087381739,-22.18442882199999],[-43.093071613,-22.183170949999997],[-43.094742779,-22.184378738],[-43.09509717299999,-22.189109693999995],[-43.103005573999994,-22.187661812],[-43.103006595,-22.190737813],[-43.106451101,-22.198642663],[-43.109380756,-22.199948660999997],[-43.11616381,-22.200207041],[-43.116770776,-22.198886298999998],[-43.121180554,-22.198730574999995],[-43.12472760599999,-22.194541767000004],[-43.131553462,-22.190873205],[-43.133720116999996,-22.19411826],[-43.13784147,-22.195369642],[-43.155348746,-22.19062278599999],[-43.158602161,-22.192653334],[-43.198392203999994,-22.200747022000005],[-43.200747382,-22.177342352999997],[-43.242823421999994,-22.131561516],[-43.258820746,-22.103327968000002],[-43.21521963299999,-22.070962254],[-43.146334849,-22.045786694],[-43.144609272,-22.048076640999994],[-43.141757086,-22.044878549],[-43.14063097100001,-22.039868435999995],[-43.130649776,-22.035020575],[-43.13101607,-22.036164945999992],[-43.128768367999996,-22.036970574000005],[-43.130470769999995,-22.042541628],[-43.127566812999994,-22.046309855999997],[-43.133599436,-22.051374496],[-43.13484398799999,-22.055194580000002],[-43.13337472599999,-22.058409674999996],[-43.142933581,-22.067225254999993],[-43.153711400000006,-22.074160459999998],[-43.15316414,-22.075914496],[-43.154735756,-22.077542240999996],[-43.151255749,-22.080671440999996],[-43.149656068,-22.080615313999996],[-43.151283813,-22.088347105],[-43.14665180099999,-22.090692824999994],[-43.145825251999995,-22.097468094],[-43.142257990999994,-22.104446906999996],[-43.13555840000001,-22.10988423],[-43.12940424599999,-22.106922885999992],[-43.126544884,-22.103796657],[-43.122240917,-22.089399448000005],[-43.119224347,-22.088334775999993],[-43.116828835,-22.085140759999998],[-43.106182114999996,-22.082656524999994],[-43.08969696799999,-22.087896913000005],[-43.083138689,-22.08613864],[-43.078145753,-22.083055777],[-43.075129183,-22.08487459199999],[-43.075564335,-22.093188420999997],[-43.074129015,-22.09334933999999],[-43.053125962,-22.081724936999994],[-43.033161160999995,-22.065904859],[-43.032599174999994,-22.060239134],[-43.038902535999995,-22.052987570999996],[-43.03915214199999,-22.044594499],[-43.030106906,-22.041086273999998],[-43.026683638,-22.042689048],[-43.024347072,-22.041741405],[-43.007877403,-22.031507905999998],[-43.002214232,-22.032836557999996]]]}},{"type":"Feature","properties":{"code_muni":"3306107","name_muni":"Valença","abbrev_state":"RJ"},"geometry":{"type":"Polygon","coordinates":[[[-43.765439967999995,-22.062142287],[-43.763515243,-22.073613204999997],[-43.75579975099999,-22.076240347],[-43.756048637999996,-22.07797149],[-43.76146883999999,-22.079619674000003],[-43.76044010799999,-22.081422721000003],[-43.754289836999995,-22.082650562999998],[-43.75204126199999,-22.087885846],[-43.745495836,-22.088446860999994],[-43.746967033,-22.093313980999998],[-43.74291847399999,-22.092661345],[-43.741093304,-22.095437816],[-43.736303615,-22.0945197],[-43.735241697999996,-22.097141307999998],[-43.731447556,-22.096223192],[-43.728250743000004,-22.090714495999997],[-43.72440129299999,-22.088413676],[-43.72283054,-22.083546555],[-43.71982177499999,-22.080648405999998],[-43.7148551,-22.082440392],[-43.710441505999995,-22.081632891999995],[-43.708505720000005,-22.079940461],[-43.709434896999994,-22.076245877],[-43.70846147299999,-22.075615360999993],[-43.70563215300001,-22.075784093999996],[-43.702587744,-22.078281216],[-43.696769322,-22.077064435999997],[-43.69341764599999,-22.071776973],[-43.691315935,-22.070858856999997],[-43.687931074,-22.07310437],[-43.681294091999995,-22.071776973],[-43.68209053,-22.074077794000004],[-43.680309605,-22.075006973999994],[-43.68019899,-22.080526728000002],[-43.673329713,-22.090260968999992],[-43.67170365199999,-22.090050797999996],[-43.668448625,-22.086128931999998],[-43.666650341,-22.088547309999996],[-43.66419703099999,-22.088454595],[-43.661388187,-22.092183596],[-43.660693718,-22.095787927],[-43.662106381,-22.099304808],[-43.659089311,-22.10445882499999],[-43.661933533,-22.108349624],[-43.660249922,-22.11330895],[-43.664420427,-22.147182896000004],[-43.66289579,-22.148506557],[-43.664030552,-22.150007330000005],[-43.662666822,-22.150779329999995],[-43.66246598099999,-22.153933129000002],[-43.661100671999996,-22.154740786999994],[-43.666492611,-22.158148785999995],[-43.665534843,-22.162355633999997],[-43.67101966,-22.163360058999995],[-43.674372999,-22.166832157],[-43.67063324899999,-22.169429875999995],[-43.670676472,-22.171395779000004],[-43.666261324,-22.172233944000002],[-43.66542853699999,-22.174118442000005],[-43.666682494999996,-22.175906335000008],[-43.665271647,-22.17585275],[-43.662991805000004,-22.178869324999994],[-43.663223579,-22.180940795999998],[-43.658587922,-22.179694171999998],[-43.657313460999994,-22.180737355],[-43.657821927,-22.183719261],[-43.654984855,-22.18616524],[-43.656537248,-22.188420311999998],[-43.656916738,-22.193845354],[-43.659317719,-22.19588403],[-43.65382521499999,-22.199382169999996],[-43.652073519999995,-22.203730207999996],[-43.63438700199999,-22.207874041],[-43.625281159000004,-22.217771318],[-43.626307798999996,-22.219668163],[-43.62418454499999,-22.222676597999996],[-43.617541278,-22.221951333],[-43.612256598,-22.224757246],[-43.608730230999996,-22.224659021000004],[-43.607235438,-22.231277862],[-43.609579424,-22.232695044000003],[-43.60865709099999,-22.234993571999993],[-43.61125977299999,-22.241981102999997],[-43.60989264799999,-22.244072579999997],[-43.605825346,-22.243608765999994],[-43.602864211,-22.246728980999997],[-43.605334489,-22.250061143],[-43.608017159999996,-22.250082681999995],[-43.610246534,-22.252911255999997],[-43.608419557,-22.255258127],[-43.608274715,-22.258839254999998],[-43.602080582999996,-22.259756676],[-43.599237024999994,-22.258440504999996],[-43.598830776999996,-22.260727253999995],[-43.597109721,-22.261592232999995],[-43.59248333000001,-22.26039757099999],[-43.58773979899999,-22.263842684],[-43.587108018,-22.265724572999996],[-43.593891299999996,-22.266193439999995],[-43.588431699,-22.268341063],[-43.58876115799999,-22.27306116699999],[-43.58645651199999,-22.276041257000003],[-43.59045637399999,-22.280823168999998],[-43.594191826,-22.28295158],[-43.59512724399999,-22.28521625599999],[-43.588699611,-22.288300571999997],[-43.59686320699999,-22.29622664900001],[-43.599678502,-22.301678948],[-43.605127453,-22.307132731],[-43.613017457,-22.308204545000002],[-43.618703542999995,-22.304033657999998],[-43.624396170999994,-22.304665201],[-43.637909287,-22.317311456],[-43.640200543,-22.317749404999997],[-43.642695051,-22.315100106],[-43.646131522,-22.316879502999996],[-43.650679984,-22.316185684],[-43.653770767000005,-22.312028337],[-43.667383062,-22.322997243999993],[-43.669102918,-22.325543026],[-43.667004541999994,-22.327539358],[-43.668024679,-22.329814895999995],[-43.666850912,-22.332366277],[-43.668491964999994,-22.334389615],[-43.66598408499999,-22.337185075000004],[-43.66123987699999,-22.337119371999997],[-43.661061422,-22.339770389],[-43.664707221,-22.343782648999998],[-43.67158445799999,-22.345282911],[-43.675458862,-22.342973622999995],[-43.678673332,-22.344897038000003],[-43.67956237,-22.34914154799999],[-43.67453192199999,-22.357685604],[-43.679339971,-22.361864365999992],[-43.683111184,-22.360091741000005],[-43.686356169,-22.360804564],[-43.689942630999994,-22.359504947999998],[-43.692273449,-22.360468853],[-43.693686818,-22.364567905],[-43.691439656,-22.369813049999994],[-43.69519893999999,-22.376437046],[-43.700104083,-22.378673911999996],[-43.701247744,-22.384312104000003],[-43.703604537,-22.386289508999997],[-43.707745044,-22.387331567000004],[-43.7126473,-22.380095496000003],[-43.719075871,-22.37648628],[-43.729661757,-22.377062458],[-43.731591786,-22.378876265],[-43.72867605,-22.382895637],[-43.732193514,-22.388205023],[-43.744086982,-22.402607162],[-43.748748809999995,-22.403200541999997],[-43.75216511,-22.398445356],[-43.757362522,-22.396853026000002],[-43.756874795,-22.395586019999996],[-43.759678234999996,-22.393524355],[-43.75904424099999,-22.392241210000005],[-43.762549775,-22.392231316999997],[-43.76293996,-22.390504349],[-43.764553221,-22.391209051999997],[-43.765624626,-22.388266748999992],[-43.764197548999995,-22.385208681999995],[-43.76660631199999,-22.384445252000006],[-43.768183875999995,-22.381046375999997],[-43.77494057999999,-22.375779632999993],[-43.775858467999996,-22.373025468],[-43.773166456,-22.370144752000005],[-43.77455126099999,-22.366680711],[-43.77628006,-22.368384651],[-43.78040268899999,-22.367364035999994],[-43.78354114099999,-22.362926851],[-43.782792607,-22.361033270999997],[-43.79139218099999,-22.362459789000003],[-43.79263823499999,-22.363783758000004],[-43.79795644099999,-22.363198796000002],[-43.79570630199999,-22.358122631],[-43.798003126,-22.355233613],[-43.79929561099999,-22.354739358],[-43.803405253,-22.357001206999996],[-43.806047673,-22.355070353999995],[-43.806333003,-22.352470302],[-43.809525439999994,-22.351868195999998],[-43.813747812,-22.355817524999996],[-43.812060679999995,-22.358995260000007],[-43.814051203,-22.361265276999998],[-43.818283062,-22.362866857],[-43.819544786,-22.367807555999995],[-43.823928518,-22.369662710999997],[-43.830026736,-22.37533284],[-43.833919232999996,-22.375682813999997],[-43.838192826,-22.374139854000003],[-43.83589581299999,-22.377147731999997],[-43.835614208,-22.379465272000004],[-43.837738318,-22.381848504999994],[-43.83607955,-22.38318753],[-43.83631813,-22.386255562999995],[-43.839552802,-22.38406476],[-43.844795299,-22.384392421999998],[-43.844709734,-22.376907093000003],[-43.847880255,-22.367907274000004],[-43.852466919,-22.370543595],[-43.852444696999996,-22.373691353],[-43.854033687,-22.37317730399999],[-43.85666453499999,-22.374680041],[-43.858195332,-22.373521253999996],[-43.858438660999994,-22.371919235],[-43.855300725,-22.367531066999998],[-43.85787835099999,-22.361735423],[-43.852589284,-22.356378260000003],[-43.852406470999995,-22.35141298999999],[-43.849754753999996,-22.347590704],[-43.84855782699999,-22.338780256999993],[-43.85029944899999,-22.337602448999995],[-43.849935569,-22.33634597],[-43.844975112,-22.332713435],[-43.84067423599999,-22.32490638299999],[-43.83776893800001,-22.322855183000005],[-43.835330167,-22.324435463],[-43.833605765,-22.32182222400001],[-43.831555644,-22.32347586299999],[-43.831233297999994,-22.32175207],[-43.82907532499999,-22.320655346000002],[-43.828518677,-22.315631494000005],[-43.826774851,-22.313662488],[-43.834495132,-22.30911187],[-43.839585166,-22.312259491999995],[-43.842558067,-22.312291538],[-43.846059709,-22.315181699],[-43.853948723,-22.314017730999993],[-43.85707252899999,-22.314921141999996],[-43.860080978999996,-22.318581217999995],[-43.86634167599999,-22.321637255999995],[-43.868237836,-22.325062257999996],[-43.875801845999995,-22.325424460999997],[-43.886890027,-22.330830001000002],[-43.887373874000005,-22.33813387],[-43.886057441999995,-22.338876648],[-43.89292472599999,-22.344964209000004],[-43.897407479,-22.345469126999994],[-43.899937046,-22.348309837],[-43.90727331000001,-22.348049385],[-43.912633025,-22.350386817000004],[-43.914394523,-22.354030215000005],[-43.90968489,-22.356491946999995],[-43.910896666999996,-22.360787543999997],[-43.950407768999995,-22.349770739999997],[-43.951698999,-22.343738206999998],[-43.96018255,-22.339419833999994],[-43.96643145899999,-22.343417629999998],[-43.967755520999994,-22.33884132],[-43.96600094499999,-22.33663570399999],[-43.970638456,-22.331575402],[-43.97137673299999,-22.324247965],[-43.969850577,-22.323062239999995],[-43.96984071100001,-22.319593399],[-43.972675037,-22.312664399],[-43.974810815,-22.311871411000002],[-43.97675081,-22.31304652799999],[-43.977292625,-22.311536969999995],[-43.981613980999995,-22.311407863],[-43.987797885999996,-22.308295574],[-43.99099848499999,-22.309305803999997],[-44.002939281,-22.308184455999992],[-44.004156276,-22.309725849999992],[-44.008471419,-22.310330134999997],[-44.01145125099999,-22.307486945999994],[-44.017977762,-22.305068888],[-44.01766174,-22.300337056],[-44.021100466,-22.297406005999992],[-44.022368015,-22.294133069999994],[-44.032892501,-22.302051699999996],[-44.040648648,-22.303403742999997],[-44.04363739,-22.306076802999996],[-44.04790939499999,-22.306566992999997],[-44.05129824,-22.309595859999995],[-44.051512708999994,-22.313345476999995],[-44.062985993,-22.314919418],[-44.06592405399999,-22.316830231],[-44.067304889,-22.315655916],[-44.071820515000006,-22.319836147000004],[-44.074123357999994,-22.319000612],[-44.081127993,-22.321707799000002],[-44.084154552,-22.321192624],[-44.087532509999996,-22.325907119999997],[-44.089798411,-22.325684526000003],[-44.094848542,-22.329842337000006],[-44.099323697,-22.329981430000004],[-44.09952497199999,-22.328461989],[-44.102722828,-22.327543992999992],[-44.10869120499999,-22.329381430999998],[-44.112814914,-22.328576744],[-44.11906413199999,-22.330099033],[-44.124187264,-22.339131129],[-44.129366741,-22.337253955999994],[-44.131802578,-22.337952420999997],[-44.137350131,-22.336786762999992],[-44.140484812,-22.338697201],[-44.146025485,-22.331972859000004],[-44.148091927,-22.331386122999994],[-44.145740061,-22.329200765999992],[-44.14811983599999,-22.320041922],[-44.149455683,-22.318938893],[-44.153896119,-22.319812063],[-44.155135138999995,-22.31679840599999],[-44.154383006,-22.315384087],[-44.158095295,-22.313526218999996],[-44.15755962299999,-22.311537102999996],[-44.148716885,-22.306865890999998],[-44.145824089,-22.302400493999997],[-44.14536143299999,-22.299198734999997],[-44.148308707,-22.296720965000006],[-44.148192038,-22.294511023],[-44.150936826,-22.293417732999995],[-44.149352930999996,-22.290033594999997],[-44.150778581,-22.288159124],[-44.149199358,-22.284347426],[-44.146536909999995,-22.282634615],[-44.147064443999994,-22.280350048999995],[-44.151928868,-22.279632697],[-44.154004985,-22.274752586999995],[-44.157887003,-22.274419733],[-44.16124578899999,-22.271715835000002],[-44.16718973199999,-22.272790806999993],[-44.167749611999994,-22.268883706000004],[-44.169122031,-22.268071553000002],[-44.16317208499999,-22.265378564000002],[-44.159226914,-22.261508907999996],[-44.158780599,-22.25844971],[-44.155786062,-22.257117667],[-44.156656784999996,-22.251576653999997],[-44.15986276699999,-22.250146378],[-44.164572602,-22.251742566999997],[-44.168126884,-22.246590345000005],[-44.174095412999996,-22.24179893],[-44.178022342999995,-22.241778894],[-44.179688536,-22.24338354099999],[-44.182946342,-22.238817864],[-44.186653488,-22.241226781999995],[-44.189171803,-22.240387401],[-44.184528938,-22.236293125999996],[-44.184220823,-22.233735769999996],[-44.180704887,-22.233571442],[-44.18116213999999,-22.229137194],[-44.17728823299999,-22.226563533999997],[-44.174967099,-22.227850769999996],[-44.17385788399999,-22.230589570999992],[-44.167709276,-22.228857280000003],[-44.16674384899999,-22.227200304999997],[-44.165038945,-22.229959647000005],[-44.167331434,-22.231490198],[-44.16465551299999,-22.233246208000004],[-44.16327241799999,-22.232773765],[-44.16435424499999,-22.230822369999995],[-44.16323478499999,-22.229393656],[-44.158612817,-22.228056517999992],[-44.15838365799999,-22.224906558999997],[-44.153255253,-22.227035977000003],[-44.150434288,-22.222968858],[-44.152020629,-22.218630146000002],[-44.14841442299999,-22.212588802000003],[-44.14558661099999,-22.21357477],[-44.141683955999994,-22.220386578999996],[-44.13836302299999,-22.215526165999997],[-44.134015176,-22.214725066000003],[-44.135863867,-22.212061581999997],[-44.13360964099999,-22.210302179],[-44.127510524,-22.212287534],[-44.12635337999999,-22.208460059000004],[-44.1213924,-22.208952338],[-44.120452161,-22.207215661],[-44.123062707,-22.205644907999996],[-44.12338349499999,-22.202348539999996],[-44.125275034999994,-22.199981349999998],[-44.121027637,-22.195439573],[-44.123018460999994,-22.187348959999998],[-44.119600414999994,-22.18667419999999],[-44.117952231000004,-22.188200705999993],[-44.118649114,-22.189760397],[-44.117288532,-22.189904197999994],[-44.114169151,-22.188079027999997],[-44.111824083,-22.188433000000003],[-44.10848346899999,-22.183599065000003],[-44.10383758099999,-22.184085777],[-44.103118575,-22.180092525999996],[-44.105242409,-22.17789126],[-44.10161419199999,-22.175833794999992],[-44.10016511799999,-22.173035201],[-44.095209503999996,-22.175601501],[-44.089645499999996,-22.175269652],[-44.090720381,-22.179361883000006],[-44.08721194,-22.184594614],[-44.084048312,-22.175435577999995],[-44.08227845,-22.175911228],[-44.080541773,-22.174440029999996],[-44.079358176999996,-22.175557255999998],[-44.075884822999996,-22.17521434499999],[-44.078119274,-22.172648044999992],[-44.072975613,-22.169915820999996],[-44.071980065,-22.164573050000005],[-44.06945801199999,-22.162814249000007],[-44.065442638,-22.161442605999998],[-44.062102023,-22.162017811],[-44.060354284,-22.160225825999998],[-44.05449161599999,-22.161022263999996],[-44.052268227,-22.159020108000004],[-44.048341346,-22.162227983],[-44.04444765,-22.159407265],[-44.041494192,-22.160823155],[-44.03985707,-22.160104148],[-44.039525221,-22.155801170999997],[-44.033817416,-22.152250385999995],[-44.029260021,-22.154186172],[-44.02844146,-22.151984905999996],[-44.02622913300001,-22.151022543999993],[-44.02232437499999,-22.151542441],[-44.020056739,-22.153865385],[-44.014625475,-22.153688398000003],[-44.011318045,-22.159694867999995],[-44.004371337,-22.162637263],[-44.001727606,-22.161132879999997],[-43.998021957000006,-22.155933911],[-43.99324333,-22.158820997999996],[-43.992933603999994,-22.154728191999993],[-43.989758914,-22.153268055999995],[-43.989637236,-22.151276961000004],[-43.987458093,-22.149739393999997],[-43.982956007000006,-22.151498193999995],[-43.976949538,-22.150181859],[-43.976562381,-22.149186312],[-43.979150804,-22.147040353999998],[-43.970135569,-22.143478506999994],[-43.964881291,-22.139352515999995],[-43.953487804999995,-22.142328097],[-43.950169314,-22.139739673999998],[-43.949118458,-22.136664537999998],[-43.947083117,-22.136244196],[-43.946684897999994,-22.137449915],[-43.944881851,-22.136520737000005],[-43.942603153,-22.132494300999998],[-43.938101067,-22.132085019999998],[-43.933178638,-22.129518721],[-43.92761463499999,-22.130337282000003],[-43.920498419,-22.125329182999998],[-43.906608584999994,-22.121333109000002],[-43.902460471,-22.118600883999996],[-43.895856674,-22.117538966999994],[-43.892814722999994,-22.113722701999997],[-43.879651375,-22.114021367000003],[-43.880646922,-22.101953119999997],[-43.87919784799999,-22.099519559999994],[-43.878191239,-22.101200928999994],[-43.87461833,-22.100614661999998],[-43.87062507899999,-22.104475172999997],[-43.870226859999995,-22.100304936],[-43.863645184999996,-22.100393428999997],[-43.86070278999999,-22.09891117],[-43.857970564999995,-22.095050658],[-43.85436447099999,-22.095548431999994],[-43.851145535,-22.098678874999997],[-43.842370493999994,-22.099641098000003],[-43.84081396599999,-22.096621410999997],[-43.83513934599999,-22.095924528],[-43.830743788,-22.091015447999997],[-43.82331465299999,-22.090425014000004],[-43.818712814,-22.085902683999997],[-43.814785932999996,-22.087119463999993],[-43.810438709,-22.085781006000005],[-43.810206415,-22.084553163999995],[-43.813325796,-22.083590801999996],[-43.81111346899999,-22.082219158999997],[-43.799476626,-22.082595254],[-43.79620238199999,-22.079132961999996],[-43.78942159799999,-22.07607995],[-43.78866940699999,-22.07277252],[-43.783027971,-22.070128788999998],[-43.781623143,-22.071577863999998],[-43.77916746,-22.070692932999997],[-43.779267014999995,-22.067662044],[-43.776501605,-22.066035982999995],[-43.768172191999994,-22.067617797000004],[-43.767298323,-22.063159956999996],[-43.765439967999995,-22.062142287]]]}},{"type":"Feature","properties":{"code_muni":"3306156","name_muni":"Varre-Sai","abbrev_state":"RJ"},"geometry":{"type":"Polygon","coordinates":[[[-41.775501698999996,-20.799870286],[-41.766649650999994,-20.802045364000005],[-41.764573415,-20.805653986],[-41.763507645999994,-20.804553721999994],[-41.762162262,-20.805519952000004],[-41.763591076,-20.806964803999996],[-41.761201856,-20.806128112000003],[-41.761012825,-20.804417540999996],[-41.76012758099999,-20.807365275999995],[-41.758977529,-20.806805250999997],[-41.75562080899999,-20.808684671],[-41.755103299,-20.806816059000003],[-41.753176267,-20.813546897],[-41.75396884,-20.814958338999997],[-41.751727203,-20.814270587],[-41.751597197,-20.816475686000004],[-41.749870481,-20.816701727999998],[-41.749242091,-20.814190584],[-41.746128233,-20.812645174],[-41.739854509,-20.817503748999997],[-41.74264145499999,-20.825616856999996],[-41.738225695,-20.82685240299999],[-41.740761815,-20.829639348000008],[-41.737615663,-20.832271463],[-41.736308895,-20.83591307199999],[-41.74176511499999,-20.841750173999998],[-41.73966871299999,-20.844871552999997],[-41.740384029,-20.847277616000003],[-41.74353327699999,-20.847667788000003],[-41.745889794,-20.852436562],[-41.738897958,-20.866150171999994],[-41.74214408899999,-20.866945666000003],[-41.740193844,-20.867689837999997],[-41.743020845,-20.869826724],[-41.741502561,-20.869729897],[-41.741467125,-20.872585955999998],[-41.743875026999994,-20.870937947],[-41.749420239,-20.870368253999995],[-41.754955624,-20.874508817999995],[-41.76030375999999,-20.882151474],[-41.76653728299999,-20.88548622],[-41.776863453999994,-20.895924512000004],[-41.77748816599999,-20.900294652999996],[-41.77958465999999,-20.90252269599999],[-41.78410328999999,-20.903516485999997],[-41.78619171,-20.908448911999997],[-41.791166123,-20.91400321],[-41.79121360799999,-20.917196187],[-41.798208332,-20.922244415],[-41.797675029,-20.924222474000004],[-41.801471823,-20.927056064],[-41.802415603,-20.93106204],[-41.811854871,-20.941838966999995],[-41.812936312999994,-20.944308142999997],[-41.809921627,-20.949017413],[-41.80847042999999,-20.956451579000003],[-41.806383636999996,-20.957885793000003],[-41.804920990999996,-20.956485294],[-41.80021128200001,-20.957261231],[-41.79933845200001,-20.961439195000004],[-41.79617196499999,-20.962674150999998],[-41.793824461999996,-20.961515116999994],[-41.789524382,-20.966045006],[-41.791049739,-20.968402305000005],[-41.791171447,-20.975465832999998],[-41.794507939,-20.976984764],[-41.795123460999996,-20.980633823999995],[-41.793728877999996,-20.984147778999994],[-41.797905502999996,-20.987885779],[-41.809723291999994,-20.982114897999992],[-41.813528373,-20.976557823000004],[-41.817609780999994,-20.97484167],[-41.815152165,-20.971466134000003],[-41.81631474499999,-20.967005320000002],[-41.811786998,-20.96840598599999],[-41.81106421399999,-20.964927321],[-41.81728425199999,-20.962831618],[-41.81821301,-20.958658373],[-41.82303468,-20.952797341],[-41.826875119,-20.952409901],[-41.827886947,-20.953973376000008],[-41.829924201,-20.953873686999998],[-41.831362143999996,-20.951391484000006],[-41.833543673,-20.954864728],[-41.837421152999994,-20.957053952000003],[-41.84194649599999,-20.953974804000005],[-41.850522091,-20.953703614000005],[-41.85448387699999,-20.951189463],[-41.85834787899999,-20.955679460999992],[-41.85719213299999,-20.961729971],[-41.859494433,-20.964094366],[-41.86049700699999,-20.970215094999993],[-41.86695936899999,-20.972850226999995],[-41.891907644999996,-20.97381942699999],[-41.89440784,-20.97328915],[-41.895058396,-20.968387120999996],[-41.897240996,-20.966586074999995],[-41.900954184,-20.967601331999997],[-41.906660553,-20.965875130999994],[-41.90994689,-20.959453708999995],[-41.914347725999995,-20.956908359999996],[-41.915480251,-20.949902483999995],[-41.918355438,-20.947060896],[-41.916605174999994,-20.944651446999995],[-41.917360175999995,-20.942889602000005],[-41.913978650999994,-20.941553980999995],[-41.91107101,-20.933774176000004],[-41.911087768,-20.929365579],[-41.912728946,-20.927828997999995],[-41.91510169399999,-20.919914270999996],[-41.901510456,-20.897180054000003],[-41.902226807,-20.893163316000003],[-41.905068566000004,-20.889722586],[-41.90473601899999,-20.878548173999995],[-41.901725812,-20.876352893],[-41.896174922,-20.874996306000007],[-41.896310537,-20.871865100999994],[-41.902825359999994,-20.861888856],[-41.906033922999995,-20.860114543],[-41.904942399999996,-20.858495512999998],[-41.89946586,-20.855837478999998],[-41.885707494,-20.857387364999997],[-41.885362975,-20.859831477999997],[-41.87959844,-20.857161345999994],[-41.877024153,-20.860899166],[-41.871698519999995,-20.859843105],[-41.868409617,-20.862465551],[-41.864709077,-20.862104408],[-41.860955009,-20.863768334000003],[-41.857912286,-20.855266997000005],[-41.850996938,-20.856401532999996],[-41.846478618,-20.8515269],[-41.844135926999996,-20.851535690999995],[-41.840100884,-20.848566992999995],[-41.837964202,-20.849517923],[-41.833594464,-20.846844464000004],[-41.83299012399999,-20.844778390000002],[-41.829490716,-20.844695990999995],[-41.824954063,-20.838668947999995],[-41.82165191199999,-20.83760855099999],[-41.818256735999995,-20.832980775999996],[-41.815143501,-20.833214745],[-41.811272540999994,-20.830263253],[-41.799563729,-20.815384639],[-41.79729404999999,-20.815229226],[-41.790569957,-20.809592425000005],[-41.78625237,-20.810585289],[-41.785894223999996,-20.808683724999998],[-41.78434489199999,-20.808506862999998],[-41.781727445,-20.804786697000004],[-41.778593914,-20.80569240699999],[-41.778681845,-20.802623191999995],[-41.775501698999996,-20.799870286]]]}},{"type":"Feature","properties":{"code_muni":"3306206","name_muni":"Vassouras","abbrev_state":"RJ"},"geometry":{"type":"Polygon","coordinates":[[[-43.46686032299999,-22.214895406],[-43.457758319,-22.216325431],[-43.455280924,-22.220328397999996],[-43.449052821,-22.224670532999994],[-43.442552808,-22.226100402],[-43.434610334,-22.230791903],[-43.432743910999996,-22.234465778999997],[-43.42649601299999,-22.236049192],[-43.423864847999994,-22.235008139999998],[-43.418117329999994,-22.228937652],[-43.417618675,-22.227075305999996],[-43.419320515,-22.224065012999997],[-43.40101231799999,-22.215654343999997],[-43.398842071,-22.221144347],[-43.32539566,-22.278720078999996],[-43.503630369,-22.311180501999996],[-43.50722816999999,-22.335343111999997],[-43.50481805599999,-22.338118762000004],[-43.503066213000004,-22.343517080999998],[-43.50380888299999,-22.348475852],[-43.499789461999995,-22.352112826999996],[-43.498355907,-22.365583786999995],[-43.496804861,-22.366424949],[-43.49656393,-22.368822497],[-43.49437005099999,-22.37021446],[-43.492967587,-22.36963684599999],[-43.48770137499999,-22.373558055999997],[-43.488993009,-22.37791220999999],[-43.487979531,-22.378990985999998],[-43.49410122999999,-22.382066959999996],[-43.494301287,-22.384440241999997],[-43.501193047,-22.389719054],[-43.505286035999994,-22.399007730999998],[-43.50790893400001,-22.401315068],[-43.503414406,-22.407923065999995],[-43.500933152,-22.408899089999995],[-43.498060335999995,-22.415227604000002],[-43.495537604,-22.417876759999995],[-43.493077335,-22.417067870999997],[-43.491452722999995,-22.420000172999995],[-43.50832501899999,-22.426613515999996],[-43.50785503299999,-22.430080007000004],[-43.503309079,-22.431654848999994],[-43.50487079,-22.434786323999997],[-43.508457264,-22.436660672999995],[-43.510305044999996,-22.441036825000005],[-43.514445148,-22.443274912999993],[-43.517154791,-22.447364987999997],[-43.52375946299999,-22.442878954],[-43.531488108,-22.442407420000002],[-43.53214062399999,-22.446775085],[-43.53480642499999,-22.449368914999997],[-43.537662201,-22.449405598],[-43.539700139999994,-22.45107269],[-43.554810531,-22.526479152000004],[-43.57207240399999,-22.461149793],[-43.582460235999996,-22.456823572],[-43.68786126900001,-22.458449505999994],[-43.686803401,-22.464149258999996],[-43.69615436499999,-22.459423641999997],[-43.69826509699999,-22.460666801],[-43.699973721999996,-22.459320177],[-43.701356611,-22.460809471],[-43.70357323,-22.459920379999996],[-43.706982708999995,-22.463431018],[-43.71081392399999,-22.460519594],[-43.71089089699999,-22.457658650999996],[-43.715065714,-22.455024049],[-43.721429882,-22.466907743999997],[-43.73030982299999,-22.478874659000002],[-43.735612951,-22.483853894000003],[-43.739574173,-22.481793165],[-43.741070203,-22.482383376999994],[-43.745322448,-22.473321316999996],[-43.749901671,-22.47085779],[-43.751693823,-22.465889751999995],[-43.750106738999996,-22.465554743],[-43.749179641999994,-22.463036372000005],[-43.760936598,-22.456603066],[-43.761902917,-22.454461902],[-43.758132044,-22.451614336],[-43.759502564,-22.449230693000004],[-43.76571043,-22.448940354999998],[-43.76574287199999,-22.44403730599999],[-43.76983140899999,-22.441848805],[-43.771888809,-22.443277678000005],[-43.773171563,-22.441604378000005],[-43.77737339499999,-22.442158255999995],[-43.779735468,-22.438165602],[-43.77287870000001,-22.437546075999997],[-43.766929233,-22.42798407],[-43.760119143999994,-22.423154513999997],[-43.759766194,-22.419857471],[-43.755118622000005,-22.413872021],[-43.755325364,-22.408877954000005],[-43.748748809999995,-22.403200541999997],[-43.74383542199999,-22.402369418],[-43.72867605,-22.382895637],[-43.73146190599999,-22.37806294599999],[-43.720359036999994,-22.376038901999994],[-43.7126473,-22.380095496000003],[-43.707745044,-22.387331567000004],[-43.704671062,-22.386950887],[-43.701247744,-22.384312104000003],[-43.69977619600001,-22.378232099000005],[-43.69519893999999,-22.376437046],[-43.691439656,-22.369813049999994],[-43.693686818,-22.364567905],[-43.692273449,-22.360468853],[-43.689942630999994,-22.359504947999998],[-43.686356169,-22.360804564],[-43.683111184,-22.360091741000005],[-43.679339971,-22.361864365999992],[-43.67453192199999,-22.357685604],[-43.67956237,-22.34914154799999],[-43.678673332,-22.344897038000003],[-43.675458862,-22.342973622999995],[-43.67158445799999,-22.345282911],[-43.664707221,-22.343782648999998],[-43.661193303999994,-22.339973696000005],[-43.66123987699999,-22.337119371999997],[-43.66598408499999,-22.337185075000004],[-43.66845660799999,-22.334479173999995],[-43.666850912,-22.332366277],[-43.668024679,-22.329814895999995],[-43.667004541999994,-22.327539358],[-43.669085778,-22.325423958999995],[-43.65391425399999,-22.312091101999997],[-43.650679984,-22.316185684],[-43.646131522,-22.316879502999996],[-43.642695051,-22.315100106],[-43.640200543,-22.317749404999997],[-43.637909287,-22.317311456],[-43.624396170999994,-22.304665201],[-43.618703542999995,-22.304033657999998],[-43.613017457,-22.308204545000002],[-43.60535132399999,-22.307277457999998],[-43.599678502,-22.301678948],[-43.59686320699999,-22.29622664900001],[-43.58665061699999,-22.286404671999996],[-43.578983169,-22.284999264999996],[-43.577474528,-22.279007941000003],[-43.56214418599999,-22.264853464999998],[-43.558631418,-22.26539583],[-43.55509735,-22.268550762999993],[-43.54577982799999,-22.268705760999996],[-43.540719887,-22.270369546],[-43.538348563,-22.272715689],[-43.529363916,-22.273689937],[-43.52728987599999,-22.276358395],[-43.525168231,-22.276332084],[-43.52107470699999,-22.270923650000004],[-43.517308832999994,-22.261300776999995],[-43.516940111,-22.251154593],[-43.519879498,-22.244373701],[-43.514747279,-22.236460748000002],[-43.505358455,-22.239468796999994],[-43.496076884,-22.244509118],[-43.490274378,-22.244391889000006],[-43.484557029,-22.249753079000005],[-43.481067636999995,-22.249832579999996],[-43.476772917,-22.243665210999996],[-43.477171395,-22.237044744],[-43.473419304,-22.236373346999994],[-43.47111951099999,-22.232004893999996],[-43.470515324999994,-22.224449756],[-43.472149125,-22.216884866000008],[-43.46686032299999,-22.214895406]]]}},{"type":"Feature","properties":{"code_muni":"3306305","name_muni":"Volta Redonda","abbrev_state":"RJ"},"geometry":{"type":"Polygon","coordinates":[[[-44.08880018199999,-22.406272593999997],[-44.00480335799999,-22.407092805000005],[-44.00258457,-22.408029195],[-44.027972583,-22.426484327999994],[-44.036975007,-22.429622581],[-44.038386126,-22.433005349],[-44.043720136,-22.435179916],[-44.049329439999994,-22.44118146],[-44.04989887299999,-22.445307659999997],[-44.052439421,-22.445123689000003],[-44.05618891899999,-22.447112325],[-44.057853416,-22.451650269],[-44.061563029,-22.451868958999995],[-44.06301261,-22.454079265999997],[-44.065796301999995,-22.456220203000004],[-44.068327978999996,-22.456191657999998],[-44.07142085699999,-22.45950342],[-44.06891476599999,-22.462219691999998],[-44.063300383999994,-22.461205245999995],[-44.063697406,-22.462376975],[-44.060918506,-22.463161930999995],[-44.056676591999995,-22.467653899000002],[-44.056623897,-22.470434132000005],[-44.05455617,-22.473304788999997],[-44.056648352,-22.478195949000003],[-44.04772175899999,-22.485663181000007],[-44.04270839,-22.487323611999997],[-44.037420845,-22.494538409],[-44.030598651,-22.497138079],[-44.03269314599999,-22.502463246999998],[-44.03046589,-22.505631531],[-44.027893497,-22.506118652000005],[-44.027584273,-22.508089837999997],[-44.029256502,-22.510415148],[-44.02891760399999,-22.519662821],[-44.030919375,-22.520779453],[-44.032139149,-22.526641737],[-44.03447595,-22.529305931000003],[-44.033700885,-22.530616708999997],[-44.03553726399999,-22.531090847],[-44.031872852,-22.538195153],[-44.038629188,-22.541119222999992],[-44.03827449,-22.548956309],[-44.041344693,-22.551939617000002],[-44.04418742199999,-22.551754537999997],[-44.04715817099999,-22.553551733999996],[-44.05316141,-22.552289315],[-44.054152444,-22.550333807],[-44.086301544,-22.640591634000003],[-44.087941925,-22.638896506],[-44.087319147,-22.637233590999998],[-44.089867824,-22.629580402],[-44.087296026999994,-22.626968624],[-44.08738866699999,-22.624871444],[-44.088806278999996,-22.62185463],[-44.09063618,-22.621218002999996],[-44.088840149999996,-22.62000894399999],[-44.08879343699999,-22.614291277999993],[-44.091015705,-22.606370912],[-44.087621108,-22.604427079000004],[-44.09684894899999,-22.596269984],[-44.095737505,-22.589141139],[-44.090487964999994,-22.583170298999992],[-44.091960439,-22.582564063],[-44.091136631,-22.578891367999994],[-44.092758835,-22.5778571],[-44.093490218,-22.579216943999995],[-44.097445425,-22.578910041999997],[-44.097850397,-22.577180925],[-44.096658428,-22.573038947999997],[-44.09487706899999,-22.573378340999998],[-44.095530030999996,-22.572194953000004],[-44.08909507799999,-22.56482443799999],[-44.089994965,-22.563351712999992],[-44.088663819,-22.562717940999995],[-44.090857213,-22.55957688399999],[-44.087175563,-22.558008656999995],[-44.08745588199999,-22.554598810000005],[-44.086374096,-22.554294493],[-44.088860563,-22.550183325999996],[-44.084695422,-22.545394891000004],[-44.086102948,-22.545677283],[-44.086504041,-22.542790648999997],[-44.08867882999999,-22.54336793],[-44.089161292,-22.541137011000004],[-44.087324655,-22.539653134999995],[-44.089821670999996,-22.53506288199999],[-44.090093475,-22.530355369999995],[-44.090958009999994,-22.529273581],[-44.09157974099999,-22.530679807999988],[-44.09890952199999,-22.531858195000005],[-44.10000886,-22.530224797],[-44.101238210999995,-22.532146417999996],[-44.106767983,-22.533928831000004],[-44.10761942199999,-22.533147615999997],[-44.135892285000004,-22.537909558],[-44.138508582,-22.535394157000002],[-44.138980962,-22.532230173000002],[-44.141222436,-22.531829236],[-44.15602792,-22.516624907999997],[-44.155847614,-22.495866598000003],[-44.153748056,-22.483433282000004],[-44.15442585099999,-22.463313255000003],[-44.15125264699999,-22.452644652],[-44.142034758,-22.435326088999993],[-44.13220868,-22.426717616999998],[-44.109200572999995,-22.421418873],[-44.09912227699999,-22.412338477],[-44.08880018199999,-22.406272593999997]]]}}]}
