{"type":"FeatureCollection","features":[{"type":"Feature","properties":{"code_state":"31","name_state":"Minas Gerais","abbrev_state":"MG"},"geometry":{"type":"Polygon","coordinates":[[[-50.74037206999999,-19.21316376],[-50.740829835,-19.196930407999997],[-50.739917379999994,-19.193736815],[-50.73415289300001,-19.187694981],[-50.720983936,-19.182559240000003],[-50.709532624999994,-19.180734329999996],[-50.698309427,-19.176308922],[-50.683892636,-19.17608080899999],[-50.675863031,-19.171199174000005],[-50.671756982999995,-19.162713341],[-50.677687941,-19.139810718000003],[-50.675954276,-19.137073353000005],[-50.669475845,-19.134974706000005],[-50.65674709599999,-19.133697268999992],[-50.63694682,-19.134199119000005],[-50.62303187999999,-19.135750293000005],[-50.603642209,-19.135659046999997],[-50.594380789,-19.139354489999995],[-50.58776549,-19.139947585999995],[-50.57845844799999,-19.133332286999998],[-50.57302934,-19.122382824999995],[-50.548894902,-19.111707099999997],[-50.535162452,-19.098887105999996],[-50.504914565,-19.050755099000003],[-50.499262304,-19.034423115999996],[-50.49507616799999,-19.012868459999993],[-50.50276808,-19.007842283],[-50.504018229,-19.004482197000005],[-50.501183698,-18.99594198],[-50.50157415899999,-18.985311187999997],[-50.50005096899999,-18.981160869],[-50.500627326,-18.976262655999992],[-50.511878243999995,-18.951964943],[-50.510552993,-18.93866046699999],[-50.505684182,-18.932200278999993],[-50.50157159,-18.930110380000002],[-50.493376696999995,-18.928721933999995],[-50.46821596000001,-18.919161052000003],[-50.461023074,-18.913647213000004],[-50.443435822,-18.894115604000003],[-50.43559849299999,-18.876798301999997],[-50.423492673,-18.832653194],[-50.41872144399999,-18.827629494999993],[-50.411318797,-18.824941009000003],[-50.394267899,-18.82272835099999],[-50.386236654,-18.819730971],[-50.375595579,-18.811498062999995],[-50.370264603,-18.804393416000003],[-50.36568561699999,-18.794411545999996],[-50.361316592,-18.779713671999996],[-50.35232364099999,-18.76029778799999],[-50.34529759099999,-18.750918404],[-50.33201328300001,-18.724810619999996],[-50.314490032,-18.700749756],[-50.306266602,-18.695471546999997],[-50.296098857,-18.691239769999996],[-50.276308201999996,-18.686845105],[-50.257431628999996,-18.679515695],[-50.250263373,-18.67789108299999],[-50.225158991,-18.681631276000005],[-50.207630348,-18.678563078000003],[-50.198876875,-18.679079882999993],[-50.18004770299999,-18.668460732999996],[-50.164288025999994,-18.664352468999997],[-50.149252161,-18.664912958],[-50.12487758500001,-18.669264267999996],[-50.103873418,-18.669462667],[-50.08004310999999,-18.672243791000003],[-50.068378879,-18.656235271],[-50.053434773999996,-18.647066748999997],[-50.050205069,-18.643541834999994],[-50.040097712999994,-18.613834458000003],[-50.02876304499999,-18.601466406999993],[-50.020064344999994,-18.599363479],[-50.013902324,-18.599480536],[-50.00231219799999,-18.601602388],[-49.998159497,-18.603694666],[-49.98145473699999,-18.604645376000004],[-49.973816277999994,-18.614319714],[-49.945878827,-18.621688309999993],[-49.931651476,-18.623993053999996],[-49.913403691,-18.620158891999996],[-49.904371566,-18.621304571],[-49.896406981,-18.617030120999996],[-49.889304890999995,-18.6099351],[-49.880095585999996,-18.609560272],[-49.874093613999996,-18.611268356999997],[-49.870211042,-18.614340719999998],[-49.868096742,-18.622477943999996],[-49.864752867,-18.623916581000003],[-49.85279176699999,-18.623164404],[-49.83615352099999,-18.636689598999993],[-49.822756823999995,-18.632319210000002],[-49.819792944,-18.632577164000004],[-49.798425699999996,-18.643921788999997],[-49.784819600999995,-18.642247669999993],[-49.778482396,-18.634081723999998],[-49.77489555199999,-18.626453284000004],[-49.77454130699999,-18.619126233],[-49.772199181999994,-18.613264638000004],[-49.768529661,-18.610986399000005],[-49.75770308599999,-18.609709373],[-49.74305774399999,-18.616085528999996],[-49.738260538,-18.616925564000002],[-49.732826249999995,-18.616022999],[-49.72045196799999,-18.607811983999994],[-49.705584443,-18.595404382000005],[-49.693732448999995,-18.590641037999998],[-49.68205441199999,-18.588847531999996],[-49.67484242199999,-18.588806067],[-49.666964531999994,-18.590659083],[-49.656854855999995,-18.598059754999998],[-49.64786259,-18.601814242],[-49.639714529,-18.600139043999995],[-49.636067183,-18.595991511],[-49.635538151,-18.59001956199999],[-49.652605138,-18.57358993099999],[-49.653925869999995,-18.567364797],[-49.651706018,-18.561115976999996],[-49.642008303,-18.555243130999997],[-49.608209335,-18.54701414699999],[-49.591872852,-18.546382116],[-49.575253377,-18.542326181000004],[-49.557098739,-18.546576041999998],[-49.551075147,-18.543303587],[-49.544476332,-18.53599796],[-49.542274330999994,-18.531020835],[-49.54260613999999,-18.520583953999996],[-49.547040306,-18.505833565],[-49.546467182,-18.501127919],[-49.54290778399999,-18.496422273],[-49.53530635599999,-18.491807120999997],[-49.519198569,-18.492742217],[-49.510019152999995,-18.491238717],[-49.504467346,-18.492859878],[-49.499833027,-18.491022847000007],[-49.491744305999994,-18.495734709999997],[-49.490597996,-18.50129705],[-49.486285103,-18.506457557],[-49.486346049999995,-18.541867429999993],[-49.485447709,-18.551804336999997],[-49.481725582,-18.560547842],[-49.455974966999996,-18.577898524000005],[-49.443581622,-18.596763948],[-49.42568012499999,-18.615216259999997],[-49.419621156999995,-18.631603016],[-49.414113004,-18.638763615000002],[-49.405713070999994,-18.645097990999997],[-49.40116884399999,-18.646750436],[-49.39304431899999,-18.647301251999995],[-49.38505749699999,-18.646061916999997],[-49.380375566999994,-18.643583248000002],[-49.375280524999994,-18.638075095],[-49.34388405299999,-18.597865579],[-49.332179227999994,-18.570187110000006],[-49.32749729799999,-18.562200288],[-49.32087382000001,-18.560779001],[-49.301519861,-18.566473316],[-49.293484453,-18.564678957],[-49.290730377,-18.558895395999997],[-49.289077931,-18.542921751999998],[-49.285635335,-18.536311969000003],[-49.272553472000006,-18.527636628000003],[-49.268560061,-18.526404172999996],[-49.254086531,-18.525933280000004],[-49.249970044,-18.523505513],[-49.246481999,-18.518849748],[-49.24500693299999,-18.506785408999995],[-49.23872801499999,-18.498917272],[-49.22931822899999,-18.480378589],[-49.216116439,-18.466579908999993],[-49.201350745,-18.461151876],[-49.197753311999996,-18.457837234999996],[-49.192585468999994,-18.449721609],[-49.192152439,-18.446538571999998],[-49.194097580999994,-18.441278094],[-49.202528306999994,-18.429234199999993],[-49.212335478,-18.421835808000004],[-49.212038952,-18.416900171000005],[-49.210098755,-18.414781527999992],[-49.203388585,-18.41443741699999],[-49.186727686999994,-18.419394371000006],[-49.17357923899999,-18.416122287],[-49.16146156899999,-18.418214795000004],[-49.158787287,-18.415855559000004],[-49.15484749499999,-18.404889632],[-49.140767927,-18.396427846],[-49.132551919,-18.387966061],[-49.126312858,-18.384314341],[-49.118733123,-18.386756173],[-49.10825500899999,-18.386877615],[-49.108465675,-18.39017806299999],[-49.114294125,-18.396673624],[-49.112854568,-18.399693181999996],[-49.10801286800001,-18.403707144],[-49.096895994,-18.403705394000003],[-49.095034629999994,-18.407241828999993],[-49.09555966399999,-18.409825332999997],[-49.091260332999994,-18.413553895000003],[-49.08195849399999,-18.413263683000004],[-49.079051242,-18.416671096],[-49.077039877,-18.416780392999996],[-49.073591603,-18.415282469999998],[-49.07173541299999,-18.412575384999997],[-49.05744095,-18.406265664000003],[-49.048700469,-18.397498859000002],[-49.044808737,-18.389294659000004],[-49.04200088999999,-18.376507677999992],[-49.036273691999995,-18.372219983],[-49.02963621399999,-18.368820038],[-49.02374871,-18.367921858000003],[-49.01741427999999,-18.371964919],[-49.005964195,-18.374359003999995],[-48.99599666799999,-18.370940260000005],[-48.990621294,-18.358556266000004],[-48.981501217,-18.356374248],[-48.984195365999994,-18.341412530999996],[-48.97664391699999,-18.341732259],[-48.972418404,-18.336626117],[-48.97113885899999,-18.330486842999996],[-48.968338434,-18.327845433999997],[-48.959502163,-18.323478929],[-48.95461433399999,-18.317810266000002],[-48.943227298,-18.311764741000005],[-48.936773759999994,-18.306207588],[-48.933171575,-18.305454009],[-48.917744685,-18.305879440999995],[-48.914079832000006,-18.307560904],[-48.90939348,-18.315100579],[-48.90711421699999,-18.316345856999998],[-48.888279384,-18.317095911999996],[-48.882893241,-18.318851390000003],[-48.879175397,-18.321985953999995],[-48.87800103399999,-18.327115690999996],[-48.872751545,-18.332846822999993],[-48.851697691,-18.339351763000003],[-48.83713470099999,-18.34148082],[-48.832083831999995,-18.346135189000005],[-48.828024927,-18.375248807000002],[-48.82014293999999,-18.379239671],[-48.816361609,-18.379661166000005],[-48.811003626,-18.376182054],[-48.80610941999999,-18.364855122999998],[-48.798280000999995,-18.358555878],[-48.791636498,-18.356338142999995],[-48.78716853299999,-18.353201353],[-48.782737362,-18.353704644999997],[-48.776206720999994,-18.357477639999995],[-48.771413802,-18.35824227999999],[-48.757723381,-18.344761088],[-48.75574535399999,-18.344380922000003],[-48.742295252999995,-18.35249840299999],[-48.736946069,-18.354081927999996],[-48.730611654,-18.353271459],[-48.715169933,-18.347802342999998],[-48.708461186,-18.347641099999997],[-48.69774701699999,-18.350166256],[-48.677621895,-18.343775028999993],[-48.670579792,-18.345944109999994],[-48.65611079600001,-18.342402044],[-48.647169671,-18.343890624000004],[-48.64109073699999,-18.34026245],[-48.641551854,-18.333425932999997],[-48.63382488700001,-18.327648447999998],[-48.62366921899999,-18.328126126000004],[-48.602352800999995,-18.334822079999995],[-48.59727253700001,-18.33481111],[-48.591183355999995,-18.334192654000002],[-48.58236591899999,-18.327229480999996],[-48.573547874,-18.327871941000005],[-48.56141465399999,-18.323886466],[-48.557200653,-18.326530364000003],[-48.553746787,-18.33139582],[-48.554542635999994,-18.346949419999998],[-48.54724467999999,-18.351767296999995],[-48.538470235,-18.349659046999996],[-48.531111541,-18.351074536],[-48.526216861,-18.353980678999996],[-48.52570795399999,-18.358072618999994],[-48.520310837,-18.364371219999995],[-48.51564919,-18.366415906],[-48.50924683,-18.364063711999997],[-48.492776791999994,-18.352974991000004],[-48.48770287,-18.352061066999994],[-48.484806508000005,-18.353631986000003],[-48.48238920899999,-18.356267987000003],[-48.481422247999994,-18.360649685],[-48.486575728,-18.368880390999998],[-48.48691338599999,-18.371950494000004],[-48.484113956,-18.378574602],[-48.48123524999999,-18.380138665],[-48.474839454,-18.378380461000003],[-48.469531331,-18.370735486999997],[-48.45469662,-18.363119575999995],[-48.449417438999994,-18.357147514999998],[-48.44566087199999,-18.355301360000002],[-48.442049923999996,-18.356618565],[-48.439528356,-18.363539569000004],[-48.436573907,-18.365305930999995],[-48.42048607099999,-18.363224825000007],[-48.411171636,-18.357620103],[-48.40849761199999,-18.35800433],[-48.404273929999995,-18.362573258999998],[-48.40418890699999,-18.370977963],[-48.400012912,-18.372808852],[-48.352638797,-18.367696772],[-48.341835386999996,-18.370777462999996],[-48.327380119000004,-18.380789330999995],[-48.310540999,-18.386709536999994],[-48.307599225999994,-18.386372620999996],[-48.30460673100001,-18.382473963],[-48.30655946099999,-18.379971075000004],[-48.31530870200001,-18.376553611999995],[-48.318072955,-18.367095068000005],[-48.316272386,-18.36437534],[-48.305215374,-18.358093324999995],[-48.296212532,-18.354867988000002],[-48.28723505,-18.347213588000002],[-48.282340547,-18.339703281000006],[-48.280641419,-18.333107422000005],[-48.275011472,-18.329111267999995],[-48.27049737099999,-18.329448296999995],[-48.262052450999995,-18.33166304],[-48.259516439,-18.335899859999998],[-48.259896841,-18.340762447],[-48.256777545999995,-18.342977045],[-48.227968450999995,-18.344974972999996],[-48.226091802,-18.34750244],[-48.227993811,-18.357082405],[-48.221476259999996,-18.361968465],[-48.209835964999996,-18.361655568000003],[-48.20440889999999,-18.36399024199999],[-48.197206626,-18.36317190600001],[-48.191018756999995,-18.365867585000004],[-48.185617050999994,-18.370272040999996],[-48.17182179099999,-18.374848379999996],[-48.164941752999994,-18.371529229999997],[-48.161826209,-18.371885272999997],[-48.159380878,-18.375508132000004],[-48.15885355299999,-18.385431418],[-48.155401976,-18.390896415000004],[-48.150798386999995,-18.394483321999996],[-48.146533338999994,-18.409544521999997],[-48.126447075,-18.416591493],[-48.116618742,-18.425729580000002],[-48.110787595,-18.428594046],[-48.104145162,-18.426340671999995],[-48.09412449,-18.430973066000004],[-48.076075615,-18.42965475500001],[-48.06811781199999,-18.426706531999997],[-48.062964414999996,-18.414218532999993],[-48.057475448,-18.412924192],[-48.047456284999996,-18.417646141],[-48.04165571699999,-18.426059362],[-48.04056511499999,-18.431092911999997],[-48.038072309,-18.434712275000003],[-48.03085755299999,-18.434544489999993],[-48.022827841,-18.437492711999997],[-48.014150959000006,-18.443413127],[-48.012209446,-18.450436128000007],[-48.008829776999995,-18.452928933999992],[-47.99666635399999,-18.453526213999996],[-47.98091026699999,-18.442861178999998],[-47.978551349,-18.445584018999998],[-47.976051108,-18.452613452999998],[-47.97990604299999,-18.462691448],[-47.977353062,-18.470132937],[-47.97921210599999,-18.475963588999992],[-47.97638211299999,-18.477782713],[-47.969085121999996,-18.474745363999997],[-47.96495966,-18.47735703299999],[-47.96260766300001,-18.482715076],[-47.9631962,-18.493760915999996],[-47.96219782499999,-18.496071373000003],[-47.95884660699999,-18.499411593999998],[-47.954937045,-18.500280322],[-47.952825212,-18.49737277499999],[-47.952654997,-18.493839801999997],[-47.940550055,-18.488103954],[-47.929549336,-18.487843226000003],[-47.926328666,-18.480941026],[-47.926643808,-18.472934781999996],[-47.92543724899999,-18.471236011999995],[-47.914273995,-18.466577837000003],[-47.907173719,-18.469044437000004],[-47.901648196,-18.473072086999995],[-47.895495997999994,-18.474143928999997],[-47.890186727,-18.476898300999995],[-47.88791206399999,-18.477219197],[-47.887469149000005,-18.471852094],[-47.885577712999996,-18.468511478],[-47.880877259,-18.470131298000002],[-47.87757407,-18.474808659],[-47.875487598999996,-18.475670558],[-47.868182421,-18.474398512000004],[-47.863243309999994,-18.469743739999995],[-47.863322815,-18.464835173999997],[-47.866266856,-18.461971255000005],[-47.87185527399999,-18.461215806000002],[-47.873652883,-18.459150318],[-47.87132632699999,-18.455030355999998],[-47.86606926299999,-18.454229004],[-47.864576148,-18.452296886000003],[-47.86488076999999,-18.44717882000001],[-47.860453607,-18.440190788999995],[-47.857963854,-18.43901257],[-47.849461217,-18.441319521999997],[-47.838792728,-18.45176016],[-47.831938361,-18.449783112999995],[-47.830850125,-18.443489013999997],[-47.837041375999995,-18.435827768],[-47.83656949899999,-18.433106609999996],[-47.831848285,-18.428231977999992],[-47.830772185,-18.425194545999997],[-47.831182144,-18.414054210999996],[-47.829735003,-18.411303369999995],[-47.81532433899999,-18.406257386],[-47.810571998,-18.400115442999997],[-47.80198882799999,-18.403437726000003],[-47.797546797,-18.406909329000005],[-47.80073772,-18.411955044999992],[-47.798496769,-18.416309152999997],[-47.789213542,-18.417658366],[-47.78356982199999,-18.422628914],[-47.779016823999996,-18.424135104999998],[-47.775293508,-18.420497889],[-47.761916996,-18.41366727199999],[-47.75912567,-18.410276132],[-47.757106069,-18.409872946000004],[-47.749488749,-18.412551476999994],[-47.747876107,-18.411606734],[-47.74680018099999,-18.409937754999998],[-47.747597742,-18.405778315999996],[-47.75643091999999,-18.399271324999994],[-47.757124918,-18.396551548],[-47.75465947899999,-18.391671284],[-47.74848112699999,-18.386588748999998],[-47.74260296599999,-18.376519391000002],[-47.739994373,-18.376207467999997],[-47.73620979799999,-18.378926659999994],[-47.733292508,-18.375899045999994],[-47.739411792,-18.368502563],[-47.740570905999995,-18.363839770000002],[-47.736963095,-18.362602339999995],[-47.724994984,-18.363910657999995],[-47.71685459999999,-18.362088191],[-47.7125778,-18.376884565],[-47.710375006999996,-18.379654213],[-47.70726939,-18.380380142999993],[-47.700092594999994,-18.378992188],[-47.694040366,-18.374968110999998],[-47.68717753799999,-18.365015705000005],[-47.68646026300001,-18.357456979999995],[-47.682821987,-18.355018318],[-47.670708696,-18.35747465599999],[-47.66245670399999,-18.335084659],[-47.65757360399999,-18.327803791000004],[-47.65318549599999,-18.326246257999998],[-47.646936782,-18.330310568000005],[-47.646432582,-18.332237520000003],[-47.64893340999999,-18.334951784999998],[-47.64932474199999,-18.338272218999997],[-47.648154691,-18.340698542],[-47.64618490400001,-18.340228696999997],[-47.625636989,-18.330573423999997],[-47.624264097,-18.32263594599999],[-47.61058198599999,-18.316480685],[-47.61061285499999,-18.313335996],[-47.627319416999995,-18.303138757000003],[-47.63276753499999,-18.291620054999996],[-47.638770035,-18.287678126999996],[-47.637296293,-18.285282052999996],[-47.63421013799999,-18.284019245],[-47.62990631499999,-18.277251114000002],[-47.618182108,-18.270295296],[-47.61993207599999,-18.265482883],[-47.624963234999996,-18.26052464],[-47.617161293,-18.248420694],[-47.614755087000006,-18.247910286000003],[-47.611619728,-18.251045646],[-47.614791545,-18.259285079],[-47.61402593399999,-18.262055861999993],[-47.61174003799999,-18.263703748999994],[-47.60732866,-18.263958953000003],[-47.601130856,-18.255719519000003],[-47.602224586,-18.251453972],[-47.607000541,-18.246204067],[-47.606698463,-18.244402017],[-47.60091731799999,-18.241433320999995],[-47.59577852299999,-18.240547920000004],[-47.59117791199999,-18.235947309],[-47.585136354999996,-18.235131352],[-47.582150298,-18.236537576],[-47.58076143500001,-18.23553065],[-47.580900321,-18.233100138999998],[-47.58451136699999,-18.231277254999995],[-47.588230274,-18.226431808],[-47.581195546,-18.224057692000006],[-47.577266897,-18.226586183999995],[-47.574934942,-18.221630255000008],[-47.570644702,-18.220895738000007],[-47.56745131899999,-18.21113642599999],[-47.569193172,-18.205770052999995],[-47.568275168,-18.2037129],[-47.565462311,-18.203656999],[-47.561860911,-18.209336473999997],[-47.558636129,-18.209135235999998],[-47.556564736,-18.206340237999992],[-47.552928029,-18.205009803999996],[-47.550468249,-18.199352548999993],[-47.544665995,-18.195416958999996],[-47.54014659199999,-18.193516216000003],[-47.536862963,-18.194969727],[-47.53512110999999,-18.197217055],[-47.53805166,-18.204294271999995],[-47.53586257399999,-18.210230861999996],[-47.53935804999999,-18.215038123],[-47.538981433000004,-18.225065864],[-47.536768809,-18.230834069],[-47.532437714,-18.231325921999993],[-47.52758877099999,-18.226943905000002],[-47.530366320999995,-18.221443870000005],[-47.529518933,-18.217553496999997],[-47.517467191,-18.211158785999995],[-47.516337341,-18.208676859],[-47.517655500000004,-18.199441992999997],[-47.51308902,-18.195931274],[-47.503249903,-18.192577016999998],[-47.50110789399999,-18.193001893000005],[-47.49960142599999,-18.197518931999998],[-47.496965108,-18.199017131999998],[-47.492504551,-18.193013073999996],[-47.48843237999999,-18.192275130999995],[-47.48451321099999,-18.193505035000005],[-47.487526146,-18.189390413999995],[-47.487314299,-18.185801223000002],[-47.48060581,-18.178320707999998],[-47.47610994499999,-18.180702431000004],[-47.472720392999996,-18.180803067],[-47.46662390699999,-18.176654599999992],[-47.465458747999996,-18.177605066],[-47.462987319999996,-18.176691084000005],[-47.459332145999994,-18.168394604999996],[-47.450080232,-18.158896835],[-47.446735093,-18.158499751000004],[-47.44289441299999,-18.160575048],[-47.437550126999994,-18.167429593000005],[-47.433223271,-18.167637384000006],[-47.430216447999996,-18.165687223],[-47.427475613,-18.162720417999992],[-47.427365251,-18.160523294000004],[-47.433379376,-18.157254618000003],[-47.435205025,-18.150463913],[-47.428882376,-18.145860089999996],[-47.42971786299999,-18.141203972],[-47.42864031399999,-18.13991758599999],[-47.41846421899999,-18.140772263],[-47.414691346,-18.143419669999997],[-47.413700797,-18.147007119],[-47.411937921,-18.148233655000002],[-47.408066962999996,-18.141915946000005],[-47.399271418999994,-18.142121446999997],[-47.39587542,-18.140901992999993],[-47.397781546999994,-18.136978186999997],[-47.40506723499999,-18.136046064999995],[-47.40746923599999,-18.131848340999994],[-47.399245376,-18.127018624],[-47.395725879000004,-18.126985987999994],[-47.396563017,-18.122387258],[-47.394535863,-18.120347739000007],[-47.39476880099999,-18.116894045],[-47.391889441,-18.116872474999997],[-47.387228514,-18.121117164999998],[-47.38561350199999,-18.118498885999998],[-47.381934818,-18.117034092000004],[-47.370039817999995,-18.116014634],[-47.366996961,-18.108973725],[-47.36055261199999,-18.105121557],[-47.355838731999995,-18.105138414],[-47.353980452,-18.100725640000004],[-47.354130639,-18.095504460999997],[-47.356005705,-18.095194778],[-47.358073649,-18.097348995999997],[-47.36160314799999,-18.096674880000005],[-47.357631788,-18.085233305000003],[-47.352092298,-18.085071516],[-47.349713063,-18.088044771],[-47.34651658399999,-18.088198403000003],[-47.343089892,-18.08080292399999],[-47.33967417499999,-18.080997329],[-47.333123056999995,-18.074996909000003],[-47.32144852799999,-18.06886671499999],[-47.311751646,-18.068313926],[-47.30752583999999,-18.071478804],[-47.306667466,-18.07390015],[-47.304287808000005,-18.074597746],[-47.302786687,-18.069855012],[-47.305963531,-18.065152035],[-47.30587662399999,-18.063088214],[-47.30126605,-18.06207255],[-47.29342515599999,-18.063963043],[-47.290122896,-18.060560777000003],[-47.284157556,-18.058719499],[-47.283411786,-18.052792932],[-47.285573735999996,-18.049127919],[-47.283069424,-18.044269248],[-47.283399106,-18.040772850999996],[-47.286854422,-18.043467493999998],[-47.287602545999995,-18.040519660999998],[-47.291317803,-18.038041996000004],[-47.293280042000006,-18.029945634999997],[-47.295441993,-18.02893883899999],[-47.297413742,-18.029813004000008],[-47.297603943,-18.028528885],[-47.29949961199999,-18.029198075],[-47.300729577,-18.027178438999993],[-47.29994975399999,-18.026225886999995],[-47.299556671999994,-18.027190497],[-47.295923835,-18.027039776999995],[-47.297781463999996,-18.025647118000002],[-47.296171095999995,-18.024959827999997],[-47.296139395999994,-18.022078002999997],[-47.297927284,-18.021553482000005],[-47.29631057699999,-18.017743119999995],[-47.294421248,-18.016893011999997],[-47.296240836,-18.016675962],[-47.295492712999994,-18.01499984899999],[-47.296881179,-18.014023113999997],[-47.295492712999994,-18.012612263999998],[-47.297939964,-18.010887876999995],[-47.29698895999999,-18.009109208999995],[-47.299848313000005,-18.009965383999997],[-47.300292115,-18.00846406],[-47.303747432,-18.006974782999993],[-47.30550362,-18.007873173999997],[-47.307247128,-18.005768880999998],[-47.30694280699999,-18.008011852],[-47.31182462999999,-18.006287419999992],[-47.31342865700001,-18.002277749],[-47.312655174,-18.001204468000005],[-47.31418312099999,-18.000939161999998],[-47.313282837,-17.999642773],[-47.314829804,-18.000318102],[-47.317219994999995,-17.997646918000004],[-47.315907609,-17.996766563999998],[-47.314195801,-17.998424760999992],[-47.313422317,-17.996428893],[-47.31562864799999,-17.994686258],[-47.319711627,-17.995837967],[-47.318728922000005,-17.992774767000004],[-47.319775027,-17.992051167999993],[-47.31829146,-17.990609993000003],[-47.320256869,-17.990688382999995],[-47.31831048,-17.988499462999997],[-47.32075139199999,-17.988421071999998],[-47.319965227999994,-17.984833112],[-47.32242516,-17.985291410999995],[-47.32165801599999,-17.98434466199999],[-47.323008441999995,-17.983156696],[-47.321264934,-17.981962691999996],[-47.32234273899999,-17.980973713000004],[-47.32135023200001,-17.979214908999992],[-47.31673752499999,-17.979836309999992],[-47.31606832399999,-17.977207305],[-47.312985217999994,-17.975845002999996],[-47.31343931899999,-17.97125619499999],[-47.311278544,-17.969483253000003],[-47.314753821,-17.967575588999996],[-47.31296131799999,-17.961887379999997],[-47.31379782,-17.960501177],[-47.31506452199999,-17.961265979],[-47.31812372700001,-17.959808075999995],[-47.317574026,-17.958278472999993],[-47.322569134,-17.959330075],[-47.32268863499999,-17.955577769],[-47.324074837,-17.956199170000005],[-47.325150339,-17.953498465],[-47.32938064599999,-17.954024266],[-47.32951547999999,-17.951099339],[-47.330669459999996,-17.951725846000002],[-47.33193795,-17.949937358999993],[-47.33353925299999,-17.950654361000005],[-47.332893952,-17.948216557000002],[-47.335092755999995,-17.947380055],[-47.333587053,-17.944798850999998],[-47.334304054,-17.943723349],[-47.332846151999995,-17.943532149],[-47.335044955,-17.941405045],[-47.33368265299999,-17.938728240999996],[-47.335714157,-17.937748338999995],[-47.336526758,-17.934832534],[-47.337219858999994,-17.937748338999995],[-47.338414861,-17.935477835],[-47.340063964,-17.936935738000003],[-47.340924365,-17.936696737],[-47.339179662,-17.934928134],[-47.33994446399999,-17.934258933],[-47.34027906399999,-17.935764636],[-47.341282866,-17.934856433999993],[-47.33944256299999,-17.930028625999995],[-47.341569666,-17.929263825000003],[-47.33901236199999,-17.928833624],[-47.338390960999995,-17.925965619],[-47.34047026499999,-17.924005816000005],[-47.342119367,-17.924149216],[-47.342812469,-17.925846118999992],[-47.342692967999994,-17.923623415],[-47.344628872,-17.923025914],[-47.34355337,-17.919536508],[-47.342788569,-17.921400710999993],[-47.341163365999996,-17.920564210000002],[-47.341043866,-17.918461006],[-47.343386069999994,-17.917313804],[-47.33996836399999,-17.916453402999995],[-47.341402366,-17.9147804],[-47.34008786399999,-17.912772797],[-47.33786515999999,-17.912438196],[-47.344485471,-17.90859029],[-47.342119367,-17.906176386],[-47.34357726999999,-17.905674485000002],[-47.34135456599999,-17.904455583],[-47.34343387,-17.904144882000004],[-47.343290469,-17.900870576999996],[-47.34168916699999,-17.900034075],[-47.34286026899999,-17.898623973],[-47.346684274999994,-17.89661637],[-47.34804657699999,-17.897667971000004],[-47.34807047699999,-17.895994969],[-47.349839079999995,-17.895015066999996],[-47.351464283,-17.89621006899999],[-47.350364881,-17.897094370000005],[-47.35253978499999,-17.898193771999992],[-47.35543169,-17.895445268],[-47.356698392,-17.896544669000008],[-47.35697100699999,-17.891221944000005],[-47.35559899,-17.890975959999995],[-47.356602792,-17.889255156999997],[-47.357845594,-17.889757058],[-47.357917294,-17.88512045],[-47.35908839599999,-17.884594649000004],[-47.357634528999995,-17.883253299000003],[-47.358538695,-17.879360540999993],[-47.354690788999996,-17.876898836000002],[-47.355909691,-17.876659836000005],[-47.355427872,-17.872558092],[-47.352993886,-17.872310028999998],[-47.354534073,-17.871367777000003],[-47.354114932,-17.869801969999994],[-47.352606009,-17.869866251000005],[-47.354155531,-17.869169304999996],[-47.354231275,-17.865887632],[-47.35636379099999,-17.864709815999998],[-47.356674492,-17.866335019],[-47.35819375199999,-17.865764003000002],[-47.356507191999995,-17.860073208],[-47.354978241,-17.859851003],[-47.35758269299999,-17.857515904],[-47.357009092,-17.854600099000002],[-47.360498498,-17.853883098000004],[-47.359900997,-17.849915691],[-47.36448980499999,-17.845326883],[-47.36480567699999,-17.840766495000004],[-47.36676030899999,-17.84040347499999],[-47.366282307999995,-17.838587072],[-47.364585405,-17.838419772000005],[-47.36587600699999,-17.83454796499999],[-47.366999309,-17.834834766],[-47.36750121,-17.832779362],[-47.368791812,-17.833329063],[-47.369245913,-17.831823360000005],[-47.369413212999994,-17.833113963],[-47.37261581900001,-17.829791857000004],[-47.370966716,-17.826971652000008],[-47.368767912,-17.827545252999997],[-47.366975409,-17.826660952],[-47.367931410999994,-17.82548985],[-47.363127502999994,-17.823745147000004],[-47.362147601,-17.815475732999996],[-47.35911229599999,-17.816264434000004],[-47.360068298,-17.814830431999997],[-47.359040596,-17.814615331],[-47.35686569199999,-17.816168833999992],[-47.356841792,-17.814830431999997],[-47.350747282,-17.813946129999998],[-47.351607683,-17.812129727],[-47.34986298,-17.81019382399999],[-47.35079508199999,-17.808353521000004],[-47.35461908799999,-17.808496921],[-47.354260588,-17.805628916000003],[-47.357821694,-17.805485516],[-47.355049289,-17.803143312],[-47.352277319,-17.804170579],[-47.351057982,-17.797335602],[-47.348954779,-17.798506703999998],[-47.348169025999994,-17.796513068999996],[-47.346708175,-17.796451300999998],[-47.348715779,-17.7957582],[-47.348835279,-17.794300297],[-47.35042075199999,-17.795398176999996],[-47.350699698999996,-17.793629017000004],[-47.354093288,-17.793583295999998],[-47.35328068599999,-17.788086287],[-47.354332287999995,-17.786054783],[-47.348352107,-17.785736978],[-47.350532181999995,-17.782708778],[-47.347329576,-17.783138978000004],[-47.347114476,-17.780701174],[-47.34427037099999,-17.77811997],[-47.34047026499999,-17.777976569999996],[-47.339346963,-17.775610466000003],[-47.340135664,-17.776279667000004],[-47.343437737,-17.774164187],[-47.337291559,-17.770471957000005],[-47.336750897,-17.767853295],[-47.335881457,-17.769635456000007],[-47.335880153,-17.767868786],[-47.332917852,-17.768392653999996],[-47.33179454999999,-17.765548549],[-47.335714157,-17.762561043999998],[-47.336909159,-17.757613735000007],[-47.334327954,-17.756299232999996],[-47.334758154999996,-17.754674031],[-47.339544415,-17.754321222000005],[-47.338629962,-17.750491523],[-47.34221496799999,-17.751519224999996],[-47.340685365,-17.748961921000003],[-47.342112323,-17.746644997999997],[-47.341698205,-17.743845379],[-47.339514263,-17.742007009],[-47.339490363,-17.739999406],[-47.33644343400001,-17.739569205000002],[-47.337201414,-17.736885357999995],[-47.335825465,-17.736692302],[-47.33478205499999,-17.738517603],[-47.334590854999995,-17.737107501],[-47.332674554,-17.737384687],[-47.332368151,-17.733689794999997],[-47.33074294800001,-17.734430696000004],[-47.33114924899999,-17.732781593999995],[-47.32832904399999,-17.732614293],[-47.326966742,-17.730941291],[-47.32538933899999,-17.732303592999997],[-47.325293739,-17.729148788],[-47.323286788,-17.730678389999998],[-47.322650231,-17.727344825000003],[-47.31965773699999,-17.726088711999992],[-47.31896667299999,-17.727018720000004],[-47.316950544,-17.725243246999995],[-47.317857167999996,-17.722139146999993],[-47.315351322000005,-17.720903273999998],[-47.312913518,-17.711152057],[-47.31140781599999,-17.710363355999995],[-47.31298565299999,-17.709185270000003],[-47.312268216999996,-17.707471450999996],[-47.31422802,-17.707375851],[-47.31370222,-17.698963036999995],[-47.303353502,-17.68935522],[-47.302458858,-17.692294925],[-47.301230266,-17.690355154999995],[-47.299887996,-17.691161933000004],[-47.29988424599999,-17.689869364999996],[-47.302158500000004,-17.689068420000005],[-47.298860295,-17.686606716000004],[-47.298382294,-17.683284610000005],[-47.297115592,-17.684025511000005],[-47.295547879,-17.682192964999995],[-47.294080286,-17.684407912],[-47.291570782,-17.682065708],[-47.29004118,-17.682328609],[-47.289753075,-17.684380194],[-47.288989578,-17.682973909999998],[-47.28603021799999,-17.683852846999997],[-47.284660771999995,-17.681466855000004],[-47.282657322,-17.681666193],[-47.28265098199999,-17.679666769999997],[-47.280780674,-17.681104422999997],[-47.280159350999995,-17.678289511],[-47.278675783999994,-17.679539916999996],[-47.27570230999999,-17.675655775999992],[-47.27482738599999,-17.676670613999995],[-47.273159957999994,-17.675836996999998],[-47.274237763,-17.674477832000004],[-47.270104063,-17.674471791],[-47.271365728999996,-17.665863500999997],[-47.27378128099999,-17.662202588000007],[-47.276241212,-17.662148217],[-47.275017586,-17.661211832999996],[-47.276773775,-17.660166700999998],[-47.276697694,-17.658444939],[-47.280324191,-17.658680550000003],[-47.280476352,-17.65623381],[-47.27852362299999,-17.65497115899999],[-47.280850414,-17.653793079000003],[-47.280799693999995,-17.64763069],[-47.279544368,-17.643425644000004],[-47.274960525999994,-17.638519633999998],[-47.271219909,-17.637087681999997],[-47.27106774799999,-17.635359657],[-47.268893117999994,-17.636284092000004],[-47.26423953599999,-17.619111791000005],[-47.265653361999995,-17.614900037000005],[-47.264803797999996,-17.611389160999998],[-47.271974371999995,-17.599756249000002],[-47.275759369999996,-17.597743830999992],[-47.27635533299999,-17.593283795999998],[-47.27832708199999,-17.591422394],[-47.279176645999996,-17.584030988],[-47.281313236,-17.582423333],[-47.283703427000006,-17.577237638999996],[-47.287082663,-17.575043646999994],[-47.288674011000005,-17.570734158999993],[-47.295521242999996,-17.566382256999997],[-47.298570797,-17.562695147],[-47.306624897999995,-17.558460309999994],[-47.311982646,-17.549550140999997],[-47.314686356,-17.539781554000008],[-47.325414484,-17.523800631999993],[-47.333808683,-17.521890149],[-47.345017856,-17.526001289999996],[-47.349468556999994,-17.526073839],[-47.35550426499999,-17.523667624000005],[-47.37444827400001,-17.523595075000003],[-47.37773875,-17.522131983000005],[-47.383812498,-17.515928827999996],[-47.385105864,-17.512518816],[-47.388453399999996,-17.514139184000005],[-47.392460299,-17.512264876000007],[-47.400448737,-17.511817457999996],[-47.414884985,-17.521001404000007],[-47.431476843,-17.52374017399999],[-47.43297943,-17.526261257],[-47.435978264,-17.525892467],[-47.447200117,-17.531913916],[-47.449285987,-17.531617685],[-47.45011019,-17.535662107],[-47.454725732,-17.541786],[-47.460514179,-17.53681073],[-47.46688590899999,-17.534017749],[-47.470081283999995,-17.526376125],[-47.47469682599999,-17.52066888],[-47.477283557999996,-17.512784847999995],[-47.482854891,-17.510945106],[-47.485223075,-17.516405178000007],[-47.49117405799999,-17.518777878],[-47.504716628,-17.509193191999998],[-47.50885184799999,-17.501218267000002],[-47.508389341999994,-17.496448605],[-47.502947999,-17.490243333],[-47.50302407899999,-17.483906052000002],[-47.505864413,-17.47931017599999],[-47.51235660299999,-17.476939625999997],[-47.514436133,-17.470601882],[-47.513041327,-17.464505827999997],[-47.514639014,-17.460998084999993],[-47.52194272799999,-17.45838537799999],[-47.527496595,-17.460562637],[-47.533443543,-17.457054817999996],[-47.534889068999995,-17.458119267000004],[-47.53710719499999,-17.455894404],[-47.541364272,-17.454610425000006],[-47.539793579,-17.449993396999993],[-47.5409529,-17.445720736999995],[-47.536166025,-17.446482710000005],[-47.535243554999994,-17.442582467],[-47.529827155999996,-17.442769454],[-47.52829385999999,-17.438864536],[-47.52837488800001,-17.428958883000004],[-47.521624646,-17.425862685],[-47.524254934,-17.422535868999997],[-47.526330493,-17.425724003000003],[-47.528363551999995,-17.425002621999997],[-47.531460177999996,-17.413973409],[-47.537842678,-17.410913049999998],[-47.537973568999995,-17.408401186999992],[-47.536084998,-17.408083309],[-47.532862583,-17.41037701999999],[-47.529066741,-17.410539074999996],[-47.526012615,-17.414866272999998],[-47.524491784999995,-17.410161984],[-47.534053069,-17.400525905],[-47.53486958,-17.398277382999993],[-47.53372895799999,-17.394657619999993],[-47.537518567,-17.394077960000004],[-47.53981227800001,-17.388396662],[-47.531846619,-17.388440292000002],[-47.529864553,-17.389686874999995],[-47.528730163999995,-17.387679876999997],[-47.53326772199999,-17.38018947799999],[-47.532494840999995,-17.378730977000004],[-47.529048042,-17.377830321000005],[-47.528381121,-17.382565775],[-47.525669805,-17.383348005000006],[-47.520166145,-17.380646038],[-47.520515188000005,-17.376309491000004],[-47.516382769,-17.37706367299999],[-47.514506663,-17.374952275],[-47.517342637,-17.367338774999997],[-47.514618854999995,-17.357066938999992],[-47.520639846,-17.35749701],[-47.52232896499999,-17.353704284000006],[-47.51660092,-17.34610325],[-47.509121428,-17.343737861000005],[-47.504689829,-17.339680236],[-47.504876816,-17.337246285000003],[-47.50873498799999,-17.339353009],[-47.51264925499999,-17.335321874],[-47.51374624799999,-17.329286859],[-47.511134657999996,-17.326259222999997],[-47.50905909899999,-17.327078849999996],[-47.511122192,-17.330815479999995],[-47.51036800999999,-17.332489016],[-47.508959373,-17.333236965],[-47.506777854,-17.331896889999996],[-47.498410627,-17.336003585000004],[-47.495748157,-17.345648065999992],[-47.490822391,-17.344825773000004],[-47.487954787999996,-17.349506305],[-47.47894061699999,-17.348197610000003],[-47.47588648799999,-17.345093442999996],[-47.47322320000001,-17.344699711],[-47.46618116,-17.355224466],[-47.464011578,-17.35584779],[-47.457463903,-17.353178718999995],[-47.456541413,-17.350823742000003],[-47.460824443,-17.34845378],[-47.460043732,-17.34415050599999],[-47.45041393299999,-17.345194380999995],[-47.44706226099999,-17.349269611999993],[-47.44079009199999,-17.347702820999995],[-47.440539978,-17.346481437000005],[-47.443820841999994,-17.343918336000005],[-47.44448045,-17.340759341],[-47.449066226,-17.338158612000004],[-47.44992979,-17.334951380999996],[-47.454293156999995,-17.331901067999997],[-47.45487746199999,-17.32973889],[-47.450153627999995,-17.328216591],[-47.45034703299999,-17.324052896999994],[-47.445712462,-17.321773153],[-47.441931429,-17.323014331000003],[-47.43786850299999,-17.317878158999996],[-47.43537710499999,-17.317005278999996],[-47.433270274,-17.31730509799999],[-47.430038393,-17.321857585999997],[-47.424185197999996,-17.324029230999994],[-47.422866182,-17.323089309000004],[-47.421711614,-17.315968369],[-47.429371054,-17.308037614],[-47.42121040499999,-17.303914461],[-47.419204083,-17.295447460999995],[-47.421804671,-17.287210675999997],[-47.425549832,-17.283630198999997],[-47.432770057,-17.283487769999997],[-47.434486707999994,-17.280786460999998],[-47.434459152,-17.276218479999997],[-47.427955445,-17.271521679000006],[-47.417848222,-17.270462884999997],[-47.416934754,-17.264702414],[-47.41815737899999,-17.262396752999997],[-47.423126532999994,-17.262107401],[-47.422906714,-17.260564436],[-47.417569594,-17.257687539],[-47.410522818,-17.257769782999993],[-47.407675854,-17.256437905],[-47.406724630999996,-17.255438883999997],[-47.411068835,-17.251138520999994],[-47.41014519,-17.247592936],[-47.40781558999999,-17.245956086000003],[-47.39891731899999,-17.242646504999993],[-47.396065959,-17.242767319000002],[-47.38962331900001,-17.245125138],[-47.387571957,-17.249814423999997],[-47.38422731799999,-17.247782925999996],[-47.38193285399999,-17.243356844999997],[-47.386938575,-17.241059254000003],[-47.387258519999996,-17.239136808],[-47.380933111999994,-17.237877734],[-47.379014628,-17.236277478000005],[-47.381460055999995,-17.234536007999996],[-47.385318791,-17.22704918399999],[-47.380015619999995,-17.223891623],[-47.378604383,-17.219974342],[-47.374320521,-17.222069040999997],[-47.373563836,-17.220079976],[-47.375980819,-17.217155050000002],[-47.374678228,-17.216330678999995],[-47.369480993,-17.217741245999996],[-47.366127602999995,-17.221775686],[-47.36264627999999,-17.22270846],[-47.361908502999995,-17.220169184999996],[-47.364158902,-17.215807572999992],[-47.36418124,-17.212006445999997],[-47.360793478999994,-17.209729929999998],[-47.360845802,-17.204619696999995],[-47.35607423799999,-17.202638389999997],[-47.35142406399999,-17.206008269000005],[-47.34989483399999,-17.20232886],[-47.350232822,-17.196498467999998],[-47.351877555,-17.195014967999995],[-47.357296021,-17.194555433],[-47.36217519699999,-17.187636511000004],[-47.361848056,-17.185081711000002],[-47.356676051,-17.188622601],[-47.351702943,-17.186239371],[-47.34278783599999,-17.189550211],[-47.34017725299999,-17.187387116000004],[-47.351659543,-17.181963535999998],[-47.35175903799999,-17.178056294999998],[-47.348487687,-17.176223017000005],[-47.35304422000001,-17.169846961],[-47.35198745999999,-17.166499406000007],[-47.341876972,-17.165904959000006],[-47.339376739,-17.163792302000004],[-47.333904859,-17.165293059],[-47.32942742299999,-17.158476373000003],[-47.332291514999994,-17.154032837],[-47.32768004799999,-17.148335864999996],[-47.32570789199999,-17.148995332000002],[-47.32652031,-17.154159701999998],[-47.32368198700001,-17.155629894000004],[-47.321875604,-17.151959446999992],[-47.320596036,-17.151269582999998],[-47.318766677,-17.15266414],[-47.313405002,-17.146972879999996],[-47.311041841,-17.146318320999992],[-47.30884514899999,-17.149114015000002],[-47.30939567899999,-17.158798063],[-47.307375390999994,-17.159012760000003],[-47.302979539999995,-17.154450116000003],[-47.30417575199999,-17.146928820999996],[-47.297125881,-17.142042474],[-47.295818792999995,-17.138622954999995],[-47.288120145,-17.143498363],[-47.282710098,-17.144099596],[-47.281572149999995,-17.142149215999993],[-47.28384922299999,-17.138359295999997],[-47.282379377,-17.135365656999998],[-47.283423803999995,-17.130578170999996],[-47.282093014,-17.127900901],[-47.27818197,-17.130176898],[-47.276348864,-17.127403065999996],[-47.28097389199999,-17.126237777],[-47.28217216899999,-17.122760812000003],[-47.279740787,-17.120984311999997],[-47.275929379,-17.123083004999998],[-47.27514860699999,-17.117831022999994],[-47.27604323300001,-17.116072675999995],[-47.280790435,-17.117325454],[-47.28195751599999,-17.114893234000004],[-47.277516975999994,-17.110978668000005],[-47.274859068999994,-17.105835004999996],[-47.27326642799999,-17.105400513999992],[-47.267147442,-17.113658513000004],[-47.265933538999995,-17.113608502000005],[-47.266951124,-17.108369303],[-47.26401320899999,-17.105943498],[-47.26465218,-17.099339085],[-47.262446653999994,-17.097876609],[-47.259341731,-17.100758825],[-47.256397084,-17.093998130999992],[-47.254391907999995,-17.094559629],[-47.254065612000005,-17.098911450999996],[-47.25239704999999,-17.097814083],[-47.248176183,-17.098556554999995],[-47.246677766999994,-17.082036431999995],[-47.24359921199999,-17.087270322000002],[-47.242464905,-17.087519331000003],[-47.24065073599999,-17.08361864200001],[-47.23954920599999,-17.083689949000007],[-47.229733878999994,-17.089651216999993],[-47.22690499099999,-17.087348226999993],[-47.224391714,-17.087980747999993],[-47.22231764299999,-17.085526716000004],[-47.227154242999994,-17.084002025999997],[-47.230748217999995,-17.086360034000002],[-47.233731729999995,-17.082381534999996],[-47.228700086,-17.079972732999998],[-47.223786188999995,-17.082544451000008],[-47.22307077699999,-17.079721421000002],[-47.225171916,-17.077515652],[-47.224420568,-17.076304541999995],[-47.220480536,-17.077530547999995],[-47.217469543,-17.075951829],[-47.212295104999995,-17.080387383],[-47.20768056099999,-17.080355110999996],[-47.207232446000006,-17.078382735999995],[-47.21037724999999,-17.073925644999996],[-47.20780917999999,-17.067336022999996],[-47.205873296,-17.068193584000007],[-47.20554031099999,-17.070681647],[-47.200701579000004,-17.070332811],[-47.198094321,-17.072259989000003],[-47.191843777,-17.06956839999999],[-47.192487661,-17.06672057],[-47.194481478,-17.067932801],[-47.196258246,-17.066637357000005],[-47.195877916,-17.060381654000008],[-47.193472619999994,-17.060028318999997],[-47.190289562,-17.061700761000008],[-47.188957989,-17.058800669],[-47.187382996,-17.058332904000004],[-47.183288288,-17.063463239000004],[-47.18037098300001,-17.062808018],[-47.174940216,-17.054687169],[-47.182053729,-17.053268835999994],[-47.181483125999996,-17.045873935000003],[-47.18447562,-17.040115406999995],[-47.183613376,-17.036914802000005],[-47.180443361,-17.035314478],[-47.17805950999999,-17.04077007],[-47.175396698,-17.041703566],[-47.173050886999995,-17.044964706000005],[-47.166267055,-17.047946960999994],[-47.164631327,-17.045510244],[-47.168080302999996,-17.043800885],[-47.168676266000006,-17.040127530999996],[-47.16597541299999,-17.039606224000007],[-47.165518930999994,-17.042152127999998],[-47.163211159999996,-17.041958155],[-47.161613473,-17.0381999],[-47.163059,-17.033629274000003],[-47.162082635,-17.031216618],[-47.15884921999999,-17.029664742],[-47.157758734999994,-17.033920245999997],[-47.155552404,-17.033229187999996],[-47.156858449999994,-17.029531377],[-47.15521004299999,-17.027167164999998],[-47.15205270799999,-17.033544408],[-47.146631982,-17.03232595900001],[-47.146492501999994,-17.028331088999998],[-47.14836915,-17.024887793999998],[-47.144184730999996,-17.026779189000006],[-47.142422202,-17.022390152999996],[-47.137426259,-17.020316843],[-47.140342673,-17.018583004999996],[-47.136006092,-17.013563271],[-47.131973832999996,-17.011247358000002],[-47.13179631199999,-17.007003464],[-47.138022222,-17.006518441999997],[-47.143829689,-17.010628967999992],[-47.14433689199999,-17.003668908999998],[-47.14021587199999,-17.006518441999997],[-47.139924230999995,-16.998782162],[-47.143614128,-17.000261537999997],[-47.14711382499999,-16.998382000999996],[-47.150068278,-17.000576812999995],[-47.151539165,-16.997739316000008],[-47.14412133,-16.990936423999997],[-47.137350178999995,-16.990742399000002],[-47.132531756,-16.989008287],[-47.129716783,-16.985831060999995],[-47.127409012,-16.978651787999997],[-47.129475862,-16.97515907],[-47.142992805,-16.971739053000004],[-47.14615014,-16.967518521999995],[-47.144387612,-16.963055326999996],[-47.15202100799999,-16.965347579000003],[-47.159045760999994,-16.963006814],[-47.160174286,-16.960035334],[-47.153517255,-16.957464057],[-47.153491894999995,-16.953413011000002],[-47.167275118999996,-16.952648880999995],[-47.16657771599999,-16.948949481],[-47.15950224299999,-16.943321401999995],[-47.157955276,-16.939852285999997],[-47.164555247,-16.936668164],[-47.169234188999994,-16.939627883],[-47.171326398999994,-16.933611355999997],[-47.17458517399999,-16.930275497],[-47.16815638399999,-16.928225431],[-47.16504976899999,-16.922111490999992],[-47.160573707999994,-16.920886253],[-47.161448631999995,-16.918872478],[-47.165442850999995,-16.916919339],[-47.167573101,-16.91363171],[-47.170984037,-16.916688843000003],[-47.174724654,-16.917416724],[-47.176715424,-16.908912467999997],[-47.18187620799999,-16.901329891],[-47.189344763,-16.902979886000004],[-47.191272132,-16.906122114999995],[-47.19721908,-16.909725302],[-47.198842127999995,-16.908063235],[-47.196217356,-16.904848245],[-47.194353387,-16.896852993999996],[-47.19506347,-16.895348539000004],[-47.203115308,-16.89288557399999],[-47.20372395099999,-16.889318464000002],[-47.20255738499999,-16.887801815999996],[-47.195367792,-16.88589688799999],[-47.194213906,-16.882438847999993],[-47.202887067,-16.880558133999997],[-47.20247610799999,-16.873767627999996],[-47.208897414999996,-16.874636793999994],[-47.210330262,-16.865281183],[-47.209632859,-16.86355805],[-47.202062863,-16.862817826],[-47.200325695,-16.856155680000004],[-47.205904921000005,-16.852988347999997],[-47.206437484,-16.83838881],[-47.203356229,-16.836726113999998],[-47.199653652,-16.82869157],[-47.19456894799999,-16.824589209000006],[-47.19625539599999,-16.822246696],[-47.199945293,-16.826154913000003],[-47.213817278,-16.827574960000003],[-47.213538317,-16.822295245999996],[-47.210685303999995,-16.822161734000005],[-47.207921051,-16.819030246000004],[-47.211775788999994,-16.817573723],[-47.213842639,-16.811468339],[-47.219117542999996,-16.810060309999994],[-47.22118439300001,-16.807766172000004],[-47.221082953,-16.80246162999999],[-47.216442051,-16.800567980999993],[-47.219903707,-16.796440733],[-47.217443776,-16.792264838999998],[-47.22051234999999,-16.788003873999997],[-47.21800169800001,-16.781387658000003],[-47.219700826,-16.778073393000003],[-47.230681757999996,-16.775791008000006],[-47.231125559999995,-16.767608191999997],[-47.229705393,-16.765774901999997],[-47.22678897899999,-16.765434951999993],[-47.224341728,-16.761051971999994],[-47.23314168899999,-16.764706486],[-47.236489225,-16.755345449000004],[-47.23399125299999,-16.747331744999997],[-47.23537338,-16.744842570999992],[-47.23408001399999,-16.743288337999992],[-47.227625863,-16.741357673000003],[-47.232380885999994,-16.733489096999996],[-47.224126167,-16.729809697999997],[-47.222883521,-16.724077950999998],[-47.22522933199999,-16.721758487000002],[-47.22898263,-16.712152451],[-47.238746276,-16.707221731],[-47.24216989200001,-16.702849556999997],[-47.249498966,-16.706930256],[-47.25242805999999,-16.703942609999995],[-47.247368716,-16.702448770000004],[-47.246189471,-16.700456964999994],[-47.24587880899999,-16.683537927999996],[-47.247273615999994,-16.681278704000004],[-47.25072259200001,-16.684691822],[-47.257075302000004,-16.685529908999992],[-47.25928163199999,-16.677634738],[-47.24932778600001,-16.675120362000005],[-47.250862073,-16.664807427],[-47.256504699,-16.666860340999992],[-47.260574998,-16.666265119000002],[-47.257658584999994,-16.662718048999995],[-47.255325453999994,-16.664175757000002],[-47.254234968999995,-16.66260872],[-47.260828599999996,-16.653765046999993],[-47.26250236799999,-16.654336010999998],[-47.264252215999996,-16.660470727],[-47.26720667,-16.659243799],[-47.273787621,-16.6619406],[-47.274231422999996,-16.658575667],[-47.277591639,-16.659207356],[-47.27946828700001,-16.653084747999998],[-47.278929385,-16.64759367099999],[-47.28281582299999,-16.647915607999995],[-47.288046347999995,-16.643050051],[-47.283817547999995,-16.639466102999997],[-47.284413511,-16.637698401999998],[-47.28753280499999,-16.636647492999995],[-47.28797026699999,-16.632632118000004],[-47.291279763000006,-16.633033052000002],[-47.293879175,-16.635693773000003],[-47.295667064,-16.635207799999996],[-47.297429592,-16.629509665999993],[-47.295565622999995,-16.625305816],[-47.298703937999996,-16.624370264999996],[-47.301106809,-16.624977766],[-47.308080842,-16.630937252000003],[-47.305760391,-16.623003379999997],[-47.310673914,-16.62136918],[-47.311555178,-16.617888106000002],[-47.315194356,-16.617250206],[-47.317413366,-16.61511778199999],[-47.321255424,-16.616873541],[-47.316563802,-16.608744671],[-47.316487722,-16.604783393],[-47.31929635499999,-16.602018954999995],[-47.322719971,-16.607918398999995],[-47.32895855999999,-16.608890482999996],[-47.33406228399999,-16.614862619],[-47.33635103499999,-16.615506602],[-47.338443245,-16.612839526],[-47.338474945,-16.609504108999996],[-47.334170065,-16.608933012],[-47.334810408,-16.604236584000002],[-47.339146988,-16.602650829999998],[-47.338119903,-16.596198317999995],[-47.342006342,-16.597449952000005],[-47.345398258,-16.594120344],[-47.344669154,-16.592686408000002],[-47.342164842,-16.593433756999996],[-47.343153887,-16.591410438],[-47.347312947,-16.590833211000003],[-47.35021668,-16.592388682],[-47.353494476,-16.591203851999996],[-47.357577455,-16.586889793],[-47.35933998299999,-16.590693461000004],[-47.365407392,-16.593251476999995],[-47.36819066499999,-16.599533966],[-47.374213692999994,-16.598051463000008],[-47.376432704,-16.599679785000003],[-47.373801591,-16.593196792999997],[-47.37442925399999,-16.584915015],[-47.377269588,-16.578565207999993],[-47.382189450999995,-16.576620726999995],[-47.382861494000004,-16.577708422999997],[-47.386640152,-16.577714499999995],[-47.387261475,-16.579087782999995],[-47.385289725,-16.583511391],[-47.386094909,-16.587546021999998],[-47.391027451999996,-16.585656318],[-47.390285668999994,-16.582934141],[-47.395795155,-16.580260535],[-47.39635307699999,-16.578352530999997],[-47.39337960299999,-16.574597230999995],[-47.396910999999996,-16.571097079999994],[-47.402192245,-16.570598789],[-47.404766297,-16.572914006999998],[-47.413223896999995,-16.574171869000004],[-47.413160497,-16.570787167999995],[-47.409331118,-16.566241729999994],[-47.41222851199999,-16.563829201999997],[-47.409128238,-16.560310624000003],[-47.410079242,-16.558037794999997],[-47.412558194,-16.560304547],[-47.412792775,-16.559386909999994],[-47.410383563,-16.556512432000005],[-47.40607234299999,-16.557825094999995],[-47.40546369999999,-16.555248377000005],[-47.408278674,-16.553078802000005],[-47.409977802,-16.549280468],[-47.411397968,-16.54831416],[-47.412513813,-16.549438479999992],[-47.41447288300001,-16.546345064],[-47.421497636,-16.549882129],[-47.427051502,-16.546898114000005],[-47.42905495099999,-16.550951744000002],[-47.43151488299999,-16.548095371999995],[-47.430335637,-16.545074864999997],[-47.43301113,-16.546284289],[-47.433635622999994,-16.54311941],[-47.43111863099999,-16.542292857000003],[-47.430452927999994,-16.539989427],[-47.438225804,-16.541988976000003],[-47.444229813,-16.539302647000003],[-47.44173184099999,-16.537254448000002],[-47.44379869099999,-16.536719603],[-47.444223472999994,-16.538567243000003],[-47.445472459,-16.536737837],[-47.444565833999995,-16.534270238000005],[-47.443006186999995,-16.534434340000004],[-47.44372895,-16.532671752000002],[-47.441351438999995,-16.528429318999994],[-47.44173184099999,-16.527335267],[-47.445168137,-16.527310954],[-47.44467361499999,-16.523882883],[-47.44761538899999,-16.521670407],[-47.446005021,-16.517366948],[-47.452871273,-16.51259534600001],[-47.45369318699999,-16.508224261999995],[-47.45952456399999,-16.504125905],[-47.459306404,-16.499544259],[-47.45780381699999,-16.497635456000005],[-47.460124267999994,-16.493246353999993],[-47.456846471999995,-16.49277825800001],[-47.456675291,-16.490990972999995],[-47.45365109699999,-16.490006136000005],[-47.455876448,-16.48865045599999],[-47.456072987999995,-16.486291671999997],[-47.457588256,-16.486607799999998],[-47.454513340999995,-16.481616575],[-47.456726012,-16.477658764999997],[-47.45610468899999,-16.47567071],[-47.453467235999995,-16.475324166999997],[-47.45436752,-16.470508968000004],[-47.456009588,-16.470910239000006],[-47.455705267,-16.467639247],[-47.45456406099999,-16.467505487999997],[-47.45436752,-16.464611402999996],[-47.448274752,-16.464252679],[-47.450842464,-16.460665405999997],[-47.44854737299999,-16.460817409999997],[-47.44587822,-16.458087391999992],[-47.445668999,-16.455077638999995],[-47.447076486,-16.455035077000005],[-47.448040170999995,-16.452396184000005],[-47.446169862,-16.450146408],[-47.43941139,-16.450340985],[-47.43930361,-16.448790450000004],[-47.437560100999995,-16.448383051999997],[-47.436957797999995,-16.444266466000002],[-47.43619065499999,-16.44518464900001],[-47.43407942499999,-16.442959111999997],[-47.431188371,-16.443938108],[-47.429121522,-16.442661155999996],[-47.43090940999999,-16.442490895],[-47.433616603,-16.439523465999997],[-47.43107425099999,-16.438416749999995],[-47.431980874999994,-16.437711367000002],[-47.42978722499999,-16.435686415999992],[-47.42887426,-16.437012062000004],[-47.42692153099999,-16.434020224999998],[-47.427263892999996,-16.429672251],[-47.425368223999996,-16.428091144999996],[-47.426306548,-16.420842217999997],[-47.425729606,-16.419303610999997],[-47.424366499,-16.420227993000005],[-47.425044882,-16.417959600000003],[-47.42319359399999,-16.415849301999998],[-47.424854681999996,-16.413878859000004],[-47.42250868799999,-16.412518988],[-47.42438906299999,-16.407544744000006],[-47.423437457,-16.406078064999996],[-47.424815822,-16.40526626899999],[-47.423562443,-16.402754186000003],[-47.427168629,-16.398913832],[-47.425365536,-16.396946821999997],[-47.42660952599999,-16.393249869],[-47.42270559599999,-16.392260346000004],[-47.421441399,-16.390360734],[-47.420183393,-16.391659604999997],[-47.419972859,-16.385372099],[-47.418902502,-16.384535922000005],[-47.42014161,-16.383194761],[-47.418082913999996,-16.38221766],[-47.418410749,-16.381187321000006],[-47.416848130999995,-16.382340544],[-47.403049334,-16.375918543000004],[-47.402463914,-16.372827527],[-47.397780556,-16.368401753000004],[-47.39548571,-16.36228997],[-47.38574432499999,-16.351447996],[-47.384479818,-16.352009999000003],[-47.38026479599999,-16.347537391999996],[-47.37932812399999,-16.343369202999995],[-47.374621348999995,-16.338709260999998],[-47.375464354,-16.336929584999996],[-47.365488801,-16.329881131000004],[-47.366425471999996,-16.327562869000005],[-47.36352179,-16.326345195999995],[-47.362819286000004,-16.323347845999994],[-47.360992777,-16.32290292700001],[-47.35925916,-16.315246744],[-47.356847231,-16.313982237999998],[-47.352421457000005,-16.306676199000005],[-47.355489057,-16.294218465999993],[-47.34763787299999,-16.286857308999995],[-47.351608415,-16.275413419999996],[-47.343934430999994,-16.265009935],[-47.339615511,-16.264262879],[-47.33428799099999,-16.258586537000003],[-47.33538522999999,-16.25347387],[-47.33382108,-16.248477931],[-47.329105287,-16.25025218899999],[-47.327144264,-16.248641349],[-47.328687662,-16.243710962999995],[-47.326010055,-16.242603533],[-47.326826815,-16.241063358000005],[-47.325053279,-16.239149806000004],[-47.324913263,-16.234202575],[-47.321981073,-16.231425590999997],[-47.323834072,-16.228336823999996],[-47.32335905,-16.225554394999996],[-47.328457722,-16.221977863],[-47.330191447999994,-16.214347228999998],[-47.328963669,-16.214182207000004],[-47.32903782999999,-16.210963439999997],[-47.325821006999995,-16.211368834999995],[-47.322119826999995,-16.208775193999994],[-47.328261901,-16.203630019999995],[-47.333511183,-16.203384974999995],[-47.336322856,-16.201587589999992],[-47.334537673,-16.198393489],[-47.329962762,-16.195906669],[-47.332459398999994,-16.190713961000004],[-47.330212962,-16.187993384999995],[-47.32995919399999,-16.184948579000004],[-47.335374158,-16.184713875999996],[-47.33694675899999,-16.186219317999996],[-47.340511238,-16.185256576],[-47.339126971,-16.182297845],[-47.33287213599999,-16.18122076],[-47.331404043,-16.17958649],[-47.333488450999994,-16.176008922000005],[-47.331956676,-16.171739204000005],[-47.33855195999999,-16.16809526200001],[-47.340682664999996,-16.163788526],[-47.34501232699999,-16.164066832999993],[-47.344514991,-16.161077311],[-47.34032433400001,-16.158175308000004],[-47.341854123999994,-16.156464369000005],[-47.348626043,-16.15510404],[-47.34743071,-16.153063252000006],[-47.342766534999996,-16.15138160999999],[-47.34244754499999,-16.148571881],[-47.345733552,-16.1474964],[-47.350374675999994,-16.148128278999998],[-47.350132122,-16.143506859000002],[-47.347524737,-16.140560633],[-47.350585102,-16.138534119],[-47.34892475,-16.135158135],[-47.35273217299999,-16.132830343999995],[-47.350233877,-16.131933492999995],[-47.35000722499999,-16.129234506999996],[-47.346534671,-16.130922119999997],[-47.338061369,-16.128383466],[-47.341374987,-16.125907477999995],[-47.33991109299999,-16.123511583999996],[-47.34148678700001,-16.121765240999995],[-47.336561038999996,-16.119487496000005],[-47.33882047,-16.114396576],[-47.336278351999994,-16.112858598],[-47.335369741,-16.108242695000005],[-47.331874143,-16.107476558999995],[-47.33299503199999,-16.105874284000002],[-47.33198231299999,-16.100654985],[-47.333920818,-16.097816563999995],[-47.331573324000004,-16.094304354999995],[-47.335881423,-16.095265412],[-47.33714661,-16.093594773999996],[-47.332911096,-16.086731554999997],[-47.331486491999996,-16.08662677],[-47.32930536999999,-16.090429832000005],[-47.32734851399999,-16.089606327],[-47.327462625,-16.087235176999997],[-47.324816269,-16.087145898000003],[-47.323552341,-16.084624188999996],[-47.321250683,-16.086497956000002],[-47.322232662,-16.090871661999998],[-47.31134463,-16.088132699000003],[-47.311265426999995,-16.086566022],[-47.313158617999996,-16.085607811999996],[-47.310701896000005,-16.082271158000005],[-47.316096713,-16.080044181999998],[-47.308206332000005,-16.078836748999997],[-47.308223594,-16.074816710999997],[-47.311556145,-16.06841722900001],[-47.315760351,-16.067328534999998],[-47.307598895999995,-16.063640735000003],[-47.304714867,-16.059846822999997],[-47.307686542,-16.056500228999994],[-47.308358086,-16.050298878],[-47.309974863,-16.048486006999997],[-47.30840554500001,-16.046111724999992],[-47.31017805700001,-16.044092376999995],[-47.308500261999995,-16.042092032999992],[-47.31153620599999,-16.042832125],[-47.312632273,-16.041674705999995],[-47.309951437,-16.036666645999997],[-47.310709634,-16.030836396999995],[-47.308762401,-16.029519102000002],[-47.306677117,-16.030648486],[-47.30456080799999,-16.026984571],[-47.299404365,-16.026191183999998],[-47.30084062,-16.024928527999997],[-47.299190771999996,-16.020321355999997],[-47.30079294899999,-16.01925985999999],[-47.300367441,-16.017245654000003],[-47.29622191499999,-16.018501532000002],[-47.296771581,-16.015330714],[-47.292537812999996,-16.014707197000003],[-47.29037030799999,-16.014586245],[-47.28960953199999,-16.016198095000004],[-47.288751944999994,-16.014081446999995],[-47.289963473,-16.011719430000003],[-47.286945508,-16.009287466],[-47.284373649,-16.01237848],[-47.28217684599999,-16.012356066000002],[-47.282133316,-16.009265250999995],[-47.27838455,-16.008939728999998],[-47.277396174,-16.00686971199999],[-47.276509068,-16.009356314],[-47.279530762,-16.012360085999994],[-47.274840525,-16.012670281],[-47.271403974,-16.014494029],[-47.270091176,-16.012228378000003],[-47.26663331,-16.012252595999996],[-47.267840636,-16.015016086],[-47.265765516,-16.014806243],[-47.265322513,-16.013244073999996],[-47.26178759399999,-16.014047923999996],[-47.262100908,-16.01696552],[-47.259316313999996,-16.018608392999997],[-47.256677397,-16.017215792000002],[-47.25408021999999,-16.019623538999998],[-47.252372150999996,-16.016968621999993],[-47.247055073999995,-16.015743274],[-47.247989011,-16.016916176],[-47.244773212999995,-16.017722027999998],[-47.24197639799999,-16.014737586],[-47.238574271,-16.013479625],[-47.236212253999994,-16.016089911000005],[-47.23560604,-16.014877482000003],[-47.23392729100001,-16.016229806999995],[-47.229851002,-16.012922043000003],[-47.22805967699999,-16.013183622],[-47.229616940999996,-16.014660533],[-47.22731164999999,-16.015979111],[-47.22171748099999,-16.012154602000003],[-47.221845566999995,-16.013752141000005],[-47.220085621,-16.015028485],[-47.21727659799999,-16.014420269],[-47.216615262999994,-16.009246475],[-47.215351170999995,-16.008663085999995],[-47.216519588,-16.004650846000004],[-47.21072524099999,-16.003628807],[-47.212023623,-15.999020236000003],[-47.209423812,-15.997241607999992],[-47.208792734,-15.998674299000001],[-47.207121687,-15.996706770999998],[-47.209560661,-15.992677118000001],[-47.20900257,-15.991305144999991],[-47.208304957,-15.992677118000001],[-47.206886476,-15.992119028000003],[-47.208241646999994,-15.991531864999997],[-47.20734573299999,-15.990035231],[-47.209392066,-15.990291023],[-47.208089853999994,-15.988849287999997],[-47.208658276,-15.987336504999998],[-47.203572168,-15.988235644999998],[-47.203455899000005,-15.986607880000005],[-47.20162142299999,-15.985830175],[-47.197813819,-15.987347670999993],[-47.198134655,-15.984723916999998],[-47.19600645,-15.985758592999996],[-47.196747646,-15.984250746000008],[-47.19364543599999,-15.984665669],[-47.194873884,-15.983973620000004],[-47.193680203,-15.982740884999995],[-47.194994093999995,-15.979479486],[-47.19267903699999,-15.977915806999993],[-47.191535718,-15.978762680999989],[-47.192205866,-15.980204514999997],[-47.189216632999994,-15.980735530999995],[-47.190089857,-15.983030280999998],[-47.18764685699999,-15.983219145999998],[-47.18696652599999,-15.981565119000004],[-47.184649455,-15.983551172000006],[-47.184355025,-15.980787279],[-47.186479145999996,-15.978904833999998],[-47.18528206599999,-15.978045763000004],[-47.183436095,-15.978928162000006],[-47.18489823699999,-15.977608173000002],[-47.18325332799999,-15.977567558000006],[-47.184671777,-15.976528853999994],[-47.183740708,-15.974397570999997],[-47.186600991,-15.975005790000003],[-47.185603909,-15.973924400999989],[-47.188124054999996,-15.973706109],[-47.18792098,-15.971248899000006],[-47.186034451,-15.972759767000003],[-47.186986834,-15.971106746000002],[-47.184874852,-15.971715971999993],[-47.184529624,-15.970192908],[-47.18302687599999,-15.973107000999995],[-47.181937326,-15.970878023000001],[-47.180853963,-15.971370743999998],[-47.17876752,-15.977698526999998],[-47.176406619999995,-15.975875084000005],[-47.176546075999994,-15.973899463999999],[-47.173868000999995,-15.974242925999995],[-47.172551598999995,-15.972537792000006],[-47.170645705999995,-15.973676678999999],[-47.172086747,-15.971701058999997],[-47.16729877299999,-15.968377368000004],[-47.16771714,-15.967191996000007],[-47.16969276,-15.968168185000001],[-47.169437091999995,-15.966959570000004],[-47.16674480699999,-15.965922078999991],[-47.167440156999994,-15.965015617999997],[-47.17220296,-15.965843925999996],[-47.169344121,-15.963749556999996],[-47.16751952600001,-15.964316412],[-47.169018724999994,-15.962496993],[-47.171155115,-15.963118757999998],[-47.172099636,-15.962101260999994],[-47.170622464,-15.960242461999997],[-47.172993207999994,-15.959289514999996],[-47.16918142299999,-15.958383053999997],[-47.16841441799999,-15.955617186],[-47.17152892499999,-15.956500404999998],[-47.171738108,-15.954129660000007],[-47.16664798099999,-15.950968667999996],[-47.167136074999995,-15.948644409000005],[-47.16555557899999,-15.948621165999999],[-47.16602043099999,-15.946947699999999],[-47.164492204,-15.945480880999993],[-47.161116244,-15.947319580999999],[-47.16062815,-15.945553144999998],[-47.162449466,-15.944872513999998],[-47.16294540199999,-15.942906478999996],[-47.16067826199999,-15.944358865],[-47.158676803,-15.940550779000004],[-47.153097513,-15.942835630999998],[-47.151946130999995,-15.938854225999998],[-47.149409828,-15.940694267000001],[-47.149625955000005,-15.937734565999998],[-47.151042917999995,-15.938301350999998],[-47.152389032,-15.936565572000003],[-47.151751399,-15.934599536999999],[-47.148846625999994,-15.935290306],[-47.14651432200001,-15.932170745999999],[-47.142859959999996,-15.935715395],[-47.142753688,-15.932828334],[-47.13963636999999,-15.93018924100001],[-47.14271826299999,-15.92852431],[-47.14278051899999,-15.926342466],[-47.138626784,-15.929020246999997],[-47.137634911,-15.92834719],[-47.139140433,-15.926558275000001],[-47.13693996199999,-15.926696787999996],[-47.136957368,-15.928075209],[-47.135351484,-15.928077705999996],[-47.136397589,-15.931388141000001],[-47.131579165999995,-15.933979143999998],[-47.130888103,-15.937039531999996],[-47.133329014999994,-15.937661357999996],[-47.132549191,-15.939880409],[-47.13552140499999,-15.941675065999991],[-47.134114655,-15.943877552999993],[-47.135750906,-15.946171647999996],[-47.13498376199999,-15.949384250000001],[-47.131807408,-15.947518875000005],[-47.13081202299999,-15.948658827999996],[-47.129176295,-15.947799292000001],[-47.129065344999994,-15.945534607999997],[-47.12601579,-15.944443406],[-47.120192472999996,-15.948768556000001],[-47.11967259,-15.950996627000006],[-47.116302864999994,-15.950871661000008],[-47.11491122799999,-15.953668146999993],[-47.112540057,-15.955216483999994],[-47.110498567,-15.954387454000003],[-47.110346407,-15.956447830000005],[-47.107867455,-15.95588702],[-47.10668820899999,-15.958264355999994],[-47.10266862999999,-15.958898307999998],[-47.095973559,-15.956338106],[-47.094176796999996,-15.957682800999997],[-47.093010946,-15.957055583999999],[-47.090622574,-15.960915967999997],[-47.088644484,-15.961129314999997],[-47.08399407299999,-15.960053436000008],[-47.081045958999994,-15.957810226000005],[-47.076886899,-15.958133298999995],[-47.072778559999996,-15.952348392999994],[-47.069912865999996,-15.951586407],[-47.066679451,-15.946228037000003],[-47.06208292899999,-15.943381154],[-47.06038380099999,-15.940058724000004],[-47.052934265999994,-15.936467998999996],[-47.048166564,-15.936785010000005],[-47.037230012,-15.934017247000003],[-47.03449746,-15.934651274999995],[-47.031289405,-15.931310411],[-47.02602718000001,-15.931109225999997],[-47.022096360999996,-15.928780339999998],[-46.984309167,-15.924031292000002],[-46.824868009999996,-15.885718596999999],[-46.820572543,-15.885391223000001],[-46.814358132,-15.887183552000005],[-46.80956303799999,-15.884282988000002],[-46.807499121999996,-15.880775991],[-46.805004072,-15.865705811999996],[-46.805501824,-15.859394815000005],[-46.812964726,-15.844333291999998],[-46.816869937,-15.839715939999998],[-46.823221733,-15.824633124999998],[-46.82100330899999,-15.816895162],[-46.824507937,-15.812326200000006],[-46.822342875,-15.805213911999996],[-46.814729026,-15.795598513999998],[-46.813148974,-15.787204278000006],[-46.827470239,-15.751249167999996],[-46.827147526999994,-15.729971152999996],[-46.84245327200001,-15.714670966000007],[-46.849668507,-15.692587965000005],[-46.855702654999995,-15.683124484000002],[-46.852491275,-15.671053921999997],[-46.852592927,-15.653025945999998],[-46.85492803099999,-15.644971032999997],[-46.859012867,-15.639635221],[-46.85445202999999,-15.628140707999998],[-46.854883476999994,-15.618300545000004],[-46.874313854,-15.613989119999992],[-46.882576911,-15.610084242999998],[-46.88881804099999,-15.605606728999996],[-46.89104134299999,-15.600323902000001],[-46.897060581000005,-15.593179640999997],[-46.903502302,-15.591185719999995],[-46.917747596999995,-15.590007771999995],[-46.942980291,-15.566995168999997],[-46.948687994,-15.557844406999992],[-46.94421457399999,-15.518186893999996],[-46.938720911,-15.499507132000007],[-46.934378241,-15.492134606000008],[-46.932430461,-15.483171729000004],[-46.933277237999995,-15.460226723000003],[-46.92931331199999,-15.439939655000003],[-46.920838907,-15.427392856000003],[-46.915124647999995,-15.414834804000002],[-46.911929535999995,-15.411545539000006],[-46.897020573999995,-15.402282766000003],[-46.890677236,-15.400007622],[-46.883873187999995,-15.392342024],[-46.866344407999996,-15.386003290999998],[-46.8494784,-15.373163954000002],[-46.85072226399999,-15.368521269000007],[-46.85634597599999,-15.366410377999998],[-46.866423341,-15.365165376000006],[-46.869480259,-15.361474163999997],[-46.86784040599999,-15.357292513000004],[-46.860957784,-15.350961344000005],[-46.84795700499999,-15.346760394999997],[-46.835675834,-15.325127735000006],[-46.837232727,-15.321316472000007],[-46.857848919999995,-15.303656186000001],[-46.875336944,-15.283923322000001],[-46.889318347999996,-15.282246913999995],[-46.89132066799999,-15.278133708000002],[-46.88801318499999,-15.268247601999994],[-46.88978401699999,-15.255851635000003],[-46.889271401,-15.242522809999992],[-46.891484558,-15.235259604999998],[-46.906346375999995,-15.236618741],[-46.908589469,-15.238042957999996],[-46.91283024199999,-15.246854840999994],[-46.922232093,-15.250795525000001],[-46.92765534499999,-15.255095316000002],[-46.931200975,-15.25285674],[-46.935448560999994,-15.237137664999997],[-46.940866606,-15.230701559999998],[-46.94007479599999,-15.229151427999998],[-46.936012313,-15.227991188999999],[-46.933480325,-15.223486749999998],[-46.937317105999995,-15.215202005000002],[-46.937346925,-15.205019800999997],[-46.92059659899999,-15.178215693000004],[-46.912841166999996,-15.155773188],[-46.909705732,-15.152935337000004],[-46.905237182,-15.143398904],[-46.89941542399999,-15.137168951999996],[-46.888443071,-15.115644857000001],[-46.889001361,-15.111118826000004],[-46.897010111,-15.103086916000002],[-46.89776339499999,-15.094217236000006],[-46.91003413999999,-15.08794659899999],[-46.913838607,-15.082666463000006],[-46.926037414,-15.073562413000005],[-46.927621126999995,-15.067540535],[-46.926596163,-15.061692833000002],[-46.92059184299999,-15.050859049999998],[-46.918055935,-15.049018151000007],[-46.90834412699999,-15.045863117999996],[-46.89447447599999,-15.035127365999996],[-46.86417045599999,-15.020385091000001],[-46.85689898199999,-15.010265989999997],[-46.844341955999994,-15.009081673000003],[-46.82055465599999,-15.010766856000002],[-46.803339386,-15.016914049999999],[-46.781856909,-15.019321436000006],[-46.76828491399999,-15.024039898000005],[-46.75325947,-15.032745612],[-46.739765610999996,-15.034377810999997],[-46.726477063,-15.038415464000002],[-46.70022616,-15.053439767000008],[-46.68166921499999,-15.058620423],[-46.670172867,-15.067362164999995],[-46.656406184,-15.081506430000003],[-46.651535127,-15.084603431],[-46.62805954099999,-15.089490489999994],[-46.61061581799999,-15.084009350000006],[-46.6003093,-15.087810921],[-46.595580848999994,-15.083707044999997],[-46.58800572799999,-15.081123081000001],[-46.575308424999996,-15.083631867999998],[-46.569926988,-15.079959551999998],[-46.565228796999996,-15.073250036000006],[-46.551319684,-15.063875641],[-46.545420494,-15.065632845999996],[-46.542754372999994,-15.061749172999999],[-46.53199822599999,-15.056393937000005],[-46.52194731,-15.057023638000002],[-46.51547886299999,-15.061791817000003],[-46.507536251,-15.055120250999998],[-46.503608072999995,-15.053433331999992],[-46.50272201,-15.050897879999997],[-46.509003264,-15.040326973999997],[-46.51186270099999,-15.029877959999993],[-46.520064119000004,-15.020171039999997],[-46.52067160699999,-15.013739810000002],[-46.530810694,-15.005278543999996],[-46.527305871,-14.988152481],[-46.52325270299999,-14.984074203000002],[-46.518675587999994,-14.983548401999997],[-46.516757857,-14.982017397000002],[-46.517288626,-14.972864601999992],[-46.521007742,-14.967394017999998],[-46.528779683,-14.964850372000003],[-46.53372984800001,-14.961008178000002],[-46.532424870999996,-14.957960472],[-46.538592249999994,-14.954761344000005],[-46.54083754799999,-14.951603559999997],[-46.539877092999994,-14.938525454000002],[-46.54603512399999,-14.928893043000008],[-46.546535948999995,-14.925444478000001],[-46.54275408899999,-14.914081071000002],[-46.543843996,-14.905299246999997],[-46.542344161,-14.896027365000002],[-46.539865682999995,-14.891900368999996],[-46.533234022,-14.888141048000001],[-46.530424019,-14.883710551000004],[-46.528360515,-14.874050184999998],[-46.526231341,-14.871149229],[-46.522810246,-14.86007165599999],[-46.521555999,-14.851179510000003],[-46.52575086200001,-14.844665624999994],[-46.5282575,-14.843122720999995],[-46.531926816,-14.830298399999997],[-46.533894947,-14.828270606999997],[-46.54597996900001,-14.823609405000001],[-46.558505528999994,-14.822153567999996],[-46.560256169,-14.820655837],[-46.560479564999994,-14.815014479],[-46.557286841,-14.810244212999997],[-46.557711467,-14.806998462999996],[-46.563419374999995,-14.798973179999999],[-46.566281779,-14.788395655],[-46.56383891299999,-14.783384907000006],[-46.548922097,-14.774176461000005],[-46.543228097,-14.768673180999999],[-46.544192206,-14.753012386999993],[-46.537116815,-14.747456084999996],[-46.522395074,-14.745100329999996],[-46.51028178199999,-14.738260625999999],[-46.507510056,-14.732149611],[-46.507365432,-14.726298815999998],[-46.509724229,-14.716076220999996],[-46.50344578299999,-14.704075809000006],[-46.501113683,-14.703025897],[-46.49001531,-14.709998276000004],[-46.483783431999996,-14.709043471999994],[-46.47656205399999,-14.705097444999996],[-46.469029467,-14.708217653000005],[-46.465977548,-14.713600755],[-46.463139717,-14.731174375000004],[-46.45875124199999,-14.731980682999994],[-46.45161666399999,-14.730596480000006],[-46.447361748,-14.731676863999997],[-46.441168901,-14.742202877],[-46.429634768,-14.752700316000004],[-46.423804944000004,-14.755972942000003],[-46.404531917,-14.760331209000002],[-46.394091198999995,-14.771597706000001],[-46.383144577,-14.778273709000008],[-46.376982755,-14.786563121000004],[-46.367949156,-14.789620048999993],[-46.365783618,-14.795406034],[-46.355007169,-14.794200813000005],[-46.336394716,-14.803281069999999],[-46.334586796,-14.806621929000004],[-46.334306555999994,-14.812890863000003],[-46.322199866999995,-14.814580294000002],[-46.320007373,-14.820943612999997],[-46.321973080999996,-14.827324341000002],[-46.320260858,-14.836307617],[-46.325087044,-14.845623120999992],[-46.32491724,-14.847787608000006],[-46.31881207199999,-14.847522544999997],[-46.314472956,-14.854484297999997],[-46.304092442,-14.855376203000006],[-46.300472462,-14.858078701000005],[-46.308888743999994,-14.877565943999997],[-46.315389867,-14.879920709000002],[-46.31816742099999,-14.883258251],[-46.319335817,-14.900439009999996],[-46.315480469,-14.900592350999998],[-46.306112239,-14.911553032000002],[-46.294670010999994,-14.908613119999995],[-46.292168391000004,-14.921775446999995],[-46.286864755,-14.928145711999996],[-46.273675401,-14.93009557199999],[-46.269026958,-14.927872108999999],[-46.26005653799999,-14.930040812999996],[-46.24983459399999,-14.925907256000006],[-46.247387708,-14.922346205000006],[-46.238886883999996,-14.923438451000003],[-46.233702115,-14.92152819199999],[-46.232223534,-14.922296095000005],[-46.22446880099999,-14.941731448999992],[-46.21572578,-14.943525245],[-46.21130376299999,-14.93696557],[-46.205807145,-14.937163502999997],[-46.19997656,-14.938438373000007],[-46.191389938,-14.944675982000003],[-46.175550547,-14.949425184000008],[-46.172057605,-14.947288570999996],[-46.161553725,-14.931048218999996],[-46.164360482,-14.913470972999999],[-46.166413516,-14.908449684000002],[-46.16294722399999,-14.906107101000002],[-46.159226847,-14.907984381],[-46.159470346,-14.913807857000002],[-46.154722736,-14.917350636999998],[-46.149923844,-14.924126697999997],[-46.145748069999996,-14.926515173000002],[-46.138748541,-14.928495364999998],[-46.13233402499999,-14.921375360000004],[-46.125334795,-14.921952343000001],[-46.120300113999996,-14.920058568000005],[-46.110393031,-14.937015213000008],[-46.10729190499999,-14.938407020999998],[-46.098216185,-14.938982521999998],[-46.088141599,-14.936392596],[-46.084836198,-14.932019925999994],[-46.08319393099999,-14.928074518],[-46.081974205,-14.913084219999998],[-46.079336057,-14.904843094],[-46.07577883799999,-14.904639331000004],[-46.067303426,-14.909775397000008],[-46.062340785,-14.907989846],[-46.06116256499999,-14.901533055999996],[-46.04856114,-14.878282660000004],[-46.037574915,-14.874656162999994],[-46.03386690899999,-14.879835009999997],[-46.027550118,-14.882730848000005],[-46.021279237,-14.883778303999998],[-46.014749220999995,-14.890486676],[-46.010916868,-14.896708107999997],[-46.00563617099999,-14.900051024999996],[-46.003137626999994,-14.905300256999999],[-46.003393194999994,-14.908833654000006],[-46.008224519,-14.919747565000002],[-46.00731337799999,-14.925842149999996],[-46.001833731999994,-14.928280703999995],[-45.995836923999995,-14.927470561999991],[-45.991169508999995,-14.936631927000008],[-45.98696755999999,-14.941057977000007],[-45.979323042999994,-14.947369601],[-45.971748107,-14.949122984999994],[-45.96608091099999,-14.965645484],[-45.966589844,-14.979998408999993],[-45.969726359999996,-14.992339037000002],[-45.978521549,-14.998580157999996],[-45.97486790799999,-15.004675106999997],[-45.97346882299999,-15.026724038999994],[-45.976554997,-15.034008029999999],[-45.97500556499999,-15.036877793000004],[-45.975494077,-15.038881559000004],[-45.987444494,-15.051012022000004],[-45.99550350599999,-15.054485876999998],[-45.995579158999995,-15.059256905999996],[-46.01200395499999,-15.072288381000002],[-46.018497175,-15.081301288],[-46.019529865,-15.093036226000004],[-46.028054545,-15.102226949999995],[-46.02863931099999,-15.105220990000003],[-46.02694393099999,-15.109762015999998],[-46.028476612,-15.114110199000004],[-46.033636955999995,-15.117372542],[-46.043720189999995,-15.118129571999997],[-46.05047058,-15.132989094999994],[-46.049811632,-15.136183654],[-46.043457022999995,-15.143034042000004],[-46.043449833,-15.146174242],[-46.047108426,-15.150099455999998],[-46.045892645,-15.156730429000003],[-46.047775567,-15.163729625000007],[-46.054280639,-15.171969540999996],[-46.061882257,-15.175373849],[-46.07264144999999,-15.176627718],[-46.07872312799999,-15.175506054999994],[-46.08066610099999,-15.182096229],[-46.092832306,-15.185176715999997],[-46.095113523,-15.190652978999996],[-46.097693222,-15.192612542999992],[-46.114716081,-15.190975098],[-46.119245413,-15.192226829999996],[-46.120722323,-15.195194938999997],[-46.118915492999996,-15.202078305000004],[-46.11650707799999,-15.204820933999999],[-46.111003967,-15.207286493000003],[-46.098817323,-15.216785845000002],[-46.100639854,-15.230342155000004],[-46.099109889999994,-15.238269014999998],[-46.094808652,-15.246142067],[-46.092357365999995,-15.247914548000002],[-46.084946403,-15.245836833999999],[-46.081250872000005,-15.248515740000004],[-46.079747966999996,-15.251393205999996],[-46.07950314499999,-15.260776235999998],[-46.077081842,-15.264681801000004],[-46.058112976,-15.262741801],[-46.052626358999994,-15.259189832000006],[-46.055974607,-15.252113976999997],[-46.050721571,-15.246973161999996],[-46.052115867,-15.245105015999998],[-46.050913731,-15.241596063000001],[-46.04746945,-15.241735923999995],[-46.047028567999995,-15.236350082000007],[-46.04224941499999,-15.235657911999994],[-46.042241475,-15.231829770999994],[-46.038562469999995,-15.230915408000001],[-46.039831164,-15.228327729],[-46.038527218000006,-15.226800437999996],[-46.040247711999996,-15.222091081000002],[-46.039525233999996,-15.217329089000001],[-46.032081462,-15.213939814000007],[-46.03086039,-15.210027023999995],[-46.031673379,-15.206113084000005],[-46.02952368399999,-15.201808336],[-46.010453212,-15.195818991000003],[-46.000917479,-15.196002131],[-45.99756048999999,-15.199749869000003],[-45.994384323999995,-15.200595868000002],[-45.993083384,-15.195860427999994],[-45.988534126,-15.197355135000004],[-45.98450530299999,-15.195961038000004],[-45.984583105,-15.191830814],[-45.98119731,-15.188467317999999],[-45.976858697,-15.177588483000006],[-45.97956002099999,-15.175825252000003],[-45.97957664599999,-15.174382187000003],[-45.975076967999996,-15.169289399999997],[-45.97241982999999,-15.170185827999997],[-45.97200191999999,-15.169323357000001],[-45.972339724,-15.164745411000006],[-45.970561989,-15.163304462999992],[-45.972470074,-15.154716282999997],[-45.971725152999994,-15.153883513999999],[-45.97011221299999,-15.154896572],[-45.967360014,-15.149940821999998],[-45.961472,-15.146776839999992],[-45.96061184599999,-15.143930084000003],[-45.955909325,-15.140666326999998],[-45.945579043,-15.137814805999998],[-45.944880922,-15.138667366000002],[-45.93895617599999,-15.13567563],[-45.922639200999996,-15.135260107000006],[-45.918724731,-15.133369656000005],[-45.91600028799999,-15.136401883000001],[-45.91292411,-15.135087636],[-45.911874124,-15.138762475000002],[-45.908501479,-15.139358634999999],[-45.907248257999996,-15.141259310999995],[-45.902916235999996,-15.140379662999997],[-45.901866715,-15.142283939],[-45.898722170999996,-15.143120979000006],[-45.89810928799999,-15.14594835599999],[-45.895917477,-15.145901747000005],[-45.89382506799999,-15.148315370000004],[-45.891251547,-15.148145812000001],[-45.879845229000004,-15.156479261000008],[-45.871247020999995,-15.158810883999994],[-45.869383072999995,-15.156433752999998],[-45.867245952999994,-15.156342186999996],[-45.866053071,-15.153464922000001],[-45.86437732499999,-15.153990974999996],[-45.860798884,-15.151963787000003],[-45.860852347999995,-15.150090591],[-45.857667053,-15.148833575999998],[-45.859610845,-15.146906109999996],[-45.858834808,-15.144377046],[-45.856859496,-15.145285657000006],[-45.85422309599999,-15.144187119999998],[-45.85317165899999,-15.145886638000002],[-45.85130306199999,-15.143394666999997],[-45.849805308,-15.143821286999998],[-45.849612926,-15.145770093999996],[-45.844333344,-15.145248781999996],[-45.841476543,-15.139483776000008],[-45.838781803,-15.137317872999995],[-45.83432959299999,-15.136665703000002],[-45.833473563,-15.131800175000002],[-45.83485823099999,-15.130368935000002],[-45.831885782,-15.127634091999996],[-45.83309691,-15.127298522],[-45.832604358,-15.124063924999998],[-45.8278654,-15.122791438000002],[-45.82948923599999,-15.120008912999996],[-45.82539064699999,-15.116376454000003],[-45.82096773399999,-15.118330327000002],[-45.81796707899999,-15.114186235999997],[-45.81588786599999,-15.115596047999997],[-45.81166549,-15.112837833],[-45.810384164999995,-15.115570628000004],[-45.80752930799999,-15.114670026000004],[-45.801721618,-15.119063128],[-45.79228105499999,-15.116505873000001],[-45.78928074099999,-15.112728049999996],[-45.78902608,-15.115529769],[-45.783887808,-15.114458087000004],[-45.782680033,-15.116172060000004],[-45.777336316,-15.117805120000002],[-45.776667987,-15.116770655999996],[-45.77366531199999,-15.117163164999994],[-45.773335938,-15.115839056000006],[-45.772101464,-15.118669829999998],[-45.768636277999995,-15.116875262000002],[-45.76691338599999,-15.118880427],[-45.764773185,-15.117200786000003],[-45.76335476399999,-15.118485101000005],[-45.756744962,-15.118531292999997],[-45.75110946,-15.122582171000005],[-45.75055278599999,-15.119950243000005],[-45.74644057199999,-15.121076098999993],[-45.742105781,-15.118380069],[-45.73967926899999,-15.120444532999997],[-45.737429729999995,-15.118016481999998],[-45.734631577,-15.118652290999998],[-45.731940766,-15.115724594999994],[-45.730295096999996,-15.117244895999992],[-45.728857804,-15.113185735999993],[-45.721630043,-15.112228781000006],[-45.723964613,-15.104267089],[-45.717992578,-15.105203315999997],[-45.71593682999999,-15.103685045999999],[-45.715251382,-15.101904793000008],[-45.717514841,-15.101178113000007],[-45.718910714,-15.097397258],[-45.717037958,-15.093909938],[-45.715744001999994,-15.097012015999997],[-45.712959573999996,-15.097803094],[-45.710726576,-15.093459944],[-45.705980617,-15.093232274000009],[-45.700941217,-15.090414581999992],[-45.69717876499999,-15.092960232999992],[-45.69327401,-15.089718825999997],[-45.69514766299999,-15.086628209999999],[-45.693890575,-15.084211988999998],[-45.690842662,-15.085149990999998],[-45.690387352,-15.087366084],[-45.685831057,-15.086838681],[-45.679765571999994,-15.083895656999996],[-45.678832975999995,-15.079639271999998],[-45.67683795,-15.078815355],[-45.674811864999995,-15.080542557999996],[-45.669639904,-15.071860301000003],[-45.66776527399999,-15.064830343000002],[-45.66100058899999,-15.061317335999998],[-45.66066109199999,-15.054543053000002],[-45.655818874999994,-15.048529983999998],[-45.65538464099999,-15.045004756999996],[-45.65719861499999,-15.044787789999997],[-45.66042401199999,-15.038280225],[-45.657058589,-15.027349268000007],[-45.652660933,-15.024108928999995],[-45.649972426,-15.023802518000004],[-45.64958582199999,-15.025358225999998],[-45.647333679,-15.023413715],[-45.647066629,-15.027404959999998],[-45.649569832,-15.028024371000004],[-45.64775774899999,-15.031878818999996],[-45.6461742,-15.032060269000006],[-45.643533790999996,-15.016700056999994],[-45.639602262000004,-15.023492294999995],[-45.63475877399999,-15.023679431999994],[-45.629398308999995,-15.020677771999997],[-45.624618848,-15.021368493000004],[-45.621422026,-15.016922521000005],[-45.61594614599999,-15.013588433000004],[-45.60733164199999,-14.998957868000003],[-45.609362621,-14.997660238000002],[-45.60855369,-14.996626987999997],[-45.60680674,-14.997563388999998],[-45.606434826999994,-14.995092873000004],[-45.604833639,-14.996440191],[-45.60099159800001,-14.996256043000002],[-45.602711888,-14.989532772000002],[-45.594521538,-14.984226843000004],[-45.593483696,-14.975501254999996],[-45.59207153799999,-14.978055192999996],[-45.586777494,-14.978155490999997],[-45.58624397399999,-14.977077699999995],[-45.58888627,-14.975514245000001],[-45.588741436,-14.974169062000003],[-45.58353773399999,-14.969572545000004],[-45.578071087,-14.967538236],[-45.567050714,-14.956495342000004],[-45.566739394,-14.944853042999995],[-45.559286250999996,-14.943485578000006],[-45.553679184,-14.945106785000002],[-45.55212090799999,-14.944260105000003],[-45.551642346,-14.940681182],[-45.549068441,-14.939028288000005],[-45.541994965,-14.940613437000001],[-45.534728988999994,-14.938257572],[-45.52628425599999,-14.944505263000002],[-45.5260225,-14.949198259999994],[-45.520326722,-14.951498256000002],[-45.520696434,-14.953557412],[-45.51756785599999,-14.952806772999994],[-45.51398773999999,-14.953968647999998],[-45.513554654,-14.951655629999998],[-45.51012997499999,-14.952275303999999],[-45.508247186999995,-14.950019051000002],[-45.498491574,-14.946381641999993],[-45.490051532,-14.960762678000002],[-45.484241655999995,-14.959828463999996],[-45.482627105000006,-14.955394287000008],[-45.479410206000004,-14.955837606],[-45.477506479,-14.953437247000002],[-45.469851859,-14.950054528999999],[-45.467045414999994,-14.950727702999993],[-45.463204567999995,-14.949530292000006],[-45.458823391,-14.954212374000003],[-45.45599431699999,-14.954260657999999],[-45.45449588599999,-14.951804542999998],[-45.455337825,-14.94907350299999],[-45.44908277199999,-14.942657744999998],[-45.45052507799999,-14.939869659999994],[-45.447800814,-14.938933193999999],[-45.446263797,-14.935995172000002],[-45.442496305,-14.935252319000002],[-45.44082321999999,-14.930159229999997],[-45.43446878599999,-14.921751114000001],[-45.42915842699999,-14.919726611000002],[-45.425919356,-14.920433492000003],[-45.42457720899999,-14.92206276],[-45.424878570999994,-14.925370289999996],[-45.42104518299999,-14.926584849000001],[-45.419604115,-14.925170929000004],[-45.410296385,-14.923438813000002],[-45.40869378699999,-14.921042438000004],[-45.405468406,-14.920451775999991],[-45.404021308000004,-14.917611017000006],[-45.399796366,-14.917501333999997],[-45.387180855,-14.906642373999999],[-45.381130323,-14.897808750999996],[-45.37455593399999,-14.893466973],[-45.370743079,-14.894132119999995],[-45.368937241,-14.889487394000003],[-45.369859659999996,-14.886058487999998],[-45.372857087999996,-14.883806672999997],[-45.37209634,-14.880952228000002],[-45.366325304,-14.877670489999998],[-45.363975789,-14.871695479999998],[-45.36227820199999,-14.870778527000002],[-45.360768607999994,-14.874543444000004],[-45.355569312,-14.877507647999998],[-45.351940119999995,-14.87608277300001],[-45.35288240599999,-14.873366207000004],[-45.349916433999994,-14.868069850999998],[-45.352871746,-14.864105723],[-45.347794735,-14.862568776999998],[-45.3430452,-14.863785781999999],[-45.334077377999996,-14.858781772000002],[-45.330109245,-14.859506015],[-45.322496044,-14.852066617999997],[-45.318043151,-14.852569458],[-45.316420427,-14.851255169999995],[-45.31143698,-14.841099101000006],[-45.312357846,-14.837091810999999],[-45.314491266999994,-14.836941595000006],[-45.316962884,-14.833952297],[-45.31643631299999,-14.831369053999998],[-45.312157420999995,-14.833521300999996],[-45.310161042999994,-14.836691137],[-45.307329772,-14.836091342000005],[-45.301738519,-14.828317862000004],[-45.29346661299999,-14.827805181999993],[-45.285689458,-14.83247781],[-45.284996784,-14.829895616000007],[-45.288551276999996,-14.828212513999997],[-45.290155541000004,-14.825733352000002],[-45.286913683,-14.821737749999999],[-45.28862371899999,-14.820785378999998],[-45.28874082299999,-14.818109148999996],[-45.280767787,-14.816442499],[-45.274411656,-14.811501711999993],[-45.271183715999996,-14.798822777],[-45.267323614999995,-14.801410483],[-45.263095117999995,-14.802204748000001],[-45.26013575299999,-14.797213296],[-45.258713254,-14.789522165999992],[-45.247438089999996,-14.783606884],[-45.241961945,-14.786528916999996],[-45.239793842999994,-14.781843720000003],[-45.231660434,-14.775007436],[-45.229264785,-14.765722665999998],[-45.221941345999994,-14.762455931],[-45.222468045,-14.760141749],[-45.21665775499999,-14.757892619],[-45.21723885699999,-14.755152912999993],[-45.210496422,-14.750515986999998],[-45.20557367699999,-14.744738944],[-45.20321066899999,-14.745897933],[-45.200471704,-14.744749131],[-45.19979562699999,-14.748087150999993],[-45.197608540999994,-14.748342931],[-45.196766593,-14.746848661999996],[-45.191298900999996,-14.749711790000001],[-45.18960540199999,-14.742445292999994],[-45.181906239999996,-14.744574697999997],[-45.178239491,-14.740938002999997],[-45.174289881,-14.741318511999998],[-45.17201658,-14.734678842000008],[-45.16360412299999,-14.732384487000004],[-45.16318369599999,-14.733285432999997],[-45.166462446,-14.735301047999997],[-45.156879667999995,-14.740784241999995],[-45.145898988999996,-14.743789966000001],[-45.13995991,-14.742971117],[-45.140250718999994,-14.745549998999996],[-45.136289563999995,-14.747416753000001],[-45.128463643,-14.747805014000003],[-45.12657129,-14.745392584000006],[-45.125354601,-14.74767002],[-45.100379798999995,-14.75086322099999],[-45.09584943699999,-14.752998942],[-45.082772659,-14.748766718999997],[-45.065071803,-14.730865758999997],[-45.06488618099999,-14.728099001],[-45.062575968,-14.725809166999994],[-45.059875975999994,-14.716559759999999],[-45.05459436499999,-14.706633377],[-45.054122493,-14.699451696000004],[-45.049350649999994,-14.695313603],[-45.04769383399999,-14.690536973000002],[-45.045780962,-14.689758455999995],[-45.044540048,-14.691466433000002],[-45.046120137,-14.694149456000003],[-45.045005769,-14.695942734999997],[-45.042438037,-14.691582924000006],[-45.03915886600001,-14.690089596000005],[-45.03871630399999,-14.688195782000001],[-45.04040368,-14.686703401000006],[-45.038126774999995,-14.685151786000004],[-45.040322611,-14.680484732],[-45.039511442999995,-14.679851090000001],[-45.035318682,-14.679453207000002],[-45.03193109099999,-14.676170085999999],[-44.995747886,-14.667815435999996],[-44.993963087,-14.664658835000003],[-44.99814352199999,-14.662280592999998],[-44.99663775,-14.658845009999993],[-44.98810765699999,-14.659977408999993],[-44.985933867,-14.662133757999998],[-44.98256952999999,-14.657676537000002],[-44.98338243199999,-14.651841681999999],[-44.978490335,-14.651226775000001],[-44.974921325,-14.653131024999995],[-44.97393897799999,-14.652103617000003],[-44.976423201,-14.648299029000004],[-44.980961935,-14.645629895999999],[-44.980597153,-14.643503236000003],[-44.975103716,-14.642110733],[-44.97290683599999,-14.638771264000004],[-44.96721095099999,-14.637290446999994],[-44.962325056999994,-14.631851465000004],[-44.95991025699999,-14.632131614000004],[-44.954794586999995,-14.637862532999996],[-44.95479127099999,-14.634007427999999],[-44.951468344999995,-14.631600981999998],[-44.94910060499999,-14.630921773000006],[-44.947015076,-14.632742271999994],[-44.946734887,-14.629474685999998],[-44.943026401,-14.630218098999997],[-44.946594223,-14.623728953999997],[-44.94014813599999,-14.627553336000004],[-44.934601439999994,-14.625867652000004],[-44.93149289299999,-14.622642439000005],[-44.916680169,-14.619660299999998],[-44.91701162799999,-14.614664393],[-44.907985556999996,-14.613386047],[-44.907238695,-14.609891584],[-44.910210041,-14.603550251999996],[-44.896484241,-14.605456167999996],[-44.891016547,-14.59765533399999],[-44.88173171399999,-14.595267915999992],[-44.879461133,-14.595884581000004],[-44.876572341999996,-14.592065351],[-44.875268949,-14.59287666],[-44.877102014,-14.598407934999997],[-44.875958483999995,-14.599662497000002],[-44.873396629999995,-14.595741997],[-44.869194747,-14.593384684000004],[-44.87084550699999,-14.589401256],[-44.868763367,-14.588636120000006],[-44.86198343699999,-14.579204430000004],[-44.858963399,-14.580917275999997],[-44.85501544499999,-14.577942877999993],[-44.850707815999996,-14.577565286000002],[-44.84687439,-14.580319885999995],[-44.843386648999996,-14.580838155000002],[-44.84390707,-14.566310491999996],[-44.845598992999996,-14.566694142999994],[-44.845490529,-14.572684068000001],[-44.847415769,-14.575709445999992],[-44.851792755999995,-14.570886914000004],[-44.855287562,-14.573209161999989],[-44.858446275,-14.572779395999994],[-44.858794916,-14.571522305999997],[-44.85412921399999,-14.567139351000007],[-44.8549577,-14.562623782],[-44.849961734,-14.562771195000005],[-44.846926421,-14.558023192000002],[-44.846294155,-14.550625154000004],[-44.848179806,-14.546924524999993],[-44.8471085,-14.545486174],[-44.839903094,-14.540354612],[-44.832877831999994,-14.542463891000006],[-44.82907557,-14.539933190999998],[-44.82435454,-14.539376889000003],[-44.823769281,-14.536505059000001],[-44.82643528599999,-14.534182678000002],[-44.830009416,-14.533444194000001],[-44.832409008,-14.536343319999997],[-44.834889935,-14.535924455000002],[-44.83179393499999,-14.527148923],[-44.83466289999999,-14.525343620999998],[-44.836292983,-14.518488135],[-44.830934548,-14.520344791999996],[-44.823900375,-14.518105823000003],[-44.822573594,-14.514798728],[-44.823436406000006,-14.513295789999999],[-44.82893144199999,-14.512461581000002],[-44.83457478700001,-14.50749226],[-44.835492891,-14.504585501000001],[-44.833238202000004,-14.499827841999997],[-44.827879395,-14.499737221],[-44.823523052999995,-14.503766787],[-44.821790462,-14.502003592999998],[-44.819039359,-14.501716764],[-44.817350440999995,-14.504601596999997],[-44.81381529099999,-14.504659736],[-44.810766094,-14.503101177000001],[-44.809208877,-14.497859372],[-44.81707574099999,-14.4942062],[-44.81826626099999,-14.490195686000002],[-44.808268898,-14.493045406000004],[-44.80479823099999,-14.496558258],[-44.79432534199999,-14.496589837000002],[-44.793295567,-14.490327491],[-44.79436598299999,-14.487851532999997],[-44.787570335999995,-14.488875203999998],[-44.782049068000006,-14.482595343000002],[-44.77332337099999,-14.480726340000002],[-44.769373409,-14.477338324999998],[-44.762848073,-14.478185128],[-44.760281864,-14.475233220999998],[-44.75674256599999,-14.478380540999998],[-44.752899273,-14.473178170999997],[-44.750269333,-14.473089399000001],[-44.749489411,-14.471781316999998],[-44.74906336,-14.463977508000001],[-44.747765809,-14.463283758999994],[-44.743430343,-14.467670556000002],[-44.736883377,-14.464576377999999],[-44.73517863099999,-14.46136669],[-44.730702536,-14.461321242999995],[-44.72565783899999,-14.457649223999999],[-44.723819244999994,-14.449054667999999],[-44.71907310900001,-14.451009850999998],[-44.718061551000005,-14.447322408999998],[-44.712879727,-14.443964045000003],[-44.710680149,-14.445132806],[-44.710565925,-14.448126803],[-44.708518715,-14.448603666],[-44.705264529,-14.446583623999997],[-44.703903518,-14.44924754],[-44.701292955,-14.449788129999998],[-44.698205703999996,-14.432047458],[-44.693119314,-14.432625577],[-44.694237256,-14.423486583999999],[-44.687849855,-14.421539261999996],[-44.688353154999994,-14.416680883],[-44.674209664,-14.424495769999996],[-44.670558294,-14.4159227],[-44.669566528,-14.416198197],[-44.66858042999999,-14.417049481],[-44.670093098,-14.422823413000001],[-44.667985816999995,-14.423850652000002],[-44.666677622,-14.419618614000001],[-44.664846228,-14.418143600999999],[-44.658041903,-14.416364345000003],[-44.660705159,-14.413346202999996],[-44.660382926,-14.409306416],[-44.662653747,-14.407423937999999],[-44.662287621,-14.402554752],[-44.658878521,-14.401614049],[-44.658878359,-14.395757313999999],[-44.65242605099999,-14.393462867],[-44.651297441,-14.393856842],[-44.65153629500001,-14.397274196000005],[-44.650006147999996,-14.395502806999998],[-44.64582052499999,-14.398094188999996],[-44.644624357999994,-14.396591326999998],[-44.641102642999996,-14.396169536999999],[-44.643789402,-14.391925105],[-44.638092842999995,-14.390193585999995],[-44.636541059,-14.39088236],[-44.636904856,-14.393795313],[-44.63359865899999,-14.394472578000002],[-44.632821234,-14.387582648999995],[-44.628598902,-14.380787561999998],[-44.625824678,-14.379918839000002],[-44.626593631999995,-14.377432602],[-44.625595112999996,-14.376109915],[-44.616596123,-14.375137751000002],[-44.614181287,-14.370825311],[-44.611407396,-14.369070446999999],[-44.610737065,-14.365441804],[-44.60373415,-14.368595625999998],[-44.600961015,-14.365305312999997],[-44.59836931499999,-14.368500510999999],[-44.594320127,-14.362707427000002],[-44.589705552,-14.361370627],[-44.587069558,-14.354414754999999],[-44.580046537,-14.351339105999996],[-44.578648015999995,-14.354138733999996],[-44.57747998399999,-14.353849934999998],[-44.57485496,-14.351831047999998],[-44.575626328,-14.348590631999997],[-44.57229118899999,-14.345569469999996],[-44.56979002999999,-14.347498662],[-44.564570836,-14.348602015999994],[-44.56556521099999,-14.340059956999992],[-44.559873167,-14.340500786],[-44.557202761,-14.337035951999999],[-44.55265081099999,-14.337920668],[-44.548790889,-14.342712074000003],[-44.545120489999995,-14.343063259],[-44.542732856,-14.340529367],[-44.543258445999996,-14.336900070000004],[-44.540544562,-14.331771513],[-44.533788584999996,-14.330720511999996],[-44.52915391599999,-14.328125827999992],[-44.51890022,-14.330211382999996],[-44.510843576999996,-14.322687852000001],[-44.508869139999995,-14.325646118999995],[-44.50344085199999,-14.322325993999998],[-44.49844296399999,-14.327683765999998],[-44.48717702999999,-14.328519652],[-44.483139971,-14.322117355999994],[-44.47317394699999,-14.317266278999996],[-44.475527834999994,-14.316125462],[-44.47498929099999,-14.314348670000001],[-44.472151287,-14.31415685],[-44.46956846599999,-14.316535063999998],[-44.46548690899999,-14.310732047999997],[-44.463796955,-14.310747246000002],[-44.46115296899999,-14.313493462],[-44.45892813199999,-14.311865941999997],[-44.45362884899999,-14.311982608999998],[-44.450318691,-14.310050396999998],[-44.44988140499999,-14.307948221999993],[-44.447875151,-14.308463268000006],[-44.44759796899999,-14.305935316999998],[-44.439900742,-14.303662025],[-44.42860062599999,-14.286635502000001],[-44.399448701,-14.278281901000001],[-44.397155366,-14.273477875],[-44.394572112,-14.277229870999998],[-44.389980313,-14.276134656000002],[-44.389513261,-14.280478764999996],[-44.38848339399999,-14.280485048],[-44.378471334,-14.277150732999997],[-44.37684949599999,-14.275084641999998],[-44.378733092,-14.271042652],[-44.377480642,-14.269967025],[-44.37545889199999,-14.270696980999999],[-44.373655881999994,-14.274653751999999],[-44.370676071,-14.274450061999998],[-44.369825072,-14.271627394999992],[-44.366342325999995,-14.274002157],[-44.361588722,-14.272812581],[-44.352893086,-14.266182816999997],[-44.353041016,-14.260923084999998],[-44.348201508,-14.26387803],[-44.346038981999996,-14.263264054],[-44.346176934,-14.261370081999997],[-44.350654846999994,-14.259620941000001],[-44.351841287,-14.257715256999997],[-44.34745050099999,-14.258452127],[-44.340209025,-14.256675612000002],[-44.33898014299999,-14.251818937999996],[-44.34059578,-14.249400292999999],[-44.320762798000004,-14.244756512000002],[-44.316483205999994,-14.240349150000002],[-44.312408309999995,-14.24353389],[-44.310344371,-14.247440825],[-44.305290108,-14.249564127],[-44.302337986,-14.253242480999997],[-44.290824617,-14.252700828999998],[-44.28436862,-14.247654190999997],[-44.279960947999996,-14.250067862999995],[-44.281292767,-14.252492689],[-44.276589231,-14.252436509],[-44.27200594,-14.246642195000002],[-44.268617205999995,-14.246595984000002],[-44.262007125,-14.250177120000002],[-44.254426189,-14.252057156999996],[-44.25024725499999,-14.258722617],[-44.24750528199999,-14.260118322],[-44.245620385,-14.259631738999994],[-44.244431667,-14.257102925999998],[-44.245546119000004,-14.254974954999998],[-44.249620184,-14.253486625000003],[-44.24748572099999,-14.251634484],[-44.240987902,-14.254218944999998],[-44.241900144999995,-14.257688743000003],[-44.239846094,-14.258876532999997],[-44.238707839,-14.258006007000004],[-44.23757135599999,-14.252332840000001],[-44.23964856300001,-14.248494748000002],[-44.235564674,-14.248309348],[-44.23506831299999,-14.246946303],[-44.240568087,-14.242500322999996],[-44.24061983499999,-14.240687327999998],[-44.22581236399999,-14.244022094000002],[-44.22242461599999,-14.242929494],[-44.218059026999995,-14.244980231999998],[-44.21620899199999,-14.241925966000002],[-44.217621407,-14.234353772000002],[-44.215332566,-14.233180666],[-44.209897530000006,-14.235644054999998],[-44.208706237,-14.23908742],[-44.20912271,-14.246671853],[-44.201236748,-14.251136897000004],[-44.201288738,-14.254476134999997],[-44.191496876,-14.257990705999998],[-44.18292551799999,-14.258230696999997],[-44.170380266,-14.268695017],[-44.164402439,-14.268392787999998],[-44.16262100899999,-14.261184483999997],[-44.16033448299999,-14.257759572999994],[-44.148393586999994,-14.262329465],[-44.140818635,-14.262620949],[-44.13726483,-14.264151359],[-44.13479052999999,-14.268576119000002],[-44.135982669,-14.274902733999998],[-44.137233275999996,-14.27715561],[-44.14261866799999,-14.277350575999998],[-44.143618542999995,-14.278492314],[-44.135616987,-14.282185434999999],[-44.132318124,-14.282064858000002],[-44.129503713999995,-14.278123483],[-44.124341317,-14.274969306999997],[-44.116595884999995,-14.266755668],[-44.114529784,-14.260043875],[-44.112594435999995,-14.258728298000001],[-44.107285659999995,-14.259120379999999],[-44.106033248,-14.267294809999997],[-44.099394507,-14.273460752000004],[-44.09364553499999,-14.273603231999997],[-44.08692184,-14.268428393000002],[-44.08559798,-14.270386453],[-44.08826077199999,-14.274508925000001],[-44.08828683,-14.278076291999998],[-44.08392666099999,-14.277435200999998],[-44.08240162,-14.275443156],[-44.082454522000006,-14.268998799],[-44.07445124,-14.270639635999999],[-44.075646513,-14.275702623999996],[-44.077959838,-14.278158798000002],[-44.073202742,-14.280261915999994],[-44.075205657,-14.283757912],[-44.073398581,-14.285665594999996],[-44.071954009,-14.285775650000001],[-44.070332766,-14.281014463],[-44.068429768,-14.279725771999997],[-44.064675781,-14.279409873999999],[-44.061341479999996,-14.282371307000002],[-44.057428226,-14.277612166999997],[-44.055735418999994,-14.279618907],[-44.057817562,-14.282368018],[-44.057146362,-14.284262521999999],[-44.051329324,-14.286118879000002],[-44.04656914099999,-14.283391330999999],[-44.041535338,-14.28622068],[-44.038427601,-14.282298268],[-44.034621041,-14.289028385999998],[-44.02848233999999,-14.283114032],[-44.025757335,-14.276597803],[-44.021314741,-14.275540259999998],[-44.015405431999994,-14.276508964999998],[-44.015481505,-14.271548079],[-44.012786704,-14.271009503000002],[-44.00928639,-14.272333635999999],[-44.006152585,-14.267364079],[-44.00030974199999,-14.265803396999999],[-43.996590989,-14.265702127999994],[-43.99117208,-14.268989662],[-43.987344385,-14.267295447999997],[-43.986365527,-14.269692124999995],[-43.99059572600001,-14.272594481],[-43.982599994,-14.275768639],[-43.980840982,-14.282148514999998],[-43.97792042199999,-14.282654215999996],[-43.974589372000004,-14.278128502999998],[-43.970922971,-14.27811718],[-43.97123377799999,-14.27496261],[-43.969587494,-14.274023920999998],[-43.964599516,-14.281678258],[-43.961922912000006,-14.291006793],[-43.95534091,-14.292188197000002],[-43.956977413,-14.297276657],[-43.95613784299999,-14.299717093999996],[-43.953613215000004,-14.299455011],[-43.950947235,-14.289998951],[-43.94628947699999,-14.289954777],[-43.942139895,-14.305096467999997],[-43.935067983,-14.295679678000003],[-43.933399257,-14.296149513],[-43.932142807,-14.30131505],[-43.92642483099999,-14.305672715],[-43.923678938,-14.30335921],[-43.924726849,-14.296421472000002],[-43.920830391,-14.297803918],[-43.916395699999995,-14.295933446],[-43.915319506,-14.296985153000001],[-43.91576001,-14.302426373],[-43.911585934,-14.305044323999995],[-43.909123842,-14.302550927],[-43.910979673,-14.297664113000002],[-43.907286452,-14.300791604000002],[-43.905259971999996,-14.300304697000001],[-43.90442438299999,-14.293610454],[-43.901707059,-14.298714299999999],[-43.892479842,-14.301016840000003],[-43.891451787,-14.298595083999999],[-43.893197993,-14.293985762999998],[-43.891952993,-14.293287239],[-43.88937076,-14.298515904999999],[-43.890338651,-14.306602755000002],[-43.88853035199999,-14.307836625],[-43.885700796,-14.307012736000003],[-43.88267595199999,-14.309215428],[-43.881386785,-14.307421050000002],[-43.880395801,-14.312141139999996],[-43.876281809999995,-14.313026638000002],[-43.87412149099999,-14.311888362],[-43.872836715,-14.313584436000001],[-43.869951910999994,-14.310046954999999],[-43.861534139999996,-14.312872170999997],[-43.852703722,-14.307936312999999],[-43.851449622,-14.313574640999997],[-43.855449833,-14.318042603],[-43.85142453999999,-14.319073921],[-43.846722739,-14.313099239000001],[-43.845280555,-14.316294957],[-43.847507453,-14.319519565999995],[-43.84722672000001,-14.321737267],[-43.836144499999996,-14.311148744999993],[-43.826335089,-14.316183288000003],[-43.82025522699999,-14.31163633],[-43.817984847,-14.314714678000001],[-43.82233666,-14.320208498],[-43.822314881,-14.323029736],[-43.819444152,-14.323253415000002],[-43.815319041,-14.320645605],[-43.814813429,-14.325957346999996],[-43.808652164,-14.325475701000004],[-43.806588815999994,-14.327972448000002],[-43.80684619499999,-14.332518578000002],[-43.800085263,-14.337827249],[-43.79476498999999,-14.335972396999997],[-43.79032808499999,-14.336147935],[-43.785149411,-14.336676068],[-43.783186732999994,-14.339233714999999],[-43.798568319000005,-14.359693558999998],[-43.80234993599999,-14.369830058999998],[-43.81432553799999,-14.380800345999997],[-43.819387919,-14.389305114000003],[-43.82706430099999,-14.428921015],[-43.831964645999996,-14.443007177000002],[-43.85768476199999,-14.493530049],[-43.870264371,-14.513075426000002],[-43.87483363,-14.524547110999997],[-43.875421375,-14.536686595000004],[-43.879282659,-14.557662939000002],[-43.88130417799999,-14.562373735000003],[-43.877229759,-14.562141979999998],[-43.87717355299999,-14.563341411999998],[-43.884618302,-14.579831406999997],[-43.886761961,-14.581994058999998],[-43.88723005599999,-14.585179190000002],[-43.882645715,-14.586708673000006],[-43.885898782,-14.593658444999997],[-43.884011666999996,-14.599541656999998],[-43.88262200999999,-14.598250984999993],[-43.881389909,-14.590107232000003],[-43.876731476,-14.590803300999998],[-43.87500632199999,-14.593197406999998],[-43.876892388,-14.609213977000001],[-43.87006381399999,-14.612827578999996],[-43.874444327999996,-14.614435425000003],[-43.871039915999994,-14.622106829999996],[-43.874677918,-14.622155708],[-43.881754244999996,-14.629439851000004],[-43.876646232,-14.632460131000002],[-43.874626522,-14.636765444000002],[-43.884312081,-14.634240053999997],[-43.88578660499999,-14.635425723000008],[-43.88487416699999,-14.637793952000004],[-43.877146745,-14.640328348999999],[-43.87787469399999,-14.642104379],[-43.883701235,-14.64295685],[-43.88366718399999,-14.644454159999997],[-43.879287862,-14.646077234000003],[-43.88353650799999,-14.652547800000004],[-43.883060657,-14.653972667000007],[-43.88123722,-14.654198491000004],[-43.879119311,-14.658027933000001],[-43.87589445500001,-14.652266344999997],[-43.87325896699999,-14.65359134],[-43.873565442,-14.658040063999998],[-43.871897440999994,-14.663582645000002],[-43.86611571899999,-14.661235483],[-43.86330781,-14.662306794000001],[-43.86292595100001,-14.669780269999999],[-43.85920099799999,-14.674298824999992],[-43.857896751,-14.672989186000004],[-43.855531938,-14.673860050999997],[-43.846867677999995,-14.672105030999996],[-43.838010113,-14.675733168000006],[-43.831997501,-14.675029810999998],[-43.82872713599999,-14.676124235],[-43.828113938,-14.678230149999997],[-43.820140485,-14.678915363000002],[-43.812674966,-14.684098115999992],[-43.80050631799999,-14.687313532],[-43.785662241999994,-14.685719003000006],[-43.776167022,-14.692197068000002],[-43.764037782,-14.692120108000001],[-43.762143378,-14.696193024999996],[-43.755512388,-14.700835143999997],[-43.741841448,-14.701114768999993],[-43.726257876999995,-14.698161376999996],[-43.72100754899999,-14.702265209999995],[-43.718144656,-14.711422054000005],[-43.712229528,-14.714985693999994],[-43.712009573,-14.716450105000002],[-43.71961077099999,-14.720901814],[-43.719724789999994,-14.723990401999998],[-43.721786674,-14.726874573],[-43.719861686,-14.729538858000003],[-43.709727658999995,-14.730389152999996],[-43.703418979,-14.725321738999998],[-43.697110812,-14.723714728999997],[-43.69219898899999,-14.724769219999997],[-43.68717343899999,-14.721407466999995],[-43.686870365999994,-14.722601656],[-43.69048078499999,-14.726243542999995],[-43.689743772,-14.728216275000001],[-43.687699081999995,-14.726250689999997],[-43.683059965999995,-14.728957462999997],[-43.68263335899999,-14.731399126000005],[-43.681082139,-14.732193593000003],[-43.679531318,-14.730087469999999],[-43.673811177,-14.729544713000003],[-43.675946407999994,-14.726694332999994],[-43.67322948299999,-14.726355729999993],[-43.671947759,-14.729066261000003],[-43.67416507099999,-14.732460817000007],[-43.67100456,-14.736867349999999],[-43.666369343,-14.737120548999998],[-43.66514330799999,-14.740958851999999],[-43.659030838,-14.744873273999998],[-43.646145452,-14.747050536000007],[-43.636532324,-14.750355156000001],[-43.62999908,-14.750357883],[-43.625026885,-14.755288912000001],[-43.61500009,-14.759892582999992],[-43.606057789,-14.759463483999998],[-43.599255475999996,-14.753912586999995],[-43.590780281,-14.750869366000002],[-43.580616383,-14.750813877000004],[-43.57856523699999,-14.752556225],[-43.57378256199999,-14.765163338999999],[-43.55708491699999,-14.771681434999993],[-43.549829644,-14.776661078999995],[-43.541640114,-14.779128432999999],[-43.537173978,-14.783507649000002],[-43.53394677899999,-14.788719697999996],[-43.536940503,-14.790593183999995],[-43.539199085,-14.805735965],[-43.53791485199999,-14.808438188999999],[-43.529757036999996,-14.815944843000004],[-43.528342222999996,-14.813748088999995],[-43.525249423000005,-14.813988121999996],[-43.52122625399999,-14.805909593],[-43.515365232,-14.804595019000004],[-43.509750839999995,-14.807599801999997],[-43.511162858,-14.796574542000004],[-43.506947323,-14.794874066000002],[-43.503386746,-14.797643952999998],[-43.500477142,-14.795957406999992],[-43.498472899,-14.797376326000002],[-43.49425767899999,-14.790778740000006],[-43.490135852,-14.792640530000005],[-43.488808956999996,-14.790747087],[-43.483526749,-14.789396606999999],[-43.478376790999995,-14.792050954999997],[-43.469698316999995,-14.787348467999996],[-43.468301372000006,-14.784835584999998],[-43.46872685099999,-14.779483425999999],[-43.479811544,-14.772516884],[-43.481254329,-14.767897741000002],[-43.47911177699999,-14.76557058199999],[-43.476750517999996,-14.765675726],[-43.47529385799999,-14.762209063999997],[-43.47217239,-14.762364682999994],[-43.466919431,-14.766232790999998],[-43.462838594,-14.765886503999997],[-43.456257887999996,-14.757747440000001],[-43.456751342,-14.754794187999996],[-43.460259907,-14.751326194000002],[-43.46127224,-14.746228495000002],[-43.456227346,-14.740157189999994],[-43.44583392799999,-14.736687557999996],[-43.444751406,-14.733220129999998],[-43.44202051100001,-14.731930862999993],[-43.440474827,-14.728315322000002],[-43.438331837,-14.728795231999998],[-43.43463940699999,-14.726425287999994],[-43.434888971,-14.723038280999996],[-43.432640983,-14.723021883000001],[-43.43075239,-14.725722527999999],[-43.42816614499999,-14.726370318999997],[-43.42866818499999,-14.722211086],[-43.425313153,-14.71997918],[-43.414691053,-14.724232505],[-43.39902962399999,-14.710219636999996],[-43.382636899999994,-14.706044847000001],[-43.378976564,-14.701380699],[-43.37277340299999,-14.699105603999993],[-43.35416169,-14.698089012999999],[-43.34650369,-14.696069107999994],[-43.344637035999995,-14.692355887],[-43.33428042599999,-14.687655150999996],[-43.330505024,-14.680128176999999],[-43.326807974999994,-14.678225840000003],[-43.323343756,-14.679194340000004],[-43.319670912,-14.677955360999997],[-43.315617403,-14.672619266999996],[-43.311227370999994,-14.669748095000003],[-43.30467171,-14.671326769999997],[-43.298142717999994,-14.676084320000005],[-43.288324411999994,-14.676112381999996],[-43.283699165,-14.673909369000006],[-43.28055227,-14.665863932000002],[-43.27836137799999,-14.666171245000001],[-43.276971801,-14.664776531999998],[-43.271609397,-14.666053264000002],[-43.266081626,-14.661481568],[-43.261390696,-14.663352900999996],[-43.245054892999995,-14.656511087000005],[-43.240343357,-14.658685403999995],[-43.237948079,-14.656808737000004],[-43.234856951,-14.656789857999994],[-43.228944983999995,-14.660514728000003],[-43.225107667,-14.658425385999996],[-43.207664570999995,-14.658354605999996],[-43.203160958999995,-14.656118048],[-43.200807244,-14.650689667000004],[-43.198694587999995,-14.649624921999989],[-43.190682942,-14.65156626],[-43.184699994,-14.658692856999995],[-43.179181054,-14.66097809199999],[-43.177580488,-14.658155996],[-43.178421407,-14.652115844999999],[-43.176349835,-14.650543841],[-43.151496421,-14.666334057000007],[-43.1403264,-14.665159689000005],[-43.132995519,-14.668034576999993],[-43.12749737,-14.665679992999992],[-43.121943619,-14.674425655],[-43.116304052,-14.678854535999996],[-43.111135689,-14.679009422999997],[-43.108027156,-14.673167546000002],[-43.10397697399999,-14.673937098000007],[-43.101107675,-14.675495054000002],[-43.098519507,-14.679268743999998],[-43.091515849,-14.683322268],[-43.0884645,-14.692406792999998],[-43.083936455,-14.698272571999997],[-43.080396316,-14.694745874],[-43.079332994999994,-14.690379314],[-43.072274074,-14.688841686999995],[-43.069571799,-14.682595218000001],[-43.06638923,-14.680559222999996],[-43.059420435,-14.685290861999999],[-43.060442962,-14.687524827999995],[-43.055671516,-14.690940080999997],[-43.048572508,-14.690237036],[-43.038307402,-14.682807891999996],[-43.03384153,-14.685228935000001],[-43.026889493,-14.686019446000003],[-43.026217689999996,-14.687358012999994],[-43.027867054,-14.690941065000006],[-43.026812255,-14.693548899999998],[-43.02300335799999,-14.693942732000002],[-43.01972073300001,-14.697036511],[-43.016004953999996,-14.697039600000004],[-43.010947273,-14.701662154000001],[-43.002801626,-14.69629004],[-43.000564477,-14.696447212999995],[-42.997059812,-14.699438488999993],[-42.986894145,-14.700965097000006],[-42.98536206499999,-14.702230278999997],[-42.982331284000004,-14.699669588999997],[-42.977325307,-14.698387115000001],[-42.952688162,-14.708402281000001],[-42.946135657,-14.707202274000002],[-42.938880226,-14.708029574],[-42.937411885,-14.720447656],[-42.932413649,-14.724217159999993],[-42.930328992999996,-14.728769928000006],[-42.924974993,-14.733869537999997],[-42.927053006,-14.744140188],[-42.920196096,-14.744237909999997],[-42.91696785799999,-14.747484402],[-42.91219779099999,-14.744471918999993],[-42.90722163899999,-14.754745744000006],[-42.90710866,-14.758850249000002],[-42.903830324,-14.761956122999997],[-42.900686423,-14.755651891999998],[-42.896159693,-14.762983544999996],[-42.89041143200001,-14.766825924999994],[-42.88535822899999,-14.766969229000004],[-42.880800156,-14.769290203999999],[-42.876593039999996,-14.767846252000002],[-42.87328763,-14.764568068999994],[-42.86843883299999,-14.767025240999997],[-42.867194644,-14.771696240000004],[-42.87182251499999,-14.77163460799999],[-42.872391071,-14.775362885000002],[-42.86066205699999,-14.780591080999999],[-42.85655951,-14.786034812],[-42.855864104,-14.790097705000003],[-42.849807485,-14.795046429],[-42.84482771099999,-14.794349113000004],[-42.842387533,-14.796068004999999],[-42.835361409,-14.807759322999996],[-42.825091615,-14.812567360000005],[-42.820247221,-14.820628640999999],[-42.80919393899999,-14.826454945],[-42.806912574,-14.830431474000001],[-42.79099196000001,-14.839379115999996],[-42.77607587799999,-14.841623015999998],[-42.773417003,-14.844579769999996],[-42.769710625,-14.842303249999993],[-42.766609283,-14.842280548],[-42.761576553,-14.845157712000004],[-42.755137768999994,-14.846421427000001],[-42.753661671,-14.847765432999996],[-42.753944337,-14.851622248000005],[-42.751573721,-14.854145288000005],[-42.75267117899999,-14.857382700999999],[-42.749190747,-14.861940932999994],[-42.747219374,-14.867754720000002],[-42.738245603,-14.873668952000003],[-42.735939852,-14.877423876000003],[-42.725742174000004,-14.879277870999996],[-42.724771449,-14.880749840000004],[-42.72574402,-14.882725398999998],[-42.723359775,-14.885612359999996],[-42.71904190299999,-14.886149279999989],[-42.713635688,-14.884260596999999],[-42.71507879199999,-14.880483136000004],[-42.713690576999994,-14.879298900999993],[-42.704163458,-14.882828273000003],[-42.69878116999999,-14.890362270999997],[-42.700361985,-14.894541887999996],[-42.695410901,-14.900417764000006],[-42.683720039,-14.905520114999996],[-42.679853178,-14.903327588000002],[-42.672051566,-14.911626752000002],[-42.663797110999994,-14.916307122999996],[-42.66247029299999,-14.91528465],[-42.662707565999995,-14.910549372000004],[-42.65969360199999,-14.910438249999997],[-42.65671922200001,-14.916173144999998],[-42.656909571,-14.918897889000004],[-42.65255121399999,-14.920721272000007],[-42.656079420999994,-14.923225667],[-42.65521605599999,-14.924253437999997],[-42.64871535699999,-14.926299250000005],[-42.648629023,-14.929987863000003],[-42.639910257,-14.931838893000005],[-42.634906967999996,-14.934944325],[-42.63169027599999,-14.939329249999993],[-42.627942953,-14.941513054999996],[-42.626491687999994,-14.945146241000002],[-42.620712658,-14.943695172999998],[-42.61872208599999,-14.939712462999994],[-42.611249294,-14.935523718999995],[-42.604212534,-14.926118949999996],[-42.59896894,-14.924097845999993],[-42.585582523,-14.931602795],[-42.586410664999995,-14.935016617999999],[-42.584008465,-14.937780706000003],[-42.58205264699999,-14.936864766000003],[-42.577519573,-14.938886308],[-42.575191564,-14.945733207000002],[-42.56930043799999,-14.953891041000002],[-42.563630955,-14.958012999999994],[-42.5606855,-14.962297239999995],[-42.55432871099999,-14.959298830000003],[-42.54475773,-14.962808560999997],[-42.543248180999996,-14.964791393999997],[-42.53488243,-14.966586035999999],[-42.533275958,-14.968274374999996],[-42.533520255999996,-14.974899512999997],[-42.53163531599999,-14.977485391999998],[-42.521741241,-14.983071912999995],[-42.51766464,-14.982207650000005],[-42.513298995,-14.983781370999997],[-42.509636967,-14.987871432999995],[-42.495741423,-14.994858398000002],[-42.494435833999994,-14.997338212],[-42.489516093999995,-15.000294068000002],[-42.482437117,-15.010487303999996],[-42.475911552999996,-15.017040429000001],[-42.462050487999996,-15.020704694],[-42.443598134,-15.020646114999998],[-42.43680041299999,-15.022716018000004],[-42.43599300399999,-15.026096317],[-42.44230538,-15.035400125999999],[-42.444320704,-15.055605937],[-42.44409870199999,-15.059531515999996],[-42.44093847300001,-15.062362562999999],[-42.421678629999995,-15.065532624999998],[-42.409181969,-15.071024791999996],[-42.401068706,-15.077245822999998],[-42.39649167499999,-15.077991629999994],[-42.381014451,-15.070994496000006],[-42.374470380999995,-15.071333736999996],[-42.371857118,-15.073629558000006],[-42.364458739,-15.088904930000004],[-42.360657937,-15.093991328000005],[-42.35490703199999,-15.098203128999993],[-42.350853386,-15.09548236],[-42.337246986,-15.080466282999994],[-42.33351734199999,-15.079052737],[-42.329071999,-15.081991957],[-42.32368961099999,-15.093559335000005],[-42.315748395,-15.099190081000003],[-42.30554303499999,-15.104499507000002],[-42.292531434999994,-15.108662587999993],[-42.282621709,-15.117892665999994],[-42.277157007,-15.113270714999999],[-42.275438096,-15.113288888999994],[-42.272517113,-15.115385861],[-42.266829225,-15.124698110999999],[-42.264796536999995,-15.125178560000004],[-42.258984242,-15.122082939000004],[-42.247183577,-15.109223530999996],[-42.237098407,-15.104429637999994],[-42.230766569,-15.103259903000001],[-42.22743108,-15.099266446999996],[-42.223129539999995,-15.099558933999996],[-42.216393704,-15.105631993999996],[-42.209526872,-15.104451249999999],[-42.20282310399999,-15.100076955000002],[-42.19259909299999,-15.103118438999998],[-42.18295909799999,-15.099645921999999],[-42.179800653,-15.087826307000004],[-42.17331979699999,-15.085954020000003],[-42.164464235,-15.097395310999994],[-42.162601152,-15.098488706000003],[-42.155358616,-15.097850841000001],[-42.153347329,-15.099358858000004],[-42.152405096,-15.104964111999998],[-42.153872421,-15.110560060999997],[-42.149906745,-15.120349475],[-42.141045487,-15.128843180000006],[-42.128914671,-15.131711207000002],[-42.11630616299999,-15.144120119000004],[-42.109362371,-15.156327136000002],[-42.10737997799999,-15.166605217999997],[-42.106349892,-15.168204678999995],[-42.098320403,-15.168323026999998],[-42.09606827399999,-15.182442105000002],[-42.09162087,-15.186605386999993],[-42.084709842,-15.186528880000003],[-42.081933991,-15.181622887000003],[-42.073294346,-15.175702033999995],[-42.06329023999999,-15.172669467000006],[-42.041629949999994,-15.169831401999998],[-42.004376345999994,-15.159581128000003],[-41.997503147,-15.158889985],[-41.99469159699999,-15.158874509],[-41.98779350899999,-15.168328876000004],[-41.98398515299999,-15.168987402000004],[-41.975960521999994,-15.166903308000002],[-41.96293529,-15.170904750000007],[-41.95343435,-15.175664497999998],[-41.941350832999994,-15.173745966000002],[-41.93253653899999,-15.17450167],[-41.92662741499999,-15.160791295999994],[-41.915118883,-15.160586876000002],[-41.909873806,-15.154368350000002],[-41.89703879199999,-15.151899318000003],[-41.88837762599999,-15.141958609],[-41.88026923799999,-15.137350376999997],[-41.875857884999995,-15.130879927999997],[-41.87457069,-15.120632516999997],[-41.872533722,-15.116451974],[-41.87043057899999,-15.115180104],[-41.854504952999996,-15.117450172999996],[-41.84831053399999,-15.116842084999996],[-41.838167104,-15.111648696999998],[-41.816341431999994,-15.108388979000003],[-41.811152147,-15.101741523],[-41.803406847,-15.099737279999998],[-41.499405335000006,-15.372610929000002],[-41.46393404,-15.402148891000001],[-41.440423471,-15.425347798999999],[-41.37579410399999,-15.481566992000007],[-41.356422744999996,-15.500286134999996],[-41.331206097999996,-15.744673362999993],[-41.328172884,-15.741820630999998],[-41.317730396,-15.744506604],[-41.30473158699999,-15.743433363000005],[-41.29294772899999,-15.739005450999999],[-41.281954495,-15.740770467000003],[-41.271758696,-15.748130039000003],[-41.268561735,-15.748703968999996],[-41.25349847399999,-15.746925683],[-41.245311935000004,-15.740310620000004],[-41.237390447,-15.737511317000001],[-41.215396413,-15.737165860999996],[-41.209927111,-15.73897297],[-41.197049013999994,-15.750360139],[-41.190017340999994,-15.751793499000007],[-41.16945314099999,-15.760521071999996],[-41.156284493,-15.761376328000008],[-41.146230464999995,-15.77088431],[-41.142530206,-15.772047002000004],[-41.13561768499999,-15.766141830999997],[-41.133006351,-15.752785958999999],[-41.128634898,-15.746769643999997],[-41.121555664999995,-15.743011811000006],[-41.108385259,-15.740874265000004],[-41.098130948,-15.74105148],[-41.092894648999994,-15.738681443000004],[-41.08820648599999,-15.732534714999998],[-41.082833881999996,-15.728665652999995],[-41.077557868,-15.719287949999993],[-41.062728456,-15.721118445],[-41.05342033499999,-15.725114565999991],[-41.04841525199999,-15.723870006999993],[-41.036272937,-15.713816546999995],[-41.02475765399999,-15.712415743999998],[-41.011786714,-15.714385309999997],[-41.006059449999995,-15.713837348999993],[-40.985475109,-15.693319127999995],[-40.97961071999999,-15.691661369000004],[-40.97809718199999,-15.688104935],[-40.9772806,-15.675308755000001],[-40.974966206999994,-15.669083664],[-40.965917074,-15.65201305],[-40.961614458,-15.647931451999993],[-40.957982363,-15.649264647],[-40.94920151499999,-15.656243942000003],[-40.935982902999996,-15.656642577],[-40.930414904,-15.661042722999998],[-40.926533197,-15.656054547000004],[-40.914331726,-15.660977553999999],[-40.911856634,-15.663611998000004],[-40.91003741299999,-15.670804915999996],[-40.907093965,-15.674489279000003],[-40.908670344,-15.680344402999989],[-40.90780813599999,-15.683666024000008],[-40.90256970699999,-15.691842132000001],[-40.89921918499999,-15.692385765999994],[-40.892032711,-15.690601071000007],[-40.881556859999996,-15.694470756999998],[-40.855449574999994,-15.687157055000002],[-40.848832119,-15.681309639000007],[-40.84203315199999,-15.683224611000007],[-40.839556264,-15.674942046000007],[-40.831314388,-15.670653524999999],[-40.832358297,-15.654119747000001],[-40.829311292,-15.648260751000004],[-40.823520326,-15.646139327999997],[-40.81902827,-15.646342049999998],[-40.810837279,-15.650948470999996],[-40.80811070899999,-15.656114400000003],[-40.794696889,-15.664377824999999],[-40.789771015,-15.671919258000006],[-40.780337123,-15.680198005999998],[-40.78594793,-15.692264144000003],[-40.783284858,-15.701375081999997],[-40.778252720999994,-15.707691701],[-40.767663679,-15.714079375000004],[-40.76044792,-15.713156534999998],[-40.739860824,-15.703646706000004],[-40.73753334599999,-15.700323230000004],[-40.737525215999995,-15.697776819999998],[-40.743880261,-15.685909360999998],[-40.741362216999995,-15.680250551999995],[-40.732154576999996,-15.674899003],[-40.72421984699999,-15.674740001000002],[-40.71883007699999,-15.672336877],[-40.714018452,-15.671914793000004],[-40.707209987,-15.666404831000003],[-40.700575211,-15.667309000999998],[-40.69633386999999,-15.671757090999998],[-40.693499097,-15.679497440000006],[-40.688679519,-15.683428615999993],[-40.684838148999994,-15.693050956],[-40.681894534,-15.694425926999994],[-40.682308694999996,-15.699021243000006],[-40.67214080099999,-15.700952535],[-40.668002892,-15.706695814],[-40.661199068,-15.707125745],[-40.65289271399999,-15.719738818000003],[-40.649136995999996,-15.721688842000002],[-40.644946587999996,-15.728859403999994],[-40.63751750299999,-15.730283924000002],[-40.633407439,-15.718107621000003],[-40.62938873899999,-15.715712667000002],[-40.62603121499999,-15.718209659],[-40.61415433999999,-15.735110136999994],[-40.60660155699999,-15.736756383999996],[-40.601028606999996,-15.743410197999998],[-40.59981621099999,-15.747189058000002],[-40.60033103699999,-15.752755453],[-40.603949797999995,-15.759293260000005],[-40.592613989,-15.762316421999996],[-40.594267251000005,-15.767938836999994],[-40.593099937,-15.771746707999997],[-40.578571021,-15.772555468999993],[-40.57649441099999,-15.774589217999997],[-40.56741737,-15.775923061000007],[-40.56802757799999,-15.780072417999994],[-40.573206272,-15.786060805999995],[-40.573127329,-15.788074408000002],[-40.564902076,-15.801547798999998],[-40.56250941700001,-15.803263641000001],[-40.552864886,-15.803721198999996],[-40.547785799,-15.798485309999997],[-40.53981028,-15.794795100000005],[-40.532003679,-15.794963166],[-40.52495244,-15.797787929999997],[-40.518281185,-15.797510365000004],[-40.517277416,-15.790906574999996],[-40.519136738,-15.780877045999995],[-40.51426241,-15.77290496700001],[-40.509539548,-15.768381331],[-40.506308235000006,-15.766901528999997],[-40.500625707999994,-15.767564897999991],[-40.494662827999996,-15.765879078999996],[-40.48918186499999,-15.773719832000001],[-40.484124693999995,-15.775796552000001],[-40.480939377999995,-15.775188614999996],[-40.47551525,-15.771311559999994],[-40.475270335,-15.767485545999996],[-40.471496050999995,-15.766600044999995],[-40.470890496,-15.763725743000006],[-40.46142858299999,-15.753231736999991],[-40.451619399,-15.759673332],[-40.446225453,-15.766136964999998],[-40.44201879999999,-15.768714302],[-40.436944616999995,-15.775636280999997],[-40.432470201,-15.778653190999998],[-40.427838768,-15.789845409999998],[-40.428165707999995,-15.801706559999996],[-40.425033808,-15.805708350999998],[-40.418743021,-15.808430114000002],[-40.414580986,-15.806540984000002],[-40.402165939999996,-15.816702145999997],[-40.401132683,-15.816559585],[-40.401417082,-15.812917593999998],[-40.39882750299999,-15.814779196],[-40.397332727999995,-15.813859264],[-40.392275914,-15.819875108999998],[-40.388296016999995,-15.816371289999992],[-40.385575491999994,-15.816843710000002],[-40.382501839999996,-15.814496524000006],[-40.38108023299999,-15.817909833999998],[-40.37796783999999,-15.818421683999993],[-40.378139662,-15.822333932999998],[-40.37686026899999,-15.823522639999995],[-40.374882287,-15.82306356],[-40.37314086100001,-15.82033109],[-40.371494291999994,-15.814371613999995],[-40.369332254999996,-15.814609798000001],[-40.36760381799999,-15.817430571999992],[-40.356719846999994,-15.813014818999996],[-40.352496677,-15.816038862999998],[-40.347082361,-15.817286926999998],[-40.339224481,-15.816759776999994],[-40.338413167,-15.818391496000004],[-40.33994171199999,-15.821617234000003],[-40.336103163,-15.824329929999998],[-40.33166721599999,-15.822622991],[-40.33035585599999,-15.819273884000006],[-40.327523829,-15.818229197000004],[-40.32100871499999,-15.820740045999992],[-40.314266454999995,-15.818906147999996],[-40.31155080599999,-15.815591672000002],[-40.30521860699999,-15.815720030999994],[-40.30360528199999,-15.816984529999994],[-40.294405683,-15.816612381999997],[-40.290131729,-15.812551886000003],[-40.28658440800001,-15.812187911],[-40.28266552099999,-15.807972026000003],[-40.274711025,-15.818044267],[-40.273020665,-15.8167793],[-40.27116268599999,-15.817313012000005],[-40.26891116099999,-15.812741182999998],[-40.266305149,-15.813787935999994],[-40.263013864,-15.813074248000005],[-40.264277834999994,-15.810527405000002],[-40.26258281399999,-15.808828229000003],[-40.255688743,-15.810517013999995],[-40.252128599,-15.807309229],[-40.248126766,-15.807149539999998],[-40.246889792000005,-15.805755562999998],[-40.237582282,-15.805055595],[-40.234999757999994,-15.803180768999999],[-40.23111132099999,-15.803847120000002],[-40.231963146999995,-15.806227062999998],[-40.229440356999994,-15.808697399999998],[-40.230199653,-15.812649332],[-40.22807538,-15.818140873000004],[-40.222517884,-15.821799847],[-40.224971671,-15.825864589],[-40.22296474,-15.827630211000002],[-40.21825467,-15.826598686999999],[-40.219441815,-15.830796662],[-40.21883087399999,-15.835779255000004],[-40.212997198,-15.835760791999995],[-40.21403676199999,-15.839559846999997],[-40.21280233099999,-15.842298173],[-40.209913414,-15.843269825000002],[-40.20946880499999,-15.845206094999998],[-40.205835014,-15.846111166000004],[-40.20749867400001,-15.84731138799999],[-40.206862556,-15.854484409],[-40.19985985499999,-15.856191545999998],[-40.19866620199999,-15.857888956999997],[-40.20069982099999,-15.859799189999995],[-40.200074002,-15.862509808999999],[-40.192657653999994,-15.857751066000002],[-40.187223918,-15.860035712999997],[-40.18621077099999,-15.863794311999989],[-40.18227903999999,-15.863309025999989],[-40.178495685,-15.867975274000006],[-40.17396611099999,-15.870490165000003],[-40.16985448199999,-15.867907227999995],[-40.166104227,-15.868377240999997],[-40.164576092,-15.875279271],[-40.167136734,-15.881795162999992],[-40.16388537,-15.887245097000001],[-40.165833008,-15.894067635],[-40.174270365,-15.898249618999998],[-40.175906592,-15.902167923999999],[-40.175403392999996,-15.903991714000004],[-40.17071508499999,-15.907530356999994],[-40.166858348999995,-15.905018272999996],[-40.164744729999995,-15.910231323999994],[-40.159826184,-15.908464876000002],[-40.15646117299999,-15.899535575],[-40.15430051399999,-15.899478223],[-40.153296733,-15.903108017000005],[-40.149300029,-15.905367536000005],[-40.14608309599999,-15.901644210000002],[-40.146040611,-15.899396846999995],[-40.140572262,-15.898888421999999],[-40.13905082,-15.904901306999996],[-40.137405056,-15.906274234000007],[-40.129520535,-15.908101302000002],[-40.124107588,-15.904442331999997],[-40.117052324999996,-15.903498921999997],[-40.113356876,-15.908026113999998],[-40.11299907800001,-15.911291917999995],[-40.110216177999995,-15.912579982000004],[-40.105349894999996,-15.912050057999998],[-40.103524244,-15.909613600999997],[-40.096628,-15.907401258000005],[-40.095384411,-15.903778705000008],[-40.096847767,-15.900204292999998],[-40.092242924,-15.897042708999997],[-40.08499660999999,-15.897120557999996],[-40.081724166,-15.904815746000004],[-40.084045908,-15.907968210999996],[-40.083880766,-15.910722138],[-40.086768891,-15.913579673000003],[-40.08451951199999,-15.920330675999999],[-40.08090783299999,-15.924097653999995],[-40.074846821,-15.920053283999996],[-40.071827364,-15.914217818],[-40.07305577899999,-15.912026213000006],[-40.07212416699999,-15.911138228999999],[-40.067002482999996,-15.909502075],[-40.065716934,-15.910827990999998],[-40.066623214,-15.917856127],[-40.070156178999994,-15.920311872999992],[-40.071659437,-15.92615692],[-40.066341511,-15.924977926999995],[-40.07002151799999,-15.930241582999995],[-40.068850541,-15.933913984999998],[-40.07690751199999,-15.934335511999999],[-40.078830247,-15.940923793999993],[-40.075328165,-15.941817553],[-40.070688360999995,-15.937940620999997],[-40.066133228999995,-15.939764841000004],[-40.067153291,-15.941843150999999],[-40.06552129899999,-15.943842567999999],[-40.066207094999996,-15.950373984999999],[-40.05926812599999,-15.952184222000005],[-40.059133421999995,-15.953178773000003],[-40.064626077,-15.955513567999999],[-40.066194679999995,-15.960208253999998],[-40.064188359,-15.960089680999996],[-40.06116006,-15.964001717999997],[-40.045773515,-15.962356300999998],[-40.043107891999995,-15.968324037999999],[-40.046522289,-15.970008110999999],[-40.04555363099999,-15.972746172000003],[-40.04393812199999,-15.973892115000003],[-40.031463885,-15.973275339999992],[-40.032687587,-15.978569374999998],[-40.030770243,-15.981093841999996],[-40.02727158399999,-15.980494339999996],[-40.026241136,-15.982220844999999],[-40.028161528999995,-15.985579516],[-40.022579795999995,-15.990446993999996],[-40.022828837,-15.986390221999995],[-40.021325058,-15.984804690999994],[-40.013690666,-15.984006453999994],[-40.008430778999994,-15.994918106999993],[-40.000969141,-15.994675637999999],[-40.00443650799999,-16.001838196],[-39.99507835399999,-16.000475664000007],[-39.992050393,-15.995001333999998],[-39.988907864999995,-15.997188979999999],[-39.979997649,-15.997642409999994],[-39.97854333899999,-16.000276344000003],[-39.981464027,-16.003962082],[-39.980263986999994,-16.005560801],[-39.96990714999999,-16.004151449000002],[-39.963960049,-16.005331687000005],[-39.964585747,-15.998847630000002],[-39.962990535,-15.996303634999997],[-39.955746425,-15.991428293999993],[-39.936334884999994,-15.995515820999998],[-39.923980162999996,-15.995061260999995],[-39.914797935,-15.999993390999997],[-39.91827190899999,-16.007083324000007],[-39.926412949,-16.012136761999994],[-39.928242335,-16.017018137],[-39.933180686,-16.019309572],[-39.93568617,-16.023747893],[-39.931899218,-16.027330716000005],[-39.922198376,-16.028625387],[-39.914713985,-16.037140961000002],[-39.90810015,-16.041248582999998],[-39.899443272999996,-16.049607657],[-39.900243218,-16.058777697],[-39.89223087199999,-16.061352383],[-39.88200338499999,-16.068032995],[-39.88038438499999,-16.073059364],[-39.876687876999995,-16.078168824999995],[-39.878215316,-16.085418147999995],[-39.87740986199999,-16.091613678],[-39.87467324899999,-16.094067945999996],[-39.866605745,-16.095596644],[-39.86478836399999,-16.103858376],[-39.858709561999994,-16.109028290999994],[-39.85682889099999,-16.113824768],[-39.860797689,-16.124725914000006],[-39.880514185,-16.143745365999997],[-39.88427534499999,-16.144893571999997],[-39.888357285,-16.139790030999993],[-39.89135505499999,-16.138222204999998],[-39.896956547,-16.141603993],[-39.895966103,-16.147879703999998],[-39.893691818,-16.150378667],[-39.887276688,-16.150976302999997],[-39.886206539,-16.157153223999998],[-39.882937585,-16.163780146],[-39.883390601,-16.194693004999998],[-39.884854203,-16.197027078999998],[-39.891266624,-16.197821459],[-39.898402954,-16.201367172000005],[-39.902178957,-16.208503461000003],[-39.90839545,-16.210686728],[-39.91263325599999,-16.210305941999994],[-39.912239852,-16.21637921],[-39.915189696999995,-16.217872944999996],[-39.918135279999994,-16.22411982399999],[-39.936521146,-16.245780821000004],[-39.936273195999995,-16.248100716000003],[-39.92854054299999,-16.258146948000004],[-39.920101684,-16.263739369999996],[-39.91754731899999,-16.271798082],[-39.91667828,-16.283842771000003],[-39.92238116899999,-16.285326285000004],[-39.92718766699999,-16.282876382000005],[-39.93265768199999,-16.283603522000007],[-39.933715082,-16.288691080000003],[-39.939241377,-16.293792456999988],[-39.94352433299999,-16.292068730999993],[-39.944456237,-16.295040540000006],[-39.95223967599999,-16.297855108000007],[-39.95813459,-16.308318959999998],[-39.958162728999994,-16.315826319],[-39.960495857,-16.321882729000002],[-39.96667271999999,-16.327209207000003],[-39.97063753799999,-16.326929344999996],[-39.970129526,-16.323427704999997],[-39.972663238,-16.318779928],[-39.97807289099999,-16.318415306],[-39.979407985,-16.316835135000005],[-39.97838947,-16.311136815999998],[-39.991102018,-16.312734309999993],[-39.991794551,-16.317785122],[-39.99662728799999,-16.324505009],[-39.995523492,-16.330665773999996],[-40.004317444,-16.337093863],[-40.011241943,-16.340124924999994],[-40.012772508999994,-16.342431818999998],[-40.01146125799999,-16.346267614],[-40.016519877,-16.347000991],[-40.019223972,-16.350201773000006],[-40.02018758399999,-16.35442715],[-40.02521612899999,-16.357362218999995],[-40.025806724999995,-16.366468095],[-40.032498874999995,-16.391997946],[-40.037854869,-16.396918794],[-40.039909947999995,-16.403618319000003],[-40.041884661999994,-16.405679363999997],[-40.041023463,-16.411818177999997],[-40.04557008599999,-16.422038892000003],[-40.049196827,-16.424445981999998],[-40.0520243,-16.431660578999995],[-40.054710757,-16.433203709],[-40.062716877999996,-16.431986285000004],[-40.063223619,-16.436633470999997],[-40.06151142699999,-16.440042879],[-40.06451273,-16.444059095000004],[-40.065797848,-16.457520203],[-40.06918303999999,-16.460725716],[-40.07940939099999,-16.46422991],[-40.083981337,-16.463926471],[-40.083772548000006,-16.458976364],[-40.088358201,-16.45215432399999],[-40.09704785099999,-16.448046713999997],[-40.092240651999994,-16.43455702],[-40.09499470499999,-16.43160223],[-40.09601908199999,-16.421979235000006],[-40.098664088999996,-16.421210053999992],[-40.10330274799999,-16.437010342],[-40.109882288,-16.449885634],[-40.114505349,-16.454355200000002],[-40.114222485999996,-16.458199398999998],[-40.11564804,-16.459632102],[-40.116545575,-16.466499606999992],[-40.121189304,-16.466602830000003],[-40.126375248,-16.475076521],[-40.131580127999996,-16.479624383000008],[-40.13364022799999,-16.483490955999997],[-40.133599433,-16.487699991],[-40.13566894299999,-16.487662146000005],[-40.137886134999995,-16.489970747999998],[-40.14066572099999,-16.496772848000003],[-40.148727132999994,-16.502862671999992],[-40.15419384599999,-16.508683288000004],[-40.155177978999994,-16.512267381999994],[-40.156354156,-16.511576228999996],[-40.158398723,-16.513846818],[-40.161232003,-16.523444269],[-40.16292344,-16.524492425999995],[-40.164532782,-16.521726937],[-40.168373503999995,-16.52016418],[-40.170781114,-16.523621965999997],[-40.16936892999999,-16.525811753],[-40.170168814,-16.531279236000003],[-40.16846652099999,-16.535157374],[-40.17238599,-16.534755862000004],[-40.17493685299999,-16.537232379],[-40.16868052,-16.538987226],[-40.166828943999995,-16.537452654],[-40.165520114,-16.537978085000002],[-40.163998832999994,-16.543884765],[-40.160115585,-16.544252477000004],[-40.16244589699999,-16.545301661999996],[-40.16268412899999,-16.550055256],[-40.158670465,-16.554140818999997],[-40.160713758,-16.557357349000007],[-40.157710248,-16.56090122899999],[-40.15535201,-16.558221336999992],[-40.15573161,-16.559609152999997],[-40.153557468,-16.561688417],[-40.15361295699999,-16.566152209999995],[-40.154445722999995,-16.565490152000002],[-40.16057752,-16.570781831],[-40.160181597,-16.575119775999998],[-40.158681569,-16.575534645999998],[-40.15789741,-16.579454856000005],[-40.162859289,-16.580467239],[-40.164826704999996,-16.578331569],[-40.171723202,-16.577163389999992],[-40.172852938,-16.577436768000002],[-40.172323105,-16.581876007999995],[-40.174124583,-16.582611869000004],[-40.186047833,-16.572496700999995],[-40.190184568999996,-16.570965717999997],[-40.19833321,-16.570291942000004],[-40.201226286,-16.575228074000005],[-40.205240239000005,-16.57261882699999],[-40.21202418899999,-16.573123116],[-40.218088718999994,-16.566723869],[-40.229810619,-16.561444893999994],[-40.234127588,-16.55793231199999],[-40.236664094,-16.564110519],[-40.245855477,-16.566994551],[-40.247025708,-16.573562259],[-40.249045328,-16.573570595],[-40.25468843499999,-16.569435350000006],[-40.258411416,-16.570577514999997],[-40.26146788,-16.57462621399999],[-40.27549007499999,-16.573417673],[-40.275665423,-16.578623175],[-40.28349333999999,-16.587447845000003],[-40.288044566,-16.599689451],[-40.283827668,-16.604773195999993],[-40.28730015299999,-16.609727036999995],[-40.28724329399999,-16.615461438],[-40.292070717,-16.622087433000004],[-40.29495916599999,-16.633361624],[-40.294131466,-16.639032450000002],[-40.29798831,-16.644169499],[-40.298248001999994,-16.652465964000008],[-40.303157789,-16.657829927999998],[-40.307129641,-16.666920118000004],[-40.31298794,-16.675434115999998],[-40.314023298,-16.681776167999992],[-40.311465961,-16.684683118000002],[-40.31104656099999,-16.695838766999998],[-40.307018842999994,-16.696766535000002],[-40.303001149,-16.703687591],[-40.302356178,-16.708178197],[-40.303806958,-16.712230673999997],[-40.310580062999996,-16.719288773],[-40.311859794,-16.725449183],[-40.310166697,-16.736215487],[-40.31341543199999,-16.740762242],[-40.32012997599999,-16.746281635],[-40.328667048,-16.764094647],[-40.332858105,-16.769547362999997],[-40.335837246,-16.779714165999994],[-40.344239393,-16.784309045],[-40.345493614,-16.787267520999997],[-40.343353583,-16.788674478],[-40.335477854,-16.788235198],[-40.323605464,-16.801269173000005],[-40.31637785,-16.801038583],[-40.294659732,-16.796625272999997],[-40.286482152999994,-16.803221308999998],[-40.282798944999996,-16.803988611999994],[-40.27999254899999,-16.80079608899999],[-40.270076442999994,-16.795329419999998],[-40.264469867,-16.799104592000006],[-40.261943731,-16.803583996],[-40.25780253199999,-16.806540973],[-40.259079384,-16.814448993999996],[-40.258470030999995,-16.820723473999998],[-40.25352550699999,-16.824645947999993],[-40.25082927199999,-16.831154649999995],[-40.25141026399999,-16.838855801999994],[-40.246907058999994,-16.845739482000003],[-40.251825741999994,-16.849032677999997],[-40.252121488,-16.860050634999997],[-40.255274299,-16.861115300999998],[-40.25946348699999,-16.858351064],[-40.266026028999995,-16.860313408999996],[-40.264936776,-16.86502841],[-40.271967477,-16.870193678],[-40.27238687,-16.878207949999997],[-40.276210084,-16.889093007999996],[-40.27601676799999,-16.892866070999993],[-40.279110519999996,-16.895365379999998],[-40.28163705099999,-16.901183641],[-40.285021326,-16.901823210000003],[-40.287969313,-16.904451589],[-40.293459578,-16.90462864099999],[-40.297857263,-16.9006543],[-40.29908064799999,-16.894385356],[-40.302773831,-16.892243617999995],[-40.30657934799999,-16.89655781300001],[-40.31041227899999,-16.896635825],[-40.315609731,-16.905286036000003],[-40.32292991,-16.904043385],[-40.324967064999996,-16.908792226],[-40.331523032999996,-16.908027288999993],[-40.339884044,-16.898485310000005],[-40.348744951,-16.899306631],[-40.349746438,-16.893447316999996],[-40.348302116,-16.888044127],[-40.35366574,-16.885909069999997],[-40.356468561,-16.881805825999997],[-40.366485049,-16.874172253000005],[-40.371358134999994,-16.874903408999998],[-40.370664408,-16.878616152999992],[-40.375900830000006,-16.885872281000005],[-40.393609492,-16.886689141000005],[-40.399964763,-16.888553316],[-40.406105861,-16.898601543000005],[-40.412993447999995,-16.897637056999994],[-40.415716682,-16.899500619],[-40.421864101,-16.896505806000004],[-40.426607352,-16.889730206999992],[-40.43161704999999,-16.887377255000004],[-40.434681487,-16.887540070999997],[-40.436966186999996,-16.893155741],[-40.439279363,-16.891866107],[-40.444270038,-16.893523687000002],[-40.448936894999996,-16.892364813999993],[-40.451482775,-16.891043222],[-40.454105575999996,-16.881593434000003],[-40.45929137299999,-16.878761663],[-40.480172624000005,-16.876808630000003],[-40.485004446999994,-16.878970685000002],[-40.491205523999994,-16.884490034],[-40.492326856000005,-16.887398714000003],[-40.49099098899999,-16.896120636],[-40.492693124,-16.904109286],[-40.49610139899999,-16.911067033000002],[-40.49714184599999,-16.917332683000005],[-40.501743699,-16.922806223],[-40.50582829399999,-16.930871217000004],[-40.51038524399999,-16.948009587000005],[-40.516997552,-16.961051546999993],[-40.516326701,-16.963574817],[-40.52313162,-16.967065371],[-40.532080874,-16.975335600000005],[-40.535023287,-16.980813411],[-40.545443295,-16.984199680000003],[-40.548507612,-16.99062181],[-40.55035354899999,-17.001403204999995],[-40.554409389,-17.007355147999995],[-40.55557803699999,-17.013399166999996],[-40.55257964399999,-17.019628298],[-40.555883621,-17.02346588],[-40.556770031999996,-17.032001362999996],[-40.559855978,-17.041605648999994],[-40.56460918599999,-17.048975160000005],[-40.56732586399999,-17.058349252],[-40.569928732,-17.060169369],[-40.571414287,-17.063885494999994],[-40.570499311,-17.080230985999997],[-40.56791975299999,-17.081679848],[-40.563912139,-17.080873725999997],[-40.56141586799999,-17.082432097999998],[-40.556785538,-17.08960202],[-40.55660749999999,-17.09681108],[-40.55719383899999,-17.104860314999996],[-40.56208275299999,-17.111760143999998],[-40.562914684,-17.12632727600001],[-40.568380556,-17.132128873999996],[-40.568253897,-17.136268273000002],[-40.571214002999994,-17.140591174],[-40.57810304899999,-17.144611543],[-40.579158746,-17.148248257000002],[-40.57579922299999,-17.158352427],[-40.57832929100001,-17.162683007999995],[-40.577745888,-17.167959973],[-40.573524487,-17.173801856000004],[-40.574608693,-17.180334710999997],[-40.572526917,-17.182369128999998],[-40.55774768599999,-17.185881361],[-40.553861169,-17.189030279999997],[-40.555063483999994,-17.194749928999997],[-40.552383881,-17.199153099999997],[-40.554060526,-17.203494691000003],[-40.55889925799999,-17.204423055000003],[-40.562306491,-17.212375831],[-40.562556505,-17.218522211000003],[-40.559523983000005,-17.222731027000002],[-40.558394235,-17.230676139000003],[-40.561805788,-17.233190293999996],[-40.564465652,-17.239973676999995],[-40.569909945,-17.241612467],[-40.56860686,-17.247070267000005],[-40.57185846499999,-17.249468974],[-40.572249873,-17.251372760999995],[-40.56357299799999,-17.258199141999995],[-40.561973385,-17.272507162],[-40.557003856,-17.276340606],[-40.550344735,-17.279074707],[-40.547750901,-17.283706279000004],[-40.552843841999994,-17.287521205999997],[-40.56324904,-17.289369958],[-40.57224403499999,-17.294766075999995],[-40.58221803600001,-17.311118133000008],[-40.58442659799999,-17.312545434000004],[-40.590516317,-17.312978021999996],[-40.59484166599999,-17.323564774],[-40.598109328999996,-17.324431346],[-40.60574112199999,-17.32338379300001],[-40.60902515,-17.326968370999996],[-40.602445935999995,-17.341403973],[-40.59399264799999,-17.342835433999994],[-40.592727109,-17.345473096999996],[-40.604684642,-17.356194283000008],[-40.605793958,-17.359967420999997],[-40.60112233299999,-17.360769647000005],[-40.598937226,-17.364538098000004],[-40.599416723,-17.369718309999996],[-40.5977084,-17.376888930999993],[-40.60162273800001,-17.382534550000003],[-40.59866441999999,-17.389636491999998],[-40.599378051,-17.391818954],[-40.602477314999994,-17.393596790999997],[-40.614266556,-17.397598418],[-40.622607155,-17.403293132999995],[-40.623475113999994,-17.405980699000004],[-40.620010103,-17.409911302999998],[-40.61253255799999,-17.412755921],[-40.60871703099999,-17.417830416],[-40.597506501,-17.420633260999995],[-40.59204986,-17.41968363],[-40.58634095499999,-17.415858063000005],[-40.57973246699999,-17.413893306],[-40.57008174,-17.415891467999998],[-40.56746697799999,-17.417694942999997],[-40.56394422299999,-17.42485979],[-40.560161292,-17.427254929999997],[-40.554159076,-17.435567899000002],[-40.536211949999995,-17.443008698999996],[-40.528760112,-17.444934287999992],[-40.520579045,-17.444811283],[-40.518972548,-17.449984171],[-40.520941441999994,-17.458348556],[-40.514054767,-17.465236274000002],[-40.511107416,-17.466518056000005],[-40.50551752999999,-17.475606681000002],[-40.500580221,-17.476259782999996],[-40.4978554,-17.479135386999996],[-40.495439180999995,-17.486731610000003],[-40.486767734999994,-17.489197890999996],[-40.48300009199999,-17.488512969999988],[-40.482414733,-17.492590242],[-40.485551349999994,-17.500492338000004],[-40.483881933999996,-17.505937357000004],[-40.487811792,-17.511353746],[-40.489062415999996,-17.519789666000005],[-40.48617611,-17.526854125000003],[-40.475198866999996,-17.53377778],[-40.465937735,-17.555825193999997],[-40.463238987,-17.558855703],[-40.460414858,-17.568502233999997],[-40.451388929,-17.573141809],[-40.44374040999999,-17.579012269],[-40.441321993,-17.577179327999996],[-40.437872217,-17.570432986],[-40.43207991199999,-17.567563443000004],[-40.428129265,-17.566708937999998],[-40.42379313099999,-17.569188969],[-40.418049893,-17.567267436],[-40.410684312,-17.568227285999996],[-40.410466526,-17.571252379000004],[-40.414524641,-17.576158319],[-40.40979883699999,-17.585624551999995],[-40.41201644800001,-17.589062172000002],[-40.415947757,-17.586378078],[-40.41811021899999,-17.595034078000005],[-40.418214578,-17.599097405000006],[-40.414469227999994,-17.610096355],[-40.408359546999996,-17.609028776],[-40.403472913,-17.611519215999998],[-40.39681174,-17.625605291000007],[-40.3888377,-17.621064496999992],[-40.379934318,-17.611309334],[-40.371962463,-17.612458001999997],[-40.367806913,-17.618421711999996],[-40.361445628999995,-17.636670773999995],[-40.354658132,-17.644272264],[-40.35307225599999,-17.636876091],[-40.348555456,-17.630775998999997],[-40.349072595,-17.625096393999996],[-40.35200236499999,-17.621727776999997],[-40.350534216,-17.613945989000005],[-40.349378808,-17.612086413999997],[-40.34670137,-17.611999334000004],[-40.34030153199999,-17.621485083000003],[-40.335648278,-17.625653218999997],[-40.334049023,-17.63214845],[-40.329091115,-17.635244048999994],[-40.321824854,-17.643708253999996],[-40.325848539999996,-17.652571388999995],[-40.322824728,-17.66131469999999],[-40.317969494,-17.664236322999997],[-40.30772073899999,-17.665666962000003],[-40.29902057299999,-17.674567643],[-40.29852719499999,-17.683405733000004],[-40.29974131899999,-17.688719978999995],[-40.298110567,-17.696259792000003],[-40.295514702,-17.699493596999993],[-40.291105435999995,-17.69882275199999],[-40.286242092,-17.70072255099999],[-40.283805522,-17.707827392],[-40.28269,-17.71825056399999],[-40.280361858,-17.722786576000004],[-40.275790225,-17.726384642999996],[-40.270322222999994,-17.727058482],[-40.25590531,-17.719546225999995],[-40.252945095,-17.726233653],[-40.248635387,-17.730672195000004],[-40.24020772,-17.734923248999994],[-40.23028029599999,-17.736016133],[-40.223977804,-17.733773703],[-40.220796649,-17.737247429000004],[-40.21832741,-17.747636174000004],[-40.21365733399999,-17.753687492999994],[-40.217440994,-17.764293782999996],[-40.217822556,-17.770081266],[-40.21438622099999,-17.776943423000002],[-40.21743878499999,-17.785059751],[-40.21807567,-17.795659047999997],[-40.214156355,-17.799686295],[-40.206023722,-17.802574385],[-40.204517843,-17.805329526999998],[-40.201765558,-17.814560104],[-40.204321301,-17.823568454000004],[-40.203863864,-17.829664071000003],[-40.20192775699999,-17.830625957000002],[-40.197934422,-17.827995002],[-40.195933438999994,-17.82820479],[-40.191553925,-17.832154185],[-40.186412623,-17.832529344999998],[-40.181660793,-17.83597518199999],[-40.174127291,-17.851561215999997],[-40.212657664,-17.895794132999995],[-40.263547468,-17.922023349],[-40.265463118,-17.932321331000008],[-40.259799652,-17.940021784],[-40.242155999,-17.952572022000002],[-40.230827995,-17.955586016],[-40.226822943,-17.958259781999995],[-40.223245289999994,-17.967253361999994],[-40.221823048,-17.974349079000007],[-40.222350609,-17.980417387],[-40.23116314999999,-17.977994182000003],[-40.235539863,-17.975369220000008],[-40.25535480900001,-17.971799426],[-40.26006710099999,-17.965579826],[-40.266300719,-17.962021757000002],[-40.27567335999999,-17.962562040999998],[-40.290994486,-17.951849536999998],[-40.291108658,-17.946887414000003],[-40.300155944,-17.945930052999998],[-40.306191485,-17.947360036999996],[-40.30994136699999,-17.940939232],[-40.314300390999996,-17.939000641000003],[-40.320161739,-17.940623005999996],[-40.323435496,-17.938944217],[-40.333955583,-17.927359836000004],[-40.34552180000001,-17.92378202800001],[-40.349123287,-17.923921169000003],[-40.353016919,-17.929690587],[-40.355611966,-17.930454821],[-40.36170443699999,-17.927792804000003],[-40.36782862,-17.922632499],[-40.372564555,-17.927608178999996],[-40.386451674999996,-17.928438061],[-40.38930505999999,-17.924826539],[-40.391947812,-17.924102749999996],[-40.403239113000005,-17.923527996000004],[-40.406108951,-17.926212931999995],[-40.417418678999994,-17.927034276000004],[-40.43257695399999,-17.921333404000006],[-40.445054679,-17.918825517000002],[-40.453871732,-17.918810624000006],[-40.459321389,-17.920451585999995],[-40.462737991999994,-17.928212364],[-40.464186648,-17.928203105000005],[-40.46867385899999,-17.922654571999992],[-40.47660607499999,-17.918000581999998],[-40.484129489999994,-17.908644734999996],[-40.49032822,-17.907395391999998],[-40.495800137,-17.910661619000003],[-40.500596777999995,-17.911667060000003],[-40.503332861,-17.910679152999997],[-40.510577804,-17.904776582000004],[-40.513316198999995,-17.897732731999994],[-40.516821865,-17.894423308],[-40.527037837,-17.891944637],[-40.536046622,-17.896543698000002],[-40.54036030999999,-17.902824312999993],[-40.54773945499999,-17.907521808],[-40.55464120199999,-17.909234671999997],[-40.567930155,-17.916029286],[-40.58471193,-17.91816656399999],[-40.586264412,-17.929726643999995],[-40.584412255,-17.935762522999994],[-40.587161348,-17.939020841000005],[-40.597192812,-17.936034718],[-40.60953293,-17.937658794000004],[-40.613448403,-17.939730786],[-40.615297388,-17.943714207000003],[-40.612635824,-17.946374820999996],[-40.612612588999994,-17.949507414999992],[-40.621883999,-17.960566040999996],[-40.615160442,-17.964686233000002],[-40.614272952,-17.967496340999997],[-40.624290958,-17.975919719999997],[-40.625317050999996,-17.978981773000005],[-40.62392882299999,-17.985727853999997],[-40.626151905,-17.991053926999992],[-40.630419236,-17.991858737000005],[-40.637567454,-17.990537260000004],[-40.64603076299999,-17.993561217999996],[-40.64904846499999,-17.997259683],[-40.65149430699999,-18.006865396],[-40.65943569499999,-18.010929187],[-40.661325647999995,-18.013212573000008],[-40.664916614,-18.011149667],[-40.673186274,-18.011041337999995],[-40.677828551,-18.013239297999995],[-40.681302854,-18.010148798],[-40.68422334899999,-18.010176257999998],[-40.690524136,-18.012712684000004],[-40.70368342799999,-18.023727032999997],[-40.709609304999994,-18.02098971599999],[-40.711451709,-18.012406991000002],[-40.716557538,-18.009179167000003],[-40.71616603799999,-18.004617087999993],[-40.725768952,-18.001217221000005],[-40.740311897,-18.005569593],[-40.74408374,-18.005317981],[-40.750767568,-18.009908807],[-40.757849261,-18.007003512000004],[-40.76031083099999,-18.003961575],[-40.771768455,-18.003388074999997],[-40.773537641999994,-18.002130166999994],[-40.774847837,-17.996615332999998],[-40.770930568999994,-17.986422018],[-40.77119977899999,-17.981061521999994],[-40.777725564,-17.982306755999996],[-40.777747225999995,-17.976686445999995],[-40.782120283999994,-17.975247212999996],[-40.786076396999995,-17.979126932999993],[-40.79500324199999,-17.981739660000002],[-40.795492636999995,-17.979775290999996],[-40.791876779,-17.97148313],[-40.79753911499999,-17.963100978999993],[-40.798468839,-17.956946426999995],[-40.802623991,-17.958494441000006],[-40.808161609,-17.952047168999997],[-40.812747962,-17.954226779],[-40.81416159199999,-17.958909109],[-40.824970921,-17.963698024999996],[-40.828780148,-17.961402685999992],[-40.830552882,-17.954180002000005],[-40.837039968,-17.957187613],[-40.83809321399999,-17.96039301299999],[-40.847731357,-17.967509355],[-40.849361636999994,-17.973121023999994],[-40.85294221,-17.977330903000002],[-40.85893931999999,-17.979391388],[-40.860120459,-17.984006642999994],[-40.86313152,-17.988316864999998],[-40.870302345999995,-17.986093988999997],[-40.87291922299999,-17.980800416000005],[-40.877864255,-17.981725774000004],[-40.882717039,-17.970551075],[-40.889279366,-17.978156825999992],[-40.891167693999996,-17.983033194000008],[-40.897105663,-17.981728083999993],[-40.89933266800001,-17.982650252],[-40.902823047,-17.98771222],[-40.88698942,-18.000641011],[-40.773303346000006,-18.107562650999995],[-40.772514312999995,-18.128845368],[-40.770226902,-18.135278559999996],[-40.772885563,-18.144116269999998],[-40.771029823,-18.146327184999993],[-40.771496051,-18.155940009999995],[-40.77540890299999,-18.158395604000003],[-40.783165110999995,-18.157088099],[-40.793712595,-18.160153820000005],[-40.805216938,-18.152970290999992],[-40.824188036,-18.149288817000002],[-40.832504982,-18.15115316],[-40.83788342799999,-18.147538789],[-40.843899416,-18.146572795999997],[-40.845075827,-18.149813018],[-40.85226872799999,-18.146242464],[-40.856026842999995,-18.139818247],[-40.860631884,-18.140383249000003],[-40.863304839,-18.139132148999998],[-40.866428109,-18.129916465000004],[-40.87261813199999,-18.124009320999992],[-40.875462535,-18.122952436000006],[-40.877555079,-18.119429337999993],[-40.880689778,-18.12413946499999],[-40.88399288099999,-18.123204116999997],[-40.889010813999995,-18.124016056999995],[-40.89008508,-18.120926512999993],[-40.89391015500001,-18.118887935],[-40.891543682,-18.112733843],[-40.891711312000005,-18.108929232999998],[-40.89310935499999,-18.107878302],[-40.89899824599999,-18.112511352],[-40.904231653,-18.110182089000002],[-40.904547314,-18.115929167999997],[-40.909283306999995,-18.114830156],[-40.917299244,-18.120743152999996],[-40.924773185,-18.127127134999995],[-40.927028015999994,-18.132979558000006],[-40.93220959199999,-18.136483474],[-40.94051262299999,-18.136453449000005],[-40.94490027399999,-18.129668352999992],[-40.950003844,-18.129286552],[-40.951613756,-18.134092053999996],[-40.95155128199999,-18.142454544999996],[-40.948919977,-18.144066537],[-40.94885923199999,-18.145699542999992],[-40.95306819699999,-18.149444989000003],[-40.954537364,-18.154494397000004],[-40.96217171699999,-18.154170883000003],[-40.96751697799999,-18.145214927999994],[-40.970719581,-18.144895306999995],[-40.9741926,-18.142105048],[-40.980323905,-18.141364136],[-40.98091178,-18.144666835000006],[-40.987034374,-18.146773958000004],[-40.98926003799999,-18.155908428],[-40.986707884,-18.162420283],[-40.98947706999999,-18.170649280000003],[-40.993216939999996,-18.166234740999997],[-41.004539847,-18.165690274999996],[-41.005558025,-18.167596772000003],[-41.010594639,-18.167399788999997],[-41.014605258,-18.16134025199999],[-41.014589474,-18.157579417000008],[-41.022859727,-18.158525867999998],[-41.028104426999995,-18.157672885000004],[-41.033813731,-18.172111778000005],[-41.037203868,-18.172226756999997],[-41.03813832600001,-18.171088195000003],[-41.037199846,-18.166360670999996],[-41.034192975,-18.163527154999997],[-41.03533465999999,-18.162795272999997],[-41.039496896,-18.164512730000002],[-41.046256152,-18.164323979999992],[-41.056084607,-18.166621079000002],[-41.053441293,-18.172672340000002],[-41.056454286,-18.178840765000007],[-41.059076527,-18.179189839],[-41.062690614,-18.182082869],[-41.066552455,-18.180913112000002],[-41.07077533499999,-18.184598662999996],[-41.072719176,-18.184328387999994],[-41.092734479,-18.195401325],[-41.09243755399999,-18.204758916],[-41.094113765,-18.208684984999994],[-41.10444789999999,-18.213276763999996],[-41.102196666,-18.219204634999997],[-41.096580143,-18.222278605],[-41.09519384499999,-18.226889194],[-41.092578701,-18.227181603000005],[-41.09135100899999,-18.230255913],[-41.09504849199999,-18.232973285000003],[-41.099239571999995,-18.232370426],[-41.10274424499999,-18.236966132999996],[-41.09905583199999,-18.239105454000004],[-41.100801869,-18.24374289],[-41.095974008999995,-18.250994084],[-41.09719163,-18.256581215],[-41.10077297899999,-18.259777251000003],[-41.103805654999995,-18.26052184],[-41.120324417999996,-18.274401573000006],[-41.12749834899999,-18.276918928000004],[-41.132072274,-18.284626181999993],[-41.141108835999994,-18.291291492000003],[-41.142723267,-18.298110654999995],[-41.15892065399999,-18.308243451],[-41.154035059,-18.329594682000003],[-41.15466141899999,-18.334704719000005],[-41.15015974599999,-18.336353229000007],[-41.150325341999995,-18.347287866000002],[-41.147497810999994,-18.353381221],[-41.14988563699999,-18.365114440000003],[-41.14701483899999,-18.369000759999995],[-41.145885076,-18.373862816999992],[-41.148102191999996,-18.379150740999993],[-41.159598878999994,-18.381458616],[-41.162540441999994,-18.390763653],[-41.15933680399999,-18.39752478300001],[-41.160448009,-18.402798292999996],[-41.153353597,-18.405180412000004],[-41.14425467699999,-18.405241289],[-41.14375442299999,-18.406463826],[-41.147225748,-18.41144813],[-41.15474661199999,-18.414424777999997],[-41.161033622,-18.416238339],[-41.16378189299999,-18.414018508],[-41.16666904,-18.415217291999994],[-41.17464468299999,-18.424227965],[-41.176808567,-18.429498793999997],[-41.18079806,-18.432682552],[-41.182092461,-18.439254547000004],[-41.17875331,-18.443515817999998],[-41.174247424,-18.444697458999997],[-41.17258338100001,-18.443923079999994],[-41.173083083,-18.442796895],[-41.023028708,-18.457260878000003],[-41.02064937,-18.458599238999998],[-41.01634094799999,-18.467460743],[-41.015879258,-18.476754422000003],[-41.041988537,-18.605403079999995],[-41.036825706,-18.605668771999994],[-41.03286056499999,-18.607614775],[-41.03373879299999,-18.612110192],[-41.032493861,-18.618105570999997],[-41.039395755,-18.619923717],[-41.04266133299999,-18.625865701999995],[-41.044861307,-18.627228685999995],[-41.05138994699999,-18.626731106],[-41.05310735999999,-18.628722883000005],[-41.05292045699999,-18.631199024999997],[-41.050892272,-18.634153995],[-41.041558375,-18.639752928000004],[-41.044419309999995,-18.648279614],[-41.035616254999994,-18.644031708],[-41.029663826,-18.645818227999992],[-41.028747741,-18.64672928899999],[-41.032223531,-18.652637992],[-41.020212543,-18.65495304599999],[-41.007190969999996,-18.663306059000004],[-41.00522688499999,-18.667277023],[-40.988865202,-18.673216942],[-40.98782094399999,-18.678135945999998],[-40.982623392,-18.676796221],[-40.979385506,-18.679362055000002],[-40.976528902,-18.677080848999996],[-40.97235843299999,-18.680087711999995],[-40.967744333,-18.678310160999995],[-40.953834293,-18.681607605999993],[-40.952061416,-18.680829349999996],[-40.94913162,-18.684581025999996],[-40.94788603599999,-18.684135121000004],[-40.941497577999996,-18.689294675],[-40.940004219,-18.770286159999998],[-40.93519349499999,-18.777693690999993],[-40.932191389,-18.77983546999999],[-40.93049815799999,-18.785779694000002],[-40.926610893,-18.788180175999994],[-40.928633255,-18.792937928000004],[-40.921946118,-18.797255461],[-40.919801601,-18.800397292999993],[-40.915921867,-18.812658163000002],[-40.91677262899999,-18.815543415999997],[-40.927911994999995,-18.81970647399999],[-40.93030240899999,-18.824511873],[-40.936661853,-18.831048250000002],[-40.93900057399999,-18.831335222999996],[-40.941860431,-18.826056812000008],[-40.945727645999995,-18.825438500999997],[-40.949765184,-18.828126289999993],[-40.949220573999995,-18.832382832999997],[-40.951077442999996,-18.834710575],[-40.963020851,-18.835791606999994],[-40.96391345899999,-18.841170076],[-41.01913068599999,-18.837301985999996],[-41.075432394,-18.836245008999995],[-41.083707442000005,-18.836583636999997],[-41.09747364399999,-18.842310977000004],[-41.110506539,-18.838937362000006],[-41.11383229399999,-18.829186348999997],[-41.11596622199999,-18.826569481999996],[-41.11592861,-18.823605485999998],[-41.11999148099999,-18.817659832999997],[-41.118433141,-18.813560365999994],[-41.119203901,-18.810128515],[-41.123776335,-18.807704581000003],[-41.13002598799999,-18.80743868],[-41.133515746,-18.802319778],[-41.134130217999996,-18.796041328],[-41.147477863,-18.798084234],[-41.232544391999994,-18.797278794999997],[-41.236779269,-18.808696705],[-41.241134538,-18.813410203999997],[-41.24052618200001,-18.816171648000005],[-41.24547746999999,-18.821959066999998],[-41.237822035,-18.834765041000004],[-41.241747436,-18.838650082],[-41.243877610999995,-18.843566467],[-41.243506953,-18.844998994000004],[-41.239723416,-18.846870506999995],[-41.243582406,-18.852749067],[-41.239355978,-18.858646623999995],[-41.236383237999995,-18.856512979000005],[-41.230103822,-18.858370639999997],[-41.224002881,-18.868646398000006],[-41.21478437999999,-18.877639800999997],[-41.209770539999994,-18.874435458999994],[-41.21232689499999,-18.868886604],[-41.210641636,-18.864087771000005],[-41.2110512,-18.860489466],[-41.208425080999994,-18.855047145000004],[-41.199007347999995,-18.863334433999995],[-41.18666486499999,-18.864076648999998],[-41.166360733,-18.858231668000002],[-41.163482292999994,-18.859503205999996],[-41.159210294,-18.864359864999994],[-41.155614875,-18.875009530999993],[-41.15543205299999,-18.881728701000004],[-41.15295833399999,-18.886609089999997],[-41.147325094,-18.884667178],[-41.143797563,-18.884911944000002],[-41.137157227,-18.890599974],[-41.133323652,-18.891695236999993],[-41.131893931,-18.894112731999993],[-41.126847126,-18.894506468],[-41.122606069,-18.902832561999997],[-41.119584916,-18.903449351],[-41.12049493899999,-18.908020833],[-41.11436850199999,-18.912665227],[-41.118171703,-18.921770290999998],[-41.112759471,-18.922541341999995],[-41.11038195399999,-18.924932056999996],[-41.109866546999996,-18.928148128999993],[-41.10361704099999,-18.930423171],[-41.103673925,-18.934060694999996],[-41.097400677,-18.933538834999993],[-41.090250877,-18.934806145],[-41.088225613,-18.937455907],[-41.081694371,-18.937224961],[-41.079242258,-18.938538370999996],[-41.080558063000005,-18.944060072999996],[-41.080215993,-18.946935143999998],[-41.078619405,-18.947690502],[-41.075616248,-18.946493751999995],[-41.07160218,-18.942280938999996],[-41.067301414,-18.942423902000005],[-41.064654141,-18.945265371999998],[-41.064191777,-18.960370694999998],[-41.061495384,-18.967690165],[-41.058929556,-18.968379819999996],[-41.051357609,-18.966217421000003],[-41.05013761,-18.967797741999995],[-41.051748724999996,-18.974051486],[-41.050644621,-18.975149165000005],[-41.04598970999999,-18.975194351000003],[-41.043235517999996,-18.979560525],[-41.040640145999994,-18.980670142],[-41.033998391,-18.979751785],[-41.031054679,-18.97479695399999],[-41.018027985,-18.973514728],[-41.016912853,-18.974640559999997],[-41.017328479,-18.979263383999996],[-41.02738337899999,-18.98562890499999],[-41.032220262,-18.990847449000004],[-41.050681839,-18.99876586],[-41.061770106999994,-19.006317461999995],[-41.066464023,-19.006211241],[-41.065929082,-19.016381307000003],[-41.070872117,-19.022303322999996],[-41.07157566699999,-19.025649332999993],[-41.06544095699999,-19.037794795999996],[-41.063139841,-19.039303555000004],[-41.065380513,-19.044608475999993],[-41.064335334,-19.047584821],[-41.065556555,-19.051332137],[-41.062168656,-19.052122424000004],[-41.060034539,-19.058164946],[-41.053236565999995,-19.05917594],[-41.052636364,-19.061481327],[-41.055720256,-19.065946426000004],[-41.05462293899999,-19.068405399],[-41.035488516,-19.071559270999998],[-41.032756399,-19.07414359],[-41.02789375399999,-19.075415799000005],[-41.02540982,-19.079976529999996],[-41.01927551099999,-19.075384172999996],[-41.01594707299999,-19.076519150999996],[-41.01260438799999,-19.075801657999992],[-41.01280624,-19.08478134],[-41.014994207,-19.091747431000005],[-41.012775766,-19.091328709000003],[-41.007178093,-19.084849822999995],[-41.004466072999996,-19.083663884000003],[-41.004234619,-19.084755538999993],[-41.009668164999994,-19.094730256000002],[-41.008743703,-19.099329911],[-41.004222385000006,-19.101197485000004],[-40.995676151,-19.100636963],[-40.99228073,-19.101920621],[-40.984760417,-19.100717834999994],[-40.98400844,-19.10286324599999],[-40.98559246899999,-19.105412002999998],[-40.981302124,-19.112499748999998],[-40.973528707999996,-19.115497360999996],[-40.96956830999999,-19.122891531],[-40.962891561999996,-19.121558256999997],[-40.960622651,-19.122927115999993],[-40.958166465999994,-19.128336674999996],[-40.955942394999994,-19.130013064000003],[-40.958999088,-19.136386899],[-40.962134350999996,-19.139498613000004],[-40.961948111,-19.144061829999995],[-40.95818868,-19.145921924],[-40.948078756,-19.141606639000003],[-40.94399975699999,-19.144004553999995],[-40.944011258,-19.14737553399999],[-40.948861596,-19.153282905],[-40.94291152299999,-19.158661351999996],[-40.940556738,-19.163304431],[-40.942098366,-19.175356584999996],[-40.941086127,-19.180573774],[-40.93835419599999,-19.183371204999997],[-40.933662008,-19.180450435999997],[-40.93145247099999,-19.182439596000005],[-40.93258343299999,-19.186286913000004],[-40.925931657,-19.189697695],[-40.929383045,-19.193868896],[-40.929546896,-19.197859477],[-40.922667742,-19.204089396999994],[-40.92758212399999,-19.208875488000007],[-40.931022655,-19.222421866999998],[-40.937052589,-19.223801640999998],[-40.93660455,-19.226681130999992],[-40.94155072699999,-19.230131119000006],[-40.942163637,-19.233812436999994],[-40.939861818,-19.238796987999994],[-40.933026348,-19.242630712999997],[-40.93864837,-19.24938255299999],[-40.93285781,-19.251154694000004],[-40.92019576199999,-19.251820825],[-40.91618040899999,-19.258932303],[-40.921707934,-19.270122839999996],[-40.919953869,-19.271430542999994],[-40.92815811199999,-19.270533740999998],[-40.934931385999995,-19.271753175],[-40.94396827599999,-19.278670104999993],[-40.94444262399999,-19.28063238],[-40.938383849,-19.286399376],[-40.931019919,-19.284937419999995],[-40.928058154,-19.286111006],[-40.929793317999994,-19.292129377999995],[-40.932776797,-19.296053044000004],[-40.93132772,-19.299841462999993],[-40.924549780999996,-19.302455966999997],[-40.918749842,-19.299593512000005],[-40.91449975799999,-19.30074008],[-40.910241901999996,-19.303974235],[-40.907692703,-19.308812723999996],[-40.914685352,-19.318183565999995],[-40.922160219999995,-19.320176958],[-40.922045761,-19.328934873],[-40.928524186999994,-19.329744641999998],[-40.932428717,-19.338266996],[-40.93846789900001,-19.346065520999996],[-40.937522822999995,-19.354908195],[-40.93963697,-19.358633363],[-40.932800751,-19.363025129],[-40.930299054,-19.367143085],[-40.928183852,-19.367906261999995],[-40.93202203999999,-19.374617619],[-40.928636803,-19.377525101],[-40.928443322999996,-19.381884924999998],[-40.93044840099999,-19.384151604999992],[-40.944943157999994,-19.391652359999995],[-40.950713072999996,-19.392999877999994],[-40.957168753999994,-19.398844537000002],[-40.959174894,-19.404683899999995],[-40.962214947,-19.408429365000003],[-40.960475423999995,-19.419316342],[-40.961548224999994,-19.421593779000002],[-40.965346426,-19.422646112],[-40.968240085999994,-19.425738629000005],[-40.967920005,-19.430437278],[-40.958800421,-19.439159310999997],[-40.95981235699999,-19.443384013999996],[-40.95783763,-19.449925502999996],[-40.950224924,-19.458199126999997],[-40.944693411,-19.460960356],[-40.951389375999995,-19.465661030000003],[-40.949329006,-19.473156819000003],[-40.95357187599999,-19.473440917],[-40.959008751,-19.478395601999992],[-40.97119339599999,-19.494601862000007],[-40.972238172999994,-19.505294998999997],[-40.988278197,-19.507940261000005],[-41.014482834,-19.506391226999995],[-41.02474990699999,-19.501697874],[-41.037106903,-19.492434182999997],[-41.046692703,-19.487399739],[-41.049450754,-19.496667610999996],[-41.0496627,-19.503020412999994],[-41.040901927,-19.515921424],[-41.041242159,-19.524653196999996],[-41.044967161,-19.538562148000004],[-41.03974349399999,-19.545583559],[-41.036629513,-19.556706592999998],[-41.0368602,-19.570456971999995],[-41.049463972999995,-19.575868484000004],[-41.05700173299999,-19.577594954000002],[-41.05508325899999,-19.583102221],[-41.05624904199999,-19.584812156999995],[-41.07191773699999,-19.584408164999996],[-41.074109821,-19.598663777000002],[-41.084496786,-19.596357524000002],[-41.090881571,-19.596343170999994],[-41.092656035,-19.601844686999993],[-41.099787685,-19.604812951],[-41.100251008,-19.614778609],[-41.105932595,-19.629819910000002],[-41.109131694,-19.633733260000003],[-41.10777516200001,-19.637229463999994],[-41.108601366,-19.639466760999998],[-41.114525804,-19.641847493999993],[-41.119984814,-19.639405269],[-41.12780529599999,-19.641610954],[-41.135341082,-19.650624847],[-41.138626345,-19.658724673],[-41.14896373799999,-19.663848066],[-41.158978384,-19.661376519999997],[-41.163162506,-19.664610152999998],[-41.168472824,-19.672222653999995],[-41.173846162,-19.687662033],[-41.171688083,-19.692909855999996],[-41.176888258,-19.698697872],[-41.177725351,-19.703292305999998],[-41.177646181,-19.707976907000003],[-41.17430567899999,-19.715637147],[-41.17902642699999,-19.72001746099999],[-41.182014617,-19.732175301],[-41.17919372699999,-19.736638546999995],[-41.179505248999995,-19.740097656999993],[-41.188712965,-19.746175237],[-41.191071581,-19.745867347999997],[-41.18821334,-19.756694514999996],[-41.17464137399999,-19.767238455],[-41.17549788499999,-19.772462931000007],[-41.171690617,-19.778337115],[-41.173746824,-19.780776679999995],[-41.173943426,-19.786051412],[-41.165947796999994,-19.792458422999992],[-41.166770743,-19.798544529000004],[-41.164105052,-19.806386815],[-41.165385241,-19.809902653999995],[-41.171602552,-19.816615005000003],[-41.17547350299999,-19.82573827],[-41.18305536,-19.826078739999996],[-41.186294675,-19.827666927],[-41.185804975,-19.829716749999996],[-41.180993261,-19.832780441],[-41.175696406,-19.839350130000003],[-41.178615999,-19.84325017400001],[-41.179145799,-19.847022667999997],[-41.184004230999996,-19.848824409],[-41.183506474,-19.86801764899999],[-41.18518824699999,-19.889933827000004],[-41.186127711999994,-19.891316107],[-41.19463737,-19.893361660000004],[-41.206634721,-19.904054353999996],[-41.212659106,-19.900536687999995],[-41.219388339999995,-19.901416445999992],[-41.228044714999996,-19.904985111],[-41.232579227,-19.918987189999996],[-41.244470197,-19.93734185],[-41.248924138,-19.937948627999997],[-41.250718173,-19.934193355],[-41.254609714,-19.93214465999999],[-41.265000777999994,-19.937455937999996],[-41.26632573,-19.940570854999997],[-41.272660141,-19.942438590999995],[-41.274831711,-19.94132348400001],[-41.281108319999994,-19.942231318000005],[-41.290415755,-19.940410221999997],[-41.300858113,-19.936525382],[-41.302693351,-19.938060876999998],[-41.307915691,-19.948339957999995],[-41.311799042,-19.972419491000004],[-41.318894207,-19.977524407000004],[-41.320015000000005,-19.980026878999997],[-41.308793668999996,-19.997066808999996],[-41.309692531,-20.003138143000005],[-41.307662621,-20.008689957000005],[-41.30910668,-20.01637064],[-41.31382913099999,-20.019531472000004],[-41.313098207,-20.022477647999988],[-41.317256523,-20.026964228000008],[-41.318529655,-20.041513186],[-41.324183531,-20.05236017],[-41.333556285,-20.058839568000003],[-41.331888432999996,-20.063219432000007],[-41.334692935,-20.063498969],[-41.335611563,-20.06547159300001],[-41.336151803999996,-20.068380544999993],[-41.334216427,-20.069621501999993],[-41.33554339,-20.070761017999995],[-41.334708709,-20.072518219999996],[-41.337663237,-20.075214738000003],[-41.33699795799999,-20.078937176999997],[-41.338720764,-20.081089636],[-41.337533298,-20.086978739],[-41.338193987,-20.088117573],[-41.345218982,-20.088984734],[-41.343975351,-20.100129866],[-41.34913495799999,-20.109520168999993],[-41.348637153,-20.112186063999992],[-41.350887107999995,-20.119158683],[-41.347518025999996,-20.123908498000006],[-41.350434876,-20.125220367000004],[-41.35193336599999,-20.131153322],[-41.356520805,-20.133467697000004],[-41.355813029,-20.139098311000005],[-41.361891604,-20.142078058],[-41.361090486,-20.144509029],[-41.36263226,-20.148917376000004],[-41.36783317999999,-20.15685274699999],[-41.375932478,-20.161949539999995],[-41.37409127299999,-20.168159699000004],[-41.37575553500001,-20.17302027],[-41.377604469,-20.174379472999995],[-41.378627217,-20.18131265899999],[-41.381261378,-20.181870484000004],[-41.382114496,-20.188813112],[-41.396983892,-20.195060460999997],[-41.398663498,-20.197955334999996],[-41.40166647499999,-20.19922894500001],[-41.409091776,-20.197699447999998],[-41.412893786999994,-20.20223254299999],[-41.411140354,-20.207369559000004],[-41.756753686,-20.206865962999995],[-41.75876827599999,-20.20902787999999],[-41.75719543,-20.210747311000002],[-41.75708742199999,-20.213895960000002],[-41.758683157,-20.215200108999994],[-41.75988769899999,-20.213358707],[-41.763631953,-20.21797301799999],[-41.763997163,-20.222425434999995],[-41.765777236999995,-20.223910884],[-41.764030491999996,-20.227829959000005],[-41.767108650999994,-20.229258661999992],[-41.76805688,-20.234344101999998],[-41.766720051,-20.235879075999993],[-41.77019128,-20.246012247999996],[-41.76975229699999,-20.255097444],[-41.77553099,-20.260834325000005],[-41.78050075,-20.281988486],[-41.77694998500001,-20.282591348],[-41.77629056,-20.285799237],[-41.779983218,-20.292293035],[-41.785394996,-20.295511253],[-41.788222358999995,-20.294363352999994],[-41.793776186,-20.296944766999996],[-41.797449269,-20.296497450999997],[-41.803086449999995,-20.299204253000003],[-41.80303387599999,-20.30286155],[-41.806683067,-20.30557970399999],[-41.806945942,-20.307490761000004],[-41.813616135,-20.30882615199999],[-41.814530754,-20.310619324000005],[-41.820140479,-20.310463935999998],[-41.82509359699999,-20.312387540000003],[-41.826754431,-20.318122867000003],[-41.82566183699999,-20.319875651000004],[-41.829560537,-20.321792915000003],[-41.829519709,-20.323589199000004],[-41.83371078599999,-20.32448568199999],[-41.83647790599999,-20.330379333999996],[-41.83909988199999,-20.329694441999997],[-41.841865116,-20.326549689000004],[-41.847498296999994,-20.32800618],[-41.848511308,-20.330476599],[-41.847573662,-20.332298782999995],[-41.84392601999999,-20.334050427999998],[-41.844398833,-20.340931247999997],[-41.84932002699999,-20.343645598000002],[-41.852647623,-20.348158615],[-41.852502867999995,-20.356783337999993],[-41.854469243,-20.358810141999992],[-41.85951163200001,-20.372842559],[-41.857199446,-20.374878114],[-41.848735925,-20.374752391],[-41.845058064,-20.377363006],[-41.845379709999996,-20.386229131000004],[-41.842922916,-20.390026995],[-41.840045044,-20.391654865999996],[-41.841025531,-20.399452461999996],[-41.83878093999999,-20.400580136],[-41.838925839,-20.404537421],[-41.83652508800001,-20.409310389000005],[-41.83511133599999,-20.408630026999997],[-41.834310415999994,-20.411457677],[-41.82787411699999,-20.413135034],[-41.81476120399999,-20.419346788],[-41.80807508699999,-20.420090535],[-41.803390424,-20.422237865],[-41.803597849999996,-20.429529027000008],[-41.798229872,-20.435020188],[-41.799470688999996,-20.439696346999998],[-41.80287182599999,-20.442955765],[-41.799259275,-20.46313913699999],[-41.801557827,-20.469268254000003],[-41.799435567,-20.477283344],[-41.808167475999994,-20.477720006],[-41.812870849999996,-20.480569501999998],[-41.825422757,-20.483258848999995],[-41.825669368999996,-20.485436864000004],[-41.819186676,-20.498192130000007],[-41.819058147999996,-20.503629],[-41.81691589799999,-20.505213888],[-41.811803553999994,-20.516577209],[-41.81219950799999,-20.519141164],[-41.808241093,-20.529152970999995],[-41.808984198999994,-20.531283120999998],[-41.804298852,-20.538402828999995],[-41.804450572,-20.543411023],[-41.808305362999995,-20.550547087999995],[-41.812289596999996,-20.549762820000005],[-41.818059762,-20.553109516999996],[-41.819524820999995,-20.551790822999997],[-41.819358753,-20.554225551],[-41.823625315,-20.553669853],[-41.828391198,-20.557296182],[-41.83095319,-20.566242769999995],[-41.83450207999999,-20.568598682999994],[-41.83747138099999,-20.581057592999997],[-41.84079813000001,-20.586502201000002],[-41.839406384,-20.589920385],[-41.841299187999994,-20.600442039],[-41.843770573,-20.601576315],[-41.844308792,-20.605896922],[-41.84574369,-20.606762467999996],[-41.853143906999996,-20.607557546],[-41.856694292,-20.615766687],[-41.854481537999995,-20.619114182999994],[-41.850938493,-20.621261325999996],[-41.839179313,-20.624835241000007],[-41.823306837,-20.624444953],[-41.820724115999994,-20.622673820999996],[-41.817413914999996,-20.624538677],[-41.820501904,-20.627785309],[-41.819310232999996,-20.633580961],[-41.821197949,-20.637131729],[-41.81473512099999,-20.640638488000004],[-41.81145333800001,-20.637551418],[-41.81197336999999,-20.639200188999997],[-41.808171455,-20.641045692999995],[-41.807297337,-20.64369095899999],[-41.811836198,-20.643894745999994],[-41.81642035600001,-20.647049082000002],[-41.813231798,-20.653264726999993],[-41.817865746,-20.655330279],[-41.819482206,-20.657808223],[-41.822921410999996,-20.656037794],[-41.827644338,-20.656409514999996],[-41.828001631999996,-20.658918307999993],[-41.823841007,-20.660862627],[-41.824156902,-20.663037279],[-41.82787053,-20.667348037999997],[-41.83124438299999,-20.66851885],[-41.831921052,-20.670886405999994],[-41.83328612999999,-20.670847016],[-41.839367375,-20.683447334000004],[-41.84260872499999,-20.683559142000004],[-41.843757290999996,-20.685884163999997],[-41.84821316399999,-20.686924748000003],[-41.850736896,-20.691373256],[-41.850075546999996,-20.694299413],[-41.853425584,-20.699697794],[-41.854614202,-20.705463642999998],[-41.85791448399999,-20.707007674999996],[-41.861053497,-20.706748105000003],[-41.863352887999994,-20.710910488],[-41.86148352399999,-20.712933161999995],[-41.858502669,-20.712747108000002],[-41.856202097,-20.714291276999994],[-41.85836464799999,-20.714882552999995],[-41.85845172799999,-20.718603050999995],[-41.861296196999994,-20.722607894999992],[-41.865355849,-20.72201602000001],[-41.862841457,-20.729344607999998],[-41.860305326,-20.729691107],[-41.861372505999995,-20.730578679999994],[-41.860276948,-20.732147711999993],[-41.861523842,-20.73238514],[-41.860327798,-20.734005826000004],[-41.860674253999996,-20.737909567],[-41.857286185,-20.740261086],[-41.859599786,-20.742534605],[-41.856336192,-20.744215215],[-41.856556573999995,-20.747687411999998],[-41.859557596,-20.748738530999997],[-41.86053811399999,-20.744395655],[-41.861572887,-20.743543669],[-41.861589412,-20.744933102999997],[-41.863513621,-20.741943538],[-41.86794869599999,-20.743918189],[-41.870304006,-20.743703034000003],[-41.870835351,-20.742395944],[-41.872794971999994,-20.742870141000004],[-41.874244236,-20.744487674999995],[-41.873611733999994,-20.746247889999996],[-41.876984004,-20.747852984999998],[-41.879795699,-20.759567680999993],[-41.879196229,-20.762251352000003],[-41.87473820099999,-20.765934254],[-41.873357011,-20.770655411000003],[-41.87963068799999,-20.773213382],[-41.878942916,-20.778743634],[-41.880318460999995,-20.78059641000001],[-41.88472582,-20.783403645000003],[-41.885652207999996,-20.786000337999997],[-41.890185892999995,-20.785509072],[-41.894073914,-20.788793537],[-41.896642534,-20.788456669],[-41.901990317,-20.796625723000002],[-41.906309471,-20.797242155999992],[-41.91608263799999,-20.79252716],[-41.91944554799999,-20.793654503],[-41.923002473,-20.792513124000003],[-41.928736251,-20.794327297999995],[-41.926078484,-20.802007226000004],[-41.92995038,-20.808767015],[-41.928883631,-20.811588285999992],[-41.930778515,-20.813034012],[-41.932476892,-20.825712188],[-41.935620996,-20.827705326000004],[-41.933024302999996,-20.831045935],[-41.92959947599999,-20.832196902],[-41.926707009,-20.838789835999997],[-41.931879918,-20.850106691],[-41.936028045,-20.855244304999996],[-41.950050185,-20.858234010000004],[-41.950358981,-20.861799198999996],[-41.95437639399999,-20.865267694000003],[-41.94975542499999,-20.872971995],[-41.953081999,-20.878460140000005],[-41.960472323999994,-20.883318882999998],[-41.959865456,-20.8901712],[-41.96388897,-20.892528589],[-41.96481065599999,-20.897012946000004],[-41.967309843,-20.898572720999997],[-41.964111177999996,-20.902807168000002],[-41.963723032999994,-20.906540138999997],[-41.966689268,-20.916951506000004],[-41.969608233,-20.918026913999995],[-41.972976268,-20.916537887999997],[-41.974701648,-20.920130459000003],[-41.97775320299999,-20.920303621999995],[-41.97981869899999,-20.922883977],[-41.97721881099999,-20.926192926],[-41.97615226799999,-20.935792440999993],[-41.986519316999996,-20.932550829999993],[-41.989464121,-20.929682015],[-41.993302658999994,-20.930470919999998],[-41.998676423,-20.926475014999998],[-42.00394030399999,-20.931891397],[-42.008358369,-20.928981894],[-42.017245257,-20.929064616999998],[-42.02305954999999,-20.925129332999997],[-42.027963882,-20.927906486],[-42.037654371,-20.926984707000003],[-42.047784081,-20.934727662],[-42.052016638,-20.93434402],[-42.057107302,-20.936978300000003],[-42.065862675999995,-20.938994659999995],[-42.074059803,-20.936468148000007],[-42.087071337999994,-20.939584178999993],[-42.093794667,-20.935625977000004],[-42.097968068,-20.937678834999996],[-42.101289984999994,-20.943514308],[-42.10609035699999,-20.944805637000005],[-42.11117145299999,-20.95019552799999],[-42.114315555999994,-20.950251673000004],[-42.11529808899999,-20.959010246999995],[-42.121080993,-20.960470008999998],[-42.12593750999999,-20.955950361],[-42.13803669399999,-20.960048924],[-42.145996761,-20.966244829000008],[-42.150949977,-20.974028955],[-42.150163951,-20.980710174],[-42.14471791399999,-20.985819343000003],[-42.139921194,-20.988167194999992],[-42.141363268,-20.992640923999996],[-42.12892739899999,-20.998915903000004],[-42.12651659499999,-21.003812849999992],[-42.123176626,-21.000523106],[-42.120087783,-21.000121305999997],[-42.117074277,-21.001602946000002],[-42.115644151,-21.003960194],[-42.115781556,-21.009923204999996],[-42.114023103,-21.012150215],[-42.10770326,-21.014415320999998],[-42.102031862,-21.014058769000002],[-42.099138612,-21.017393881],[-42.093995847,-21.020274123999997],[-42.084809367999995,-21.022989921999994],[-42.084302404,-21.028975622],[-42.08007094,-21.030218694999995],[-42.079920263999995,-21.035103084],[-42.082172536,-21.036394493000003],[-42.092702551,-21.035291428],[-42.093330364,-21.03949778],[-42.095276587,-21.036886075000005],[-42.101065029,-21.034173920999997],[-42.09856078399999,-21.039750527999995],[-42.103601395999995,-21.045399228],[-42.101504498,-21.048714084999997],[-42.104279435,-21.051702477999996],[-42.104681235,-21.055092672000004],[-42.110954537,-21.059015756999997],[-42.114249116,-21.06471077699999],[-42.116283231999994,-21.064761002],[-42.120175677,-21.067950295],[-42.118468023,-21.073600618000004],[-42.120100339,-21.077216825],[-42.133309538999995,-21.080707469],[-42.131400985,-21.087086055999997],[-42.13534365500001,-21.091016169999996],[-42.140215489,-21.10347199299999],[-42.151302678,-21.104099805999994],[-42.160544095999995,-21.100194804999994],[-42.164026886,-21.101060114000003],[-42.17066032299999,-21.114611920999995],[-42.168925121,-21.116853333],[-42.170922061999995,-21.119495856999997],[-42.17019357400001,-21.122124652000004],[-42.172818339,-21.124131826],[-42.17064761599999,-21.128644410999993],[-42.172185074,-21.130939822999988],[-42.17779921099999,-21.133676225],[-42.18182697899999,-21.143400941999992],[-42.191570647,-21.147117599],[-42.192838831,-21.155994884],[-42.195965341999994,-21.157840657],[-42.193987729999996,-21.164231800000007],[-42.200027297,-21.167910787999997],[-42.20036003799999,-21.173309984999992],[-42.208074387,-21.178224714],[-42.205997805,-21.187159554],[-42.203524219,-21.187850149000003],[-42.202720617999994,-21.191981166],[-42.199933125,-21.193764156999997],[-42.194433477,-21.201737387000005],[-42.196354586999995,-21.204047741000004],[-42.201319046,-21.206262116999998],[-42.203200327999994,-21.213289798],[-42.200874846,-21.216038981999997],[-42.202934074,-21.220446234],[-42.198600895999995,-21.225835692999997],[-42.196881770999994,-21.225878912999995],[-42.194471146,-21.222932379999996],[-42.191507866,-21.223610417999996],[-42.18809255899999,-21.230390803999992],[-42.189147285999994,-21.233303858000006],[-42.195036474,-21.239125498],[-42.189724875,-21.250505956],[-42.193014618,-21.253419011000002],[-42.199769893,-21.256382288999998],[-42.208800594,-21.265961339],[-42.211999704,-21.272027405],[-42.219684142999995,-21.272203193000006],[-42.228636766,-21.282059867999994],[-42.22773271399999,-21.291753311999997],[-42.229625571999996,-21.297067753],[-42.229302248,-21.308202029],[-42.230331863,-21.310386820000005],[-42.233496044,-21.311793123000005],[-42.234651221,-21.315779740000004],[-42.237972355,-21.31945245],[-42.236986687999995,-21.324500072000006],[-42.229044845,-21.328354846999996],[-42.22423432200001,-21.337813086999997],[-42.233012627,-21.340929954999996],[-42.236829734,-21.345199090999998],[-42.23522880899999,-21.348752513999997],[-42.22936503,-21.35150234],[-42.23238310799999,-21.354208157],[-42.232322032,-21.356914091000004],[-42.229760552,-21.360216393999995],[-42.23094902,-21.362915247999997],[-42.230024234,-21.366494530999994],[-42.232334081999994,-21.369031283000005],[-42.237020168,-21.369694125999995],[-42.242429832,-21.372873118],[-42.240734581999995,-21.377521128999998],[-42.251975367,-21.38719705500001],[-42.248896636999994,-21.390866067999998],[-42.244845677,-21.39062301],[-42.237276167999994,-21.392822103],[-42.236350234999996,-21.395125366],[-42.237519226,-21.402162463],[-42.241500741,-21.405727309000003],[-42.251523974,-21.406826854999995],[-42.255088818999994,-21.409766694999988],[-42.260991647,-21.409488915],[-42.26089905399999,-21.406768983999992],[-42.265250943,-21.403887011999995],[-42.265112053,-21.40175736699999],[-42.26752929799999,-21.399651772],[-42.275311701,-21.404179384999992],[-42.27592992899999,-21.407325076],[-42.27796482699999,-21.409119184000005],[-42.278222174,-21.414014593],[-42.275511716,-21.417962234999994],[-42.27536625,-21.428308468999997],[-42.280451322,-21.432412017],[-42.279093802999995,-21.435099887999996],[-42.282312225999995,-21.436800015999996],[-42.285912497,-21.441527642999997],[-42.28387597999999,-21.445818870999993],[-42.287148953,-21.44763719299999],[-42.292124920999996,-21.459238114999998],[-42.277179421999996,-21.466505001],[-42.27098301,-21.466052106999996],[-42.268078365,-21.468874912],[-42.270976625,-21.471862016],[-42.271250628999994,-21.475027641],[-42.255584617,-21.483612038999993],[-42.254615402,-21.486978146000002],[-42.259743007,-21.496282779],[-42.263026488,-21.498217870999998],[-42.26532020399999,-21.49800275],[-42.266991557999994,-21.502392532999988],[-42.268240119999994,-21.501338852999996],[-42.268956886,-21.503122511999997],[-42.271794225,-21.502590717],[-42.273861948,-21.503895429999993],[-42.277297144,-21.511172098999996],[-42.279008135,-21.511938408],[-42.28047231099999,-21.515301140999988],[-42.279748022999996,-21.516972293999995],[-42.28085785599999,-21.516879808000002],[-42.283862462,-21.522182956],[-42.283044489,-21.52510775699999],[-42.285601067,-21.528120158999997],[-42.289089112000006,-21.52786912599999],[-42.297188245,-21.523535494999997],[-42.303274316,-21.528476066000003],[-42.30630472399999,-21.529084656000002],[-42.302526076,-21.538914572],[-42.306245268999994,-21.542891497999996],[-42.306958165999994,-21.545719645],[-42.309705737,-21.546594712],[-42.308567271,-21.549081422],[-42.309412914999996,-21.551486092000005],[-42.314882802999996,-21.555898997000003],[-42.321883275999994,-21.558090380000007],[-42.32738823399999,-21.557510895999997],[-42.330433667,-21.559842865000004],[-42.330922522,-21.56133585],[-42.327570862,-21.562811236000005],[-42.32792993799999,-21.565497721999996],[-42.324772005,-21.569443554999996],[-42.346256348,-21.582975107999996],[-42.351868557,-21.590026999],[-42.354235605999996,-21.595357498],[-42.361568426,-21.602346799],[-42.363233174,-21.606099088999997],[-42.363715423,-21.613312998999998],[-42.369119437,-21.619455779],[-42.36602096699999,-21.620434421999995],[-42.36530750399999,-21.624358468999993],[-42.36008865,-21.621187519999996],[-42.355477560999994,-21.625045510999996],[-42.359243063,-21.626882019000004],[-42.35884669399999,-21.631334561],[-42.364673313999994,-21.632166934999997],[-42.369601498,-21.640094308000002],[-42.365152200999994,-21.646458483999993],[-42.355643781999994,-21.647792288],[-42.34802583,-21.641801997],[-42.346443658,-21.644484090999995],[-42.347117712,-21.647515093999992],[-42.34495397300001,-21.650601384],[-42.346477435999994,-21.652226169],[-42.342398384,-21.656651499],[-42.343249427,-21.659676882999996],[-42.34019094199999,-21.65929837],[-42.340131487,-21.661973859000003],[-42.33503907699999,-21.659721157000003],[-42.33361739299999,-21.660286878999997],[-42.334896416999996,-21.660837843],[-42.334212631,-21.661634773999996],[-42.331044587,-21.660631231999997],[-42.324592634999995,-21.656011608000004],[-42.320636293,-21.660913196000003],[-42.316508502999994,-21.654655778],[-42.316426057,-21.656458983],[-42.31090682399999,-21.660085391999992],[-42.30778862,-21.657389703000003],[-42.30773330899999,-21.659977437999995],[-42.30134101,-21.654922064999997],[-42.288356372,-21.667454618000004],[-42.282571076,-21.670398876999997],[-42.283190401999995,-21.672822114999995],[-42.28711663899999,-21.672730609999995],[-42.28613957599999,-21.677383502999994],[-42.2845077,-21.676828079000003],[-42.28444120699999,-21.678277269],[-42.282320395999996,-21.67923165499999],[-42.28336641400001,-21.680952767999997],[-42.28081137,-21.68039871299999],[-42.276476117,-21.676744515999992],[-42.273757962,-21.677408080000003],[-42.272190566,-21.681354512999995],[-42.27004088599999,-21.682337502],[-42.27144286,-21.685478984999996],[-42.26493482,-21.693863707000006],[-42.267245202999995,-21.695019565999992],[-42.26778097,-21.698696201999994],[-42.271435061999995,-21.699721571999998],[-42.27270452100001,-21.703713487999998],[-42.268563484,-21.706271520999994],[-42.26935498499999,-21.707896584999997],[-42.267933344,-21.707209484],[-42.266738927999995,-21.708281016999994],[-42.27199828799999,-21.714449702000003],[-42.268410126999996,-21.71280308],[-42.266649175,-21.714473168],[-42.270112313,-21.717271573000005],[-42.279529081,-21.718610305000002],[-42.288758883999996,-21.721462495999994],[-42.303214531,-21.728720688999996],[-42.306585491,-21.728447367999998],[-42.308863166,-21.732759767000005],[-42.314147374,-21.737831390999993],[-42.333462061999995,-21.745848809],[-42.35172253299999,-21.744170411999995],[-42.359032766,-21.740989768000002],[-42.373579520999996,-21.745848809],[-42.385757492,-21.754048439],[-42.393744541,-21.757358660999994],[-42.39562742,-21.761640690999997],[-42.429883659999994,-21.775671172],[-42.438295874999994,-21.776126708],[-42.449166697,-21.780372576],[-42.49800134299999,-21.802335164],[-42.58564082499999,-21.839078324999996],[-42.604380297999995,-21.845557153],[-42.60602434399999,-21.84647184],[-42.605331461999995,-21.850658923999998],[-42.61432085,-21.855887212],[-42.62873148599999,-21.859371666999998],[-42.64031982,-21.865816803],[-42.649730401,-21.867631702],[-42.684964374,-21.879198143],[-42.739978318999995,-21.908664312999992],[-42.787790310999995,-21.929569796999996],[-42.810336068999995,-21.937759435999997],[-42.815504826,-21.936359852999995],[-42.83320054299999,-21.943066765999994],[-42.84239149399999,-21.948261337],[-42.844911566,-21.946690181],[-42.855089076999995,-21.949501928],[-42.881427471,-21.959266186000004],[-42.882887614999994,-21.962448549999994],[-42.87846973999999,-21.965773500999994],[-42.893603111999994,-21.975169289999997],[-42.898968655,-21.980061684000002],[-42.896946177,-21.982235368999998],[-42.900034942999994,-21.98483742],[-42.909106178,-21.990506673999995],[-42.937748246,-22.003374412],[-42.94709474799999,-22.005920397],[-42.95022822599999,-22.009619081],[-42.959208268999994,-22.015003562],[-42.964820161000006,-22.013699870999996],[-42.968985459,-22.014895039],[-42.984260588,-22.026002304000002],[-42.989804296,-22.034228273000004],[-42.996904286,-22.036110365],[-43.004651345999996,-22.031476413999997],[-43.007877403,-22.031507905999998],[-43.024347072,-22.041741405],[-43.026683638,-22.042689048],[-43.030106906,-22.041086273999998],[-43.03915214199999,-22.044594499],[-43.038902535999995,-22.052987570999996],[-43.032599174999994,-22.060239134],[-43.033161160999995,-22.065904859],[-43.053125962,-22.081724936999994],[-43.063107262,-22.087979885],[-43.07504045999999,-22.093391968],[-43.075129183,-22.08487459199999],[-43.078145753,-22.083055777],[-43.083138689,-22.08613864],[-43.08969696799999,-22.087896913000005],[-43.106182114999996,-22.082656524999994],[-43.116828835,-22.085140759999998],[-43.119224347,-22.088334775999993],[-43.122240917,-22.089399448000005],[-43.12743119299999,-22.105147721],[-43.13555840000001,-22.10988423],[-43.142257990999994,-22.104446906999996],[-43.145825251999995,-22.097468094],[-43.14665180099999,-22.090692824999994],[-43.151283813,-22.088347105],[-43.149656068,-22.080615313999996],[-43.151255749,-22.080671440999996],[-43.154735756,-22.077542240999996],[-43.15316414,-22.075914496],[-43.153711400000006,-22.074160459999998],[-43.142933581,-22.067225254999993],[-43.13337472599999,-22.058409674999996],[-43.13484398799999,-22.055194580000002],[-43.133599436,-22.051374496],[-43.127566812999994,-22.046309855999997],[-43.13062633799999,-22.041746497000002],[-43.128768367999996,-22.036970574000005],[-43.131110330999995,-22.035800301],[-43.128897793,-22.033674189999996],[-43.128535698,-22.029311763999996],[-43.136123112,-22.029698538999998],[-43.144157645,-22.03373119099999],[-43.147022939,-22.030951984],[-43.153638971,-22.032979477],[-43.16339298599999,-22.028522683],[-43.164038854,-22.027242149999996],[-43.162069075999995,-22.025545334],[-43.164060999,-22.022664159000005],[-43.169574358999995,-22.021810477999995],[-43.177648763,-22.028568789999994],[-43.189290291,-22.031209842000003],[-43.19185106,-22.03417800699999],[-43.197685721,-22.035000701000005],[-43.20294772999999,-22.037437168999997],[-43.205004105,-22.035303191999997],[-43.204720294,-22.032252221000004],[-43.202129382,-22.029564643999997],[-43.201337549,-22.025832691999998],[-43.204013628,-22.025962599999996],[-43.207474668,-22.029683469999995],[-43.221511628,-22.033760915000002],[-43.231263313,-22.024756361000005],[-43.236375871999996,-22.023814576999992],[-43.236315173,-22.018688811000004],[-43.23419331899999,-22.014150403],[-43.245467,-22.006574108000002],[-43.248657933,-22.007828606999997],[-43.25096396099999,-22.010783319999998],[-43.254796365,-22.011995948999996],[-43.26153504,-22.008034838999997],[-43.26514842699999,-22.009015065999993],[-43.26844076199999,-22.012169225],[-43.27639221199999,-22.011974968],[-43.278794729999994,-22.010533458000005],[-43.282581098,-22.013512579999997],[-43.29492774,-22.016493238999995],[-43.29797643399999,-22.02045105199999],[-43.302243305999994,-22.021008435999995],[-43.309969140999996,-22.01617045099999],[-43.31692749599999,-22.01660702099999],[-43.31623557099999,-22.007669656],[-43.31994505899999,-22.005555440000002],[-43.325019177,-22.006554887999997],[-43.330003932000004,-22.010734026],[-43.337014734,-22.009190052000005],[-43.339656895999994,-22.010432062000003],[-43.341720048,-22.008564124999996],[-43.342751252,-22.003440332000004],[-43.345409825,-22.004262073],[-43.34831032099999,-22.002114684],[-43.350195256,-22.004004270999992],[-43.350372494000005,-22.008032412],[-43.355117923,-22.008391021999998],[-43.36026995699999,-22.010676696000004],[-43.36501427499999,-22.010466661000002],[-43.36857530299999,-22.020507427],[-43.382842535,-22.030160525],[-43.39328960299999,-22.035126008000002],[-43.398941095,-22.040798176],[-43.40468616799999,-22.042391970999997],[-43.409986461,-22.046567959],[-43.410987216,-22.048964829000003],[-43.416726111,-22.049798790999997],[-43.417572429,-22.053035799999996],[-43.419302128,-22.054187903000003],[-43.42816992699999,-22.054753143999992],[-43.433862491,-22.058709832],[-43.440393751,-22.061578146999995],[-43.443325085,-22.061478591999997],[-43.446444467,-22.063226330999996],[-43.448247514,-22.067086841999995],[-43.45322525,-22.066865609000004],[-43.457495042,-22.070648688999995],[-43.463678498,-22.07265084599999],[-43.476156025,-22.069210676],[-43.48321334999999,-22.073270296999993],[-43.49433029499999,-22.074929539999996],[-43.49741649199999,-22.073557896999997],[-43.50382280299999,-22.075202269999995],[-43.506829946,-22.073032468999997],[-43.50434107699999,-22.069686323999996],[-43.50692949999999,-22.062009550000003],[-43.512360764,-22.05918883],[-43.518422542,-22.06094763],[-43.52048000599999,-22.063524991],[-43.52084503999999,-22.067695229],[-43.52482723,-22.072407486],[-43.53550170999999,-22.075427313],[-43.540667494999994,-22.079088715],[-43.54795711399999,-22.078978099000008],[-43.549339818,-22.080858577000004],[-43.559605018,-22.083812035000008],[-43.561142586,-22.088435798999996],[-43.56589909,-22.087971209999992],[-43.566728712,-22.080681594],[-43.568564944,-22.077329914999996],[-43.574305933999995,-22.078325465999995],[-43.58121945799999,-22.070538072999998],[-43.584029113,-22.071124339999997],[-43.58469281199999,-22.063513932999992],[-43.583431784999995,-22.056600410000005],[-43.585666235999994,-22.05153418],[-43.58713743399999,-22.054587192],[-43.59231427999999,-22.056257496],[-43.59452660699999,-22.060438794999992],[-43.599339155,-22.059149049],[-43.598265441,-22.064586909],[-43.60326530099999,-22.072573411],[-43.607645708999996,-22.072352177999996],[-43.609481941,-22.070150911999995],[-43.61147303599999,-22.071599986999995],[-43.61288892599999,-22.082296590000002],[-43.62036659299999,-22.084121759999995],[-43.62275590499999,-22.078170601000004],[-43.620377654,-22.076588785],[-43.620709503,-22.075261389],[-43.622302379,-22.074852108000005],[-43.627589842,-22.077462655],[-43.629614121,-22.075195019],[-43.636594015,-22.072330055000002],[-43.635797575999995,-22.0695204],[-43.63764487,-22.067783722],[-43.64642780999999,-22.064852388],[-43.65296523799999,-22.066766051],[-43.656969551,-22.073624265999996],[-43.663860951,-22.073535773],[-43.665907354,-22.074708306999998],[-43.665398519,-22.082993473],[-43.66789844899999,-22.084166006999997],[-43.67209080899999,-22.090349461999995],[-43.673827486,-22.089829565000002],[-43.675785395999995,-22.085382787],[-43.68019899,-22.080526728000002],[-43.680309605,-22.075006973999994],[-43.68209053,-22.074077794000004],[-43.681294091999995,-22.071776973],[-43.687931074,-22.07310437],[-43.691315935,-22.070858856999997],[-43.69341764599999,-22.071776973],[-43.696769322,-22.077064435999997],[-43.702587744,-22.078281216],[-43.70563215300001,-22.075784093999996],[-43.70846147299999,-22.075615360999993],[-43.709434896999994,-22.076245877],[-43.708505720000005,-22.079940461],[-43.710441505999995,-22.081632891999995],[-43.7148551,-22.082440392],[-43.71982177499999,-22.080648405999998],[-43.72283054,-22.083546555],[-43.72474420399999,-22.088822955999998],[-43.728250743000004,-22.090714495999997],[-43.731447556,-22.096223192],[-43.734137343,-22.097086963],[-43.735783718,-22.09688689],[-43.736303615,-22.0945197],[-43.741093304,-22.095437816],[-43.74291847399999,-22.092661345],[-43.746967033,-22.093313980999998],[-43.745495836,-22.088446860999994],[-43.75204126199999,-22.087885846],[-43.754289836999995,-22.082650562999998],[-43.76044010799999,-22.081422721000003],[-43.76146883999999,-22.079619674000003],[-43.756048637999996,-22.07797149],[-43.75579975099999,-22.076240347],[-43.763515243,-22.073613204999997],[-43.764289557000005,-22.063524995],[-43.765705447,-22.062175471999996],[-43.767298323,-22.063159956999996],[-43.768172191999994,-22.067617797000004],[-43.77484236,-22.065726256999998],[-43.777331228,-22.066389956],[-43.779421878,-22.06801601600001],[-43.77916746,-22.070692932999997],[-43.781623143,-22.071577863999998],[-43.783027971,-22.070128788999998],[-43.78866940699999,-22.07277252],[-43.78942159799999,-22.07607995],[-43.79620238199999,-22.079132961999996],[-43.799476626,-22.082595254],[-43.81111346899999,-22.082219158999997],[-43.813325796,-22.083590801999996],[-43.810206415,-22.084553163999995],[-43.810438709,-22.085781006000005],[-43.814785932999996,-22.087119463999993],[-43.818712814,-22.085902683999997],[-43.82331465299999,-22.090425014000004],[-43.830743788,-22.091015447999997],[-43.83513934599999,-22.095924528],[-43.84081396599999,-22.096621410999997],[-43.842370493999994,-22.099641098000003],[-43.851145535,-22.098678874999997],[-43.85436447099999,-22.095548431999994],[-43.857970564999995,-22.095050658],[-43.86070278999999,-22.09891117],[-43.863645184999996,-22.100393428999997],[-43.870226859999995,-22.100304936],[-43.87062507899999,-22.104475172999997],[-43.87461833,-22.100614661999998],[-43.878191239,-22.101200928999994],[-43.87919784799999,-22.099519559999994],[-43.880646922,-22.101953119999997],[-43.879651375,-22.114021367000003],[-43.892814722999994,-22.113722701999997],[-43.895856674,-22.117538966999994],[-43.902460471,-22.118600883999996],[-43.906608584999994,-22.121333109000002],[-43.920498419,-22.125329182999998],[-43.92761463499999,-22.130337282000003],[-43.933178638,-22.129518721],[-43.938101067,-22.132085019999998],[-43.942603153,-22.132494300999998],[-43.944881851,-22.136520737000005],[-43.946684897999994,-22.137449915],[-43.947083117,-22.136244196],[-43.949118458,-22.136664537999998],[-43.950169314,-22.139739673999998],[-43.953487804999995,-22.142328097],[-43.964881291,-22.139352515999995],[-43.970135569,-22.143478506999994],[-43.979150804,-22.147040353999998],[-43.976562381,-22.149186312],[-43.976949538,-22.150181859],[-43.982956007000006,-22.151498193999995],[-43.987458093,-22.149739393999997],[-43.989637236,-22.151276961000004],[-43.989758914,-22.153268055999995],[-43.992933603999994,-22.154728191999993],[-43.99324333,-22.158820997999996],[-43.998021957000006,-22.155933911],[-44.001727606,-22.161132879999997],[-44.004371337,-22.162637263],[-44.011318045,-22.159694867999995],[-44.014625475,-22.153688398000003],[-44.020056739,-22.153865385],[-44.02232437499999,-22.151542441],[-44.02658310499999,-22.151000421],[-44.029260021,-22.154186172],[-44.033817416,-22.152250385999995],[-44.037323955,-22.153522474000006],[-44.039525221,-22.155801170999997],[-44.03985707,-22.160104148],[-44.041494192,-22.160823155],[-44.04444765,-22.159407265],[-44.048341346,-22.162227983],[-44.052268227,-22.159020108000004],[-44.05449161599999,-22.161022263999996],[-44.060354284,-22.160225825999998],[-44.062102023,-22.162017811],[-44.065442638,-22.161442605999998],[-44.06945801199999,-22.162814249000007],[-44.071980065,-22.164573050000005],[-44.072975613,-22.169915820999996],[-44.078119274,-22.172648044999992],[-44.075884822999996,-22.17521434499999],[-44.079358176999996,-22.175557255999998],[-44.080541773,-22.174440029999996],[-44.08227845,-22.175911228],[-44.084048312,-22.175435577999995],[-44.08721194,-22.184594614],[-44.090720381,-22.179361883000006],[-44.089645499999996,-22.175269652],[-44.095209503999996,-22.175601501],[-44.100419535,-22.173134756000007],[-44.10161419199999,-22.175833794999992],[-44.105242409,-22.17789126],[-44.103118575,-22.180092525999996],[-44.10383758099999,-22.184085777],[-44.10848346899999,-22.183599065000003],[-44.111824083,-22.188433000000003],[-44.114169151,-22.188079027999997],[-44.117288532,-22.189904197999994],[-44.118649114,-22.189760397],[-44.117952231000004,-22.188200705999993],[-44.119600414999994,-22.18667419999999],[-44.12328394,-22.187691870999995],[-44.123173323,-22.189727212],[-44.121137982,-22.191508136000003],[-44.121027637,-22.195439573],[-44.125275034999994,-22.199981349999998],[-44.12338349499999,-22.202348539999996],[-44.123062707,-22.205644907999996],[-44.120452161,-22.207215661],[-44.1213924,-22.208952338],[-44.12635337999999,-22.208460059000004],[-44.127510524,-22.212287534],[-44.13360964099999,-22.210302179],[-44.135863867,-22.212061581999997],[-44.134015176,-22.214725066000003],[-44.13836302299999,-22.215526165999997],[-44.141683955999994,-22.220386578999996],[-44.14558661099999,-22.21357477],[-44.14841442299999,-22.212588802000003],[-44.152020629,-22.218630146000002],[-44.150434288,-22.222968858],[-44.153076135999996,-22.22681238199999],[-44.15838365799999,-22.224906558999997],[-44.158828713999995,-22.228323214],[-44.16427962,-22.230677784],[-44.163649002999996,-22.233054492000004],[-44.167331434,-22.231490198],[-44.165038945,-22.229959647000005],[-44.16674384899999,-22.227200304999997],[-44.167709276,-22.228857280000003],[-44.17385788399999,-22.230589570999992],[-44.174967099,-22.227850769999996],[-44.17728823299999,-22.226563533999997],[-44.18116213999999,-22.229137194],[-44.180704887,-22.233571442],[-44.184070189,-22.233615948],[-44.184453621,-22.236186997],[-44.18803802699999,-22.240065823999995],[-44.19136567,-22.240654670000005],[-44.195378012999996,-22.245084680999998],[-44.19821166799999,-22.245233704000007],[-44.201240072,-22.251200753],[-44.203481591,-22.248607488],[-44.208302579999994,-22.250938668],[-44.20969577,-22.247317752999997],[-44.213109776,-22.246055606000002],[-44.215903053,-22.249607551],[-44.224372545,-22.253290538],[-44.221627548,-22.255435497999997],[-44.224020799,-22.256359694999997],[-44.223669053,-22.259939228],[-44.227650142,-22.260222776999996],[-44.23273858299999,-22.262711814],[-44.235242187,-22.266394802],[-44.239201054,-22.262766989999996],[-44.24275299899999,-22.267567288],[-44.247139479000005,-22.267456937000002],[-44.24614631400001,-22.262587667999995],[-44.24814643799999,-22.262670431999993],[-44.24983619799999,-22.260401325],[-44.260575279,-22.267868033],[-44.26175418099999,-22.263235984],[-44.26004372999999,-22.261760029000005],[-44.262312836,-22.258077041000004],[-44.261043792,-22.254663034999997],[-44.262754243,-22.251621467],[-44.263506145,-22.243435925000004],[-44.267342578,-22.248368148999997],[-44.26880460499999,-22.244821348000002],[-44.276391522,-22.243178750000002],[-44.28451760000001,-22.243562684],[-44.28944878099999,-22.247462562],[-44.291509622,-22.24306137],[-44.294692901,-22.245832624],[-44.29505385,-22.24483582],[-44.297108104,-22.245800417000005],[-44.29583216299999,-22.248876471000003],[-44.30210151799999,-22.253842297000002],[-44.30772945399999,-22.251980112],[-44.312095243,-22.255007886],[-44.315316132999996,-22.254345776],[-44.31701279,-22.259387468999996],[-44.319606054999994,-22.25874605],[-44.32234892899999,-22.261127330000004],[-44.32393735899999,-22.260787553000004],[-44.325020184,-22.257166638000005],[-44.323282145,-22.255780344999998],[-44.32389597699999,-22.253738841999997],[-44.328303148,-22.256918349999996],[-44.33326897399999,-22.256787308000007],[-44.336889889,-22.258559831999992],[-44.339255553,-22.257959793999998],[-44.340372863999995,-22.253497448],[-44.346131842999995,-22.253518138999997],[-44.352421889,-22.257683914999998],[-44.354925493,-22.255242384000002],[-44.357167012,-22.256056228],[-44.35840846799999,-22.253773327000005],[-44.360036156,-22.253669871999996],[-44.35986373099999,-22.252414621999996],[-44.362022486,-22.251973215],[-44.363960538,-22.253807812],[-44.36448470799999,-22.257759781999994],[-44.366243438999994,-22.256594192],[-44.369871249999996,-22.259766802999994],[-44.37112650099999,-22.259187457],[-44.37607163599999,-22.261842794],[-44.37470603399999,-22.26498091799999],[-44.37688547999999,-22.268298367999996],[-44.37985118099999,-22.268394925999996],[-44.380720201,-22.267001735999994],[-44.384073371999996,-22.267529247999995],[-44.38758897699999,-22.272504823],[-44.389962737,-22.270508796000005],[-44.392396901999994,-22.261962832999995],[-44.39479666799999,-22.258906944999996],[-44.41300527999999,-22.255604051000002],[-44.414452235,-22.254154230000005],[-44.42389664099999,-22.255662657000002],[-44.42625398199999,-22.254076217000005],[-44.429197926,-22.254338968],[-44.430367588,-22.252322914999997],[-44.433209465,-22.251408332999993],[-44.43719808899999,-22.257773434999997],[-44.43868664899999,-22.257864739000002],[-44.438174656,-22.256758221],[-44.440453086,-22.25481733199999],[-44.445079756999995,-22.257166611000002],[-44.447769470999994,-22.255520884999996],[-44.449777695,-22.257869855],[-44.452068665,-22.256724369999997],[-44.452387660999996,-22.258217849999998],[-44.456346108999995,-22.257152114],[-44.458934324999994,-22.261096060999996],[-44.457571343,-22.261857302999996],[-44.460268307999996,-22.262531543999998],[-44.46298300299999,-22.266968367999997],[-44.458738578,-22.270466565999996],[-44.460551054999996,-22.273507900999995],[-44.46320451999999,-22.274696885000004],[-44.463379231999994,-22.276320192000004],[-44.459913062999995,-22.279989316],[-44.463588765,-22.281084052],[-44.46546649,-22.279155577],[-44.46850752100001,-22.280095138999997],[-44.470519674,-22.282773276999997],[-44.473064403,-22.283135789],[-44.476522595999995,-22.286071986999996],[-44.476102102,-22.289247441999997],[-44.47913256199999,-22.28815271],[-44.480481045,-22.2889212],[-44.48227902099999,-22.294054133],[-44.48434524399999,-22.293764136999997],[-44.49017083199999,-22.296482459],[-44.491102169,-22.298643325999997],[-44.494821357999996,-22.299701808999995],[-44.494516861,-22.301405534],[-44.496855751,-22.303741240999997],[-44.50141174,-22.305239821999994],[-44.502782301,-22.306990676999995],[-44.506196458999995,-22.305639482000004],[-44.511041443,-22.307901875],[-44.51167401,-22.309434344],[-44.51357547599999,-22.308628574],[-44.517148694,-22.315922776],[-44.520783997,-22.318623025],[-44.52339156,-22.318301578],[-44.52475767899999,-22.320402825],[-44.530229307999996,-22.323188911],[-44.532579303,-22.330704089],[-44.5383962,-22.329559763999995],[-44.541814178,-22.331754211],[-44.545700843,-22.332086267],[-44.543163044,-22.328351109000007],[-44.545414681,-22.327191402999993],[-44.545738495,-22.323621918],[-44.550137590000006,-22.325380746],[-44.549689203999996,-22.328515444],[-44.552195361,-22.327414496],[-44.55520795299999,-22.33069532],[-44.556643189,-22.32884372599999],[-44.55794106,-22.330770742999995],[-44.563382989,-22.331524032999997],[-44.56361919199999,-22.333177456000005],[-44.566009249,-22.33063927],[-44.56567977,-22.327966672],[-44.57007274699999,-22.327716757],[-44.569175975,-22.32598726799999],[-44.570881443,-22.324249773],[-44.57589775999999,-22.327380467],[-44.577799396,-22.326900054],[-44.58126638,-22.328541466000004],[-44.582075075999995,-22.3240496],[-44.585814294,-22.326155412999995],[-44.588592685,-22.323585198999996],[-44.58706336899999,-22.3204465],[-44.588708784999994,-22.320254334000005],[-44.59242798599999,-22.322868584],[-44.599450028999996,-22.324449944999998],[-44.600418863,-22.326075344],[-44.61003538800001,-22.326557773999998],[-44.611540435,-22.328221190999997],[-44.61339403,-22.328097084000007],[-44.61592666799999,-22.332018676000004],[-44.619941014,-22.331141414999998],[-44.62410273999999,-22.333822323999996],[-44.624367474,-22.335399368000004],[-44.62614099999999,-22.335383355],[-44.62744612400001,-22.345944443999993],[-44.633171051,-22.348242421000002],[-44.63515242599999,-22.350853584],[-44.64286739599999,-22.353118618],[-44.64361203699999,-22.354367692999997],[-44.64195460999999,-22.35615323],[-44.645945629,-22.365162862999995],[-44.651099426,-22.370208727000005],[-44.65925735599999,-22.374373139],[-44.660700586999994,-22.380524223],[-44.662927075999995,-22.379945173],[-44.664348202,-22.37417074999999],[-44.666039142,-22.372623725999997],[-44.67039243599999,-22.374818361999996],[-44.675915005,-22.372138028],[-44.678829193,-22.374224731],[-44.68821935799999,-22.372893558999998],[-44.691097569,-22.370033336000002],[-44.697051869,-22.371310541999993],[-44.704715107,-22.367856689],[-44.708816558,-22.368540264],[-44.721165883,-22.360229428999993],[-44.725986887,-22.359024178],[-44.730241244,-22.361119874999996],[-44.744696057,-22.375590150999994],[-44.75642569,-22.374658718000003],[-44.761770189,-22.377433746000005],[-44.767667124,-22.378268824],[-44.77600095399999,-22.384293222999997],[-44.780308919999996,-22.382906718999998],[-44.787589544,-22.388091367999994],[-44.79338647899999,-22.386871139],[-44.79587991199999,-22.389908526000003],[-44.80214941999999,-22.392349522999993],[-44.804196009,-22.394470539999997],[-44.805412648,-22.401111417999996],[-44.809356785,-22.404066308999997],[-44.809629586999996,-22.406685475999996],[-44.807673598,-22.409666101],[-44.807983895999996,-22.41411121499999],[-44.816394332,-22.418130098999992],[-44.824134201,-22.419336895000004],[-44.828180639,-22.422800256],[-44.830231356,-22.428143397000003],[-44.83295260799999,-22.430989947],[-44.83493345499999,-22.431101271],[-44.839683682,-22.427231944],[-44.84465036,-22.42778105],[-44.849819618,-22.426531871000005],[-44.854511398,-22.428001346],[-44.859599404,-22.423043174999997],[-44.87150584399999,-22.424085751999996],[-44.87528993299999,-22.428565511],[-44.882927284,-22.429066905000003],[-44.88973083399999,-22.432123987],[-44.889711143999996,-22.435853170999998],[-44.897682165,-22.449113824000005],[-44.89753926299999,-22.452482671999995],[-44.899387651999994,-22.453738674999997],[-44.90362452899999,-22.45422675399999],[-44.908258312,-22.452157437999993],[-44.914090146,-22.455063983],[-44.931301679,-22.451794658],[-44.935563406,-22.453091548000003],[-44.940070217,-22.452669116],[-44.942318646,-22.456070105999995],[-44.95164636399999,-22.463083247999997],[-44.95992549599999,-22.46665976099999],[-44.965859118,-22.475192826999994],[-44.969848411,-22.471944638999997],[-44.981598102999996,-22.468059285],[-44.988483122,-22.469354421999995],[-44.991814135999995,-22.466172921999995],[-44.99823627899999,-22.469164359],[-45.00978929099999,-22.466368707999997],[-45.024622050999994,-22.468772423],[-45.027149903,-22.470226841999995],[-45.025148884,-22.464871435999996],[-45.02840338699999,-22.463197655],[-45.04054431,-22.469271607],[-45.054928890999996,-22.470503962],[-45.06068714199999,-22.472554427],[-45.06581731,-22.477064551000005],[-45.0715369,-22.477369470999996],[-45.082645803,-22.486367723999997],[-45.091125487,-22.483097822999998],[-45.097323977,-22.485068418999997],[-45.103402513,-22.490308392],[-45.112000984,-22.493476211000004],[-45.11656434799999,-22.493529432],[-45.12212744699999,-22.497337763],[-45.128459401,-22.497110264000003],[-45.13489914800001,-22.501645735000007],[-45.139595534,-22.501693100999997],[-45.143827916999996,-22.506740222999994],[-45.15032328299999,-22.507355432999997],[-45.15202315,-22.511697759],[-45.155095409999994,-22.512617163999995],[-45.160009339,-22.516916784],[-45.161823053,-22.522799250999995],[-45.166261822,-22.52949076499999],[-45.16665532,-22.532709907],[-45.164515268,-22.537928714999993],[-45.177186265,-22.546705826],[-45.176769739,-22.549011471],[-45.17804560199999,-22.549876920999996],[-45.190011967,-22.552356469000003],[-45.191596419999996,-22.555782769000004],[-45.193226911,-22.556298434999995],[-45.197202925999996,-22.555759255999998],[-45.20373699799999,-22.5572993],[-45.212352171000006,-22.562871707],[-45.223095438,-22.563630669999995],[-45.229961239,-22.569693484],[-45.240937165999995,-22.57574003099999],[-45.24371043399999,-22.575799372],[-45.254540681,-22.581624257999994],[-45.26017290499999,-22.58205342099999],[-45.26068100399999,-22.585706372999997],[-45.257126517,-22.590299156999997],[-45.26048698599999,-22.596600352999996],[-45.260631667999995,-22.601201913000004],[-45.264215801,-22.604573010000003],[-45.261406943999994,-22.607115589999996],[-45.266120183999995,-22.610949770999998],[-45.27110562399999,-22.611778383],[-45.274239997,-22.616238469000002],[-45.275865229,-22.6169584],[-45.293852668999996,-22.613668590000003],[-45.301265662999995,-22.615645294999997],[-45.31732709199999,-22.61432462],[-45.323326052999995,-22.616511202000005],[-45.332961986,-22.617639217],[-45.335797035,-22.622751776],[-45.348953579,-22.626511156999996],[-45.353860663999995,-22.630576114999993],[-45.355075935,-22.634067512000005],[-45.36095817999999,-22.638761397],[-45.364983954,-22.639345453999997],[-45.37059793099999,-22.637315922999996],[-45.375352145,-22.640757793],[-45.381251533,-22.642309464999993],[-45.3864322,-22.648632542000005],[-45.393304463999996,-22.649767184999998],[-45.39787648299999,-22.653423817999997],[-45.406081645,-22.65330928299999],[-45.410521091999996,-22.651671025000002],[-45.40874385499999,-22.644077931],[-45.411739175,-22.641063772],[-45.408796201,-22.633489440000005],[-45.413096532999994,-22.628503641],[-45.412931697,-22.622215528],[-45.42613736,-22.621160671000002],[-45.435547152999995,-22.618320715999996],[-45.43749291499999,-22.611741764],[-45.445378279,-22.608647462999993],[-45.448051385,-22.604612651999997],[-45.45170849200001,-22.606350419000005],[-45.458029647,-22.600089718999996],[-45.47385657699999,-22.588894225],[-45.481285413,-22.591195363999997],[-45.478544248999995,-22.591118373],[-45.474774244,-22.599509915],[-45.476824134999994,-22.602410662999993],[-45.477381752,-22.608669925000004],[-45.48352316799999,-22.615676523999994],[-45.48561683799999,-22.623578465999998],[-45.488800491,-22.628785222999994],[-45.49912848599999,-22.625011205999996],[-45.50459743,-22.630675694000004],[-45.507461737999996,-22.631719482999994],[-45.50831521999999,-22.634318059],[-45.514214822,-22.637362531],[-45.516459648,-22.64143020299999],[-45.52493101499999,-22.646874655],[-45.53304695599999,-22.64675425500001],[-45.538445788,-22.650017417999994],[-45.53990821899999,-22.652579786999993],[-45.544790649,-22.65083875599999],[-45.55408255799999,-22.654315018000002],[-45.559161218,-22.653594627999997],[-45.56596527699999,-22.65652275],[-45.571101645999995,-22.655608742999995],[-45.573577014,-22.656970079999997],[-45.576768877,-22.654031281],[-45.58436953299999,-22.651688578999998],[-45.581988298,-22.644666668999996],[-45.57732645899999,-22.640528168000003],[-45.572833608,-22.641224246],[-45.55993925399999,-22.627602345999993],[-45.55535543799999,-22.626440967999994],[-45.56365898499999,-22.612748338999992],[-45.572719175,-22.609316759999995],[-45.575409699,-22.606666186999995],[-45.576519593,-22.601702747000004],[-45.579386758999995,-22.605385507000005],[-45.58399127999999,-22.606996138999996],[-45.587997627,-22.61042261],[-45.588468983999995,-22.611665921],[-45.584779078,-22.615508674000008],[-45.58999297,-22.619058018],[-45.60104846,-22.618933322000004],[-45.605078814,-22.620432165],[-45.61812805499999,-22.637914131999995],[-45.62465916899999,-22.639016223999995],[-45.631581407,-22.643579059],[-45.644079755,-22.646302372000005],[-45.647699988,-22.648233682000004],[-45.659414071,-22.648449723999992],[-45.66618475599999,-22.651201172999997],[-45.67216221499999,-22.646945295],[-45.673353250999995,-22.642590479],[-45.68107834399999,-22.636335683999995],[-45.674418743,-22.630699145999994],[-45.67369192500001,-22.629044752000002],[-45.675536958,-22.626205177999996],[-45.67063612599999,-22.61752117],[-45.66610760999999,-22.612695242000004],[-45.668133567,-22.609647359999997],[-45.664995658,-22.604367739999997],[-45.664404066,-22.600084304],[-45.658859594,-22.598110064],[-45.663075568,-22.586699529000004],[-45.65988277,-22.580081801],[-45.660573729999996,-22.57784078399999],[-45.67429460799999,-22.575919478],[-45.67972139199999,-22.573418787000005],[-45.695439199999996,-22.586338562999998],[-45.70178389499999,-22.585139113],[-45.705484434999995,-22.581221541999994],[-45.71845477299999,-22.577991391],[-45.717197233,-22.582105145999993],[-45.720769440000005,-22.585522888],[-45.726793691,-22.587023008000003],[-45.72924525399999,-22.591572917000004],[-45.727589315,-22.59432812],[-45.734599669,-22.597448977999996],[-45.735123172,-22.603582105999994],[-45.737428896,-22.608538736999993],[-45.736690041,-22.610150418],[-45.730712857,-22.611881668],[-45.728845022,-22.620479559999996],[-45.72060296800001,-22.619773684],[-45.717469435999995,-22.621009824999998],[-45.708716809,-22.639467781],[-45.699664453,-22.642426386999997],[-45.697244674,-22.644992973],[-45.69795521199999,-22.649770347],[-45.693992663,-22.651709887999996],[-45.704303218,-22.655091001],[-45.708732714,-22.659060807],[-45.716182812999996,-22.661992421999997],[-45.72699400999999,-22.660295717999997],[-45.73223007,-22.656835638],[-45.73740553599999,-22.658919319999995],[-45.742806738,-22.659166862],[-45.747858398,-22.66452405],[-45.747286206999995,-22.666792377999997],[-45.750551905,-22.671242499999995],[-45.75548355,-22.671073994000004],[-45.761077803,-22.677242212999996],[-45.769524202,-22.678886991000002],[-45.778883053,-22.683566779999996],[-45.787858892,-22.693356526],[-45.792798888,-22.693027906000005],[-45.81164102899999,-22.69870766],[-45.81799154800001,-22.711367554999995],[-45.817693013,-22.716144518999997],[-45.819927819,-22.722718611],[-45.815188507,-22.730194621999996],[-45.80583733699999,-22.736977660000004],[-45.795633911,-22.739021394000005],[-45.79030008499999,-22.735135707],[-45.78201399799999,-22.731789650999996],[-45.77596539999999,-22.732094178999994],[-45.770244172,-22.727190465],[-45.763612684,-22.725489857999996],[-45.756463756,-22.721039982999994],[-45.752103821,-22.722625065],[-45.748801310999994,-22.721792630999992],[-45.746691587,-22.723164638999993],[-45.732557095,-22.722002681999996],[-45.728140305,-22.723683627999993],[-45.730441548,-22.726480252000005],[-45.72719595900001,-22.729248534999996],[-45.726669903,-22.732686186],[-45.724167695,-22.733850299999997],[-45.723545018,-22.738397199999998],[-45.71731997999999,-22.748141173999993],[-45.716548943,-22.750401689000004],[-45.717754675,-22.755181512999997],[-45.713412246,-22.756947159],[-45.71407997000001,-22.76184810399999],[-45.71181884799999,-22.771515891],[-45.71191762699999,-22.773227728000005],[-45.715104098,-22.77470150299999],[-45.716803203,-22.779979208999993],[-45.72249470599999,-22.779460058999998],[-45.724238379,-22.78068465300001],[-45.725104735,-22.784262032999997],[-45.729028963999994,-22.785237528],[-45.730333561,-22.798594238],[-45.728689722,-22.800940777999998],[-45.725632723,-22.800022362999993],[-45.722248998999994,-22.802985609999993],[-45.720307427,-22.808265901000002],[-45.714328555,-22.808629130999993],[-45.713023791,-22.813025061000005],[-45.713580926999995,-22.814785660000002],[-45.717161742,-22.817023107999997],[-45.72277547499999,-22.816317436000006],[-45.728774593,-22.810186464],[-45.741706877,-22.807916706],[-45.74290384999999,-22.795357047],[-45.748644513,-22.792296364000002],[-45.750771099999994,-22.79338892],[-45.754917279,-22.792912238],[-45.75902125499999,-22.801029612999994],[-45.766823599999995,-22.802458682000008],[-45.770945138,-22.805926762000002],[-45.766959357,-22.840812269],[-45.767915730999995,-22.844385463000005],[-45.77031974399999,-22.846807396],[-45.7794691,-22.850691232],[-45.781884145,-22.855257220000002],[-45.790853893999994,-22.858606049],[-45.79237849999999,-22.855227921999997],[-45.800594462,-22.847629359999996],[-45.80284996799999,-22.833793361999998],[-45.809802012,-22.829386584999998],[-45.815187187,-22.834403185999992],[-45.816505178999996,-22.832153642999995],[-45.823365982,-22.829887027999998],[-45.82560469199999,-22.833642972999993],[-45.829491143,-22.834888966],[-45.833268991,-22.834695693999993],[-45.837245462000006,-22.832071871999997],[-45.84174007699999,-22.833183533],[-45.848127298,-22.837830662999995],[-45.850473079,-22.843457777],[-45.850081708999994,-22.846923982],[-45.857278732999994,-22.851179042000002],[-45.858553592,-22.855322569],[-45.857302282999996,-22.858728142],[-45.86385223599999,-22.868710331],[-45.870385059,-22.869412973999996],[-45.87113600000001,-22.871674999],[-45.879766999999994,-22.875453998999994],[-45.88876199999999,-22.875974998999997],[-45.88728199999999,-22.872049999000005],[-45.88938,-22.860638999],[-45.890201000000005,-22.858233998999996],[-45.894321,-22.85694399899999],[-45.892345,-22.852641998999996],[-45.894211,-22.848924999000005],[-45.891156,-22.845773999000002],[-45.894283,-22.841979998999996],[-45.89367299999999,-22.83895399899999],[-45.897240999999994,-22.839679999000005],[-45.901019,-22.836058999],[-45.90387499999999,-22.836943998999995],[-45.90636,-22.833877999000002],[-45.90905699999999,-22.829298998999995],[-45.907404,-22.825503999],[-45.904757000000004,-22.823587998999997],[-45.904626,-22.819653999],[-45.91182899999999,-22.816292998999995],[-45.913929,-22.819080999],[-45.91898799999999,-22.820676999],[-45.923196,-22.824996998999996],[-45.923912,-22.83197399899999],[-45.928498,-22.835464998999996],[-45.932492,-22.841570998999998],[-45.935280999999996,-22.842140999],[-45.938812,-22.846470999],[-45.95114499999999,-22.845878999],[-45.95166699999999,-22.848947998999993],[-45.956529,-22.849840999],[-45.960332,-22.858241999],[-45.96419099999999,-22.855421999000008],[-45.968077,-22.859970998999998],[-45.973461,-22.863116999],[-45.974743,-22.868096999000002],[-45.980403,-22.866955998999998],[-45.98339,-22.868575999000004],[-45.99309199999999,-22.869809998999997],[-45.99038399999999,-22.876020999],[-45.993811,-22.879104999],[-45.999119,-22.878721998999996],[-46.001451,-22.880035998999997],[-46.007954,-22.889496998999988],[-46.012792999999995,-22.885989998999996],[-46.018733999999995,-22.888458998999997],[-46.026798,-22.884875999],[-46.041996,-22.890650998999998],[-46.047286,-22.895752999],[-46.050675,-22.896974999],[-46.05955561099999,-22.894707631999992],[-46.063944715,-22.891643266],[-46.07157500999999,-22.893585571999992],[-46.07389173,-22.893292145999997],[-46.07411045199999,-22.891169972000004],[-46.07539331,-22.890963475],[-46.083661943,-22.891569813],[-46.089521657999995,-22.895223150000003],[-46.09521832499999,-22.894429009],[-46.10163674199999,-22.901516458999996],[-46.105336185999995,-22.901549165],[-46.108668167,-22.905462151],[-46.114831056,-22.906071808],[-46.12361246199999,-22.909544352],[-46.139093716,-22.92275526],[-46.14647015,-22.917368224000004],[-46.14988190999999,-22.916543509000004],[-46.153989524,-22.912400394],[-46.153548428,-22.911016074000006],[-46.14975582,-22.910464919999995],[-46.14739371000001,-22.90761558799999],[-46.14682849,-22.905258119999992],[-46.138279979,-22.894970610000005],[-46.13688632499999,-22.890541513],[-46.137915173,-22.884965615],[-46.142109796999996,-22.880956136],[-46.141251988,-22.868146003],[-46.14502786799999,-22.857190339999992],[-46.15532793199999,-22.864168184999997],[-46.164752763,-22.864142151999996],[-46.167218766,-22.865526736999993],[-46.18206124499999,-22.867010562999994],[-46.185499512,-22.869189673999994],[-46.192197885,-22.865230569999994],[-46.199831013,-22.87094761399999],[-46.202804479,-22.870368351999996],[-46.21493325099999,-22.876576377000006],[-46.220419836999994,-22.877610963999995],[-46.228585263999996,-22.881543267],[-46.23414460499999,-22.881822838000005],[-46.238171179999995,-22.894155638999997],[-46.241771286,-22.890271131999995],[-46.248313677,-22.889408205000002],[-46.258530731,-22.890574654],[-46.262634702,-22.87845646],[-46.266863797999996,-22.875687216000006],[-46.279025716,-22.878347613000003],[-46.281056428999996,-22.884233872],[-46.287916621,-22.887812664999995],[-46.29088976,-22.89405569199999],[-46.29606091499999,-22.898154126],[-46.30270399999999,-22.895214999000007],[-46.304646,-22.891542999000002],[-46.311648,-22.890567999],[-46.314641,-22.886759999],[-46.337483,-22.896780998999994],[-46.344893003,-22.905224002],[-46.350779854,-22.899418844000003],[-46.356310722,-22.900303259999994],[-46.359764651,-22.895506518],[-46.363778512,-22.893673567],[-46.36774853599999,-22.886181133999997],[-46.372409094000005,-22.883130410999996],[-46.37347452699999,-22.878826906999997],[-46.37783575099999,-22.879240096999997],[-46.376289404,-22.877079073999997],[-46.377022078,-22.873414786999998],[-46.37550132799999,-22.871007304999996],[-46.380168306,-22.871758006999997],[-46.38419240899999,-22.869966103],[-46.380840962,-22.864046122],[-46.376051315,-22.863573243999998],[-46.372578706999995,-22.860097378999992],[-46.372364247,-22.857052118000002],[-46.374724022,-22.852155060999994],[-46.37433910899999,-22.843902066],[-46.371024329,-22.838541164999995],[-46.37069798900001,-22.835071511],[-46.376811081,-22.827819462],[-46.36728460599999,-22.801474562],[-46.362443795,-22.793878530000004],[-46.362140393,-22.789876984999996],[-46.356720376,-22.785107982999996],[-46.352337059999996,-22.785124591],[-46.348054577,-22.777660018],[-46.343488699,-22.777458658999993],[-46.340829169,-22.773748747999996],[-46.341646032,-22.769340360999998],[-46.334554725,-22.767912026000005],[-46.332566108,-22.766115804],[-46.33454146199999,-22.760300075000004],[-46.346360998,-22.759956856],[-46.35489159299999,-22.757092695000004],[-46.360480024999994,-22.761345415000005],[-46.363547188,-22.755647330000006],[-46.367585378,-22.753345202],[-46.367192945,-22.751853946999994],[-46.372811350999996,-22.746825844000004],[-46.379136768,-22.746084688999996],[-46.385805263,-22.740304329999997],[-46.38828446899999,-22.740440503],[-46.39378089699999,-22.743972530000004],[-46.404689821999995,-22.73940578199999],[-46.40664207,-22.74092040699999],[-46.413085841999994,-22.738300528999993],[-46.414535706,-22.734622886],[-46.41878869199999,-22.7342005],[-46.419883849,-22.732890635],[-46.422619516999994,-22.733005133],[-46.425582122,-22.736325296],[-46.42956235399999,-22.73406879],[-46.431529901,-22.734412654000003],[-46.436746088,-22.731942129000004],[-46.439453808,-22.726725672999997],[-46.44393597799999,-22.728093971000003],[-46.445365315,-22.726375038999993],[-46.452723078,-22.727581896],[-46.45565034599999,-22.723584273999993],[-46.45506537899999,-22.717170987999992],[-46.456526346,-22.7150495],[-46.457334175,-22.70705720500001],[-46.463034525,-22.706754174999993],[-46.462836129,-22.705454239],[-46.465832054,-22.704371089000002],[-46.468639475,-22.701309855999998],[-46.47167238899999,-22.706340571999995],[-46.478890364,-22.698276748999998],[-46.473887868999995,-22.696829608000005],[-46.469976245,-22.693975722999994],[-46.478565845,-22.685886134999993],[-46.480636611,-22.67831585900001],[-46.470422351,-22.673242744],[-46.461307337,-22.676011974999998],[-46.458779545999995,-22.67181898999999],[-46.45158303899999,-22.670512914000003],[-46.448501579,-22.668260379999996],[-46.44016884,-22.668147268000002],[-46.436455546,-22.664352667999996],[-46.427714067,-22.661357745000004],[-46.420001199,-22.664985603999998],[-46.412336727,-22.659785226000004],[-46.405005200999994,-22.663434724000002],[-46.40550540699999,-22.666348947],[-46.408380354,-22.669327425],[-46.407900058,-22.671931645],[-46.405863012999994,-22.672559957000004],[-46.40220159799999,-22.670956947999997],[-46.39818309199999,-22.665689870000005],[-46.393058871,-22.662974058999996],[-46.39429606699999,-22.658933847999997],[-46.392363434,-22.653146763],[-46.39631219599999,-22.645982049000008],[-46.406048594,-22.640577481],[-46.414695463,-22.640194289000004],[-46.420629481999995,-22.638079495000003],[-46.424619935,-22.633599063999995],[-46.423005462,-22.624844795999998],[-46.405970538,-22.622178926999997],[-46.40475786300001,-22.620893312],[-46.411217474,-22.612681926999997],[-46.41337321999999,-22.607340120999996],[-46.418701829999996,-22.602734043],[-46.420838337999996,-22.598562327000003],[-46.422115193,-22.60032737],[-46.424336376,-22.599444272999996],[-46.421445133,-22.596561613999995],[-46.421586090999995,-22.594160330999998],[-46.415228256,-22.59002557599999],[-46.41206169,-22.585765803],[-46.419510515,-22.582883380999995],[-46.428722723,-22.583926071],[-46.428904726,-22.579711087999996],[-46.433725403,-22.57456794],[-46.432585636,-22.571228070999997],[-46.42750754,-22.566403526000002],[-46.42245099,-22.564522687],[-46.419015048,-22.559887959000005],[-46.414642693,-22.557927713999995],[-46.411416733,-22.554313283],[-46.407849929,-22.548138608000002],[-46.40614764899999,-22.541464433000005],[-46.406952235,-22.539932536],[-46.411696008,-22.536701473000004],[-46.41327703499999,-22.540291715000002],[-46.417590971,-22.542951833999993],[-46.417945092,-22.547455677000002],[-46.420812409,-22.548597746999995],[-46.42630849599999,-22.547568833999996],[-46.429172187,-22.54370361999999],[-46.432573718,-22.543926313999993],[-46.439982373999996,-22.540015553999996],[-46.439519121,-22.534699674000002],[-46.44919713899999,-22.530834984999995],[-46.45008435399999,-22.526516282],[-46.45495507100001,-22.521732370000002],[-46.464923953,-22.522803776999993],[-46.46685726799999,-22.518529003],[-46.471132799,-22.518293253000007],[-46.476774074000005,-22.520714663000003],[-46.48014169,-22.518742878999994],[-46.48456992999999,-22.519241767],[-46.4889235,-22.516101089],[-46.491179315,-22.510386739999994],[-46.498324159999996,-22.513166957],[-46.500948769999994,-22.517006131999995],[-46.505289911,-22.517047152],[-46.506613255999994,-22.515453199999996],[-46.50699092199999,-22.506958909999998],[-46.542146936,-22.494356001999996],[-46.536062413,-22.487756889],[-46.536058462,-22.483679718],[-46.530667446,-22.470852528999995],[-46.53175820999999,-22.469964707000003],[-46.537476513,-22.471267107],[-46.53934920399999,-22.46863069199999],[-46.54295157899999,-22.467763922999996],[-46.54986484399999,-22.469548949],[-46.551553424,-22.459979488000002],[-46.548809812,-22.455154503],[-46.554813949999996,-22.446649975],[-46.564834546,-22.447392521],[-46.568114486999995,-22.450876515999997],[-46.572654363999995,-22.453141614999996],[-46.575142332999995,-22.447877401000003],[-46.573671774,-22.445585756000003],[-46.585133911999996,-22.439447538999996],[-46.59173429,-22.438113868999995],[-46.594418334,-22.440963417],[-46.60067616799999,-22.441474721000002],[-46.603467937,-22.443074078000002],[-46.6119228,-22.435442963999996],[-46.616609561999994,-22.438662459999996],[-46.618314145,-22.436987523999996],[-46.623514165,-22.437727277000004],[-46.631607353999996,-22.435835704],[-46.63695470799999,-22.431011108999996],[-46.639889194,-22.425574285],[-46.647031495,-22.428838601000002],[-46.649587528999994,-22.426886622],[-46.650756623,-22.42346597099999],[-46.655110955,-22.422702118],[-46.66651629399999,-22.415109833999995],[-46.668047386999994,-22.406382194999992],[-46.664126963,-22.399358844],[-46.663420132,-22.391543086999995],[-46.665002829,-22.386751053000005],[-46.66372886199999,-22.383290998999993],[-46.666307808999996,-22.380990316],[-46.662232493,-22.37333527299999],[-46.660923476,-22.366040997000002],[-46.675907283,-22.369289391999995],[-46.68278627099999,-22.35749234999999],[-46.687033275,-22.357301432999996],[-46.687614423,-22.349411371],[-46.69072650799999,-22.346762295999994],[-46.694595345,-22.348550939000003],[-46.693558957,-22.343029486999992],[-46.697619712999995,-22.343212326],[-46.696205667,-22.340575775999994],[-46.697502804,-22.337630603],[-46.695242116,-22.335238962],[-46.69894925,-22.332313709999998],[-46.698061471,-22.326658869999992],[-46.70075316799999,-22.325323933999996],[-46.701199341999995,-22.321493043],[-46.710818155999995,-22.319325577],[-46.711815642999994,-22.316579591000004],[-46.71098258499999,-22.312787539000002],[-46.717952418,-22.316944259],[-46.723260254,-22.306623841],[-46.715755856,-22.306613256999995],[-46.705284142,-22.295823959999996],[-46.705810417,-22.293670184],[-46.708646855999994,-22.293791461999994],[-46.710516143,-22.28499512099999],[-46.703199982,-22.280653335000004],[-46.702337296,-22.277879077999998],[-46.70589663,-22.271841954],[-46.710616191999996,-22.269929992],[-46.710400742,-22.262390084999993],[-46.694039933999996,-22.246666945000005],[-46.688625425,-22.248768353],[-46.693141584,-22.237631487999998],[-46.690035686,-22.232343762],[-46.678167793,-22.224041890999995],[-46.680626661,-22.214285822999997],[-46.679665985999996,-22.20835328],[-46.670800848999995,-22.184260559],[-46.670702632,-22.180242143000005],[-46.67383554,-22.175617542],[-46.67128300099999,-22.174155019000008],[-46.669009277,-22.174737522000004],[-46.663133956,-22.180401053999994],[-46.650798651,-22.177534267],[-46.646292292999995,-22.181321898],[-46.646427135,-22.177946096999996],[-46.643562581999994,-22.174454651],[-46.64033963699999,-22.165904468000004],[-46.64045810900001,-22.157719641],[-46.634967765,-22.154482989],[-46.62788814499999,-22.156429249],[-46.613041482999996,-22.150252527],[-46.607171825,-22.141685519000003],[-46.601046685,-22.139120572],[-46.59853002,-22.136389532999996],[-46.600368659,-22.133515391999993],[-46.603593809,-22.132197398],[-46.611084389,-22.132426751],[-46.616115904,-22.130654682],[-46.62273088,-22.109930897999998],[-46.624170017999994,-22.108516923999996],[-46.630450338,-22.107241884999997],[-46.634340363999996,-22.107665763999996],[-46.63611986,-22.103259484999995],[-46.639188497,-22.102427312],[-46.646754994999995,-22.091893162],[-46.654535808999995,-22.09187268699999],[-46.66286267,-22.094057791],[-46.664948163,-22.096362026],[-46.670926081,-22.097341353999994],[-46.674450503,-22.096225303999997],[-46.680286517,-22.091072303],[-46.687947124,-22.093576716999998],[-46.691473801,-22.090293925],[-46.693499966,-22.090077774000004],[-46.700814070999996,-22.095196872],[-46.715370426,-22.091361972],[-46.71584021499999,-22.089758566],[-46.71883729599999,-22.088679145000004],[-46.721177700999995,-22.078088346],[-46.723421724999994,-22.076895563000008],[-46.7221634,-22.074977766],[-46.71619467899999,-22.073550120000004],[-46.713161069,-22.075005932000003],[-46.70959195299999,-22.074750016],[-46.707652972,-22.078789681],[-46.706117655,-22.078972137999997],[-46.696398874,-22.072923444999994],[-46.683954203999996,-22.07386566],[-46.6798626,-22.07128124999999],[-46.664786004999996,-22.068863104],[-46.657745749,-22.060475697],[-46.676361327,-22.055439464999996],[-46.68538902,-22.037422128999996],[-46.68357048399999,-22.030043109],[-46.675574925,-22.022374715999995],[-46.66220251099999,-22.023696107],[-46.659561038999996,-22.020290041999996],[-46.654790962999996,-22.017807247999997],[-46.653368185999994,-22.011171424000004],[-46.649176393,-22.009286176000003],[-46.640342908,-22.008884327999994],[-46.628081476999995,-22.015464870000002],[-46.61782650399999,-22.017531537000004],[-46.61513557,-22.01738506],[-46.613262381,-22.014962690999994],[-46.612461098999994,-22.004865445000004],[-46.61466877299999,-21.996971153],[-46.615868638,-21.995544520999996],[-46.62282994,-21.994589073],[-46.62917481499999,-21.986217571999997],[-46.630999219,-21.981176598999998],[-46.637465115,-21.980803318],[-46.643394930999996,-21.976106634000004],[-46.651413822,-21.961452865],[-46.65382340199999,-21.953343176999997],[-46.653644348,-21.941704863999995],[-46.655619699999995,-21.939427905999995],[-46.662099129,-21.937906474000002],[-46.667301478,-21.932560218],[-46.66797531499999,-21.930578177],[-46.665310263,-21.926462309],[-46.665000032,-21.92069212499999],[-46.673778465,-21.911052688999998],[-46.673166372,-21.908088981999995],[-46.66557018899999,-21.899296682],[-46.653167806999996,-21.896012576999997],[-46.64860315,-21.887621818999996],[-46.647536460999994,-21.880460833999997],[-46.653842034,-21.880023083],[-46.657563323999995,-21.877452499],[-46.658105545999994,-21.875272528999997],[-46.655784000000004,-21.870473],[-46.663191958999995,-21.857838026],[-46.665285,-21.848787999999995],[-46.670808121,-21.84883093],[-46.673955,-21.850865],[-46.67653020299999,-21.850625513999994],[-46.68121200000001,-21.844418999999995],[-46.68883876799999,-21.84134639],[-46.690970547,-21.836963848999996],[-46.68070442,-21.823355501],[-46.670826182,-21.816481175999993],[-46.667724998,-21.80696544],[-46.651201593,-21.789442721000007],[-46.653991341,-21.779246402],[-46.646039285,-21.77605113699999],[-46.63944686899999,-21.76847201],[-46.62814348599999,-21.768936848],[-46.62603031199999,-21.766226462],[-46.62811486199999,-21.755036486000005],[-46.627402656,-21.747887108],[-46.630841536,-21.740899832],[-46.625588247,-21.734095403000005],[-46.62847625399999,-21.729615268999996],[-46.623176615999995,-21.719513424],[-46.622450532,-21.715538653999996],[-46.623019808,-21.712946171],[-46.62911625299999,-21.706412921000002],[-46.629928054,-21.702669471000004],[-46.62845165299999,-21.699758557],[-46.628673557,-21.694817562],[-46.624648644,-21.694086789999993],[-46.623883263,-21.692728878],[-46.62483719400001,-21.686831009],[-46.621594724,-21.675542992999997],[-46.609418779,-21.677208494000002],[-46.60538455999999,-21.680894375999998],[-46.59303583799999,-21.683178335000004],[-46.579136401999996,-21.682559487],[-46.577767562999995,-21.685057774999997],[-46.56463134,-21.678679389999996],[-46.566420328,-21.668990398000002],[-46.565084505,-21.663679103],[-46.566698342,-21.659201838],[-46.565917355,-21.656938362],[-46.56030272800001,-21.653034482999995],[-46.55036439,-21.652593762],[-46.548268964,-21.649867799999996],[-46.54815767499999,-21.648182581000004],[-46.551995647999995,-21.642907944],[-46.55261545,-21.637039335999997],[-46.547367396999995,-21.630433768000003],[-46.54217123099999,-21.631132148],[-46.53970450999999,-21.628655325999997],[-46.534868028,-21.628681097],[-46.533412739,-21.625216252000005],[-46.534282897,-21.621286989999998],[-46.522896712,-21.614067942999995],[-46.51822801699999,-21.612821865],[-46.515976434,-21.605992517],[-46.524428877999995,-21.600958725],[-46.51843588999999,-21.593055043],[-46.518337972,-21.590590552999995],[-46.521422064,-21.587987144999992],[-46.521994169,-21.584508709999998],[-46.512170225,-21.572161949999998],[-46.51184105200001,-21.565379096],[-46.504015285,-21.562819048],[-46.500048719999995,-21.55453200499999],[-46.50077666699999,-21.549761131000004],[-46.506694672,-21.543788661000008],[-46.511105848,-21.535878262999997],[-46.518895324999995,-21.533979836999997],[-46.520064139999995,-21.535040713000004],[-46.52297770199999,-21.529937862999994],[-46.524175703,-21.521849692999997],[-46.52190124300001,-21.520267564999997],[-46.521223545,-21.515034453000002],[-46.516102086,-21.511341168999998],[-46.519682362999994,-21.505718697999992],[-46.51925052299999,-21.500889671],[-46.513790204,-21.496824171000007],[-46.511643142,-21.493074830999998],[-46.51142045699999,-21.489159859999997],[-46.508889996,-21.489127081999992],[-46.512232874,-21.477176585000002],[-46.50925213600001,-21.469898927000003],[-46.513651407999994,-21.464667367],[-46.51657747800001,-21.464925775999998],[-46.519559789,-21.462018394999998],[-46.518021125,-21.453491856],[-46.519052712,-21.448953156],[-46.52109324799999,-21.446980348],[-46.52849364,-21.444993927999995],[-46.535779838,-21.449142155999994],[-46.545928769,-21.440332295999994],[-46.553208644,-21.440049163],[-46.557882196,-21.442657512],[-46.560222548000006,-21.442330014999996],[-46.56528032399999,-21.438405495],[-46.57039613999999,-21.436768586000003],[-46.572512759999995,-21.431440399],[-46.57651366299999,-21.426957181],[-46.583273349,-21.433230055999996],[-46.590312804,-21.43649371],[-46.593069579,-21.43583484599999],[-46.59425535,-21.439682121],[-46.60188992999999,-21.443960781],[-46.606410239,-21.444617892999997],[-46.61141879899999,-21.44154590899999],[-46.61525676499999,-21.44146819199999],[-46.620022223,-21.435423831],[-46.61562238199999,-21.428837993999995],[-46.620669583,-21.425997058],[-46.61846022299999,-21.421200186],[-46.626567102,-21.411487440000002],[-46.631148378999995,-21.412851913999994],[-46.637342223,-21.410689638999997],[-46.639417053,-21.407470389],[-46.638817226,-21.402009597000003],[-46.648730336999996,-21.391721343],[-46.648721188,-21.388290813999998],[-46.646881075,-21.385237494999995],[-46.648308402,-21.375827076999997],[-46.644922576,-21.372396799999994],[-46.647199282,-21.364193068999995],[-46.650403046,-21.362919447999996],[-46.655762366,-21.364374226999995],[-46.661393956,-21.363748098],[-46.665531173,-21.361158223999997],[-46.672246736,-21.368826250000005],[-46.673920893,-21.374491777000003],[-46.684016516,-21.376372035000006],[-46.692206452,-21.382747024000004],[-46.693891989,-21.390558747999997],[-46.70063453099999,-21.400788879999993],[-46.705962406000005,-21.404843856],[-46.707476426999996,-21.40460854499999],[-46.714721651,-21.392662071999993],[-46.717980873,-21.390701849],[-46.72247957,-21.389750254999996],[-46.725779771,-21.392904681999998],[-46.731481054,-21.392192321],[-46.734369771999994,-21.394169818000005],[-46.738974841,-21.392572329999997],[-46.740784747,-21.387749773000003],[-46.744954886,-21.385397122],[-46.750535119999995,-21.384917654000002],[-46.7586845,-21.37878840200001],[-46.76213692699999,-21.374968729],[-46.75960650099999,-21.372205276],[-46.75883836999999,-21.362904588],[-46.76364747299999,-21.361876945000002],[-46.764705058,-21.360063636999996],[-46.776398023999995,-21.362824787000005],[-46.781287779,-21.370756584],[-46.78620185,-21.368931878],[-46.78953728199999,-21.372959541999997],[-46.79176131599999,-21.373683016],[-46.79356278899999,-21.371577062999997],[-46.804843774999995,-21.371079276],[-46.817309364,-21.366438571999993],[-46.832149125,-21.366538219],[-46.836071454999995,-21.370727545999994],[-46.83722889399999,-21.377692867],[-46.835236988,-21.382518489999995],[-46.838703925,-21.38546729499999],[-46.841029336999995,-21.385191475999996],[-46.840654608,-21.387327152],[-46.84208403699999,-21.38910832],[-46.85323388,-21.390626114999993],[-46.85578784799999,-21.389723097],[-46.85825491,-21.394042772999995],[-46.86091879199999,-21.39328173299999],[-46.86386709399999,-21.395972081000004],[-46.865343483,-21.395569344000002],[-46.865171861,-21.400751743999994],[-46.868124975,-21.403723356999997],[-46.873218367,-21.40473788999999],[-46.874311513,-21.403780973000003],[-46.87672026999999,-21.40586198999999],[-46.87850770099999,-21.404683811],[-46.882674117,-21.404949483],[-46.888415383,-21.410551247999997],[-46.891198347999996,-21.411236168],[-46.893305569999995,-21.415614132999995],[-46.895960007,-21.416422904999994],[-46.898760034999995,-21.415507196],[-46.89898509099999,-21.413239172],[-46.90029171199999,-21.413192715999998],[-46.903461609000004,-21.418597871],[-46.906872023,-21.418175621],[-46.908314594,-21.421178435],[-46.912284579,-21.420069240999997],[-46.916923966,-21.420865088],[-46.920776032,-21.427131313],[-46.925453540999996,-21.422637838999993],[-46.931625761,-21.422647139],[-46.934249561,-21.425253934999997],[-46.939090752,-21.424296473],[-46.940261747,-21.422082249000002],[-46.943593852999996,-21.422680739999993],[-46.944207926,-21.42100089399999],[-46.94596484499999,-21.421687863999995],[-46.94909026900001,-21.419585871],[-46.95017148499999,-21.422011175000005],[-46.95173321699999,-21.421640896],[-46.953618598999995,-21.424230055000002],[-46.956662291,-21.424744399],[-46.95806859299999,-21.422430251],[-46.9647087,-21.418113476],[-46.966480632,-21.421178314999995],[-46.970425253,-21.422292259],[-46.972043496,-21.421829829999997],[-46.97434637799999,-21.417849925000002],[-46.976594633,-21.42330306],[-46.984367448,-21.426695054999996],[-46.987201757,-21.423688225000003],[-46.986871343999994,-21.421640065000002],[-46.990256656,-21.423245873],[-46.990369585,-21.42487720900001],[-46.99272932699999,-21.425300504999996],[-46.993282547,-21.423428301999994],[-46.999673986,-21.420995709],[-47.010207198,-21.420823025000004],[-47.011507927,-21.422272817],[-47.01284152499999,-21.416349496],[-47.010109393,-21.415276012999996],[-47.007714057,-21.410672976],[-47.01079242600001,-21.409974255999998],[-47.009619388,-21.406460268999997],[-47.013766693,-21.403409303000004],[-47.016168008,-21.396503440999997],[-47.01419367,-21.39387879299999],[-47.00873206699999,-21.392884555999995],[-47.004582266999996,-21.383568680999993],[-47.007338723,-21.378095985000005],[-47.007097285,-21.373953272000005],[-47.00953568199999,-21.370749692999993],[-47.005958374,-21.365054152999996],[-46.99895004599999,-21.361831118999994],[-47.001270678999994,-21.359515597],[-46.996838898,-21.357698083999995],[-46.997268532,-21.351226362],[-46.998584635,-21.34908748],[-47.00362920999999,-21.349403300999995],[-47.008096121,-21.345661168999996],[-47.01652699499999,-21.342362937999994],[-47.020763909,-21.335265811000003],[-47.02104537299999,-21.33078534399999],[-47.023759489999996,-21.328513408000003],[-47.023479487,-21.326364043999998],[-47.02101762499999,-21.324099518000004],[-47.020988239999994,-21.321630849],[-47.024964505999996,-21.318985154],[-47.030544549,-21.311731813],[-47.03518106999999,-21.311022661000003],[-47.030146268,-21.30301766399999],[-47.029772989,-21.299555714999997],[-47.037351361,-21.295565806999992],[-47.037464047,-21.293306829],[-47.042369559,-21.289954925000004],[-47.04073027999999,-21.289187823000002],[-47.042343651,-21.288013607999996],[-47.040789376,-21.285020514999996],[-47.041675654,-21.282759165999998],[-47.03953326199999,-21.280944694],[-47.042482789,-21.276905089999993],[-47.04189616200001,-21.269742498999996],[-47.045153426999995,-21.26691909599999],[-47.045051209,-21.262954438999998],[-47.051308219999996,-21.257396482999997],[-47.050284770999994,-21.253452433000003],[-47.052119456999996,-21.250495923999996],[-47.05228174399999,-21.246518713999997],[-47.06309226,-21.239313095],[-47.069065650999995,-21.241619703999998],[-47.07728815,-21.240223473],[-47.07621039399999,-21.235715792],[-47.079011055,-21.233423458999994],[-47.078912245,-21.230595130999998],[-47.07233273799999,-21.225840576999992],[-47.06796411999999,-21.214312252999996],[-47.062312534,-21.211538426999994],[-47.062209697,-21.209169929],[-47.064706742,-21.207093535999995],[-47.068876847999995,-21.20901540799999],[-47.074491595999994,-21.207905936999992],[-47.083069570999996,-21.208634524999994],[-47.086573091999995,-21.20741709],[-47.088366818,-21.209611026999998],[-47.09565138199999,-21.209673717999998],[-47.09925808599999,-21.214193408999993],[-47.09920117099999,-21.207401435999998],[-47.102828667999994,-21.200567717],[-47.114304816,-21.187656578999988],[-47.118787942,-21.185752103000002],[-47.11856324899999,-21.175346213],[-47.12364782099999,-21.167909407000003],[-47.11730510899999,-21.153695937999995],[-47.118599462999995,-21.149043535],[-47.122456061,-21.145533124],[-47.126820031,-21.144273735],[-47.133505457,-21.133455593],[-47.131054369,-21.129182892999996],[-47.12623216299999,-21.125347296],[-47.126874484999995,-21.121670998999996],[-47.121537810999996,-21.112473813],[-47.11847741399999,-21.109053317999997],[-47.112789318999994,-21.108639497],[-47.113151441,-21.104921460000003],[-47.12812428299999,-21.099215275],[-47.128843651,-21.095385725999996],[-47.133568703,-21.090254849999997],[-47.13718182099999,-21.089778525],[-47.137042242999996,-21.088022854],[-47.142296218999995,-21.088235843],[-47.139422416,-21.069354130999997],[-47.146100848,-21.059051491],[-47.145980576999996,-21.047868786999995],[-47.148121200999995,-21.044855134000006],[-47.14698121399999,-21.038041789999998],[-47.147861483,-21.035460928],[-47.152671960999996,-21.024390308],[-47.15702985099999,-21.018824737],[-47.151123413,-21.010314104],[-47.15064597999999,-20.997481972999996],[-47.14568283,-20.990796963999998],[-47.143738936000005,-20.982385672],[-47.147420919999995,-20.97774001999999],[-47.14781427399999,-20.972492934000005],[-47.149569884,-20.969970326],[-47.151290104999994,-20.97135342499999],[-47.153264052,-20.970894138000006],[-47.160665458,-20.966371412000004],[-47.164536668,-20.966052335999997],[-47.168044720999994,-20.962533779],[-47.168841942,-20.956493076999998],[-47.173619258,-20.954256628],[-47.181981342,-20.95364676799999],[-47.186619359999995,-20.949493349],[-47.192565984,-20.942052999999994],[-47.190039908,-20.928218089000005],[-47.21045806800001,-20.924139032999996],[-47.224573086,-20.911613495],[-47.240044257,-20.885281696999993],[-47.21448440499999,-20.827219441],[-47.21451750899999,-20.821226058],[-47.218701593999995,-20.816851515999996],[-47.222839499,-20.808895398000004],[-47.224754299999994,-20.800098858],[-47.221757791,-20.79653993999999],[-47.213865542,-20.792311486],[-47.211450453999994,-20.780653098000002],[-47.207069393999994,-20.775531129],[-47.204815792999995,-20.774343653],[-47.195299361000004,-20.774968988],[-47.19171176099999,-20.770918454999997],[-47.18881829199999,-20.770624708],[-47.18229231899999,-20.741292985999998],[-47.175192492,-20.739261945],[-47.176635086,-20.73590932500001],[-47.182542008999995,-20.735210532999993],[-47.186260744,-20.731134368999996],[-47.169509366,-20.717696613999994],[-47.173124793,-20.711918623999992],[-47.17089686799999,-20.70928734999999],[-47.16924077099999,-20.703430845999996],[-47.165598505,-20.701487661999995],[-47.16326136899999,-20.703397992999992],[-47.155015557,-20.704151326],[-47.14906554099999,-20.707616561000002],[-47.144537292,-20.705700813],[-47.138001061999994,-20.707461537000004],[-47.13412171,-20.706432789999997],[-47.12667536299999,-20.709318544],[-47.11530084999999,-20.707204835999995],[-47.11273126599999,-20.703571320999995],[-47.112793694,-20.696647631],[-47.10123528599999,-20.683165819],[-47.100317484,-20.679112021000005],[-47.102823554,-20.670861824],[-47.096787258,-20.661783215],[-47.09581571199999,-20.657772235000003],[-47.095921993,-20.652233888],[-47.098180690999996,-20.64715840499999],[-47.096895797,-20.644528274],[-47.107815562999996,-20.638232678],[-47.11181597299999,-20.638987869000005],[-47.11268085099999,-20.638084307999996],[-47.11170860399999,-20.628173985999997],[-47.108734500999994,-20.620804761],[-47.11590193499999,-20.615276558],[-47.123322584,-20.612722496999996],[-47.123344276,-20.610623019999995],[-47.125290447999994,-20.60879458],[-47.125729856,-20.603006811999997],[-47.122761789,-20.594681291999994],[-47.125290068,-20.590431405999997],[-47.13239604999999,-20.590783867999995],[-47.135549965,-20.578842399999992],[-47.13870764599999,-20.571268772000003],[-47.14262767299999,-20.566014079000002],[-47.138512859,-20.56384597899999],[-47.138234038,-20.554592607999997],[-47.14152049999999,-20.541016456000005],[-47.145230604,-20.540209185999995],[-47.143459835,-20.535323385999995],[-47.14473431099999,-20.532494201],[-47.148541407,-20.529749222000003],[-47.151149651,-20.522046503999988],[-47.15451738099999,-20.519553192],[-47.163491265,-20.518927898],[-47.175802193,-20.514105902000004],[-47.177703921,-20.514948060999995],[-47.17985684899999,-20.512907437999992],[-47.18479198399999,-20.513704851999996],[-47.185680361,-20.510859173],[-47.190001380999995,-20.51042406],[-47.190764777,-20.507559074999996],[-47.202651278,-20.501566020999995],[-47.20433318399999,-20.503495781999998],[-47.211510110999996,-20.502318399999993],[-47.213038683,-20.498183938000004],[-47.219540616,-20.496520958000005],[-47.22129056,-20.492960828999994],[-47.224711978,-20.490416093999993],[-47.22687019199999,-20.491079314999993],[-47.227119135,-20.48852468200001],[-47.229601595999995,-20.486903891999997],[-47.241188063,-20.483594069],[-47.247405013,-20.480534196999997],[-47.25059728,-20.476745367000003],[-47.253604532999994,-20.477952285000004],[-47.25321243599999,-20.476613621999995],[-47.25565260799999,-20.47491704],[-47.25520921299999,-20.473500922999996],[-47.259484963,-20.468927001000004],[-47.263745158,-20.468444257999995],[-47.26579168199999,-20.466223735],[-47.269870387999994,-20.466531738999997],[-47.27170620599999,-20.46276649],[-47.27906148099999,-20.460509121],[-47.27861486999999,-20.458152109],[-47.284375504,-20.457061494],[-47.28373796599999,-20.455428581999993],[-47.291011294,-20.45054989],[-47.292120693,-20.44903969],[-47.29107353799999,-20.448264499999997],[-47.292765579000005,-20.447733619000005],[-47.291186616000005,-20.445230752999993],[-47.287965158,-20.444587839000004],[-47.286482549,-20.442450777999998],[-47.28826283800001,-20.438640831],[-47.287289104,-20.435149387],[-47.294473703,-20.431750452999996],[-47.29290755499999,-20.428205777999995],[-47.296100198999994,-20.427256029],[-47.29357126699999,-20.423137157999996],[-47.288766641,-20.421554936],[-47.292812622999996,-20.419966681999995],[-47.293482109,-20.418024429999992],[-47.288425362,-20.416730012000002],[-47.289589559999996,-20.409811595999994],[-47.286766863,-20.409034025999997],[-47.285455653,-20.405739966999995],[-47.289794789999995,-20.399695219999995],[-47.291455564,-20.40004632599999],[-47.291754274,-20.398027875999997],[-47.288031192,-20.393177775],[-47.28934676000001,-20.390507251999995],[-47.287237771,-20.387920432],[-47.289637571,-20.386618580000007],[-47.29228912899999,-20.388171201999995],[-47.293761196,-20.385690812],[-47.290625002,-20.383222909],[-47.294431348,-20.380767965],[-47.29287571399999,-20.379280662999996],[-47.29478845799999,-20.377842364999996],[-47.293768592999996,-20.376159890999997],[-47.295096336,-20.374923865],[-47.293481986,-20.373310334],[-47.294461828,-20.371210061999992],[-47.292535433999994,-20.370315153],[-47.295489227000004,-20.369205943000004],[-47.293351474,-20.364345647999997],[-47.29653593599999,-20.357338838999997],[-47.295593435,-20.355553325],[-47.297150467,-20.351675179999994],[-47.295569557,-20.350753107],[-47.298208136,-20.348435714999994],[-47.29337026,-20.342471449000005],[-47.293347235000006,-20.339640958999997],[-47.289435471,-20.337525557000003],[-47.290998508,-20.33704339299999],[-47.290289176,-20.333728444999995],[-47.287822694,-20.333164326999988],[-47.288184648,-20.331889602999993],[-47.285841794,-20.333558624000002],[-47.28496002299999,-20.331990196000003],[-47.28407211,-20.327094161],[-47.285956793,-20.325070690000004],[-47.28398711799999,-20.324169691999995],[-47.285148776,-20.321624397999997],[-47.284037782,-20.320525265999994],[-47.285153325,-20.320170697],[-47.283985512,-20.317773674000005],[-47.284655207,-20.315964379999997],[-47.285819974,-20.316286499],[-47.283934468,-20.313467619000004],[-47.282878243999996,-20.315240586],[-47.281823360999994,-20.312582802999998],[-47.281593937,-20.303481543],[-47.27985187299999,-20.301889286999998],[-47.276728719,-20.291637965999996],[-47.274324138999994,-20.287759662000003],[-47.273045147,-20.288265213999992],[-47.27120725299999,-20.28672229],[-47.272585227,-20.285657143999998],[-47.26951856699999,-20.284545297999998],[-47.26992749899999,-20.282825842999994],[-47.264625869,-20.282570190999994],[-47.26459425299999,-20.280494271000002],[-47.26347119199999,-20.281028184999997],[-47.263566738,-20.279510625999993],[-47.260433763,-20.277568589999994],[-47.257430748,-20.269434383000004],[-47.252874113999994,-20.263637995000003],[-47.251267833,-20.262175728999996],[-47.24851377099999,-20.263208694000003],[-47.24626636399999,-20.261444202000003],[-47.247351763999994,-20.258643797999998],[-47.24228300099999,-20.250118722],[-47.241662739,-20.246118201999995],[-47.239102028999994,-20.243568094],[-47.237317282,-20.235220987],[-47.23256979,-20.227522292999996],[-47.23107362,-20.219152174000005],[-47.240126880999995,-20.208867920999996],[-47.250570932,-20.199670212000004],[-47.25586725299999,-20.190771301999998],[-47.257347941,-20.184670225],[-47.25704435,-20.166203997],[-47.261780419999994,-20.159924877999998],[-47.279427869,-20.152428785999998],[-47.287232431999996,-20.152101203999997],[-47.293006945,-20.148661935],[-47.305871075999995,-20.13326434199999],[-47.309673375,-20.124498409],[-47.31647982599999,-20.121798752],[-47.323289331999995,-20.116753523999996],[-47.341122782,-20.111249568],[-47.347537718,-20.105343574],[-47.35867644199999,-20.10398156],[-47.365010769,-20.098349373999994],[-47.37160304799999,-20.085942391999996],[-47.374570860999995,-20.083662680000003],[-47.390296728,-20.081481677000006],[-47.40145745499999,-20.083639366],[-47.40495920699999,-20.082735938999996],[-47.408133497,-20.080196282],[-47.418234038,-20.064642593999995],[-47.42678005999999,-20.057493924000003],[-47.438708387999995,-20.051088761],[-47.444842352,-20.030381685999995],[-47.444236321,-20.027960534],[-47.434558483,-20.024450901],[-47.425515755,-20.017696461],[-47.424428037,-20.015319552999998],[-47.429546036,-20.006966749],[-47.43523733399999,-20.002398798],[-47.43780662299999,-19.996985837999997],[-47.45027615299999,-19.987837572999997],[-47.45884534299999,-19.971610881999997],[-47.468292708,-19.961422207999988],[-47.470511918,-19.96070169],[-47.474517786999996,-19.962116448],[-47.479261388,-19.968753270999997],[-47.489590706,-19.969303135999994],[-47.49772535299999,-19.971627645999998],[-47.508532140999996,-19.982940645999996],[-47.540158356,-19.984325032999994],[-47.545315525999996,-19.987309263],[-47.549237739,-19.993769742999998],[-47.552637795,-19.996025943000006],[-47.559644087,-19.996620048999997],[-47.5756245,-19.994247586000004],[-47.583824617999994,-19.996664632],[-47.59090707399999,-20.003340032],[-47.593984209999995,-20.010948203],[-47.594748097,-20.025891519],[-47.599658317999996,-20.032437519],[-47.61399008499999,-20.042108986],[-47.624935355,-20.042286003999997],[-47.63476434199999,-20.049247843],[-47.63965607299999,-20.047219413],[-47.670626382,-20.022515948],[-47.675579517,-20.013679642000003],[-47.674264834999995,-20.006069835],[-47.67614993899999,-20.001915589999992],[-47.68798909699999,-19.990244506000003],[-47.69563315799999,-19.984401199999997],[-47.708405304,-19.97870165],[-47.712691725,-19.978147978],[-47.728330305,-19.984139701000004],[-47.73368169199999,-19.987928205],[-47.75110557199999,-19.990289085999997],[-47.754213967,-19.990052804000005],[-47.762583744,-19.986021694999998],[-47.805658053,-19.98513166499999],[-47.828301470999996,-19.992107257000004],[-47.834680489,-19.99606564499999],[-47.83999382599999,-19.994948228999995],[-47.847778709,-19.989861041999998],[-47.856150189,-19.990544792],[-47.859750731999995,-19.992939748],[-47.872442081,-20.013030191999995],[-47.875830791999995,-20.021410051],[-47.875820109,-20.032410498999994],[-47.87327947699999,-20.037360198999995],[-47.87145442799999,-20.039648169000003],[-47.86146151999999,-20.045009596999993],[-47.85899213999999,-20.049927233000002],[-47.859383938,-20.052412123999996],[-47.869965583,-20.063694648000002],[-47.869807789,-20.076152257],[-47.875077302,-20.09837269],[-47.895462810999994,-20.125258262999996],[-47.899399951999996,-20.125674526],[-47.913071796,-20.120273674999996],[-47.929226367,-20.111868046000005],[-47.934102059,-20.10785359799999],[-47.943496296999996,-20.091998544],[-47.946022144,-20.060467754],[-47.948481977,-20.055757578999998],[-47.956738079,-20.047588349000005],[-47.97596931699999,-20.035372666999997],[-47.984555724,-20.037385969],[-47.988517057,-20.040347996000005],[-47.990606156,-20.044226208],[-47.991528039,-20.04916593],[-47.98974816599999,-20.072962969999995],[-47.991577623,-20.079709065999992],[-48.000397378,-20.094208938],[-48.002417518,-20.103969533999994],[-48.016676,-20.118462001],[-48.02016299999999,-20.124029001],[-48.02439199999999,-20.124729001],[-48.03291999999999,-20.119981001],[-48.03884299999999,-20.119949001],[-48.046118056,-20.126875959],[-48.049386914,-20.137235527000005],[-48.05763958899999,-20.139602527],[-48.070442487,-20.146616108000007],[-48.07677584299999,-20.148429562],[-48.092355164000004,-20.146206690999996],[-48.105487413,-20.146355955999997],[-48.116977483,-20.14206834299999],[-48.12654668399999,-20.131256518999997],[-48.147721571,-20.124139576999998],[-48.155659989,-20.105301168000004],[-48.158326255,-20.103049862],[-48.167749314,-20.103810098999997],[-48.17860597699999,-20.096180216000004],[-48.18205433,-20.089513055],[-48.18246587499999,-20.074626996000006],[-48.191056348,-20.060982264],[-48.19708009599999,-20.055266131],[-48.201253364,-20.047477435999998],[-48.20777146499999,-20.039370022],[-48.22365798,-20.029311214],[-48.234826713000004,-20.02827556600001],[-48.24088358899999,-20.029284447],[-48.246997016,-20.033879815],[-48.247531916999996,-20.038978366],[-48.24413189999999,-20.047403812999995],[-48.246385591,-20.058749658],[-48.251277902,-20.068701757999996],[-48.25342513599999,-20.077920664999997],[-48.25008441699999,-20.085767657000005],[-48.228126833,-20.104214358999997],[-48.218990097,-20.115386845000003],[-48.217747495,-20.125288795999996],[-48.218635497,-20.127883960000002],[-48.225343283,-20.134179159999995],[-48.237411916,-20.135918673000003],[-48.24133283599999,-20.140184518000005],[-48.254687800999996,-20.143815786],[-48.265100096,-20.143796443],[-48.274955925,-20.142112661000002],[-48.283422366,-20.138843742999995],[-48.287078754,-20.136096701999996],[-48.29549332,-20.124007595999995],[-48.30371997299999,-20.120922262],[-48.30753261499999,-20.117747720000004],[-48.317134401,-20.113347002],[-48.32407434999999,-20.114087011999995],[-48.328989895,-20.112729948999995],[-48.334486582,-20.114433938000005],[-48.33945087399999,-20.114189529999994],[-48.34199946099999,-20.114997218],[-48.345919328,-20.119863249999995],[-48.353054337,-20.12186655399999],[-48.37493592300001,-20.123103210000004],[-48.381001542,-20.121583218999998],[-48.383864582,-20.118989454],[-48.390764289,-20.119289198999994],[-48.39786674199999,-20.114287853999997],[-48.405776776,-20.11351104099999],[-48.439026573999996,-20.120220568000004],[-48.454967358000005,-20.128349529999998],[-48.465249897999996,-20.128738058999996],[-48.476221775,-20.134764932000003],[-48.484112852,-20.135303691],[-48.491116132,-20.138123215999997],[-48.509231599,-20.138796345],[-48.526839239,-20.133709042],[-48.546221175,-20.132677481],[-48.55462892,-20.130298991999997],[-48.578233235999996,-20.131249027],[-48.593247428999994,-20.135811746],[-48.60064120199999,-20.139710536999996],[-48.626797695,-20.160089593],[-48.64212874,-20.166496073],[-48.662756689,-20.166732585999995],[-48.674280386,-20.161353590000004],[-48.68836371,-20.163689889000004],[-48.707107705,-20.160217210999992],[-48.731341071,-20.149381770999998],[-48.753723308999994,-20.153368274000005],[-48.77011249,-20.161831782999993],[-48.78113730599999,-20.163852472000002],[-48.825743214999996,-20.161957488],[-48.839138215999995,-20.168653720999995],[-48.843072871000004,-20.172861419],[-48.85277911699999,-20.177507623999993],[-48.855392468999995,-20.180143953],[-48.857015922,-20.184796463],[-48.85788792999999,-20.199343464],[-48.85364143299999,-20.209224173000003],[-48.853364085,-20.213049514],[-48.85675862899999,-20.226884023999993],[-48.859259794,-20.232306058],[-48.86938962699999,-20.238567414],[-48.872227253999995,-20.241869452000003],[-48.886545819,-20.271162594],[-48.885925217,-20.285352300999993],[-48.88876038699999,-20.294847221999998],[-48.88596249,-20.301019104],[-48.87720173499999,-20.310864054000003],[-48.875665739,-20.314998555],[-48.879592907,-20.337719133],[-48.880030402,-20.348349137],[-48.878429616999995,-20.356137846999996],[-48.869283224,-20.379275578000005],[-48.867230439,-20.402461257999995],[-48.871585888999995,-20.417102678999996],[-48.878606856,-20.429669154000003],[-48.886457935,-20.436889085999997],[-48.894944602,-20.441813888999995],[-48.89986253699999,-20.441336233000005],[-48.92301171599999,-20.424784748999997],[-48.95179835199999,-20.410667088],[-48.96303031699999,-20.403121516],[-48.970352792999996,-20.389790528],[-48.97013969399999,-20.38187153],[-48.965666786,-20.362899284],[-48.968059651,-20.346076893999996],[-48.965000237,-20.328871875999997],[-48.965878763999996,-20.303401445],[-48.964188963,-20.283385368999994],[-48.965782982,-20.279291793000002],[-48.962422592,-20.269607529999995],[-48.961785832,-20.263301178000003],[-48.972023198,-20.207790347000003],[-48.984095638,-20.17372169],[-48.99225068599999,-20.165384464],[-49.00042631299999,-20.160748096],[-49.024473429,-20.151149571000005],[-49.032947335,-20.150055911999996],[-49.059221097,-20.151107052],[-49.06483888199999,-20.152607075],[-49.071803202999995,-20.161497209999993],[-49.073064925,-20.168843692000003],[-49.079940316,-20.188715783],[-49.096033086,-20.225944636],[-49.10886977999999,-20.247374269999998],[-49.11223766799999,-20.25069263399999],[-49.116002470999995,-20.261391237],[-49.122411149,-20.27354504],[-49.129744959,-20.280799811000005],[-49.134011791999995,-20.284468067000002],[-49.15902873699999,-20.297979733],[-49.170317665999995,-20.306453976000004],[-49.171279656,-20.311745808],[-49.172561707999996,-20.31253508199999],[-49.17795167599999,-20.312695004],[-49.18356252,-20.314659811],[-49.191878818,-20.307614438999998],[-49.19556059999999,-20.308800805999994],[-49.20299958299999,-20.304671160999995],[-49.21709009399999,-20.304250333],[-49.225294015,-20.305343065],[-49.228668194,-20.303357380000005],[-49.23580723999999,-20.294535133000004],[-49.23970142099999,-20.287249765999995],[-49.24520072699999,-20.282142846],[-49.259156006,-20.260204222],[-49.26021666599999,-20.252250645999997],[-49.259082098,-20.248092043999996],[-49.26427624099999,-20.231262997],[-49.273853524,-20.213727796],[-49.283475286,-20.200024612999997],[-49.285729792,-20.191825023999996],[-49.299246429,-20.167076078999997],[-49.300287563999994,-20.143343544999997],[-49.30853803899999,-20.103892933999997],[-49.307255321,-20.060319309999997],[-49.298215795,-20.033434571],[-49.297255981999996,-20.017516984],[-49.292075776,-20.010790085999997],[-49.28392362699999,-20.004771686999998],[-49.274630248,-20.003623823000005],[-49.262533437,-20.006926163],[-49.25822839,-20.006101382999997],[-49.248338794,-19.999637046],[-49.24595947299999,-19.978463129999998],[-49.249646984,-19.969554239],[-49.25631061799999,-19.965190432],[-49.265173094,-19.962038010999997],[-49.28098350199999,-19.962791243000005],[-49.293895780999996,-19.960214002000008],[-49.311622008,-19.964818198],[-49.32898551,-19.974943427000003],[-49.332779849999994,-19.980106962000004],[-49.33660215,-19.982084627999996],[-49.35648649,-19.98671725799999],[-49.372441686,-19.986696255999995],[-49.396483561,-19.983850414000003],[-49.43453920899999,-19.982385179999998],[-49.44451957100001,-19.980511833],[-49.458241992,-19.975930996],[-49.47997177,-19.961179513999998],[-49.492786157,-19.950421177],[-49.495117365,-19.946137481],[-49.499925188999995,-19.925962066],[-49.503452758,-19.919929449999998],[-49.514004928,-19.914311506000004],[-49.539877462999996,-19.90744454299999],[-49.551485235,-19.905841004999996],[-49.559203549,-19.911207277999996],[-49.562843713999996,-19.91157908],[-49.575041595,-19.909611083999998],[-49.58318040999999,-19.90999130799999],[-49.606024829999996,-19.91650497],[-49.61687070699999,-19.92193810299999],[-49.625401499,-19.928572966999997],[-49.634405301,-19.931932113999995],[-49.65721709299999,-19.931452637999996],[-49.675975877,-19.932827062],[-49.677625737999996,-19.929576336999997],[-49.685968664,-19.931557807],[-49.689288558,-19.930589913],[-49.712149579999995,-19.931261531999997],[-49.733956928,-19.92617131],[-49.749402206,-19.924696207999997],[-49.782456235,-19.924463097000004],[-49.800462502,-19.931175997999997],[-49.82251633199999,-19.931121282000003],[-49.835274514999995,-19.933314957999997],[-49.855573329,-19.946824971],[-49.86015793199999,-19.944380429],[-49.88833693099999,-19.945304915999998],[-49.90521787099999,-19.937451327000005],[-49.946052063,-19.92391104699999],[-49.962154721,-19.920224136],[-49.96988254199999,-19.920048385],[-50.003052919,-19.926446972000004],[-50.012187538999996,-19.926719343],[-50.018763432,-19.925396789],[-50.047239195,-19.915389636],[-50.06051200299999,-19.902012462999995],[-50.079521509,-19.885982038],[-50.097243339,-19.875478954],[-50.109985605,-19.873865338999995],[-50.13041201499999,-19.873671827999996],[-50.150260714,-19.877458243999993],[-50.162413852,-19.878314260999993],[-50.173657670999994,-19.874806176],[-50.176298413,-19.872582205],[-50.19598394399999,-19.867242255],[-50.207234887000006,-19.86637513799999],[-50.21565177499999,-19.866648442000002],[-50.23758240299999,-19.875571915999995],[-50.245155945,-19.876757704],[-50.28563096399999,-19.867817894999995],[-50.29604605099999,-19.869234688999995],[-50.306410297,-19.874085974999993],[-50.329070820999995,-19.869334334999998],[-50.336630837,-19.869792697],[-50.345661232999994,-19.867563428999997],[-50.35275894099999,-19.864602431],[-50.357072563,-19.85458189499999],[-50.364365946999996,-19.850791845999996],[-50.36788321299999,-19.846502619999995],[-50.37291939299999,-19.845365695000005],[-50.378965929,-19.837784975],[-50.389089127999995,-19.829218463999997],[-50.394750146,-19.820673171],[-50.417132774,-19.80113646099999],[-50.42688372,-19.796457152999988],[-50.44012482299999,-19.794096191999998],[-50.459882502,-19.783483641999993],[-50.471918222999996,-19.779655795],[-50.486199248,-19.785650743],[-50.49897033,-19.795784320999996],[-50.51721294499999,-19.796408077000002],[-50.52678027799999,-19.799897247000004],[-50.54487363599999,-19.810144808000004],[-50.557622744,-19.813127447999992],[-50.569211149,-19.812787196],[-50.577948759,-19.816374351999997],[-50.599212743,-19.844733134],[-50.60554522099999,-19.856088296],[-50.609768604,-19.859736344],[-50.62181012799999,-19.864391264999995],[-50.63194479799999,-19.870916551],[-50.63979344999999,-19.880493488],[-50.647408227999996,-19.895317058000003],[-50.652102637,-19.901451348999995],[-50.66132404999999,-19.909002004000005],[-50.680546184,-19.914811997],[-50.708998490999996,-19.920221670999997],[-50.735412929,-19.930189002999995],[-50.783601504,-19.937229485999996],[-50.796001249999996,-19.94292160599999],[-50.804635224,-19.950283932999998],[-50.81733618100001,-19.958333220999993],[-50.836552386,-19.966000720999993],[-50.85158302799999,-19.969766641],[-50.86305260799999,-19.982228627000005],[-50.872873591,-19.989596576999993],[-50.87617612999999,-19.990824975],[-50.897199442,-19.990155184999992],[-50.908134675,-19.994257447999995],[-50.910852559,-19.997449280999998],[-50.91190294,-20.00307895],[-50.92471569399999,-20.011354591000003],[-50.93365977399999,-20.014929219],[-50.94705407299999,-20.031252287000004],[-50.953177863,-20.033876972],[-50.96189534,-20.031933270000003],[-50.969129364,-20.036445198],[-50.980839545,-20.057856424000004],[-50.996534151,-20.077314558],[-51.000475001999995,-20.085384369],[-51.00975665600001,-20.072026137999995],[-51.01788844199999,-20.048392525],[-51.016864934,-20.041593136],[-51.010446284,-20.03397368199999],[-51.00603646399999,-20.025299765999993],[-51.004807123000006,-19.999217143999996],[-51.007883064,-19.990806717999998],[-51.01535432299999,-19.98068435800001],[-51.018655082,-19.973625544999997],[-51.02114894899999,-19.964028275999997],[-51.020025079999996,-19.956309510999997],[-51.011637197,-19.937930075],[-51.00249861,-19.92479495],[-50.999767334999994,-19.916300134999993],[-50.99947130300001,-19.906375500000003],[-51.019306932999996,-19.870450246],[-51.020186249,-19.857078175999995],[-51.018198669,-19.837281123],[-51.020630401,-19.828483795000004],[-51.023628886000004,-19.803945644],[-51.02670437799999,-19.79830364],[-51.03726913999999,-19.787837877999994],[-51.040076388,-19.782254277],[-51.039939401,-19.777118284000007],[-51.02914399,-19.761273133000003],[-51.027901728,-19.756575448999996],[-51.03030711499999,-19.751441909],[-51.04260682599999,-19.740913897999995],[-51.046081811,-19.735582919000002],[-51.04540794599999,-19.727403274],[-51.03849551799999,-19.719533213999995],[-51.039798392,-19.713494183999998],[-51.03818081399999,-19.691767493],[-51.022134898999994,-19.660634228000003],[-51.013181359,-19.654358642],[-51.012112711,-19.652328584],[-51.010773347,-19.644529575000004],[-51.00589785100001,-19.638189654999994],[-51.003550243999996,-19.629707922999994],[-50.992602469999994,-19.610414109],[-50.990467646999996,-19.605401890999996],[-50.987554582,-19.589507554999997],[-50.98424482899999,-19.586024173000002],[-50.974497435,-19.581646134000003],[-50.961802186,-19.581739792],[-50.95555287,-19.584009543],[-50.946542574999995,-19.591689793999997],[-50.937579019,-19.592270647999996],[-50.930556466999995,-19.590282624000004],[-50.92439462899999,-19.580884597],[-50.92290908,-19.571624797],[-50.92416830999999,-19.558617402999996],[-50.930881274,-19.542243912000004],[-50.944764372,-19.525666303000005],[-50.962946216999995,-19.500578796],[-50.963271979,-19.48363779699999],[-50.95692184,-19.476022777],[-50.949440587999995,-19.471051454],[-50.934997777999996,-19.467477484999996],[-50.918834769,-19.471583741000003],[-50.905725794,-19.478056858],[-50.88946698,-19.480896302],[-50.849386862,-19.498136683],[-50.843966810999994,-19.498363708999996],[-50.835509381,-19.496104196],[-50.826691277,-19.487468337],[-50.824473927999996,-19.480213122999995],[-50.82635837299999,-19.471314462000002],[-50.829044235,-19.467034985999994],[-50.838799879999996,-19.457599429],[-50.859845232999994,-19.442164427000005],[-50.86858395600001,-19.433922883999998],[-50.87535710299999,-19.422840842999996],[-50.875972092,-19.415034657000007],[-50.87457309999999,-19.410010901],[-50.871481894,-19.403851822999997],[-50.860632525999996,-19.392085696999995],[-50.85303732300001,-19.377721679000004],[-50.841585738999996,-19.350800393000004],[-50.835998903,-19.327274621],[-50.81889037,-19.291734493999996],[-50.81346126199999,-19.286031650000005],[-50.798953226,-19.277043967],[-50.78595073999999,-19.262627175999995],[-50.782665902,-19.260847889],[-50.770439003,-19.260984756999996],[-50.76400619499999,-19.250537145999996],[-50.746532679,-19.239907044000002],[-50.743932182,-19.234477936000008],[-50.74037206999999,-19.21316376]]]}},{"type":"Feature","properties":{"code_state":"32","name_state":"Espírito Santo","abbrev_state":"ES"},"geometry":{"type":"MultiPolygon","coordinates":[[[[-40.885241095,-21.161668163999998],[-40.883171170999994,-21.163036543000004],[-40.883537405,-21.163870798999998],[-40.885241095,-21.161668163999998]]],[[[-40.80154530699999,-21.006753586000002],[-40.800468994,-21.005803951999997],[-40.801536717,-21.006873241],[-40.80154530699999,-21.006753586000002]]],[[[-40.788145187,-21.003366541999995],[-40.787533262,-21.003031337],[-40.788218595,-21.003701708000005],[-40.788145187,-21.003366541999995]]],[[[-40.784727987,-21.001308930000004],[-40.78587269999999,-21.002529765],[-40.786687949999994,-21.002191808],[-40.78588081099999,-21.001145524],[-40.784727987,-21.001308930000004]]],[[[-40.752524026,-20.92741240399999],[-40.756013614,-20.92886036200001],[-40.756770178,-20.928594892999993],[-40.75346333,-20.924342572],[-40.751748439,-20.925658115999997],[-40.752524026,-20.92741240399999]]],[[[-40.751881493,-20.874614519],[-40.75047674099999,-20.87326418],[-40.749398469999996,-20.873065546999992],[-40.751881493,-20.874614519]]],[[[-40.726273778,-20.855110871999997],[-40.728120282,-20.856500640000004],[-40.728891739999995,-20.856344348999997],[-40.726731591,-20.854120647000006],[-40.726273778,-20.855110871999997]]],[[[-40.72579996,-20.847497725],[-40.725556415,-20.850456324000003],[-40.727682284,-20.851003859999995],[-40.72579996,-20.847497725]]],[[[-40.684280221,-20.827299986],[-40.684793115,-20.827564761999994],[-40.684933596,-20.827168331000003],[-40.684280221,-20.827299986]]],[[[-40.59830791899999,-20.806713396],[-40.598940328,-20.80835621],[-40.60049994399999,-20.807218238000004],[-40.59830791899999,-20.806713396]]],[[[-40.55002519999999,-20.76231268],[-40.549300525999996,-20.761334144],[-40.54983619499999,-20.762475393],[-40.55002519999999,-20.76231268]]],[[[-40.546980908,-20.758816512],[-40.546238887,-20.759779874],[-40.54744539699999,-20.75889855100001],[-40.546980908,-20.758816512]]],[[[-40.547504849,-20.757934684999995],[-40.547098134,-20.758069921],[-40.547866996,-20.758491781999993],[-40.547504849,-20.757934684999995]]],[[[-40.54141856599999,-20.74260007],[-40.542854383,-20.743006899000004],[-40.541292585,-20.742086287],[-40.54141856599999,-20.74260007]]],[[[-40.528023618999995,-20.737214457999997],[-40.528503154999996,-20.736946272999994],[-40.52768236399999,-20.736599485000003],[-40.528023618999995,-20.737214457999997]]],[[[-40.526345867,-20.731877519000005],[-40.526280368,-20.731729883],[-40.52580701,-20.731778406000004],[-40.526345867,-20.731877519000005]]],[[[-40.523422798,-20.730780884],[-40.523652116,-20.730365229000007],[-40.523156494,-20.730554312000002],[-40.523422798,-20.730780884]]],[[[-40.524466738,-20.730021946999994],[-40.523969345999994,-20.729487731],[-40.524325776000005,-20.73041395],[-40.524466738,-20.730021946999994]]],[[[-40.50940001499999,-20.714626972999998],[-40.509192610999996,-20.713451699999997],[-40.508884755,-20.714565983],[-40.50940001499999,-20.714626972999998]]],[[[-40.508871695,-20.712771694999994],[-40.50958069499999,-20.712471503],[-40.508678796999995,-20.712575599999997],[-40.508871695,-20.712771694999994]]],[[[-40.50873708299999,-20.711391679000002],[-40.507933292999994,-20.710622368999992],[-40.508350286,-20.711617032999992],[-40.50873708299999,-20.711391679000002]]],[[[-40.512184318,-20.703879954999998],[-40.51193550800001,-20.703965740999998],[-40.512156269,-20.704129751000004],[-40.512184318,-20.703879954999998]]],[[[-40.500617643,-20.683163362],[-40.502122276,-20.684004752000003],[-40.500567681,-20.682704163],[-40.500617643,-20.683163362]]],[[[-40.47193682399999,-20.662912707999997],[-40.466545654,-20.661901875000005],[-40.468605917999994,-20.663423189999996],[-40.47193682399999,-20.662912707999997]]],[[[-40.494357906,-20.661669267999997],[-40.493990897,-20.661847137],[-40.494308326,-20.661900168],[-40.494357906,-20.661669267999997]]],[[[-40.47255161299999,-20.661203288999996],[-40.47212941,-20.661268393],[-40.472450699,-20.66141938899999],[-40.47255161299999,-20.661203288999996]]],[[[-40.464532237,-20.627164275],[-40.46457651,-20.627452343],[-40.464686394,-20.627176325000008],[-40.464532237,-20.627164275]]],[[[-41.189535724,-19.746282532999988],[-41.179505248999995,-19.740097656999993],[-41.17919372699999,-19.736638546999995],[-41.182014617,-19.732175301],[-41.17902642699999,-19.72001746099999],[-41.17430567899999,-19.715637147],[-41.177646181,-19.707976907000003],[-41.176888258,-19.698697872],[-41.171688083,-19.692909855999996],[-41.173846162,-19.687662033],[-41.168472824,-19.672222653999995],[-41.163162506,-19.664610152999998],[-41.1574989,-19.661082456],[-41.147608676,-19.663599848999997],[-41.138626345,-19.658724673],[-41.135341082,-19.650624847],[-41.12780529599999,-19.641610954],[-41.119984814,-19.639405269],[-41.114525804,-19.641847493999993],[-41.108601366,-19.639466760999998],[-41.10777516200001,-19.637229463999994],[-41.109131694,-19.633733260000003],[-41.105932595,-19.629819910000002],[-41.100799746,-19.616696256000004],[-41.099310203,-19.604205425999996],[-41.092656035,-19.601844686999993],[-41.09002537,-19.59573831599999],[-41.074109821,-19.598663777000002],[-41.07191773699999,-19.584408164999996],[-41.05624904199999,-19.584812156999995],[-41.05508325899999,-19.583102221],[-41.05700173299999,-19.577594954000002],[-41.049463972999995,-19.575868484000004],[-41.0368602,-19.570456971999995],[-41.036629513,-19.556706592999998],[-41.03974349399999,-19.545583559],[-41.044967161,-19.538562148000004],[-41.041242159,-19.524653196999996],[-41.040901927,-19.515921424],[-41.0496627,-19.503020412999994],[-41.049450754,-19.496667610999996],[-41.046692703,-19.487399739],[-41.037106903,-19.492434182999997],[-41.019073727,-19.504881513000004],[-41.008841219,-19.507355780000005],[-40.988278197,-19.507940261000005],[-40.972238172999994,-19.505294998999997],[-40.97119339599999,-19.494601862000007],[-40.96507707899999,-19.487776897000003],[-40.963306820999996,-19.483331141999997],[-40.95357187599999,-19.473440917],[-40.949329006,-19.473156819000003],[-40.951389375999995,-19.465661030000003],[-40.944871941,-19.460116774],[-40.950224924,-19.458199126999997],[-40.95783763,-19.449925502999996],[-40.95981235699999,-19.443384013999996],[-40.958800421,-19.439159310999997],[-40.967920005,-19.430437278],[-40.968240085999994,-19.425738629000005],[-40.965346426,-19.422646112],[-40.961548224999994,-19.421593779000002],[-40.960475423999995,-19.419316342],[-40.962214947,-19.408429365000003],[-40.959174894,-19.404683899999995],[-40.957168753999994,-19.398844537000002],[-40.950713072999996,-19.392999877999994],[-40.944943157999994,-19.391652359999995],[-40.93044840099999,-19.384151604999992],[-40.928443322999996,-19.381884924999998],[-40.928636803,-19.377525101],[-40.93202203999999,-19.374617619],[-40.928183852,-19.367906261999995],[-40.930299054,-19.367143085],[-40.932800751,-19.363025129],[-40.93963697,-19.358633363],[-40.937522822999995,-19.354908195],[-40.93846789900001,-19.346065520999996],[-40.932428717,-19.338266996],[-40.928524186999994,-19.329744641999998],[-40.922045761,-19.328934873],[-40.922160219999995,-19.320176958],[-40.914685352,-19.318183565999995],[-40.907692703,-19.308812723999996],[-40.910241901999996,-19.303974235],[-40.91449975799999,-19.30074008],[-40.918749842,-19.299593512000005],[-40.924549780999996,-19.302455966999997],[-40.93132772,-19.299841462999993],[-40.932776797,-19.296053044000004],[-40.929793317999994,-19.292129377999995],[-40.928058154,-19.286111006],[-40.931019919,-19.284937419999995],[-40.938383849,-19.286399376],[-40.94444262399999,-19.28063238],[-40.94396827599999,-19.278670104999993],[-40.934931385999995,-19.271753175],[-40.92815811199999,-19.270533740999998],[-40.919953869,-19.271430542999994],[-40.921707934,-19.270122839999996],[-40.91618040899999,-19.258932303],[-40.92019576199999,-19.251820825],[-40.93285781,-19.251154694000004],[-40.939016898999995,-19.248477871],[-40.933026348,-19.242630712999997],[-40.939861818,-19.238796987999994],[-40.942163637,-19.233812436999994],[-40.94155072699999,-19.230131119000006],[-40.93660455,-19.226681130999992],[-40.936196079999995,-19.223126584000003],[-40.931022655,-19.222421866999998],[-40.92758212399999,-19.208875488000007],[-40.922667742,-19.204089396999994],[-40.929546896,-19.197859477],[-40.929383045,-19.193868896],[-40.925931657,-19.189697695],[-40.92649887899999,-19.188547517999996],[-40.93258343299999,-19.186286913000004],[-40.93145247099999,-19.182439596000005],[-40.933662008,-19.180450435999997],[-40.93835419599999,-19.183371204999997],[-40.941086127,-19.180573774],[-40.942098366,-19.175356584999996],[-40.940556738,-19.163304431],[-40.94291152299999,-19.158661351999996],[-40.948861596,-19.153282905],[-40.944011258,-19.14737553399999],[-40.94399975699999,-19.144004553999995],[-40.948078756,-19.141606639000003],[-40.95818868,-19.145921924],[-40.961948111,-19.144061829999995],[-40.962134350999996,-19.139498613000004],[-40.958999088,-19.136386899],[-40.956115752,-19.129113047999997],[-40.958166465999994,-19.128336674999996],[-40.96124060499999,-19.122325491999995],[-40.962891561999996,-19.121558256999997],[-40.96956830999999,-19.122891531],[-40.973528707999996,-19.115497360999996],[-40.981302124,-19.112499748999998],[-40.98559246899999,-19.105412002999998],[-40.98400844,-19.10286324599999],[-40.984760417,-19.100717834999994],[-40.99228073,-19.101920621],[-40.995676151,-19.100636963],[-41.004222385000006,-19.101197485000004],[-41.008743703,-19.099329911],[-41.009668164999994,-19.094730256000002],[-41.004234619,-19.084755538999993],[-41.004466072999996,-19.083663884000003],[-41.007178093,-19.084849822999995],[-41.012775766,-19.091328709000003],[-41.014994207,-19.091747431000005],[-41.01280624,-19.08478134],[-41.01260438799999,-19.075801657999992],[-41.01594707299999,-19.076519150999996],[-41.01927551099999,-19.075384172999996],[-41.02540982,-19.079976529999996],[-41.02789375399999,-19.075415799000005],[-41.032756399,-19.07414359],[-41.035488516,-19.071559270999998],[-41.053852152999994,-19.068864255],[-41.055720256,-19.065946426000004],[-41.052636364,-19.061481327],[-41.053236565999995,-19.05917594],[-41.060034539,-19.058164946],[-41.062168656,-19.052122424000004],[-41.065556555,-19.051332137],[-41.064335334,-19.047584821],[-41.065380513,-19.044608475999993],[-41.063139841,-19.039303555000004],[-41.06544095699999,-19.037794795999996],[-41.07179071299999,-19.023847786999994],[-41.065929082,-19.016381307000003],[-41.065559544,-19.009878288],[-41.06704601999999,-19.006985206],[-41.065642118999996,-19.005678539999998],[-41.061770106999994,-19.006317461999995],[-41.050681839,-18.99876586],[-41.032220262,-18.990847449000004],[-41.02738337899999,-18.98562890499999],[-41.017328479,-18.979263383999996],[-41.016912853,-18.974640559999997],[-41.018027985,-18.973514728],[-41.031054679,-18.97479695399999],[-41.033998391,-18.979751785],[-41.040640145999994,-18.980670142],[-41.043235517999996,-18.979560525],[-41.04598970999999,-18.975194351000003],[-41.050644621,-18.975149165000005],[-41.051748724999996,-18.974051486],[-41.05013761,-18.967797741999995],[-41.051357609,-18.966217421000003],[-41.058929556,-18.968379819999996],[-41.061495384,-18.967690165],[-41.064191777,-18.960370694999998],[-41.064654141,-18.945265371999998],[-41.067301414,-18.942423902000005],[-41.07160218,-18.942280938999996],[-41.075616248,-18.946493751999995],[-41.078619405,-18.947690502],[-41.080215993,-18.946935143999998],[-41.080558063000005,-18.944060072999996],[-41.079242258,-18.938538370999996],[-41.081694371,-18.937224961],[-41.088225613,-18.937455907],[-41.090250877,-18.934806145],[-41.097400677,-18.933538834999993],[-41.103673925,-18.934060694999996],[-41.10361704099999,-18.930423171],[-41.109866546999996,-18.928148128999993],[-41.11038195399999,-18.924932056999996],[-41.112759471,-18.922541341999995],[-41.118171703,-18.921770290999998],[-41.11436850199999,-18.912665227],[-41.12049493899999,-18.908020833],[-41.119584916,-18.903449351],[-41.122606069,-18.902832561999997],[-41.126847126,-18.894506468],[-41.131893931,-18.894112731999993],[-41.133323652,-18.891695236999993],[-41.137157227,-18.890599974],[-41.143797563,-18.884911944000002],[-41.147325094,-18.884667178],[-41.15295833399999,-18.886609089999997],[-41.15543205299999,-18.881728701000004],[-41.155614875,-18.875009530999993],[-41.159210294,-18.864359864999994],[-41.163482292999994,-18.859503205999996],[-41.166360733,-18.858231668000002],[-41.18666486499999,-18.864076648999998],[-41.199007347999995,-18.863334433999995],[-41.208425080999994,-18.855047145000004],[-41.2110512,-18.860489466],[-41.210641636,-18.864087771000005],[-41.21232689499999,-18.868886604],[-41.209770539999994,-18.874435458999994],[-41.21478437999999,-18.877639800999997],[-41.224002881,-18.868646398000006],[-41.230103822,-18.858370639999997],[-41.236383237999995,-18.856512979000005],[-41.239355978,-18.858646623999995],[-41.24296844399999,-18.854536471999996],[-41.242682082,-18.850499453999998],[-41.239723416,-18.846870506999995],[-41.243506953,-18.844998994000004],[-41.243877610999995,-18.843566467],[-41.241747436,-18.838650082],[-41.237822035,-18.834765041000004],[-41.24547746999999,-18.821959066999998],[-41.24052618200001,-18.816171648000005],[-41.241134538,-18.813410203999997],[-41.236779269,-18.808696705],[-41.232544391999994,-18.797278794999997],[-41.147477863,-18.798084234],[-41.134130217999996,-18.796041328],[-41.133515746,-18.802319778],[-41.13002598799999,-18.80743868],[-41.123776335,-18.807704581000003],[-41.119203901,-18.810128515],[-41.118433141,-18.813560365999994],[-41.11999148099999,-18.817659832999997],[-41.11592861,-18.823605485999998],[-41.11596622199999,-18.826569481999996],[-41.11383229399999,-18.829186348999997],[-41.110506539,-18.838937362000006],[-41.103055729999994,-18.841594888000003],[-41.09747364399999,-18.842310977000004],[-41.083707442000005,-18.836583636999997],[-41.075432394,-18.836245008999995],[-41.01913068599999,-18.837301985999996],[-40.96391345899999,-18.841170076],[-40.963020851,-18.835791606999994],[-40.951077442999996,-18.834710575],[-40.949220573999995,-18.832382832999997],[-40.949765184,-18.828126289999993],[-40.946949533,-18.826002861999992],[-40.941860431,-18.826056812000008],[-40.938027294,-18.831698640999996],[-40.93030240899999,-18.824511873],[-40.927911994999995,-18.81970647399999],[-40.91677262899999,-18.815543415999997],[-40.915921867,-18.812658163000002],[-40.919801601,-18.800397292999993],[-40.921946118,-18.797255461],[-40.928633255,-18.792937928000004],[-40.926610893,-18.788180175999994],[-40.93049815799999,-18.785779694000002],[-40.932191389,-18.77983546999999],[-40.93519349499999,-18.777693690999993],[-40.940004219,-18.770286159999998],[-40.941497577999996,-18.689294675],[-40.94788603599999,-18.684135121000004],[-40.94913162,-18.684581025999996],[-40.952061416,-18.680829349999996],[-40.953834293,-18.681607605999993],[-40.967744333,-18.678310160999995],[-40.97235843299999,-18.680087711999995],[-40.976528902,-18.677080848999996],[-40.979385506,-18.679362055000002],[-40.982623392,-18.676796221],[-40.98782094399999,-18.678135945999998],[-40.988865202,-18.673216942],[-41.00522688499999,-18.667277023],[-41.007190969999996,-18.663306059000004],[-41.020212543,-18.65495304599999],[-41.032223531,-18.652637992],[-41.028747741,-18.64672928899999],[-41.029663826,-18.645818227999992],[-41.035616254999994,-18.644031708],[-41.044419309999995,-18.648279614],[-41.041558375,-18.639752928000004],[-41.050892272,-18.634153995],[-41.05292045699999,-18.631199024999997],[-41.05310735999999,-18.628722883000005],[-41.05138994699999,-18.626731106],[-41.044861307,-18.627228685999995],[-41.04266133299999,-18.625865701999995],[-41.039395755,-18.619923717],[-41.032493861,-18.618105570999997],[-41.03373879299999,-18.612110192],[-41.03286056499999,-18.607614775],[-41.036825706,-18.605668771999994],[-41.041988537,-18.605403079999995],[-41.015879258,-18.476754422000003],[-41.01634094799999,-18.467460743],[-41.02064937,-18.458599238999998],[-41.023028708,-18.457260878000003],[-41.173083083,-18.442796895],[-41.17258338100001,-18.443923079999994],[-41.174247424,-18.444697458999997],[-41.17875331,-18.443515817999998],[-41.182092461,-18.439254547000004],[-41.18079806,-18.432682552],[-41.176808567,-18.429498793999997],[-41.17464468299999,-18.424227965],[-41.16666904,-18.415217291999994],[-41.16378189299999,-18.414018508],[-41.161033622,-18.416238339],[-41.15474661199999,-18.414424777999997],[-41.147225748,-18.41144813],[-41.14375442299999,-18.406463826],[-41.14425467699999,-18.405241289],[-41.153353597,-18.405180412000004],[-41.160448009,-18.402798292999996],[-41.15933680399999,-18.39752478300001],[-41.162540441999994,-18.390763653],[-41.159598878999994,-18.381458616],[-41.148102191999996,-18.379150740999993],[-41.145885076,-18.373862816999992],[-41.14701483899999,-18.369000759999995],[-41.14988563699999,-18.365114440000003],[-41.147497810999994,-18.353381221],[-41.150325341999995,-18.347287866000002],[-41.15015974599999,-18.336353229000007],[-41.15466141899999,-18.334704719000005],[-41.154035059,-18.329594682000003],[-41.15892065399999,-18.308243451],[-41.142723267,-18.298110654999995],[-41.141108835999994,-18.291291492000003],[-41.132072274,-18.284626181999993],[-41.12749834899999,-18.276918928000004],[-41.120324417999996,-18.274401573000006],[-41.103805654999995,-18.26052184],[-41.10077297899999,-18.259777251000003],[-41.09719163,-18.256581215],[-41.095974008999995,-18.250994084],[-41.100801869,-18.24374289],[-41.09905583199999,-18.239105454000004],[-41.10274424499999,-18.236966132999996],[-41.099239571999995,-18.232370426],[-41.09504849199999,-18.232973285000003],[-41.09135100899999,-18.230255913],[-41.092578701,-18.227181603000005],[-41.09519384499999,-18.226889194],[-41.096580143,-18.222278605],[-41.102196666,-18.219204634999997],[-41.10444789999999,-18.213276763999996],[-41.094113765,-18.208684984999994],[-41.09243755399999,-18.204758916],[-41.092734479,-18.195401325],[-41.072719176,-18.184328387999994],[-41.07077533499999,-18.184598662999996],[-41.066552455,-18.180913112000002],[-41.062690614,-18.182082869],[-41.059076527,-18.179189839],[-41.056454286,-18.178840765000007],[-41.053441293,-18.172672340000002],[-41.056084607,-18.166621079000002],[-41.046256152,-18.164323979999992],[-41.039496896,-18.164512730000002],[-41.03533465999999,-18.162795272999997],[-41.034192975,-18.163527154999997],[-41.037199846,-18.166360670999996],[-41.03813832600001,-18.171088195000003],[-41.037203868,-18.172226756999997],[-41.033813731,-18.172111778000005],[-41.028104426999995,-18.157672885000004],[-41.022859727,-18.158525867999998],[-41.014589474,-18.157579417000008],[-41.014605258,-18.16134025199999],[-41.010594639,-18.167399788999997],[-41.005558025,-18.167596772000003],[-41.004539847,-18.165690274999996],[-40.993216939999996,-18.166234740999997],[-40.98947706999999,-18.170649280000003],[-40.986707884,-18.162420283],[-40.98926003799999,-18.155908428],[-40.987034374,-18.146773958000004],[-40.98091178,-18.144666835000006],[-40.980323905,-18.141364136],[-40.9741926,-18.142105048],[-40.970719581,-18.144895306999995],[-40.96751697799999,-18.145214927999994],[-40.96217171699999,-18.154170883000003],[-40.954537364,-18.154494397000004],[-40.95306819699999,-18.149444989000003],[-40.94885923199999,-18.145699542999992],[-40.948919977,-18.144066537],[-40.95155128199999,-18.142454544999996],[-40.951613756,-18.134092053999996],[-40.950003844,-18.129286552],[-40.94490027399999,-18.129668352999992],[-40.94051262299999,-18.136453449000005],[-40.93220959199999,-18.136483474],[-40.927028015999994,-18.132979558000006],[-40.924773185,-18.127127134999995],[-40.917299244,-18.120743152999996],[-40.909283306999995,-18.114830156],[-40.904547314,-18.115929167999997],[-40.904231653,-18.110182089000002],[-40.89899824599999,-18.112511352],[-40.89310935499999,-18.107878302],[-40.891711312000005,-18.108929232999998],[-40.891543682,-18.112733843],[-40.89391015500001,-18.118887935],[-40.89008508,-18.120926512999993],[-40.889010813999995,-18.124016056999995],[-40.88399288099999,-18.123204116999997],[-40.880689778,-18.12413946499999],[-40.877555079,-18.119429337999993],[-40.875462535,-18.122952436000006],[-40.87261813199999,-18.124009320999992],[-40.866428109,-18.129916465000004],[-40.863304839,-18.139132148999998],[-40.860631884,-18.140383249000003],[-40.856026842999995,-18.139818247],[-40.85226872799999,-18.146242464],[-40.845075827,-18.149813018],[-40.843899416,-18.146572795999997],[-40.83788342799999,-18.147538789],[-40.832504982,-18.15115316],[-40.824188036,-18.149288817000002],[-40.805216938,-18.152970290999992],[-40.793712595,-18.160153820000005],[-40.783165110999995,-18.157088099],[-40.77540890299999,-18.158395604000003],[-40.771496051,-18.155940009999995],[-40.771029823,-18.146327184999993],[-40.772885563,-18.144116269999998],[-40.770226902,-18.135278559999996],[-40.772514312999995,-18.128845368],[-40.773303346000006,-18.107562650999995],[-40.88698942,-18.000641011],[-40.902823047,-17.98771222],[-40.89933266800001,-17.982650252],[-40.895057592,-17.981549355999995],[-40.891167693999996,-17.983033194000008],[-40.889279366,-17.978156825999992],[-40.882717039,-17.970551075],[-40.877864255,-17.981725774000004],[-40.87291922299999,-17.980800416000005],[-40.870302345999995,-17.986093988999997],[-40.86313152,-17.988316864999998],[-40.860120459,-17.984006642999994],[-40.85893931999999,-17.979391388],[-40.85294221,-17.977330903000002],[-40.849361636999994,-17.973121023999994],[-40.847731357,-17.967509355],[-40.83809321399999,-17.96039301299999],[-40.837039968,-17.957187613],[-40.830552882,-17.954180002000005],[-40.828780148,-17.961402685999992],[-40.824970921,-17.963698024999996],[-40.81416159199999,-17.958909109],[-40.812747962,-17.954226779],[-40.808161609,-17.952047168999997],[-40.802623991,-17.958494441000006],[-40.798468839,-17.956946426999995],[-40.79753911499999,-17.963100978999993],[-40.791876779,-17.97148313],[-40.795492636999995,-17.979775290999996],[-40.79500324199999,-17.981739660000002],[-40.786076396999995,-17.979126932999993],[-40.782120283999994,-17.975247212999996],[-40.777747225999995,-17.976686445999995],[-40.777725564,-17.982306755999996],[-40.77119977899999,-17.981061521999994],[-40.770930568999994,-17.986422018],[-40.774847837,-17.996615332999998],[-40.773537641999994,-18.002130166999994],[-40.771768455,-18.003388074999997],[-40.76031083099999,-18.003961575],[-40.757849261,-18.007003512000004],[-40.750767568,-18.009908807],[-40.74408374,-18.005317981],[-40.740311897,-18.005569593],[-40.725768952,-18.001217221000005],[-40.71616603799999,-18.004617087999993],[-40.716557538,-18.009179167000003],[-40.711451709,-18.012406991000002],[-40.709609304999994,-18.02098971599999],[-40.70368342799999,-18.023727032999997],[-40.690524136,-18.012712684000004],[-40.68422334899999,-18.010176257999998],[-40.681302854,-18.010148798],[-40.677828551,-18.013239297999995],[-40.673186274,-18.011041337999995],[-40.664916614,-18.011149667],[-40.661325647999995,-18.013212573000008],[-40.65943569499999,-18.010929187],[-40.65149430699999,-18.006865396],[-40.64904846499999,-17.997259683],[-40.64603076299999,-17.993561217999996],[-40.637567454,-17.990537260000004],[-40.630419236,-17.991858737000005],[-40.626151905,-17.991053926999992],[-40.62392882299999,-17.985727853999997],[-40.625317050999996,-17.978981773000005],[-40.624290958,-17.975919719999997],[-40.614272952,-17.967496340999997],[-40.615160442,-17.964686233000002],[-40.621883999,-17.960566040999996],[-40.612612588999994,-17.949507414999992],[-40.612635824,-17.946374820999996],[-40.615297388,-17.943714207000003],[-40.613448403,-17.939730786],[-40.60953293,-17.937658794000004],[-40.597192812,-17.936034718],[-40.587161348,-17.939020841000005],[-40.584412255,-17.935762522999994],[-40.586264412,-17.929726643999995],[-40.58471193,-17.91816656399999],[-40.567930155,-17.916029286],[-40.55464120199999,-17.909234671999997],[-40.54773945499999,-17.907521808],[-40.54036030999999,-17.902824312999993],[-40.536046622,-17.896543698000002],[-40.527037837,-17.891944637],[-40.516821865,-17.894423308],[-40.513316198999995,-17.897732731999994],[-40.510577804,-17.904776582000004],[-40.503332861,-17.910679152999997],[-40.500596777999995,-17.911667060000003],[-40.495800137,-17.910661619000003],[-40.49032822,-17.907395391999998],[-40.484129489999994,-17.908644734999996],[-40.47660607499999,-17.918000581999998],[-40.46867385899999,-17.922654571999992],[-40.464186648,-17.928203105000005],[-40.462737991999994,-17.928212364],[-40.459321389,-17.920451585999995],[-40.453871732,-17.918810624000006],[-40.445054679,-17.918825517000002],[-40.43257695399999,-17.921333404000006],[-40.417418678999994,-17.927034276000004],[-40.406108951,-17.926212931999995],[-40.403239113000005,-17.923527996000004],[-40.391947812,-17.924102749999996],[-40.38930505999999,-17.924826539],[-40.386451674999996,-17.928438061],[-40.372564555,-17.927608178999996],[-40.36782862,-17.922632499],[-40.36170443699999,-17.927792804000003],[-40.355611966,-17.930454821],[-40.353016919,-17.929690587],[-40.349123287,-17.923921169000003],[-40.34552180000001,-17.92378202800001],[-40.333955583,-17.927359836000004],[-40.323435496,-17.938944217],[-40.320161739,-17.940623005999996],[-40.314300390999996,-17.939000641000003],[-40.30994136699999,-17.940939232],[-40.306191485,-17.947360036999996],[-40.300155944,-17.945930052999998],[-40.291108658,-17.946887414000003],[-40.290994486,-17.951849536999998],[-40.27567335999999,-17.962562040999998],[-40.266300719,-17.962021757000002],[-40.26006710099999,-17.965579826],[-40.25535480900001,-17.971799426],[-40.235539863,-17.975369220000008],[-40.23116314999999,-17.977994182000003],[-40.222350609,-17.980417387],[-39.688947383,-18.320831530000003],[-39.674226849,-18.324742450000002],[-39.67115954999999,-18.330627753999998],[-39.666632,-18.331542410000004],[-39.66601463999999,-18.333218265999996],[-39.67151041799999,-18.348364064000002],[-39.66926768700001,-18.350631158000002],[-39.673864816,-18.357209599],[-39.690937561,-18.395344608],[-39.714752817,-18.461945344],[-39.72393385200001,-18.494545235],[-39.728222387,-18.518274012],[-39.73003108499999,-18.547112413999997],[-39.730651465,-18.585778949999995],[-39.72816683599999,-18.598897862999998],[-39.72838710199999,-18.611084241999997],[-39.74068037199999,-18.650479192999995],[-39.746007821999996,-18.696259730999998],[-39.749752378000004,-18.838072849000003],[-39.74461305999999,-18.893353339],[-39.742794116,-18.936083529999998],[-39.73679704999999,-18.955694536],[-39.735635073,-18.977590516],[-39.726349649,-19.047608417],[-39.72218841499999,-19.067672290000004],[-39.72112550799999,-19.086820989000003],[-39.71040105,-19.167084415],[-39.703949894,-19.20911726],[-39.691453288,-19.273226546],[-39.689119599,-19.295110950000005],[-39.692694016,-19.340224127],[-39.696455522,-19.366904678999994],[-39.701063889,-19.386155476999996],[-39.73588116599999,-19.48095578],[-39.778482192999995,-19.57637824],[-39.80900393,-19.634159970999992],[-39.81122720999999,-19.642911292],[-39.810802381,-19.649612857999998],[-39.81900061,-19.655686844],[-39.827342648999995,-19.654490744],[-39.849696388,-19.660167708999996],[-39.88078216600001,-19.671812817],[-39.90433106399999,-19.682879059999994],[-39.939451859,-19.704649129000003],[-39.968073719,-19.725844404999993],[-39.988981035,-19.74371621],[-40.029989312999994,-19.783265066],[-40.045108421,-19.800665956],[-40.053675477,-19.812845432999996],[-40.058672365,-19.828542431],[-40.057651467999996,-19.836590205],[-40.05458664,-19.838804012999994],[-40.05428599599999,-19.843165483999996],[-40.055981122999995,-19.843191599],[-40.058311586,-19.839662924],[-40.060949265,-19.840713463],[-40.062524218,-19.844209911],[-40.06037116899999,-19.848564339],[-40.05594161799999,-19.850212522],[-40.053536615,-19.849711716],[-40.053003816,-19.845666894999997],[-40.053351898,-19.849938698999996],[-40.055462584,-19.850698766],[-40.061806346999994,-19.849698806000003],[-40.069103324,-19.861997822000006],[-40.076035993,-19.868967704],[-40.077730153999994,-19.873050570000007],[-40.08298378,-19.875964295000003],[-40.089403355,-19.889433255999997],[-40.088726558,-19.893128399000002],[-40.091957085,-19.894111552],[-40.092924524,-19.899373309],[-40.098180070999994,-19.90516883699999],[-40.097339928,-19.910780535],[-40.099448308999996,-19.918664510999996],[-40.102213411,-19.921330919999992],[-40.11436359799999,-19.927177893999996],[-40.11888716899999,-19.931897576999997],[-40.129096263,-19.933974384999996],[-40.136000625,-19.941515564000003],[-40.139934734,-19.941174122],[-40.142713665,-19.944287011000004],[-40.14896219799999,-19.945556815],[-40.153045131,-19.949912473000005],[-40.153911678,-19.952789104],[-40.15266192499999,-19.953723342999993],[-40.14062568899999,-19.954230261],[-40.138926493,-19.957127958000004],[-40.135026155999995,-19.959574417000002],[-40.132429351,-19.966602426000005],[-40.135855007,-19.967899690999992],[-40.13854902999999,-19.975765736999996],[-40.140109094,-19.976085506],[-40.142709013,-19.985429346],[-40.146076304999994,-19.987178525999997],[-40.14820219399999,-19.991045423999992],[-40.148473348,-19.998122797999997],[-40.146822867999994,-20.001187409000007],[-40.148615646,-20.003244868999996],[-40.14830991,-20.005898706999997],[-40.151727581,-20.007276981000004],[-40.153045543999994,-20.01171375199999],[-40.156415423,-20.013361282000005],[-40.158345672,-20.01654975],[-40.159443736,-20.020666468],[-40.157877732,-20.025564847999995],[-40.158914523,-20.035882246999996],[-40.163911445,-20.03900726],[-40.167727169,-20.03660389299999],[-40.16914419999999,-20.038203447000004],[-40.173736178,-20.036725866],[-40.18363088099999,-20.039707515],[-40.18773236,-20.044889826999995],[-40.19191141,-20.054344889],[-40.18190105299999,-20.06368342899999],[-40.180768192,-20.067562490999997],[-40.173830912,-20.074904397],[-40.17428836999999,-20.090065331000005],[-40.171963523,-20.107236394000005],[-40.181552237,-20.134577315000005],[-40.18148136599999,-20.141426106],[-40.18454968699999,-20.149948529999996],[-40.184259440999995,-20.154462032],[-40.182628064,-20.155583532999998],[-40.184188452,-20.158841024000004],[-40.183823844,-20.167288160999995],[-40.191649598,-20.184101517000002],[-40.190077695,-20.186639773999996],[-40.190189606,-20.193319734],[-40.19201171299999,-20.199519607999992],[-40.19492103899999,-20.201385496],[-40.19806379399999,-20.208151827999995],[-40.198944391999994,-20.216833644],[-40.20870356299999,-20.228925157999996],[-40.21571490299999,-20.234909771999998],[-40.212985415,-20.239774987999997],[-40.22347029,-20.252080714000005],[-40.22345061,-20.253448266],[-40.219163002,-20.25655291],[-40.224682389,-20.253540217],[-40.21950983999999,-20.256958930999996],[-40.219256383,-20.258573481999992],[-40.22078894399999,-20.260332692],[-40.220102403,-20.257019964999998],[-40.221563164,-20.258683094999995],[-40.223746862999995,-20.257233115999995],[-40.230916744,-20.266719976],[-40.230958839,-20.270182620000003],[-40.234392479,-20.27630238],[-40.233982305,-20.284223499000003],[-40.229931291,-20.293605198],[-40.230053086999995,-20.295127631999996],[-40.240503422,-20.300983532999993],[-40.23014358,-20.294823933],[-40.231264630999995,-20.291354755999997],[-40.237491459999994,-20.294984956999997],[-40.24099848000001,-20.290382496999996],[-40.247556342,-20.293507788000003],[-40.24274986299999,-20.289539875999992],[-40.246736752,-20.290949426000005],[-40.24384234199999,-20.288165211999996],[-40.245096874999994,-20.285964632999995],[-40.246869738,-20.287002860999998],[-40.245126928999994,-20.285945400000003],[-40.245850777,-20.285096831000004],[-40.24738603,-20.286063642000002],[-40.246462642999994,-20.285119225],[-40.24932973699999,-20.278203426000005],[-40.253291265,-20.272199857000007],[-40.254874141,-20.271846166999996],[-40.25333513399999,-20.270610773000005],[-40.253593287,-20.268907818999995],[-40.258472844,-20.265839742],[-40.27166260399999,-20.268686689],[-40.27177413,-20.270558156999993],[-40.27239045899999,-20.269745929000003],[-40.277871326,-20.272380724000005],[-40.277130711999995,-20.274611454999995],[-40.27811463599999,-20.273737685000004],[-40.283985306999995,-20.277647652000002],[-40.28912351,-20.28377988399999],[-40.289682582999994,-20.290605674999995],[-40.288370105,-20.292745569000004],[-40.28690749999999,-20.292013880999995],[-40.286007999,-20.292030605000008],[-40.28907525099999,-20.293181406],[-40.28933381,-20.294892627000003],[-40.28780725199999,-20.295230221000004],[-40.28555212,-20.292687643],[-40.285188508,-20.294231620999998],[-40.283321998999995,-20.294419801999997],[-40.28783883700001,-20.296154126000005],[-40.288742255,-20.299482150999996],[-40.290003673,-20.298933231000003],[-40.28885970300001,-20.300030607],[-40.290745002,-20.299208889000003],[-40.290601496,-20.30150417],[-40.289646585,-20.302708407999997],[-40.286091216,-20.302667507000002],[-40.28244860099999,-20.299324975999998],[-40.279587888,-20.300392346000002],[-40.277171623,-20.298631132000004],[-40.276240922999996,-20.300400333999995],[-40.27699162799999,-20.302014004999997],[-40.279882547,-20.301526746000004],[-40.280589296,-20.303740191],[-40.284467920999994,-20.305040857],[-40.286177662,-20.302803206000004],[-40.289815284999996,-20.302864319999994],[-40.290039626,-20.307637753999998],[-40.284105859,-20.309997425],[-40.28334643499999,-20.307916338000002],[-40.280830984,-20.308549896999992],[-40.27911838499999,-20.307340755999995],[-40.277545101,-20.310184696999997],[-40.27617083399999,-20.309962981],[-40.276080493,-20.311508611000004],[-40.279069842,-20.311386634],[-40.280413033,-20.313350966999998],[-40.274121486,-20.320225949],[-40.272071694,-20.325458385000005],[-40.271395860999995,-20.323205361999992],[-40.269304142,-20.323598706999995],[-40.269428089,-20.324887429999997],[-40.266829631,-20.324174034999995],[-40.266787194,-20.325501129],[-40.268900512,-20.326541516000002],[-40.268077588,-20.329311637],[-40.269136843,-20.330028907],[-40.271620533,-20.328367957],[-40.273466993,-20.330816387000002],[-40.272853827,-20.334179649999996],[-40.2736739,-20.332562940999996],[-40.276041104,-20.332675566999995],[-40.28038316899999,-20.335964934999996],[-40.283358615,-20.343612305000004],[-40.28325845999999,-20.353143527],[-40.296618849,-20.363225250999992],[-40.312790723,-20.389441532000006],[-40.319659436,-20.406002027],[-40.32240396,-20.419437074999994],[-40.321795395,-20.423272731000004],[-40.318965776,-20.423333054999997],[-40.318577903999994,-20.426839452],[-40.320031593,-20.426189929999996],[-40.322942464,-20.429427042999997],[-40.32918555,-20.442432968],[-40.329761247,-20.44642066899999],[-40.346560031,-20.476280205],[-40.35202283499999,-20.495575350999992],[-40.35949304399999,-20.509388883],[-40.360082773,-20.517109672000004],[-40.358853501999995,-20.519288194],[-40.36037799999999,-20.519845587],[-40.362476621999996,-20.517985551999992],[-40.367567779,-20.521063273999992],[-40.37151395899999,-20.528828487999995],[-40.376485935999995,-20.534133837],[-40.393581281,-20.56009286999999],[-40.40279410699999,-20.582551246],[-40.403784075999994,-20.597650614999996],[-40.41986650399999,-20.619664855999996],[-40.42599373699999,-20.630609361999998],[-40.425892786,-20.635427723],[-40.42302623199999,-20.635899851000005],[-40.42526628299999,-20.637393181000004],[-40.426527736,-20.63684024899999],[-40.42618520400001,-20.635504877000002],[-40.428864303,-20.635511662],[-40.430845384,-20.637216832],[-40.431823007999995,-20.641061775999994],[-40.43418552199999,-20.641953584999992],[-40.43320167099999,-20.640182314999997],[-40.434970754999995,-20.640553406000002],[-40.435455731,-20.639334145999992],[-40.43440932099999,-20.636348173999995],[-40.43774633299999,-20.634208237999996],[-40.44099964299999,-20.635145583999993],[-40.44164294099999,-20.633355955],[-40.44514320199999,-20.637141150999998],[-40.448442077,-20.637475181],[-40.448629548,-20.636195695999994],[-40.45007815499999,-20.637852055],[-40.450288499,-20.635207663000003],[-40.444901186,-20.631563753],[-40.448779310999996,-20.626067578],[-40.45526962999999,-20.623391418000004],[-40.46433565699999,-20.623939969000002],[-40.46666678799999,-20.627309056999998],[-40.464611927,-20.629149319],[-40.46448659799999,-20.630490979],[-40.465385911,-20.629282599999993],[-40.466089178,-20.631649196999994],[-40.469394711,-20.632686827000008],[-40.470290905,-20.634352528999994],[-40.46711436099999,-20.635030556],[-40.46900432999999,-20.635733006999995],[-40.46824037099999,-20.637181365999993],[-40.46606401399999,-20.636500629999997],[-40.468103033999995,-20.638335058999996],[-40.469318808999994,-20.637572441],[-40.470080974,-20.640198917],[-40.469781822,-20.642086972999994],[-40.46677989199999,-20.644446490999997],[-40.464474754,-20.643154403000008],[-40.465346914,-20.645514741000007],[-40.463259962,-20.645325608999993],[-40.46323384,-20.646278969999997],[-40.46728782099999,-20.647779189],[-40.468081917,-20.645732613],[-40.47264966099999,-20.650790835999995],[-40.471917282,-20.653926791999996],[-40.46479691399999,-20.652574237],[-40.466201426999994,-20.653805738999996],[-40.465416666,-20.654542591000002],[-40.468938162,-20.656920135999993],[-40.466309802999994,-20.65749278],[-40.468630971,-20.660600172999988],[-40.471853735,-20.661091248],[-40.472436097,-20.659747586999995],[-40.475088101999994,-20.661037162999996],[-40.475501189999996,-20.657869454],[-40.47372807699999,-20.654826256],[-40.48115978799999,-20.652413297999995],[-40.489243309,-20.655542276999995],[-40.49473660899999,-20.659947341999995],[-40.494886452,-20.662896802000002],[-40.497176932,-20.662612863],[-40.49677206900001,-20.666703395999996],[-40.494546029999995,-20.664937300000002],[-40.492456377,-20.665092943999998],[-40.49428255299999,-20.666974471],[-40.491530075,-20.667414986999994],[-40.491292229,-20.669002883000005],[-40.49375630099999,-20.669365878],[-40.494863568999996,-20.672374225999995],[-40.49657539399999,-20.671776823999995],[-40.497241666,-20.674473431],[-40.49524565699999,-20.674118568000008],[-40.496008936,-20.676636337000005],[-40.497922200999994,-20.674677861000003],[-40.50177654299999,-20.676218077000005],[-40.50151640499999,-20.679897852999996],[-40.506970783,-20.685139981000003],[-40.511887342,-20.69371419799999],[-40.515573492,-20.708080320999994],[-40.524510574,-20.724232536999992],[-40.523821201,-20.727463018999998],[-40.522164437,-20.728468867],[-40.520522273999994,-20.727067415],[-40.520140935,-20.729749001],[-40.522665609,-20.730471069999997],[-40.52488069700001,-20.728590453999995],[-40.527279863,-20.729220517999998],[-40.52838638,-20.732888170000003],[-40.526350711,-20.732954794000005],[-40.525477637,-20.734572703],[-40.52806812499999,-20.736277189],[-40.52872356699999,-20.733524382],[-40.530370352,-20.733234635],[-40.531590081,-20.734053130999996],[-40.531236214,-20.736030547],[-40.53352611799999,-20.735609627000002],[-40.532790436,-20.737638997],[-40.53417280299999,-20.739669707],[-40.532267436999994,-20.740738558999993],[-40.537292732,-20.745281427000002],[-40.535966335,-20.740292903],[-40.541565258999995,-20.738260449999995],[-40.547853141,-20.739777704999998],[-40.556720277,-20.746471511999992],[-40.568435955999995,-20.761577712000005],[-40.576062635,-20.774189397000008],[-40.576847418,-20.780673098],[-40.57562725,-20.786757854999998],[-40.574887563,-20.787994731],[-40.571747473,-20.787836806999998],[-40.570350664,-20.785048945],[-40.571288901,-20.787775108],[-40.569890798,-20.787963629999997],[-40.568459385,-20.784928950999994],[-40.569465953999995,-20.78806087],[-40.576996695999995,-20.788304849999996],[-40.582531093,-20.798215378999995],[-40.582739555,-20.801420453000002],[-40.580589574,-20.802247519999998],[-40.582475553,-20.804075252],[-40.581596948,-20.802622634000002],[-40.583307379,-20.802722173999996],[-40.586457552,-20.806602960999996],[-40.587910138,-20.806589518000003],[-40.587387719,-20.802942557],[-40.59111647799999,-20.801881037000005],[-40.599436944,-20.805818078],[-40.603650477,-20.804812196],[-40.607817112,-20.805992337],[-40.613462694,-20.815654055999996],[-40.615369521999995,-20.824301917],[-40.621629946999995,-20.83404535],[-40.626467074,-20.836712352000003],[-40.627884365999996,-20.840982345],[-40.630832851,-20.841113551],[-40.633291625,-20.829931185],[-40.631899756,-20.825315022000005],[-40.630239529,-20.824490606999998],[-40.63147684599999,-20.823973603999992],[-40.62828347999999,-20.820571712],[-40.629126721,-20.818680074000003],[-40.637106127,-20.811942735000002],[-40.653318549,-20.805872743999988],[-40.655661739,-20.810766518],[-40.660991394999996,-20.810283783000003],[-40.66581227299999,-20.812274177000006],[-40.665920544,-20.816777006000002],[-40.671062049,-20.817403845999994],[-40.671963733999995,-20.821095125],[-40.67566044000001,-20.820811676999995],[-40.676213553,-20.822986678999996],[-40.682401764999994,-20.822860955999996],[-40.682678679999995,-20.824443098],[-40.68056238700001,-20.824750245999997],[-40.68266472,-20.826610620999997],[-40.690393823,-20.827901366],[-40.690302677,-20.831508053999997],[-40.692245686999996,-20.830232705999993],[-40.69375766099999,-20.831233113],[-40.69224241999999,-20.833034706999996],[-40.69322185899999,-20.834652189],[-40.695627657,-20.835175116999995],[-40.695772129999995,-20.833562800999992],[-40.69772620599999,-20.833276592999994],[-40.702524226,-20.836501618],[-40.706771937,-20.836953013],[-40.72021294699999,-20.846579561],[-40.724163697,-20.846715193999994],[-40.723685895,-20.8429454],[-40.72632875,-20.842016877999995],[-40.739539016,-20.845565923999995],[-40.745482335,-20.849188154999997],[-40.75532020699999,-20.859526175000006],[-40.758888389999996,-20.865652498],[-40.757920302,-20.869185806999997],[-40.761907521999994,-20.875300465],[-40.761269112,-20.877654415000002],[-40.759262133,-20.877438361999992],[-40.75838017099999,-20.879479741999997],[-40.764794137,-20.887131507999996],[-40.763944351999996,-20.88880529899999],[-40.770343178999994,-20.893363231999995],[-40.771417409,-20.893635011000004],[-40.769049837,-20.891727740000004],[-40.769910686,-20.891026458999995],[-40.773830273,-20.89369659],[-40.776982370000006,-20.901023893],[-40.77625179299999,-20.904660267999997],[-40.782362113999994,-20.908571578999997],[-40.794990474,-20.925195692999996],[-40.803451216,-20.941684715999997],[-40.80856048399999,-20.95817462799999],[-40.811068899999995,-20.986236211],[-40.808019428,-20.999929876999992],[-40.804899127,-21.002458511],[-40.806135626999996,-21.006228888999996],[-40.800427039999995,-21.002919767],[-40.799400221000006,-21.003299720999998],[-40.804094603,-21.005207987000002],[-40.806557766,-21.007792816999995],[-40.813490811,-21.035360241000003],[-40.81659489599999,-21.035711302999996],[-40.81998722499999,-21.041456474],[-40.82491804399999,-21.044030595999995],[-40.826109046,-21.043457499],[-40.82979759199999,-21.047597131],[-40.840843916999994,-21.084018378999996],[-40.856315409,-21.117977020999998],[-40.858423519,-21.127630171],[-40.863558688,-21.132538541999995],[-40.865619401,-21.132519278000004],[-40.878542566,-21.140282357],[-40.88755921399999,-21.148848102000006],[-40.892562448,-21.156555192999996],[-40.904203389,-21.16353009899999],[-40.91460388,-21.172735726999996],[-40.93022627599999,-21.195378896999998],[-40.936283721,-21.208334193999995],[-40.952970288,-21.235296584999993],[-40.95876849,-21.250135864999997],[-40.962173193999995,-21.266684037999994],[-40.96180288099999,-21.284681562999996],[-40.957909103999995,-21.301781967],[-40.965400587999994,-21.299962999999995],[-40.965441196,-21.295806761999994],[-40.971780918,-21.295190917],[-40.974721738,-21.288559791999997],[-40.976983709,-21.290398964999998],[-40.980788893,-21.289088289999995],[-40.980683193,-21.287608497000004],[-40.976835729,-21.287270257999996],[-40.977617906,-21.285135126999997],[-40.976370651,-21.281731601],[-40.979161119,-21.279976988999994],[-40.984953455,-21.287481657],[-40.99036527199999,-21.285832743999993],[-40.995795224999995,-21.286189793],[-40.999320445,-21.278469376999997],[-41.00025875,-21.269343614],[-40.99816589899999,-21.266172627999996],[-41.000364448999996,-21.264861953000004],[-40.999772531999994,-21.262536563],[-41.001599643,-21.260085609],[-40.999835952,-21.258498839999998],[-41.00404915399999,-21.255928809999997],[-41.00321833699999,-21.254461118000005],[-41.004740411,-21.251099872000005],[-41.010902343999994,-21.252649467999998],[-41.013335834,-21.250257223],[-41.01595493,-21.251803933],[-41.019996997999996,-21.247596881999993],[-41.024905223999994,-21.245802698999995],[-41.028543949,-21.250000596999996],[-41.030241172,-21.248837732],[-41.031549246,-21.250928669000004],[-41.036018501,-21.25119623000001],[-41.03458996399999,-21.252241426999998],[-41.035803301,-21.254069893999993],[-41.04133359499999,-21.254947335000004],[-41.04458252599999,-21.253058603],[-41.045166640999994,-21.250697804],[-41.04673805,-21.251022566],[-41.045629066,-21.247156606999997],[-41.047271889,-21.248896783],[-41.052151684,-21.242313318999997],[-41.054123072,-21.243067800999995],[-41.05273629199999,-21.241263654999997],[-41.059319262,-21.234646809000004],[-41.069237049,-21.228452755999996],[-41.073411037999996,-21.230923076000003],[-41.074238535,-21.227004636999997],[-41.081357437,-21.22440045700001],[-41.08032306599999,-21.222246533000003],[-41.085324551999996,-21.22208833499999],[-41.086699656,-21.220019594000004],[-41.089218652,-21.219520662999994],[-41.089194314,-21.221467712999996],[-41.090910152,-21.221236500999993],[-41.09201753699999,-21.218194235000006],[-41.09328311899999,-21.220494188],[-41.09849396399999,-21.221156801999992],[-41.10119301099999,-21.219313789],[-41.105403506,-21.219581507999997],[-41.108117207999996,-21.22252642199999],[-41.11195046299999,-21.222416899999995],[-41.11555250599999,-21.228635291999996],[-41.120067229,-21.230229439000002],[-41.12673118099999,-21.230206513999992],[-41.130569131,-21.226493535999996],[-41.13630076,-21.226858607999997],[-41.139014461,-21.230484988999997],[-41.136629324999994,-21.232030460000004],[-41.13759068099999,-21.235486475],[-41.14116838599999,-21.239052009999998],[-41.144502709,-21.237981133000005],[-41.155625233,-21.239733478],[-41.156659604,-21.242179460000003],[-41.154749061,-21.244102171999998],[-41.15589172100001,-21.245081534],[-41.158241582,-21.241449316000004],[-41.161429877,-21.245976208],[-41.163303913,-21.242873096],[-41.16818370699999,-21.245525952000005],[-41.1681472,-21.242666221999997],[-41.175819795,-21.244728878],[-41.174061365,-21.240804355000005],[-41.177079293,-21.242276812000004],[-41.180936886,-21.241558836999996],[-41.177979803999996,-21.241303287],[-41.177614732,-21.239003334],[-41.18071720599999,-21.239905236],[-41.182956951,-21.23607059],[-41.18232415899999,-21.238686937999994],[-41.186206091,-21.242021261999994],[-41.183443713,-21.242228135999998],[-41.18254320199999,-21.244528089],[-41.187946266999994,-21.24333552099999],[-41.19059912299999,-21.248750753999996],[-41.192740878,-21.246864549],[-41.19311811899999,-21.241327625],[-41.194103813,-21.241571006],[-41.19373874099999,-21.244065665],[-41.19797357499999,-21.242106444999997],[-41.199263496,-21.244357721999993],[-41.203705204,-21.240414944999998],[-41.205408873,-21.244333383999997],[-41.205895636,-21.240974721999997],[-41.21081244,-21.238372352999995],[-41.21183413899999,-21.235754194000002],[-41.214852067,-21.237299665000002],[-41.222141336,-21.232870126],[-41.22362596200001,-21.227637428],[-41.226084113,-21.228306727],[-41.226315324999995,-21.231348993],[-41.227520061999996,-21.231482853],[-41.229612655,-21.229240338000004],[-41.228627447,-21.227527907000002],[-41.230026888999994,-21.225605195],[-41.234456429,-21.225897251999996],[-41.23652517,-21.222623774000002],[-41.241368457,-21.220360327999995],[-41.250896833999995,-21.222222195000004],[-41.256494603,-21.225252292000004],[-41.25866069700001,-21.228039008],[-41.25734643799999,-21.230217269999997],[-41.260717268,-21.23268759],[-41.26082679,-21.236788564],[-41.264623537999995,-21.233125676000004],[-41.26713036499999,-21.233941003],[-41.269211275,-21.232638913999995],[-41.273713828,-21.233904496000005],[-41.27070807,-21.235413459999997],[-41.27140170599999,-21.237250989],[-41.275539188,-21.235559489],[-41.275429666,-21.239246715],[-41.276715194,-21.240229284999995],[-41.280869237999994,-21.238139331],[-41.283132684,-21.234598132999995],[-41.28436175899999,-21.234756331],[-41.283534263,-21.237299665000002],[-41.28460514099999,-21.238346205],[-41.286025818,-21.237833738999996],[-41.286649543,-21.234415597],[-41.29027592399999,-21.23411137],[-41.29174838099999,-21.23246854699999],[-41.297297474,-21.235072726],[-41.297200122,-21.231020428],[-41.303455019999994,-21.228598784],[-41.30991679299999,-21.219496325],[-41.316938343,-21.222003151999996],[-41.316183861,-21.213545652000004],[-41.325566209,-21.213119734999996],[-41.323120228,-21.216673101999998],[-41.325785253,-21.218559307],[-41.332867648,-21.215322336000003],[-41.331273499999995,-21.211647278999997],[-41.336834763,-21.207205570000003],[-41.342858449,-21.208897070000006],[-41.349490589,-21.205501901],[-41.354601596,-21.20681616],[-41.35734294099999,-21.203654333],[-41.360637451,-21.205100322000003],[-41.362925235,-21.202690848000007],[-41.367806509,-21.202573328999993],[-41.369940799,-21.204222553000005],[-41.37235227,-21.203543461],[-41.375373538999995,-21.201547759999993],[-41.37664856899999,-21.195796263],[-41.38033507099999,-21.195837840000003],[-41.381291344,-21.19998169],[-41.38488083299999,-21.200965680999992],[-41.388012974,-21.198900686],[-41.392531016999996,-21.202517892000007],[-41.40264810899999,-21.198290888],[-41.40614058399999,-21.202448597000004],[-41.410339869999994,-21.198512632999996],[-41.412515737999996,-21.201755646],[-41.416477772,-21.200120462],[-41.435248996,-21.215701900000003],[-41.438556377,-21.215621053000003],[-41.440357062,-21.213937964],[-41.446170702,-21.215481408000002],[-41.450235106,-21.213291186999996],[-41.453696831,-21.209072438999996],[-41.460355691,-21.208771099999996],[-41.46804242099999,-21.203623983],[-41.471690029,-21.202742608],[-41.472909922,-21.19859904899999],[-41.479133275,-21.193639626999996],[-41.48051757999999,-21.18912559],[-41.478699926999994,-21.182830013],[-41.482082446,-21.184286542],[-41.486524258,-21.179892879],[-41.493108734,-21.183022611999995],[-41.494950460999995,-21.182131841999997],[-41.496611627,-21.184960638],[-41.498260755,-21.185129162000003],[-41.49951264799999,-21.183371697000002],[-41.502377557,-21.182649451],[-41.503147952,-21.17746131799999],[-41.505615626,-21.176125163],[-41.51155008,-21.175836265],[-41.514980748,-21.178965997],[-41.514812223999996,-21.184455066000005],[-41.51707526199999,-21.18771720999999],[-41.518399379,-21.186417168],[-41.52097538999999,-21.187019038999996],[-41.530436810999994,-21.180025291000007],[-41.54828832399999,-21.183299473],[-41.55153843,-21.176125163],[-41.554439451,-21.175776077999995],[-41.55423577799999,-21.173760530000003],[-41.55608858,-21.172393559],[-41.56171006099999,-21.177244643999995],[-41.564623119,-21.183744858],[-41.570112187999996,-21.179303045],[-41.569811252,-21.172429671],[-41.57223077599999,-21.169721248999995],[-41.578237455,-21.169745324],[-41.583895048,-21.164761827000003],[-41.586146048,-21.159682030000006],[-41.58674792,-21.149474287999993],[-41.61258951799999,-21.157000942999996],[-41.614975697999995,-21.15194196199999],[-41.62152406199999,-21.149149276000003],[-41.621981483999996,-21.146958464999997],[-41.628037635999995,-21.144678827999996],[-41.631900328,-21.14426208],[-41.639396741,-21.146193376000003],[-41.64502112899999,-21.144851914],[-41.646309135,-21.142853699],[-41.654085316,-21.142167567],[-41.652688974,-21.137352593999992],[-41.654819599,-21.135486792],[-41.657336842,-21.136257449],[-41.66536439,-21.131983899],[-41.661885572,-21.126976326999994],[-41.66315307499999,-21.124701553],[-41.672671112,-21.128023583999997],[-41.675447229999996,-21.133513182],[-41.678400542999995,-21.133502927],[-41.679118062,-21.130431130999995],[-41.67682402599999,-21.127024476999996],[-41.677661839,-21.124088383],[-41.682168645999994,-21.120921499000005],[-41.68842811,-21.122173390999997],[-41.69089578399999,-21.117238044],[-41.694157928,-21.115372242],[-41.705726525,-21.120822835000002],[-41.705605526,-21.124893851],[-41.704148997,-21.126675391000003],[-41.704943468,-21.127794872000003],[-41.71162424199999,-21.126458717],[-41.71229086099999,-21.125111816],[-41.717065162,-21.125279049000003],[-41.720556017,-21.12236599],[-41.717992044,-21.118826984999995],[-41.718353167,-21.116419499],[-41.713429857,-21.114132386999998],[-41.710552911,-21.111110991],[-41.705952776,-21.112140331999996],[-41.705184216,-21.109473900000005],[-41.70735095399999,-21.106970113999996],[-41.71456137599999,-21.106296017999995],[-41.716306804,-21.104827452],[-41.719207825,-21.10692196500001],[-41.72328851399999,-21.103635746],[-41.72628583499999,-21.106825664999995],[-41.728753509,-21.107162713000005],[-41.736279278,-21.101430211000004],[-41.733622981,-21.098152622999997],[-41.734535734999994,-21.095523300000007],[-41.732050074,-21.092510377],[-41.73127048,-21.087313084999998],[-41.725519563,-21.081965146],[-41.72156321799999,-21.073299225999993],[-41.721830614999995,-21.068241281999995],[-41.72316006799999,-21.067111434999997],[-41.726108966,-21.065879902999995],[-41.726929987999995,-21.067201822999998],[-41.732767525999996,-21.06605314600001],[-41.72934785799999,-21.049627065999996],[-41.727924252,-21.04925045099999],[-41.72680570499999,-21.052557134000004],[-41.723235391,-21.055637848],[-41.719032363,-21.053973208000002],[-41.71618891699999,-21.047051016999998],[-41.717451598,-21.044708783],[-41.719224913,-21.044974059],[-41.721785421,-21.04314928200001],[-41.72152837899999,-21.040161337],[-41.725201473999995,-21.033078006],[-41.722790789,-21.02443482],[-41.72101649799999,-21.026126103999996],[-41.71966762099999,-21.02353902799999],[-41.717651224,-21.024234217999997],[-41.71736069599999,-21.022200527],[-41.715503397,-21.022473760999993],[-41.7158043,-21.017756151999997],[-41.714545338,-21.015408345999997],[-41.721875809,-21.010887810000003],[-41.721421475999996,-21.002013327999993],[-41.720599604,-20.999718223000002],[-41.717472395,-20.99929876099999],[-41.71746805499999,-20.993825928000007],[-41.715890335999994,-20.991474233999995],[-41.71001407899999,-20.991033664000003],[-41.71162751899999,-20.980592441000002],[-41.716441049,-20.974266682999993],[-41.71802174500001,-20.965035540999995],[-41.71740554099999,-20.95304488],[-41.725737538999994,-20.950697992],[-41.730951708999996,-20.946972648000006],[-41.733890009,-20.943135806],[-41.733594866999994,-20.939790866999992],[-41.737431709,-20.930841516],[-41.737277579,-20.927644147],[-41.73311936099999,-20.92700467299999],[-41.726439321,-20.922948114999993],[-41.725609645,-20.921131353999993],[-41.722367913,-20.92325279],[-41.718483612,-20.899144938000003],[-41.719742884,-20.896816596999997],[-41.725658835,-20.895137569],[-41.72634094,-20.892389471999998],[-41.723182924,-20.887595059],[-41.723553491,-20.884397691],[-41.721802317,-20.885538906],[-41.71993308599999,-20.883925464],[-41.721553086,-20.880928137],[-41.717278064999995,-20.877963311999995],[-41.71923152899999,-20.875255920000004],[-41.71669649,-20.874448743999995],[-41.71569696699999,-20.87182457799999],[-41.711538125999994,-20.872124957],[-41.711786144,-20.868997767000003],[-41.712615621999994,-20.86798861899999],[-41.718727405,-20.867943700999994],[-41.720440261,-20.864305379],[-41.725403652,-20.865715789999992],[-41.727371041,-20.863754389999997],[-41.728482002,-20.869896117999996],[-41.73051526999999,-20.870992105999992],[-41.73304862,-20.869255294],[-41.737070239,-20.870024881999992],[-41.740283342,-20.873106226],[-41.741467125,-20.872585955999998],[-41.741502561,-20.869729897],[-41.743020845,-20.869826724],[-41.740193844,-20.867689837999997],[-41.74214408899999,-20.866945666000003],[-41.73902626299999,-20.866406782999995],[-41.73900060199999,-20.865213540999996],[-41.745889794,-20.852436562],[-41.74353327699999,-20.847667788000003],[-41.740384029,-20.847277616000003],[-41.73966871299999,-20.844871552999997],[-41.74176511499999,-20.841750173999998],[-41.736308895,-20.83591307199999],[-41.737615663,-20.832271463],[-41.740761815,-20.829639348000008],[-41.738225695,-20.82685240299999],[-41.74264145499999,-20.825616856999996],[-41.739854509,-20.817503748999997],[-41.745830959,-20.812778328],[-41.749242091,-20.814190584],[-41.749870481,-20.816701727999998],[-41.751597197,-20.816475686000004],[-41.751727203,-20.814270587],[-41.75396884,-20.814958338999997],[-41.753176267,-20.813546897],[-41.755103299,-20.806816059000003],[-41.75562080899999,-20.808684671],[-41.758977529,-20.806805250999997],[-41.76012758099999,-20.807365275999995],[-41.761012825,-20.804417540999996],[-41.761201856,-20.806128112000003],[-41.763591076,-20.806964803999996],[-41.762162262,-20.805519952000004],[-41.763507645999994,-20.804553721999994],[-41.764573415,-20.805653986],[-41.766741847999995,-20.801995596999994],[-41.772613407,-20.801256703999996],[-41.78168373599999,-20.797610232000004],[-41.785153599999994,-20.799972452000002],[-41.789968459,-20.799995055999997],[-41.79402605199999,-20.798051028999996],[-41.799168683999994,-20.805318528],[-41.803610561,-20.805691509999996],[-41.811624024,-20.803284079999997],[-41.813918429,-20.805454157999996],[-41.81270906299999,-20.803001517999995],[-41.805791941,-20.797519812],[-41.812957718,-20.799068253000005],[-41.816800564,-20.801306144999998],[-41.822700462,-20.797180737],[-41.827899606,-20.797112922],[-41.82882641,-20.794343813],[-41.826204233000006,-20.789201181000003],[-41.824384531999996,-20.78829698199999],[-41.828442125,-20.786850263999995],[-41.83244320599999,-20.78187717],[-41.834794123,-20.7820128],[-41.83575483399999,-20.780272217],[-41.836783361,-20.782114522000004],[-41.836681637999995,-20.780656500999996],[-41.838727388,-20.780419149],[-41.84036624899999,-20.777706551999998],[-41.842581536999994,-20.77915327],[-41.84573493,-20.776101599000004],[-41.84522631899999,-20.77470009],[-41.84818756999999,-20.774372317999998],[-41.852166046,-20.763759282999995],[-41.856743552999994,-20.763476721000004],[-41.85747821499999,-20.766912677],[-41.86057509599999,-20.763205461],[-41.864022354,-20.765341631],[-41.868294694999996,-20.763951425],[-41.872600942,-20.766494484999996],[-41.877117732,-20.764622865999996],[-41.879795699,-20.759567680999993],[-41.876984004,-20.747852984999998],[-41.873611733999994,-20.746247889999996],[-41.874244236,-20.744487674999995],[-41.872794971999994,-20.742870141000004],[-41.870835351,-20.742395944],[-41.870304006,-20.743703034000003],[-41.86794869599999,-20.743918189],[-41.863513621,-20.741943538],[-41.861589412,-20.744933102999997],[-41.861572887,-20.743543669],[-41.86053811399999,-20.744395655],[-41.859557596,-20.748738530999997],[-41.856556573999995,-20.747687411999998],[-41.856336192,-20.744215215],[-41.859599786,-20.742534605],[-41.857286185,-20.740261086],[-41.860674253999996,-20.737909567],[-41.860327798,-20.734005826000004],[-41.861523842,-20.73238514],[-41.860276948,-20.732147711999993],[-41.861372505999995,-20.730578679999994],[-41.860305326,-20.729691107],[-41.862841457,-20.729344607999998],[-41.865355849,-20.72201602000001],[-41.861296196999994,-20.722607894999992],[-41.85845172799999,-20.718603050999995],[-41.85836464799999,-20.714882552999995],[-41.856202097,-20.714291276999994],[-41.858502669,-20.712747108000002],[-41.86148352399999,-20.712933161999995],[-41.863352887999994,-20.710910488],[-41.861053497,-20.706748105000003],[-41.85791448399999,-20.707007674999996],[-41.854614202,-20.705463642999998],[-41.853425584,-20.699697794],[-41.850075546999996,-20.694299413],[-41.850736896,-20.691373256],[-41.84821316399999,-20.686924748000003],[-41.843757290999996,-20.685884163999997],[-41.84260872499999,-20.683559142000004],[-41.839367375,-20.683447334000004],[-41.83328612999999,-20.670847016],[-41.831921052,-20.670886405999994],[-41.83124438299999,-20.66851885],[-41.82787053,-20.667348037999997],[-41.824156902,-20.663037279],[-41.823841007,-20.660862627],[-41.828001631999996,-20.658918307999993],[-41.827644338,-20.656409514999996],[-41.822921410999996,-20.656037794],[-41.819482206,-20.657808223],[-41.817865746,-20.655330279],[-41.813231798,-20.653264726999993],[-41.81642035600001,-20.647049082000002],[-41.811836198,-20.643894745999994],[-41.807297337,-20.64369095899999],[-41.808171455,-20.641045692999995],[-41.81197336999999,-20.639200188999997],[-41.81145333800001,-20.637551418],[-41.81473512099999,-20.640638488000004],[-41.821197949,-20.637131729],[-41.819310232999996,-20.633580961],[-41.820501904,-20.627785309],[-41.817413914999996,-20.624538677],[-41.820724115999994,-20.622673820999996],[-41.823306837,-20.624444953],[-41.839179313,-20.624835241000007],[-41.850938493,-20.621261325999996],[-41.854481537999995,-20.619114182999994],[-41.856694292,-20.615766687],[-41.853143906999996,-20.607557546],[-41.84574369,-20.606762467999996],[-41.844308792,-20.605896922],[-41.843770573,-20.601576315],[-41.841299187999994,-20.600442039],[-41.839406384,-20.589920385],[-41.84079813000001,-20.586502201000002],[-41.83747138099999,-20.581057592999997],[-41.83450207999999,-20.568598682999994],[-41.83095319,-20.566242769999995],[-41.828391198,-20.557296182],[-41.823625315,-20.553669853],[-41.819358753,-20.554225551],[-41.819524820999995,-20.551790822999997],[-41.818059762,-20.553109516999996],[-41.812289596999996,-20.549762820000005],[-41.808305362999995,-20.550547087999995],[-41.804450572,-20.543411023],[-41.804298852,-20.538402828999995],[-41.808984198999994,-20.531283120999998],[-41.808241093,-20.529152970999995],[-41.81219950799999,-20.519141164],[-41.811803553999994,-20.516577209],[-41.81691589799999,-20.505213888],[-41.819058147999996,-20.503629],[-41.819186676,-20.498192130000007],[-41.825669368999996,-20.485436864000004],[-41.825422757,-20.483258848999995],[-41.812870849999996,-20.480569501999998],[-41.808167475999994,-20.477720006],[-41.799435567,-20.477283344],[-41.801557827,-20.469268254000003],[-41.799259275,-20.46313913699999],[-41.80287182599999,-20.442955765],[-41.799470688999996,-20.439696346999998],[-41.798229872,-20.435020188],[-41.803597849999996,-20.429529027000008],[-41.803390424,-20.422237865],[-41.80807508699999,-20.420090535],[-41.81476120399999,-20.419346788],[-41.82787411699999,-20.413135034],[-41.834310415999994,-20.411457677],[-41.83511133599999,-20.408630026999997],[-41.83652508800001,-20.409310389000005],[-41.838925839,-20.404537421],[-41.83878093999999,-20.400580136],[-41.841025531,-20.399452461999996],[-41.840045044,-20.391654865999996],[-41.842922916,-20.390026995],[-41.845379709999996,-20.386229131000004],[-41.845058064,-20.377363006],[-41.848735925,-20.374752391],[-41.857199446,-20.374878114],[-41.85951163200001,-20.372842559],[-41.854469243,-20.358810141999992],[-41.852502867999995,-20.356783337999993],[-41.852647623,-20.348158615],[-41.84932002699999,-20.343645598000002],[-41.844398833,-20.340931247999997],[-41.84392601999999,-20.334050427999998],[-41.847573662,-20.332298782999995],[-41.848511308,-20.330476599],[-41.847498296999994,-20.32800618],[-41.841865116,-20.326549689000004],[-41.83909988199999,-20.329694441999997],[-41.83647790599999,-20.330379333999996],[-41.83371078599999,-20.32448568199999],[-41.829519709,-20.323589199000004],[-41.829560537,-20.321792915000003],[-41.82566183699999,-20.319875651000004],[-41.826754431,-20.318122867000003],[-41.82509359699999,-20.312387540000003],[-41.820140479,-20.310463935999998],[-41.814530754,-20.310619324000005],[-41.813616135,-20.30882615199999],[-41.806945942,-20.307490761000004],[-41.806683067,-20.30557970399999],[-41.80303387599999,-20.30286155],[-41.803086449999995,-20.299204253000003],[-41.797449269,-20.296497450999997],[-41.793776186,-20.296944766999996],[-41.788222358999995,-20.294363352999994],[-41.785394996,-20.295511253],[-41.779983218,-20.292293035],[-41.77629056,-20.285799237],[-41.77694998500001,-20.282591348],[-41.78050075,-20.281988486],[-41.77553099,-20.260834325000005],[-41.76975229699999,-20.255097444],[-41.77019128,-20.246012247999996],[-41.766720051,-20.235879075999993],[-41.76805688,-20.234344101999998],[-41.767108650999994,-20.229258661999992],[-41.764030491999996,-20.227829959000005],[-41.765777236999995,-20.223910884],[-41.763997163,-20.222425434999995],[-41.763631953,-20.21797301799999],[-41.75988769899999,-20.213358707],[-41.758683157,-20.215200108999994],[-41.75708742199999,-20.213895960000002],[-41.75719543,-20.210747311000002],[-41.75876827599999,-20.20902787999999],[-41.756753686,-20.206865962999995],[-41.411140354,-20.207369559000004],[-41.412893786999994,-20.20223254299999],[-41.409091776,-20.197699447999998],[-41.40166647499999,-20.19922894500001],[-41.398663498,-20.197955334999996],[-41.396983892,-20.195060460999997],[-41.382114496,-20.188813112],[-41.381261378,-20.181870484000004],[-41.378627217,-20.18131265899999],[-41.377604469,-20.174379472999995],[-41.37575553500001,-20.17302027],[-41.37409127299999,-20.168159699000004],[-41.375932478,-20.161949539999995],[-41.36783317999999,-20.15685274699999],[-41.36263226,-20.148917376000004],[-41.361090486,-20.144509029],[-41.361891604,-20.142078058],[-41.355813029,-20.139098311000005],[-41.356520805,-20.133467697000004],[-41.35193336599999,-20.131153322],[-41.350434876,-20.125220367000004],[-41.347518025999996,-20.123908498000006],[-41.350887107999995,-20.119158683],[-41.348637153,-20.112186063999992],[-41.34913495799999,-20.109520168999993],[-41.343975351,-20.100129866],[-41.345218982,-20.088984734],[-41.338193987,-20.088117573],[-41.337533298,-20.086978739],[-41.338720764,-20.081089636],[-41.33699795799999,-20.078937176999997],[-41.337663237,-20.075214738000003],[-41.334708709,-20.072518219999996],[-41.33554339,-20.070761017999995],[-41.334216427,-20.069621501999993],[-41.336151803999996,-20.068380544999993],[-41.335611563,-20.06547159300001],[-41.334692935,-20.063498969],[-41.331888432999996,-20.063219432000007],[-41.333556285,-20.058839568000003],[-41.324183531,-20.05236017],[-41.318529655,-20.041513186],[-41.317256523,-20.026964228000008],[-41.313098207,-20.022477647999988],[-41.31382913099999,-20.019531472000004],[-41.30910668,-20.01637064],[-41.307662621,-20.008689957000005],[-41.309692531,-20.003138143000005],[-41.308793668999996,-19.997066808999996],[-41.320015000000005,-19.980026878999997],[-41.318894207,-19.977524407000004],[-41.311799042,-19.972419491000004],[-41.307915691,-19.948339957999995],[-41.302693351,-19.938060876999998],[-41.300858113,-19.936525382],[-41.290415755,-19.940410221999997],[-41.281108319999994,-19.942231318000005],[-41.274831711,-19.94132348400001],[-41.272660141,-19.942438590999995],[-41.26632573,-19.940570854999997],[-41.265000777999994,-19.937455937999996],[-41.254609714,-19.93214465999999],[-41.250718173,-19.934193355],[-41.248924138,-19.937948627999997],[-41.244470197,-19.93734185],[-41.232579227,-19.918987189999996],[-41.228044714999996,-19.904985111],[-41.219388339999995,-19.901416445999992],[-41.212659106,-19.900536687999995],[-41.206634721,-19.904054353999996],[-41.19463737,-19.893361660000004],[-41.186127711999994,-19.891316107],[-41.18518824699999,-19.889933827000004],[-41.183506474,-19.86801764899999],[-41.184004230999996,-19.848824409],[-41.179145799,-19.847022667999997],[-41.178615999,-19.84325017400001],[-41.175696406,-19.839350130000003],[-41.180993261,-19.832780441],[-41.185804975,-19.829716749999996],[-41.186294675,-19.827666927],[-41.18305536,-19.826078739999996],[-41.17547350299999,-19.82573827],[-41.171602552,-19.816615005000003],[-41.165385241,-19.809902653999995],[-41.164105052,-19.806386815],[-41.166770743,-19.798544529000004],[-41.165947796999994,-19.792458422999992],[-41.173943426,-19.786051412],[-41.173746824,-19.780776679999995],[-41.171690617,-19.778337115],[-41.17549788499999,-19.772462931000007],[-41.17464137399999,-19.767238455],[-41.18821334,-19.756694514999996],[-41.191071581,-19.745867347999997],[-41.189535724,-19.746282532999988]]],[[[-40.40754157199999,-20.70072339],[-40.407242433,-20.699575405000004],[-40.405972731,-20.699161146999998],[-40.40580083100001,-20.700682672999996],[-40.40754157199999,-20.70072339]]],[[[-40.363923402,-20.67791628599999],[-40.36609619199999,-20.678448164000002],[-40.36478243,-20.677088988],[-40.363923402,-20.67791628599999]]],[[[-40.367397354999994,-20.675930777],[-40.368395319,-20.676521713000003],[-40.368167933,-20.675812587000003],[-40.367397354999994,-20.675930777]]],[[[-40.46296280499999,-20.644542052000002],[-40.463521539999995,-20.644423004999997],[-40.462927261999994,-20.644290907],[-40.46296280499999,-20.644542052000002]]],[[[-40.46437677299999,-20.643943473999997],[-40.464142174,-20.643930797999996],[-40.46433075299999,-20.644114151000004],[-40.46437677299999,-20.643943473999997]]],[[[-40.461425314,-20.644028848],[-40.461422532,-20.643672732],[-40.461189612999995,-20.643946662999994],[-40.461425314,-20.644028848]]],[[[-40.429273638999994,-20.638616309999996],[-40.429734218,-20.640752985000002],[-40.430528084,-20.640522117000003],[-40.429273638999994,-20.638616309999996]]],[[[-40.44602409299999,-20.637749135999996],[-40.446232740999996,-20.638803132000003],[-40.44703888899999,-20.638127279999992],[-40.44602409299999,-20.637749135999996]]],[[[-40.443862701,-20.63815809900001],[-40.443652543,-20.637743569999998],[-40.443421276,-20.63773366],[-40.443862701,-20.63815809900001]]],[[[-40.439428988,-20.637564855000004],[-40.440311748999996,-20.638002686],[-40.44110289399999,-20.638061915999998],[-40.440554125999995,-20.637331384999996],[-40.439428988,-20.637564855000004]]],[[[-40.43700093599999,-20.635857487],[-40.437411552,-20.635389032],[-40.43700639899999,-20.635217472999997],[-40.43700093599999,-20.635857487]]],[[[-40.395715745,-20.622165361],[-40.396750233999995,-20.622185368],[-40.395877309999996,-20.62175184899999],[-40.395715745,-20.622165361]]],[[[-40.37686233699999,-20.614219981],[-40.378115203,-20.612929392],[-40.376284271,-20.612545775999994],[-40.37686233699999,-20.614219981]]],[[[-40.38130998,-20.611186018000005],[-40.381282913,-20.613145633999995],[-40.379586468,-20.614262687999997],[-40.38418385899999,-20.614780953999997],[-40.38223215,-20.613351793],[-40.383112599,-20.611321868],[-40.38130998,-20.611186018000005]]],[[[-40.374857132,-20.608206646],[-40.372646315999994,-20.612807371],[-40.373701971,-20.613359172999996],[-40.37630743399999,-20.610383462000005],[-40.374857132,-20.608206646]]],[[[-40.38774606199999,-20.610185278],[-40.388840636,-20.610559767000005],[-40.388015577,-20.609955888000002],[-40.38774606199999,-20.610185278]]],[[[-40.391723384,-20.598595494000005],[-40.391807219,-20.596715142000004],[-40.390460984,-20.597407317000002],[-40.391723384,-20.598595494000005]]],[[[-40.35710888199999,-20.524324513],[-40.358313726,-20.525351871],[-40.35908700299999,-20.524711896],[-40.35710888199999,-20.524324513]]],[[[-40.310352803,-20.421094957],[-40.311417342,-20.421213812],[-40.312137277999994,-20.42169873],[-40.311555031,-20.420667256000005],[-40.310352803,-20.421094957]]],[[[-40.300582416999994,-20.382140249999996],[-40.300239448999996,-20.382315610999996],[-40.300707132999996,-20.38234483700001],[-40.300582416999994,-20.382140249999996]]],[[[-40.294815847,-20.380757939],[-40.29680213999999,-20.382468629000005],[-40.297726015,-20.382021405],[-40.296544599,-20.380004451999998],[-40.294815847,-20.380757939]]],[[[-40.28651611,-20.371507715999993],[-40.286252068,-20.371721064999992],[-40.286470566999995,-20.371755220999994],[-40.28651611,-20.371507715999993]]],[[[-40.28105608999999,-20.360525244999994],[-40.280608703999995,-20.361317260999993],[-40.281552872,-20.361402681999998],[-40.28105608999999,-20.360525244999994]]],[[[-40.28017472599999,-20.355190145],[-40.281171352,-20.35417607700001],[-40.279869023,-20.354680395000003],[-40.28017472599999,-20.355190145]]],[[[-40.28717346599999,-20.305202],[-40.28709671299999,-20.304712750999993],[-40.287089771,-20.305246038000003],[-40.28717346599999,-20.305202]]],[[[-40.283245349,-20.293461474999997],[-40.283448318000005,-20.292037750999995],[-40.283121256,-20.292014488],[-40.283245349,-20.293461474999997]]],[[[-40.28200096,-20.292623135000003],[-40.281700668,-20.291984205999995],[-40.28185236800001,-20.292656536000003],[-40.28200096,-20.292623135000003]]],[[[-40.284975859,-20.28451333],[-40.285876586,-20.284378633999996],[-40.28563378199999,-20.283942292],[-40.284975859,-20.28451333]]],[[[-29.33842355,-20.486783019999997],[-29.33310575999999,-20.489199128],[-29.330174566,-20.494683075999994],[-29.321866245999995,-20.49892106],[-29.317958473999997,-20.505149725],[-29.308784657000004,-20.507810671999998],[-29.304633679,-20.515530981000005],[-29.299152129999996,-20.518934282],[-29.298783862999997,-20.520167750999992],[-29.301590752,-20.521399599999995],[-29.301818996,-20.523639464],[-29.299583794,-20.526655958],[-29.303490852000003,-20.527530186],[-29.30749898599999,-20.522709994],[-29.312203937999993,-20.520624470999994],[-29.315420225999997,-20.520967545000005],[-29.317101499,-20.523265413],[-29.321017535,-20.52328634099999],[-29.322563227,-20.525273368],[-29.324294266,-20.52423208],[-29.325223577000003,-20.528255899],[-29.325754695,-20.523266360000004],[-29.328327675,-20.522911717],[-29.331768875999998,-20.525535552000004],[-29.330529963999993,-20.522167063999998],[-29.333947285999997,-20.517502345999997],[-29.341219583000004,-20.513495772],[-29.344161064,-20.510251475999997],[-29.343476280999994,-20.508454581999995],[-29.344609509000005,-20.507170501],[-29.343209639000005,-20.503887377],[-29.344231437,-20.49979779199999],[-29.342647036000002,-20.497138597],[-29.34487058099999,-20.495130701],[-29.342849364,-20.495428413999992],[-29.341543706,-20.492267709999993],[-29.344327834,-20.490579819999997],[-29.339540440000004,-20.489998442999998],[-29.338106005999993,-20.489017281999992],[-29.33842355,-20.486783019999997]]],[[[-28.849606137000002,-20.495788663999996],[-28.847898498999992,-20.497893564999995],[-28.850588684999995,-20.496970786999995],[-28.849606137000002,-20.495788663999996]]],[[[-28.847777404,-20.47515192199999],[-28.852257949,-20.479474005999993],[-28.854326122000003,-20.473434638],[-28.851773236,-20.471853854999996],[-28.847777404,-20.47515192199999]]],[[[-28.855603743,-20.472618746],[-28.855187100999995,-20.472111203999994],[-28.855175747,-20.472478459000005],[-28.855603743,-20.472618746]]],[[[-28.854780837999996,-20.470203952],[-28.856426225999996,-20.469355400999998],[-28.855677673,-20.468079897000003],[-28.854196074999997,-20.468713104000003],[-28.854780837999996,-20.470203952]]],[[[-40.27870462999999,-20.365388025999998],[-40.277994626,-20.363939101000003],[-40.278279430999994,-20.365589705999998],[-40.27870462999999,-20.365388025999998]]],[[[-40.27994404799999,-20.364733181],[-40.279329161,-20.364395923],[-40.27934326100001,-20.364850489],[-40.27994404799999,-20.364733181]]],[[[-40.277552652,-20.364586301000003],[-40.276611437999996,-20.363498392000004],[-40.27610792099999,-20.36343675000001],[-40.277552652,-20.364586301000003]]],[[[-40.279377376,-20.362300716],[-40.280578351,-20.363732190000004],[-40.281240495,-20.362921693999994],[-40.279377376,-20.362300716]]],[[[-40.276523876,-20.36158815200001],[-40.277049134,-20.362604171],[-40.277202437999996,-20.362214231],[-40.276523876,-20.36158815200001]]],[[[-40.279788618,-20.360400696],[-40.279490301,-20.361076591999993],[-40.279780263,-20.361061011000004],[-40.279788618,-20.360400696]]],[[[-40.27486287899999,-20.353373237],[-40.275535251,-20.353675417999998],[-40.275689402999994,-20.353320818999993],[-40.27486287899999,-20.353373237]]],[[[-40.253123867999996,-20.353045969999993],[-40.252509512,-20.352767113999995],[-40.252866452,-20.353446578999993],[-40.253123867999996,-20.353045969999993]]],[[[-40.249966865,-20.352241028999998],[-40.249568698999994,-20.352269645],[-40.249895104,-20.352575807999997],[-40.249966865,-20.352241028999998]]],[[[-40.250848086,-20.352190727999997],[-40.250314086,-20.351584934000005],[-40.250443718,-20.352386381000002],[-40.250848086,-20.352190727999997]]],[[[-40.276026022,-20.351122976999996],[-40.276446327,-20.350807815],[-40.275689906,-20.350558162000002],[-40.276026022,-20.351122976999996]]],[[[-40.27232643699999,-20.335578571999996],[-40.271928683,-20.336159067000004],[-40.272073562,-20.336212381000003],[-40.27232643699999,-20.335578571999996]]],[[[-40.27068012699999,-20.335433282999997],[-40.271853754999995,-20.334593114000004],[-40.271588695,-20.334341016999996],[-40.27068012699999,-20.335433282999997]]],[[[-40.275199785999995,-20.333619557],[-40.27501450199999,-20.333611014999992],[-40.275079496,-20.333776008999994],[-40.275199785999995,-20.333619557]]],[[[-40.271142478,-20.331887894000005],[-40.270123077,-20.333530091999993],[-40.270641704,-20.333716571999993],[-40.271142478,-20.331887894000005]]],[[[-40.26789705099999,-20.331937597],[-40.26881835399999,-20.331858025000002],[-40.26827519399999,-20.33120500099999],[-40.26789705099999,-20.331937597]]],[[[-40.266003553,-20.323974107000005],[-40.26560009400001,-20.32388539699999],[-40.265861292,-20.324107719],[-40.266003553,-20.323974107000005]]],[[[-40.27158345099999,-20.31999829],[-40.271162629,-20.322370277999998],[-40.27251111699999,-20.320585563000005],[-40.27158345099999,-20.31999829]]],[[[-40.269239218,-20.320712887999992],[-40.268058221,-20.321426568999996],[-40.268566246,-20.321698612],[-40.269239218,-20.320712887999992]]],[[[-40.276163638,-20.306931126],[-40.276043437,-20.307473281],[-40.275592433,-20.309471957000003],[-40.277155036,-20.307889458],[-40.276163638,-20.306931126]]],[[[-40.275123705999995,-20.306934841000004],[-40.27373989,-20.307146891999995],[-40.273647712000006,-20.308630843999996],[-40.275123705999995,-20.306934841000004]]],[[[-40.27529709499999,-20.298478554],[-40.276090485999994,-20.298123643999997],[-40.275614487999995,-20.297530691],[-40.27529709499999,-20.298478554]]],[[[-40.13358502799999,-19.968899684],[-40.134155823,-19.968433291999997],[-40.133808298,-19.968036642],[-40.13358502799999,-19.968899684]]]]}},{"type":"Feature","properties":{"code_state":"33","name_state":"Rio de Janeiro","abbrev_state":"RJ"},"geometry":{"type":"MultiPolygon","coordinates":[[[[-44.72082248299999,-23.358925046],[-44.720177262,-23.357857733999992],[-44.71830915999999,-23.357059469000006],[-44.71924034799999,-23.359485224999997],[-44.72082248299999,-23.358925046]]],[[[-44.671761775,-23.356659022999995],[-44.672104802999996,-23.354805883],[-44.670506081,-23.355006619999997],[-44.671761775,-23.356659022999995]]],[[[-44.665989296,-23.351397036999998],[-44.665331368,-23.350557294999994],[-44.665948217,-23.351531688],[-44.665989296,-23.351397036999998]]],[[[-44.566536143,-23.347899316],[-44.570811782,-23.352416283999997],[-44.56956023899999,-23.34825298699999],[-44.566536143,-23.347899316]]],[[[-44.664790737,-23.350110752],[-44.66510641800001,-23.350059532],[-44.66482336499999,-23.349950437],[-44.664790737,-23.350110752]]],[[[-44.680567530999994,-23.342790445999995],[-44.679559626999996,-23.341900546],[-44.67938712699999,-23.342334731],[-44.680567530999994,-23.342790445999995]]],[[[-44.68143759899999,-23.341583036],[-44.68076233699999,-23.341652057000005],[-44.68143091000001,-23.341802177],[-44.68143759899999,-23.341583036]]],[[[-44.636596688999994,-23.280123155],[-44.635964542,-23.279723079],[-44.636274310999994,-23.280269303],[-44.636596688999994,-23.280123155]]],[[[-44.63039571099999,-23.274422349],[-44.631907028,-23.273135221999993],[-44.63146059299999,-23.27249226],[-44.629717907999996,-23.273098994],[-44.63039571099999,-23.274422349]]],[[[-44.570870361,-23.267304082999996],[-44.57120690199999,-23.265567016],[-44.568173586,-23.264286410000004],[-44.570870361,-23.267304082999996]]],[[[-44.668120533,-23.23880628],[-44.670798485,-23.240379996999998],[-44.67172511,-23.239513832999993],[-44.668120533,-23.23880628]]],[[[-44.637361567,-23.223993592000003],[-44.633860441,-23.225755758],[-44.636830906,-23.226008192999995],[-44.639584223,-23.229166123999995],[-44.647012983,-23.229601256999995],[-44.649278149,-23.231470073000004],[-44.651012533,-23.231347696],[-44.647359232,-23.227080602000004],[-44.63981921500001,-23.227740431000008],[-44.637361567,-23.223993592000003]]],[[[-44.554358402000005,-23.220537672999995],[-44.556061395,-23.223155123],[-44.557168401999995,-23.223613257],[-44.55697076599999,-23.221052276],[-44.554358402000005,-23.220537672999995]]],[[[-44.689698765,-23.215628510000002],[-44.690917553999995,-23.218021463000003],[-44.692692922,-23.217857685999995],[-44.693003805,-23.215352001999996],[-44.689698765,-23.215628510000002]]],[[[-44.591399016,-23.205345945],[-44.587679639,-23.206802193],[-44.584592334999996,-23.203673809999994],[-44.586796348,-23.207236980999998],[-44.586010619999996,-23.209248998999996],[-44.5938555,-23.216033838999998],[-44.598675881,-23.215664501000003],[-44.600911103,-23.217141890999997],[-44.60055397299999,-23.219966246999995],[-44.602016965,-23.22209713699999],[-44.611722849,-23.224578799],[-44.618634701,-23.224707453000004],[-44.621245884000004,-23.223311820000003],[-44.62018318,-23.221289946000002],[-44.616315682,-23.219934179],[-44.61434488399999,-23.217626721],[-44.604777745999996,-23.214867898999998],[-44.599857881000005,-23.205590015000002],[-44.594552308999994,-23.201942245],[-44.591553153,-23.20337559],[-44.591399016,-23.205345945]]],[[[-44.583338606,-23.21003574],[-44.584578885,-23.211784335000004],[-44.585211575,-23.210564915],[-44.583338606,-23.21003574]]],[[[-44.689800406,-23.209267736999998],[-44.689064832,-23.209627299000005],[-44.68964673399999,-23.210008418999998],[-44.689800406,-23.209267736999998]]],[[[-44.68934493399999,-23.207598703],[-44.688941072999995,-23.207946101],[-44.689678097999995,-23.20815694],[-44.68934493399999,-23.207598703]]],[[[-44.707152875,-23.206366031999988],[-44.707300338,-23.205911065000002],[-44.706770826,-23.205431327999996],[-44.707152875,-23.206366031999988]]],[[[-44.682989432,-23.205885559000002],[-44.681606839,-23.205007967000007],[-44.681491119,-23.205056869999993],[-44.682989432,-23.205885559000002]]],[[[-44.70887514199999,-23.204249565999994],[-44.710192587,-23.205176116999997],[-44.71059243799999,-23.204652603999996],[-44.70887514199999,-23.204249565999994]]],[[[-44.67241711799999,-23.199854735999992],[-44.672663458,-23.201352061999998],[-44.67321570199999,-23.201020181000004],[-44.67241711799999,-23.199854735999992]]],[[[-44.581390414999994,-23.198017004999993],[-44.57897267199999,-23.19966184],[-44.579509664,-23.203069177000007],[-44.581750514999996,-23.201788172999997],[-44.583977434999994,-23.202336649999996],[-44.583055711,-23.20062068],[-44.58459417,-23.200175976],[-44.58338702299999,-23.198920231999995],[-44.581390414999994,-23.198017004999993]]],[[[-44.572614615999996,-23.195393272999993],[-44.573378100999996,-23.196557281],[-44.574487264,-23.195895655999994],[-44.572614615999996,-23.195393272999993]]],[[[-44.607777887999994,-23.194393796],[-44.60691935,-23.195980605],[-44.60863507199999,-23.195790017999997],[-44.607777887999994,-23.194393796]]],[[[-44.625525620999994,-23.195147554],[-44.62526697399999,-23.194193284999997],[-44.62470643899999,-23.194254274],[-44.625525620999994,-23.195147554]]],[[[-44.634993888,-23.193381449999997],[-44.637149992,-23.19383927099999],[-44.635035381,-23.192242295000003],[-44.634993888,-23.193381449999997]]],[[[-44.622996791999995,-23.189747794],[-44.62079537500001,-23.190263718999994],[-44.624291823,-23.192313255],[-44.622996791999995,-23.189747794]]],[[[-44.57298046999999,-23.183626556000004],[-44.572648886,-23.187972810999995],[-44.577398387,-23.18943292399999],[-44.57667906399999,-23.184265173],[-44.57425401599999,-23.182857612999996],[-44.57298046999999,-23.183626556000004]]],[[[-44.656134989,-23.183447205],[-44.657668209,-23.18596059],[-44.656768791,-23.18794618799999],[-44.659139302,-23.188084647999997],[-44.659799647,-23.185694261000002],[-44.658377354,-23.183282623999997],[-44.659557161,-23.182071792999995],[-44.657736052999994,-23.181140041000003],[-44.656134989,-23.183447205]]],[[[-44.68505262499999,-23.182312767],[-44.68658259,-23.181989846999997],[-44.685652149,-23.181038668],[-44.68505262499999,-23.182312767]]],[[[-44.678566433,-23.180979237],[-44.678703685,-23.180762393],[-44.6784266,-23.180766758999997],[-44.678566433,-23.180979237]]],[[[-44.68192892999999,-23.17776017],[-44.682216921,-23.178789054999992],[-44.684387242,-23.178651727],[-44.683766809,-23.176986327999998],[-44.68192892999999,-23.17776017]]],[[[-44.63445700999999,-23.176462596999997],[-44.635080372,-23.176564151999994],[-44.63474896499999,-23.176049128],[-44.63445700999999,-23.176462596999997]]],[[[-44.679634096,-23.17493783100001],[-44.679314652,-23.175167316000003],[-44.68006186,-23.175546242999992],[-44.679634096,-23.17493783100001]]],[[[-44.633896313,-23.174741689999998],[-44.63522421599999,-23.174760427999995],[-44.634468844999994,-23.173995813000005],[-44.633896313,-23.174741689999998]]],[[[-44.68010385,-23.174076801000002],[-44.679461101,-23.172934972999997],[-44.67947092800001,-23.174055605999996],[-44.68010385,-23.174076801000002]]],[[[-44.678338309,-23.169509156],[-44.674154123,-23.170092545000006],[-44.678762712,-23.172293061],[-44.678338309,-23.169509156]]],[[[-44.661441389,-23.159167947000004],[-44.664127726,-23.163464690999998],[-44.66553102299999,-23.162929113],[-44.666185371,-23.16061245199999],[-44.663918867999996,-23.158900773999992],[-44.661441389,-23.159167947000004]]],[[[-44.683399425999994,-23.150840306999996],[-44.68290077799999,-23.155791027999992],[-44.681130563,-23.157445546],[-44.684584839,-23.157739157999995],[-44.68483994,-23.16021389899999],[-44.687883615,-23.162759296999997],[-44.688573316,-23.167873167],[-44.692187029,-23.169605460999993],[-44.690956553999996,-23.166429732999998],[-44.69544905099999,-23.160853645999996],[-44.69491804300001,-23.156167543000002],[-44.688990084,-23.154955887999996],[-44.685375705,-23.151021958999998],[-44.683399425999994,-23.150840306999996]]],[[[-44.676454601,-23.132589635999995],[-44.674776470999994,-23.131718729000003],[-44.67458645199999,-23.131843382999996],[-44.675353617,-23.133104662],[-44.676454601,-23.132589635999995]]],[[[-44.667267981,-23.131944692999998],[-44.667117034,-23.132063777],[-44.66729969499999,-23.132032186],[-44.667267981,-23.131944692999998]]],[[[-44.68420147199999,-23.129441448],[-44.685579996,-23.130709731],[-44.68736370599999,-23.13055402199999],[-44.685099320999996,-23.128364342000005],[-44.68420147199999,-23.129441448]]],[[[-44.679574649,-23.126449016999995],[-44.678425266,-23.124863316],[-44.677676106999996,-23.124713004],[-44.678377872,-23.126806711000004],[-44.679574649,-23.126449016999995]]],[[[-44.667965959,-23.123228812000004],[-44.667406487,-23.12180508899999],[-44.666316355999996,-23.121000333999994],[-44.667965959,-23.123228812000004]]],[[[-44.673219562,-23.111375954000003],[-44.67549172,-23.114185888],[-44.678203615,-23.114230803],[-44.67710025699999,-23.110898446],[-44.673219562,-23.111375954000003]]],[[[-44.68080653599999,-23.109361359],[-44.67951366599999,-23.108102489999997],[-44.678848816,-23.109583788],[-44.68080653599999,-23.109361359]]],[[[-44.689012505,-23.109799922999994],[-44.686986184999995,-23.106842592],[-44.68546084,-23.106458126999996],[-44.689012505,-23.109799922999994]]],[[[-44.67350489199999,-23.098708961999996],[-44.672317726,-23.097189407999995],[-44.66911941,-23.096872569999995],[-44.67130440099999,-23.098534424000007],[-44.67350489199999,-23.098708961999996]]],[[[-44.676279966,-23.095873991000005],[-44.676457517,-23.095777627999993],[-44.67596941899999,-23.095583773000005],[-44.676279966,-23.095873991000005]]],[[[-44.65791164099999,-23.093156424999997],[-44.658423725,-23.092912151999997],[-44.658035888,-23.092720736000004],[-44.65791164099999,-23.093156424999997]]],[[[-44.682516907,-23.086851384000003],[-44.684892514000005,-23.08861099],[-44.68413779099999,-23.086989401999993],[-44.682516907,-23.086851384000003]]],[[[-44.59287421700001,-23.085871168999997],[-44.59315419599999,-23.086880082],[-44.595800464,-23.088743963999995],[-44.594817821999996,-23.085336030999997],[-44.59287421700001,-23.085871168999997]]],[[[-44.557206658,-23.076601341000007],[-44.556325908999995,-23.076462365],[-44.556914952,-23.076999411000003],[-44.557206658,-23.076601341000007]]],[[[-44.638219977,-23.072074387999997],[-44.64423625999999,-23.075093007000003],[-44.644602469,-23.072102696000005],[-44.645893913,-23.072329029000002],[-44.64202411699999,-23.068102215],[-44.639708682999995,-23.069872635999996],[-44.635194517,-23.067651550999997],[-44.638219977,-23.072074387999997]]],[[[-44.58980888399999,-23.070319152999996],[-44.590326688,-23.070652488],[-44.589751585,-23.070027388000003],[-44.58980888399999,-23.070319152999996]]],[[[-44.630849484,-23.067802995000005],[-44.62946332,-23.070827313],[-44.631634024,-23.071990139999997],[-44.63163601,-23.070024663],[-44.633042257,-23.069378409],[-44.632322969,-23.067739479],[-44.630849484,-23.067802995000005]]],[[[-44.602619903,-23.066555270999995],[-44.602461889,-23.068887377999996],[-44.604563438999996,-23.067887836999997],[-44.602619903,-23.066555270999995]]],[[[-44.563944471,-23.06716459400001],[-44.56457596399999,-23.06811370499999],[-44.564788452,-23.067724141999996],[-44.563944471,-23.06716459400001]]],[[[-44.63743063999999,-23.066212754000002],[-44.637668695,-23.067302413],[-44.638169166,-23.066391054],[-44.63743063999999,-23.066212754000002]]],[[[-44.594622016,-23.066178737],[-44.596426964,-23.067124772],[-44.597111952,-23.066530024999995],[-44.59601998699999,-23.065322607999995],[-44.594622016,-23.066178737]]],[[[-44.616670858999996,-23.062356923],[-44.617216943,-23.061565577999996],[-44.61620813799999,-23.061436523999998],[-44.616670858999996,-23.062356923]]],[[[-44.626246204,-23.061265904],[-44.627278444999995,-23.062606912999996],[-44.629087763,-23.062702246999994],[-44.628544146,-23.06047175],[-44.626246204,-23.061265904]]],[[[-44.55599444399999,-23.054984065],[-44.551891571,-23.056890996999993],[-44.553666506,-23.058181247],[-44.55646520799999,-23.057985518000002],[-44.55702453199999,-23.06306071499999],[-44.55892077499999,-23.062725180999998],[-44.563897786999995,-23.066829241000004],[-44.564506792,-23.064477032999996],[-44.557660298,-23.056436668],[-44.55599444399999,-23.054984065]]],[[[-44.600455658,-23.055951466],[-44.606911579999995,-23.061435298999992],[-44.608714027,-23.064154151999997],[-44.60776989899999,-23.059872884999997],[-44.600455658,-23.055951466]]],[[[-44.660275483,-23.059383529000005],[-44.66003401999999,-23.058468887999993],[-44.65961521799999,-23.059417957000004],[-44.660275483,-23.059383529000005]]],[[[-44.619342715,-23.057996816],[-44.623277847,-23.06016879099999],[-44.62409955799999,-23.058925160999998],[-44.62289767299999,-23.056794409],[-44.619342715,-23.057996816]]],[[[-44.609018174999996,-23.05430416],[-44.61013775199999,-23.055095896999994],[-44.609134381,-23.053881097000005],[-44.609018174999996,-23.05430416]]],[[[-44.559465588,-23.052468846],[-44.560742859,-23.053176419000003],[-44.56320650799999,-23.052877354],[-44.56086165,-23.05127162699999],[-44.559465588,-23.052468846]]],[[[-44.545525656,-23.049677291000002],[-44.545816327,-23.048134045],[-44.544086127,-23.046851363000002],[-44.545525656,-23.049677291000002]]],[[[-44.544146111,-23.046411235],[-44.543775337,-23.045470292],[-44.543249725,-23.045284482999996],[-44.544146111,-23.046411235]]],[[[-44.492438223,-23.044156430999994],[-44.493075626999996,-23.043864106],[-44.49261554,-23.043594143000004],[-44.492438223,-23.044156430999994]]],[[[-44.515452034,-23.036063679999998],[-44.519178636,-23.038402578000003],[-44.520689690999994,-23.038517718],[-44.518447899,-23.035813379999993],[-44.515452034,-23.036063679999998]]],[[[-44.35649144399999,-23.21335805],[-44.360858465999996,-23.214346048999992],[-44.357046874999995,-23.212336377999996],[-44.35649144399999,-23.21335805]]],[[[-44.398916288,-23.098549095],[-44.39937990199999,-23.099748986999998],[-44.399980831,-23.099801685999996],[-44.398916288,-23.098549095]]],[[[-44.392338087,-23.067779672999997],[-44.394230535999995,-23.072429251000003],[-44.39606323899999,-23.071706852999995],[-44.395449352,-23.068761026000004],[-44.392338087,-23.067779672999997]]],[[[-44.410408176999994,-23.061694610999997],[-44.410394083,-23.063789306000007],[-44.41191462799999,-23.063906187],[-44.410408176999994,-23.061694610999997]]],[[[-44.40766538,-23.060483705],[-44.406649066,-23.059743616000002],[-44.407217333999995,-23.060872715000002],[-44.40766538,-23.060483705]]],[[[-44.405715918,-23.059060697],[-44.40625138099999,-23.059518317000002],[-44.40612614999999,-23.058948372],[-44.405715918,-23.059060697]]],[[[-44.412204947,-23.058911357999996],[-44.418416081,-23.061019979999998],[-44.419954713,-23.059099094999997],[-44.414723959999996,-23.056892243],[-44.412204947,-23.058911357999996]]],[[[-44.376684203,-23.057872837999998],[-44.376276958,-23.0584048],[-44.37664739,-23.058622813999992],[-44.376684203,-23.057872837999998]]],[[[-44.3776577,-23.057056327999998],[-44.377162178,-23.057244595],[-44.377594773,-23.057512267],[-44.3776577,-23.057056327999998]]],[[[-44.401959667999996,-23.055134207000005],[-44.4013978,-23.057221868999996],[-44.403996629999995,-23.058139978],[-44.404343154,-23.054927275],[-44.401959667999996,-23.055134207000005]]],[[[-44.376435537,-23.056197188000002],[-44.37710389,-23.055897757],[-44.376432023999996,-23.055764556999996],[-44.376435537,-23.056197188000002]]],[[[-44.412241339999994,-23.055558659999996],[-44.412476032,-23.055984266999996],[-44.412678367999995,-23.055779324999996],[-44.412241339999994,-23.055558659999996]]],[[[-44.420604364,-23.053608211999997],[-44.420922197,-23.053254413999998],[-44.42067565300001,-23.053212662999993],[-44.420604364,-23.053608211999997]]],[[[-44.371329518,-23.036964885000007],[-44.37165775,-23.040049939999996],[-44.369904236,-23.03900700599999],[-44.363987409,-23.041029664],[-44.361069512,-23.038941710000003],[-44.358860662,-23.039588009000003],[-44.35708795,-23.035181172],[-44.354946218,-23.037856188],[-44.35191250199999,-23.036955495000004],[-44.346687714,-23.039382891000002],[-44.349482172,-23.039331328000003],[-44.349778295,-23.042536996999996],[-44.347215468,-23.043256986000003],[-44.3503776,-23.047903811],[-44.34925152499999,-23.049204408999998],[-44.345988017,-23.048168658999998],[-44.344607507,-23.049363264999997],[-44.34675107899999,-23.051315817999996],[-44.34849719999999,-23.050505162999993],[-44.350585168,-23.051711064],[-44.351380791,-23.059454687999995],[-44.350681271,-23.06089936799999],[-44.345935934,-23.061667766999996],[-44.34611142399999,-23.063896068999995],[-44.34375678599999,-23.063687184999996],[-44.345684711,-23.068795200999997],[-44.34758526,-23.0685909],[-44.347569969999995,-23.064707972999997],[-44.351294511,-23.063707200999996],[-44.353961587,-23.066945861000004],[-44.359385926,-23.068111087999995],[-44.36029191,-23.070650151],[-44.362492096,-23.071649253],[-44.36251047299999,-23.068265218],[-44.35714214800001,-23.065154726],[-44.354907446,-23.065956298],[-44.35372213899999,-23.063378503],[-44.35593849199999,-23.060359137000006],[-44.358377264,-23.059450095999996],[-44.355701283,-23.055313408],[-44.35843966699999,-23.053517018999997],[-44.361936652,-23.046342824],[-44.36427483799999,-23.045445188999995],[-44.368179282,-23.046464087999997],[-44.374789586999995,-23.043868935999996],[-44.38135654599999,-23.046204543],[-44.38380904,-23.044262821],[-44.387071023,-23.046444064999992],[-44.39190651799999,-23.044744354999995],[-44.390747297,-23.042030943],[-44.38020013599999,-23.035495781000005],[-44.379990647,-23.033269277999995],[-44.37761530200001,-23.031537262999993],[-44.374110281,-23.031539596],[-44.37404965499999,-23.034946530000003],[-44.371329518,-23.036964885000007]]],[[[-44.482078192,-23.04016633],[-44.484550313999996,-23.044199152],[-44.488876575999996,-23.045536309999992],[-44.488196894999994,-23.046697961],[-44.491027392,-23.049097027],[-44.491490526,-23.052389518],[-44.492717931,-23.051803250999992],[-44.499063012,-23.054820380999995],[-44.50315059,-23.055035718999996],[-44.50355520499999,-23.052981263],[-44.499811543,-23.050126436999996],[-44.501892351,-23.04832394499999],[-44.497478469,-23.048136224],[-44.495295247,-23.046203123999994],[-44.493092832,-23.047012116],[-44.48451592,-23.040482607999994],[-44.482078192,-23.04016633]]],[[[-44.399557361,-23.046101131],[-44.39941304199999,-23.046659041999998],[-44.399744941,-23.046592022],[-44.399557361,-23.046101131]]],[[[-44.399357314999996,-23.045534454999995],[-44.399698160999996,-23.045353925999997],[-44.399441552999996,-23.04528302],[-44.399357314999996,-23.045534454999995]]],[[[-44.392625294,-23.039353069999997],[-44.391124853,-23.041341514],[-44.395123541,-23.04270907599999],[-44.395307257999995,-23.03929988599999],[-44.392625294,-23.039353069999997]]],[[[-44.34042190299999,-23.037491424],[-44.343076861,-23.039741773],[-44.343367658999995,-23.03830144399999],[-44.34042190299999,-23.037491424]]],[[[-44.397853446,-23.037281264999997],[-44.397817634,-23.037063509999996],[-44.397709253,-23.037117714],[-44.397853446,-23.037281264999997]]],[[[-44.397027806,-23.035164193999996],[-44.398640831,-23.036778347],[-44.400586156,-23.036725880999995],[-44.400279411,-23.034915877000003],[-44.397027806,-23.035164193999996]]],[[[-44.411476304,-23.034992301],[-44.41281976,-23.035058798999998],[-44.412656659999996,-23.033471353999992],[-44.41191523799999,-23.033406935],[-44.411476304,-23.034992301]]],[[[-44.38386742,-23.034055890999998],[-44.383593106,-23.033955771],[-44.38369089999999,-23.034142417],[-44.38386742,-23.034055890999998]]],[[[-44.444965236,-23.029700594000005],[-44.44777277699999,-23.034328162],[-44.450062865,-23.034170258999996],[-44.44598302299999,-23.028223655999994],[-44.444965236,-23.029700594000005]]],[[[-44.481914515999996,-23.030212032999998],[-44.480197582,-23.030278566999996],[-44.482946104,-23.031948895999996],[-44.481914515999996,-23.030212032999998]]],[[[-44.399608613,-23.027739036000003],[-44.401219901,-23.031994317],[-44.405187452999996,-23.032641741999996],[-44.40265257499999,-23.026352281999998],[-44.400416541,-23.025832954999995],[-44.399608613,-23.027739036000003]]],[[[-44.43556517999999,-23.025757650000003],[-44.436866778,-23.026180893],[-44.436703697999995,-23.024841285999994],[-44.43556517999999,-23.025757650000003]]],[[[-44.426027045,-23.015395556],[-44.425878986,-23.014692019],[-44.42568584600001,-23.015301333999997],[-44.426027045,-23.015395556]]],[[[-44.36342604399999,-23.014215500999995],[-44.363229835,-23.013956368999995],[-44.363090198,-23.014308241000002],[-44.36342604399999,-23.014215500999995]]],[[[-44.369330471,-23.011786112999996],[-44.369291014,-23.012457581],[-44.369640225,-23.01221533],[-44.369330471,-23.011786112999996]]],[[[-44.369706744,-23.010198615],[-44.36984509,-23.010491902000005],[-44.36999011399999,-23.010551194000005],[-44.369706744,-23.010198615]]],[[[-44.36379475299999,-23.009684867999997],[-44.363150733999994,-23.009993557],[-44.36413178099999,-23.010399425999992],[-44.36379475299999,-23.009684867999997]]],[[[-44.382762056,-23.006691576999998],[-44.383953609,-23.007210017999995],[-44.38410301099999,-23.006511968],[-44.382762056,-23.006691576999998]]],[[[-44.42255655999999,-23.003786968000004],[-44.42246462,-23.003097099],[-44.422129749,-23.003708216],[-44.42255655999999,-23.003786968000004]]],[[[-44.430878768999996,-23.001905009000005],[-44.432170991,-23.003771431],[-44.432187324000004,-23.001852447999998],[-44.430878768999996,-23.001905009000005]]],[[[-44.42336972999999,-23.002014600999996],[-44.42347225299999,-23.002403962],[-44.42368919799999,-23.002382664999995],[-44.42336972999999,-23.002014600999996]]],[[[-44.366205607,-22.999630121],[-44.365943117,-22.99995682500001],[-44.36622615699999,-22.999994089],[-44.366205607,-22.999630121]]],[[[-44.421539777999996,-22.994452740000007],[-44.423078796,-22.995352969],[-44.42205809299999,-22.994224803],[-44.421539777999996,-22.994452740000007]]],[[[-44.407834351,-22.994111051999997],[-44.40542849700001,-22.994260802],[-44.40692904499999,-22.996899547000005],[-44.408127549999996,-22.994802577999998],[-44.410451884,-22.994290971000005],[-44.409036664000006,-22.992415377999993],[-44.407834351,-22.994111051999997]]],[[[-44.40032083199999,-22.993891814999998],[-44.400320746000006,-22.993445042999998],[-44.399691783,-22.993770055000002],[-44.40032083199999,-22.993891814999998]]],[[[-44.35211503199999,-22.993537138],[-44.352722637999996,-22.992786150999997],[-44.352077494,-22.992807843],[-44.35211503199999,-22.993537138]]],[[[-44.400598298,-22.990306902],[-44.40118039299999,-22.992841723999998],[-44.404376973,-22.991448593999998],[-44.402604748,-22.989837738999995],[-44.400598298,-22.990306902]]],[[[-44.345276959,-22.990936107999996],[-44.345563728,-22.990400439000005],[-44.344924112,-22.990427238999995],[-44.345276959,-22.990936107999996]]],[[[-44.414198591,-22.985345723],[-44.41177110899999,-22.990445160999993],[-44.408928219,-22.989921999999996],[-44.410383241,-22.992750234999992],[-44.413386736999996,-22.993550816999996],[-44.413491189,-22.989721178],[-44.41592547599999,-22.988775081999997],[-44.416760225,-22.986519761999993],[-44.414198591,-22.985345723]]],[[[-44.362656074,-22.987510614999994],[-44.361690293,-22.985478672999996],[-44.358962605,-22.984199849000007],[-44.361025731999995,-22.986689016999996],[-44.362656074,-22.987510614999994]]],[[[-44.411224454999996,-22.984349918],[-44.413652174000006,-22.984502284999998],[-44.414082532,-22.984067244999995],[-44.41197379199999,-22.983474335],[-44.411224454999996,-22.984349918]]],[[[-44.351695803,-22.984203027],[-44.35750361,-22.987059809],[-44.35509835999999,-22.983401867999998],[-44.35002003099999,-22.980989904999994],[-44.351695803,-22.984203027]]],[[[-44.402852865,-22.976386292999997],[-44.397814268,-22.977872658],[-44.39861912399999,-22.979576949],[-44.39520753,-22.979450102000005],[-44.398669359,-22.982129079000007],[-44.3991157,-22.984870702],[-44.40151672599999,-22.981644852999995],[-44.405248242,-22.985027225],[-44.407495874,-22.982077583000002],[-44.40667643799999,-22.97953581499999],[-44.402852865,-22.976386292999997]]],[[[-44.407307983,-22.978053292999995],[-44.407999982,-22.977937382000004],[-44.407360911,-22.977845631999998],[-44.407307983,-22.978053292999995]]],[[[-44.348056782,-22.978229715000005],[-44.346800894,-22.975766665999995],[-44.344988032,-22.975255371999996],[-44.346383425999996,-22.977511579999998],[-44.348056782,-22.978229715000005]]],[[[-44.375605154999995,-22.975523091999996],[-44.376806949999995,-22.975471725999995],[-44.374808915,-22.974101887999993],[-44.375605154999995,-22.975523091999996]]],[[[-44.391566181,-22.974796682999994],[-44.39140542,-22.974644879000003],[-44.391265269,-22.974754937],[-44.391566181,-22.974796682999994]]],[[[-44.431698958,-22.975400632999996],[-44.431616308,-22.973925314000002],[-44.430565805,-22.974584518],[-44.431698958,-22.975400632999996]]],[[[-44.39065756,-22.972992163999994],[-44.389306498,-22.971547113999996],[-44.387273719999996,-22.971934792],[-44.38882228199999,-22.973870342999994],[-44.39065756,-22.972992163999994]]],[[[-44.41474740299999,-22.970291743999994],[-44.42114762599999,-22.973676455999996],[-44.423478472,-22.973938075999996],[-44.425324813,-22.972126658999994],[-44.423555674,-22.969112680000002],[-44.41916467,-22.969335534999995],[-44.417352177999994,-22.966995222000005],[-44.415727778,-22.966949648999996],[-44.414338572,-22.968448628000008],[-44.41474740299999,-22.970291743999994]]],[[[-44.37239206999999,-22.970549519],[-44.368947324,-22.966638321999994],[-44.367795369,-22.967187795],[-44.368656484,-22.969218093],[-44.37239206999999,-22.970549519]]],[[[-44.363945433,-22.965223873],[-44.363961849,-22.963631463999995],[-44.36311053899999,-22.963778565],[-44.363945433,-22.965223873]]],[[[-44.406346288,-22.962289345000002],[-44.408107201,-22.963255733999993],[-44.40873286499999,-22.96243847299999],[-44.406346288,-22.962289345000002]]],[[[-44.347255041,-22.963870213],[-44.347856432,-22.963092527999997],[-44.351235102000004,-22.964815342999998],[-44.352086216,-22.962775711],[-44.345595077,-22.959784605999992],[-44.345182726999994,-22.96215127],[-44.347255041,-22.963870213]]],[[[-44.344213898999996,-22.962101643],[-44.34210285599999,-22.960048662],[-44.341384905999995,-22.960488436999995],[-44.342610821,-22.962344631],[-44.344213898999996,-22.962101643]]],[[[-44.398313565,-22.959056659],[-44.398454999,-22.956488332999996],[-44.397440276,-22.956683251],[-44.398313565,-22.959056659]]],[[[-44.351103855999995,-22.953046349999997],[-44.35342262099999,-22.955101671999998],[-44.3515235,-22.952739383999994],[-44.351103855999995,-22.953046349999997]]],[[[-44.400508983,-22.951547311],[-44.399009961999994,-22.95129442199999],[-44.400257239999995,-22.952579937],[-44.400508983,-22.951547311]]],[[[-44.368677649,-22.946812033000004],[-44.368504522,-22.947120259],[-44.368862318999994,-22.94709900199999],[-44.368677649,-22.946812033000004]]],[[[-44.368653236,-22.946332093],[-44.369655877,-22.947154660999992],[-44.368773076,-22.945531913],[-44.368653236,-22.946332093]]],[[[-44.410536031999996,-22.946118672000004],[-44.410735919,-22.946197071999997],[-44.41061376599999,-22.946036862999993],[-44.410536031999996,-22.946118672000004]]],[[[-44.410939507,-22.945716444],[-44.410721112,-22.946040271],[-44.410958015,-22.946033453999995],[-44.410939507,-22.945716444]]],[[[-44.410077032,-22.945273308999997],[-44.409751289999996,-22.944946071000007],[-44.409873442999995,-22.945099463999995],[-44.409928968,-22.94528694399999],[-44.410077032,-22.945273308999997]]],[[[-44.36948609899999,-22.944019674999993],[-44.36881448999999,-22.944160406999995],[-44.368958026,-22.944371298999993],[-44.36948609899999,-22.944019674999993]]],[[[-44.370078002999996,-22.943257219999992],[-44.36836772,-22.942562096],[-44.368609554,-22.943834548000005],[-44.370078002999996,-22.943257219999992]]],[[[-44.368730832,-22.940822169999997],[-44.36871112099999,-22.941860329999997],[-44.369681552,-22.942438441],[-44.36999761799999,-22.941131676],[-44.368730832,-22.940822169999997]]],[[[-44.34865553,-22.932418129999995],[-44.348984797,-22.932385497000002],[-44.348637518,-22.932206899999994],[-44.34865553,-22.932418129999995]]],[[[-44.345615377,-22.931817556999988],[-44.347500118,-22.931484040999997],[-44.346003399999994,-22.930399683999998],[-44.345615377,-22.931817556999988]]],[[[-44.152946922999995,-23.214286708999996],[-44.149129202,-23.217180073999998],[-44.150962848,-23.220845985999997],[-44.148455851,-23.222136683000002],[-44.148766961999996,-23.223110310999996],[-44.155742376,-23.2244045],[-44.160263299,-23.227649960999997],[-44.160835115999994,-23.226078596999997],[-44.162312128,-23.226393564999995],[-44.162150065,-23.222768484999996],[-44.15864791,-23.221277816],[-44.156565064999995,-23.222785910999992],[-44.153358158,-23.220442203999998],[-44.155100654,-23.215732786],[-44.152946922999995,-23.214286708999996]]],[[[-44.17973179,-23.18398929],[-44.180297280000005,-23.183066987],[-44.17911717,-23.183206807999998],[-44.17973179,-23.18398929]]],[[[-44.183335502,-23.184007512],[-44.18256092,-23.183058510000002],[-44.182039086,-23.183175759999994],[-44.183335502,-23.184007512]]],[[[-44.230043367,-23.075578372999995],[-44.228741066000005,-23.077485013],[-44.231889879,-23.079199268000004],[-44.232733059,-23.082195595000005],[-44.235102732,-23.084052046999997],[-44.234939321999995,-23.085626864000005],[-44.23318539499999,-23.086359358999996],[-44.235286538,-23.087692577000002],[-44.233560077,-23.090599574999995],[-44.226868563,-23.089322523000007],[-44.21630676499999,-23.089802169999995],[-44.21357136599999,-23.09218398499999],[-44.211082610999995,-23.091498564],[-44.211199463999996,-23.093106001999992],[-44.209194839999995,-23.092259851999998],[-44.210774596,-23.098835655000002],[-44.20220866499999,-23.097234799],[-44.19617904199999,-23.098300771],[-44.194385693,-23.099188750000007],[-44.19611772799999,-23.101235491000004],[-44.194883275,-23.103899042000002],[-44.189937134,-23.102716787],[-44.190870884,-23.104351113999996],[-44.193114603999994,-23.103823545999997],[-44.199503483,-23.108892125000004],[-44.201969422,-23.108302598000005],[-44.20007631899999,-23.106319493999997],[-44.200545536999996,-23.105175869],[-44.206913738,-23.103297423000004],[-44.208806622999994,-23.104294604999993],[-44.212347513999994,-23.103512272999996],[-44.218033563000006,-23.105746449000005],[-44.217744645,-23.109233342000003],[-44.212819099,-23.11147713899999],[-44.20890071,-23.111483526999994],[-44.208393064,-23.107731689999994],[-44.206284280999995,-23.108092494000005],[-44.201700396,-23.119692414999996],[-44.19730398,-23.121724670999992],[-44.193608716,-23.119387664999998],[-44.18944153599999,-23.121814261999997],[-44.186159609,-23.121045809999995],[-44.184483933,-23.118721117999993],[-44.17636058899999,-23.117107479],[-44.170402732,-23.117931379999998],[-44.168830633999995,-23.120492841999994],[-44.170174879,-23.123900958],[-44.172444873,-23.125055453999995],[-44.172620154,-23.128672326999993],[-44.169279605,-23.132482170000003],[-44.170129441,-23.13724352699999],[-44.164427095,-23.141905818999998],[-44.161883507,-23.142004994999997],[-44.161296824,-23.140610034999998],[-44.15522993199999,-23.138558722],[-44.157955877999996,-23.135196381999993],[-44.156413805,-23.133567306],[-44.154786817,-23.133449736],[-44.153911681,-23.135594666000006],[-44.151112119,-23.134345429999993],[-44.151331467,-23.131752906],[-44.146917859999995,-23.12871706499999],[-44.14804262599999,-23.124913385999996],[-44.14027355299999,-23.121608682999994],[-44.13370801000001,-23.121602193999998],[-44.126659845,-23.119560286000002],[-44.12425581899999,-23.124901712],[-44.12924250399999,-23.12668329],[-44.13574212399999,-23.136023679],[-44.140471156,-23.138930459],[-44.14016295199999,-23.143485448999996],[-44.13822236899999,-23.14638027599999],[-44.13443838599999,-23.144849493000002],[-44.132744224999996,-23.145388967999995],[-44.137960813999996,-23.151015858],[-44.138569634,-23.153743289999998],[-44.14105826200001,-23.155749210000003],[-44.14072222099999,-23.157341480999996],[-44.137697647,-23.159669798000003],[-44.135136470999996,-23.157615647999997],[-44.13242968,-23.157640874999988],[-44.12819875299999,-23.154036705999992],[-44.126426978999994,-23.155708991999994],[-44.122891913,-23.153001562],[-44.120594816,-23.153023954000002],[-44.116901597,-23.148427194],[-44.11414977599999,-23.148216819000005],[-44.114252093,-23.150930545000005],[-44.117152406,-23.153335799],[-44.11702746499999,-23.15464158599999],[-44.114101742,-23.155868075],[-44.114324312,-23.157634047000005],[-44.11248956099999,-23.15963697100001],[-44.107412086,-23.161888132],[-44.107480621,-23.164906362000004],[-44.09716139999999,-23.163840901],[-44.096192011,-23.165701893999998],[-44.091039996999996,-23.166090738],[-44.091328325,-23.168527737999998],[-44.09467432499999,-23.171861119999996],[-44.094502928999994,-23.174753449000004],[-44.108795911,-23.17853987499999],[-44.11377047999999,-23.184260689999995],[-44.117742142999994,-23.18590012],[-44.124210346999995,-23.184536733],[-44.131781866999994,-23.187501257999998],[-44.128785107,-23.183006952999996],[-44.12287499,-23.179279259999998],[-44.125578824,-23.173307373999993],[-44.13537663299999,-23.167815031],[-44.13996066,-23.167027170999997],[-44.14409619799999,-23.168863289999997],[-44.146340412,-23.168199020999992],[-44.152800916,-23.170934800000005],[-44.158602443,-23.171489073000004],[-44.16020663999999,-23.174051708000004],[-44.164626811999995,-23.174850022],[-44.164649711,-23.177498161],[-44.163571407999996,-23.177499528],[-44.167021557999995,-23.178667340000004],[-44.169242882,-23.181904432999996],[-44.167412053,-23.183118602000004],[-44.170865345,-23.184768833],[-44.172153968,-23.181579192999994],[-44.175246369,-23.181785713999997],[-44.177755780999995,-23.179666213],[-44.184816273,-23.179841852999992],[-44.189114685999996,-23.183578447000002],[-44.18998632,-23.18885747],[-44.18672862,-23.190744481999996],[-44.181901005,-23.191081072],[-44.181782223999996,-23.194093226999996],[-44.18425560199999,-23.196730441000003],[-44.192680407999994,-23.198672923000004],[-44.192543885999996,-23.201612343000004],[-44.19638786899999,-23.203734157],[-44.197470327,-23.196709488],[-44.206044151,-23.194851407999998],[-44.207037297,-23.192479761],[-44.219870141,-23.194894483999995],[-44.223506680999996,-23.197068290000004],[-44.22664652,-23.195736730999997],[-44.229549733999995,-23.196953266999998],[-44.231545318,-23.199870526],[-44.241728452,-23.201228417999992],[-44.244868993,-23.199988370000007],[-44.249090468999995,-23.202494873999996],[-44.247794252,-23.203604120999994],[-44.253197537000005,-23.205510680999996],[-44.25672915799999,-23.204303824999993],[-44.258137175,-23.202132100999997],[-44.25768656599999,-23.199608930000004],[-44.25371858100001,-23.199673027],[-44.250712455,-23.196715043],[-44.251014783,-23.193015716999994],[-44.253479707,-23.189281395],[-44.25663499299999,-23.188915845],[-44.262326662,-23.192475036],[-44.263882439999996,-23.191683878],[-44.27094061799999,-23.197162935000005],[-44.266525316,-23.191895466000002],[-44.265573448,-23.187426938999998],[-44.266451562,-23.185642479000002],[-44.27033548399999,-23.183825265],[-44.27004922,-23.180770177],[-44.281386906,-23.177505877999995],[-44.283928116,-23.177480316000004],[-44.287061687,-23.179457074000002],[-44.287102442,-23.177120077],[-44.288412251,-23.176576236000002],[-44.29896196499999,-23.177327216],[-44.311327614999996,-23.180469299000006],[-44.31605179099999,-23.183971830000004],[-44.31756237199999,-23.189304694],[-44.314932552,-23.190700372999988],[-44.32301176699999,-23.201532959000005],[-44.322275125999994,-23.202821412],[-44.329072209,-23.207069581000003],[-44.33364702499999,-23.214901248000007],[-44.33339387299999,-23.223617008999998],[-44.337885457,-23.223260122],[-44.348321884,-23.226957058],[-44.342835162,-23.220509509],[-44.339801485,-23.219180310000002],[-44.34084035899999,-23.217482256000007],[-44.34483694199999,-23.218535976000002],[-44.346313702,-23.218076262999997],[-44.346227151,-23.216653292999997],[-44.351181065999995,-23.216898491000002],[-44.34971812399999,-23.215793791],[-44.35120268599999,-23.214195926999995],[-44.349560634999996,-23.20565703100001],[-44.342334891,-23.196507322000002],[-44.342647144,-23.194642193999996],[-44.33947124499999,-23.190281162],[-44.33980431599999,-23.187416792],[-44.342398093,-23.186193039000003],[-44.340614341999995,-23.182469722],[-44.345599850999996,-23.18064378],[-44.348171744,-23.185932468],[-44.351153722999996,-23.185190277],[-44.35516866099999,-23.191134414000004],[-44.357546991999996,-23.191600592],[-44.359238697,-23.183915880999997],[-44.362567415,-23.182767810999998],[-44.362011842,-23.178847752999992],[-44.366637059999995,-23.180238465],[-44.36761617999999,-23.181836048999998],[-44.370293882999995,-23.181345352999998],[-44.371260168999996,-23.18376332],[-44.374288877,-23.182379972000003],[-44.37424406,-23.178936595],[-44.376859958999994,-23.179518311],[-44.378017771,-23.177569452],[-44.377131865,-23.175733384],[-44.37856379099999,-23.175045723],[-44.376945346999996,-23.171485514000004],[-44.369244816999995,-23.166851753],[-44.36823036599999,-23.16487195399999],[-44.363646444,-23.166146115000004],[-44.358168394,-23.164254273000008],[-44.35491226599999,-23.159606555],[-44.351026282,-23.159544814],[-44.350356956999995,-23.161124577999995],[-44.348682528999994,-23.161220306999997],[-44.344603608,-23.156202211999993],[-44.339966731,-23.153468703999998],[-44.33439904299999,-23.156321152000004],[-44.325393395999996,-23.154351726999995],[-44.32007251899999,-23.143676552],[-44.321208893999994,-23.141577632999997],[-44.323895908,-23.141670445],[-44.32413051399999,-23.140171325999997],[-44.327667988,-23.137980249000005],[-44.324315312,-23.13751239999999],[-44.323644332,-23.139719792000005],[-44.322346508,-23.139832959999996],[-44.320666104,-23.138815099],[-44.32039150300001,-23.136722275999993],[-44.316549417999994,-23.135265111999995],[-44.31367160199999,-23.136055398000003],[-44.312714843,-23.138062633999997],[-44.31103100000001,-23.137608029000003],[-44.310345269,-23.136691002000003],[-44.31382453599999,-23.133215462999996],[-44.311345386,-23.127675136],[-44.306161720000006,-23.121184838],[-44.297345805999996,-23.117561973],[-44.295199837999995,-23.113980943000005],[-44.294007184,-23.115395859],[-44.294033465999995,-23.122486094000003],[-44.29728260699999,-23.131392019],[-44.29399034099999,-23.133350555999993],[-44.290795339999995,-23.131718191999997],[-44.291605671999996,-23.135432409999996],[-44.29021496,-23.137344211000002],[-44.286711735999994,-23.136082350999988],[-44.28294230699999,-23.136619125999992],[-44.282023358000004,-23.134690937999995],[-44.284224224,-23.132675683999995],[-44.282958762999996,-23.130456086999995],[-44.28046683,-23.129934567999992],[-44.27960435,-23.125659849999995],[-44.27683313099999,-23.126157013],[-44.27231385099999,-23.122416949],[-44.275481831,-23.117190602],[-44.2733718,-23.116504246],[-44.272621324999996,-23.117432889000003],[-44.265047095,-23.114848872999993],[-44.26435757699999,-23.115699136],[-44.26194337,-23.114156691000005],[-44.258657787,-23.11579759],[-44.25737275,-23.114334562],[-44.258422732999996,-23.111345902999997],[-44.255742969,-23.112006970000003],[-44.24990710899999,-23.109995036999997],[-44.248532471,-23.10227041],[-44.25130182899999,-23.099781373000003],[-44.25832058,-23.100334635],[-44.25923585799999,-23.098701869999996],[-44.25539398499999,-23.098785032000006],[-44.237744872,-23.092785817],[-44.23850421099999,-23.086389766],[-44.23506366,-23.082818802000006],[-44.240777865,-23.081011576],[-44.237304492,-23.079874562999997],[-44.23664036099999,-23.076385456999997],[-44.230043367,-23.075578372999995]]],[[[-44.16750644500001,-23.137450622],[-44.167439362,-23.137842731000003],[-44.167752711,-23.137708221000004],[-44.16750644500001,-23.137450622]]],[[[-44.16624279399999,-23.135304693999995],[-44.167327239,-23.136800907999998],[-44.167289258,-23.135091206],[-44.16624279399999,-23.135304693999995]]],[[[-44.14982149499999,-23.125915432000003],[-44.151311119,-23.126293029],[-44.14984016300001,-23.125522729999997],[-44.14982149499999,-23.125915432000003]]],[[[-44.14065157299999,-23.119357591],[-44.14014327499999,-23.119519548999993],[-44.140857246,-23.119737061999995],[-44.14065157299999,-23.119357591]]],[[[-44.167306004,-23.115396355000005],[-44.165671059,-23.114410307000004],[-44.164565804999995,-23.114449251],[-44.167306004,-23.115396355000005]]],[[[-44.141479686,-23.107292286],[-44.141450676,-23.107117438000003],[-44.141392186,-23.10712409499999],[-44.141479686,-23.107292286]]],[[[-44.141020123,-23.106552167999997],[-44.139419824,-23.10609316],[-44.141041946,-23.106632875999992],[-44.141020123,-23.106552167999997]]],[[[-44.309957033,-23.091464426],[-44.30928054099999,-23.09056655199999],[-44.309108876,-23.091269051999998],[-44.309957033,-23.091464426]]],[[[-44.240373517,-23.085425822],[-44.241007186999994,-23.086874044],[-44.24136158999999,-23.086775673],[-44.240373517,-23.085425822]]],[[[-44.215868588,-23.086060852000003],[-44.215054119,-23.085858802999994],[-44.215361749,-23.086400578000003],[-44.215868588,-23.086060852000003]]],[[[-44.311915782,-23.086815905999998],[-44.31198015,-23.084998319999997],[-44.31014217,-23.085172013999998],[-44.311915782,-23.086815905999998]]],[[[-44.33037646199999,-23.08736315],[-44.332586112,-23.086409695],[-44.332536226,-23.08491488199999],[-44.329296551,-23.083233880000005],[-44.33037646199999,-23.08736315]]],[[[-44.24033369099999,-23.085178749000004],[-44.240306114,-23.085042253000005],[-44.240203869999995,-23.085078474000003],[-44.24033369099999,-23.085178749000004]]],[[[-44.243769658,-23.083646010999995],[-44.239805482,-23.08440214],[-44.244098948,-23.084275365999993],[-44.243769658,-23.083646010999995]]],[[[-44.240664943,-23.083732794999996],[-44.241066893,-23.083829133],[-44.24065425399999,-23.083617358999994],[-44.240664943,-23.083732794999996]]],[[[-44.230128661,-23.083680299999997],[-44.22878975799999,-23.082723007],[-44.228236891,-23.083007064],[-44.230128661,-23.083680299999997]]],[[[-44.240107476,-23.077834679],[-44.241240898,-23.077440042],[-44.239967084,-23.077275881000002],[-44.240107476,-23.077834679]]],[[[-44.228313974,-23.077482915000004],[-44.227050065,-23.077571623],[-44.228257001,-23.077870452999992],[-44.228313974,-23.077482915000004]]],[[[-44.251908549999996,-23.071788888000004],[-44.255014447,-23.070511046999997],[-44.250583844,-23.070227779999993],[-44.251908549999996,-23.071788888000004]]],[[[-44.31639771799999,-23.064519914999998],[-44.315357855,-23.064556335999992],[-44.31630830499999,-23.064869517],[-44.31639771799999,-23.064519914999998]]],[[[-44.33827793999999,-23.06140571999999],[-44.33874080999999,-23.061594036000002],[-44.33854754299999,-23.061339897999993],[-44.33827793999999,-23.06140571999999]]],[[[-44.309050626,-23.058944508999996],[-44.309629584,-23.06071612],[-44.313279473,-23.060228792],[-44.31632508399999,-23.062926205],[-44.319225847,-23.061737403999995],[-44.317772654,-23.059238855999997],[-44.313587146,-23.057186709],[-44.309050626,-23.058944508999996]]],[[[-44.32987223699999,-23.056268354999997],[-44.330586499,-23.055428444999993],[-44.329224546999995,-23.055214388999996],[-44.32987223699999,-23.056268354999997]]],[[[-44.329113549999995,-23.055431218999995],[-44.32810628199999,-23.054838770999996],[-44.328888852999995,-23.056038480000005],[-44.329113549999995,-23.055431218999995]]],[[[-44.333156329,-23.055678269],[-44.33272290199999,-23.054704513],[-44.332467774,-23.055060081000004],[-44.333156329,-23.055678269]]],[[[-44.312687135,-23.053094074],[-44.31691950799999,-23.055809264999997],[-44.317912801,-23.054016704],[-44.312687135,-23.053094074]]],[[[-44.268541748,-23.053477002999987],[-44.26907492,-23.054573879999992],[-44.269082154,-23.053757726],[-44.268541748,-23.053477002999987]]],[[[-44.332332544,-23.053385461999998],[-44.333580360999996,-23.054636182999992],[-44.33456636299999,-23.054310216999994],[-44.333716216999996,-23.052975141],[-44.332332544,-23.053385461999998]]],[[[-44.30869050799999,-23.05028426599999],[-44.308320576,-23.051145998],[-44.30912310299999,-23.05072821],[-44.30869050799999,-23.05028426599999]]],[[[-44.13876330699999,-23.043760289],[-44.139454437999994,-23.042523115000005],[-44.136665738,-23.040446368999998],[-44.136089705,-23.043602475999997],[-44.13876330699999,-23.043760289]]],[[[-44.15902621899999,-23.036791161999993],[-44.158114172999994,-23.040939456000004],[-44.15903335499999,-23.04200837299999],[-44.162077158,-23.040059567999997],[-44.160266638,-23.036927442000003],[-44.15902621899999,-23.036791161999993]]],[[[-44.13056397399999,-23.039827451],[-44.129405128,-23.035988631000002],[-44.125070189999995,-23.037546604999992],[-44.12321361,-23.039733835],[-44.12472691399999,-23.041272232999997],[-44.129308372,-23.042199538999995],[-44.13056397399999,-23.039827451]]],[[[-44.298665241,-23.038349477],[-44.298332218,-23.038835666],[-44.298455246,-23.038962234999993],[-44.298665241,-23.038349477]]],[[[-44.298644537,-23.037721956999995],[-44.29833652199999,-23.037744899999996],[-44.298457194,-23.037970906],[-44.298644537,-23.037721956999995]]],[[[-44.27911225799999,-23.035520402999996],[-44.280123387,-23.035813122],[-44.280376649,-23.034217904000005],[-44.279661651,-23.033985085000005],[-44.27911225799999,-23.035520402999996]]],[[[-44.28326497799999,-23.033892876],[-44.284449522,-23.033919725999993],[-44.284160774,-23.033274903],[-44.28326497799999,-23.033892876]]],[[[-44.29706353499999,-23.032412341999997],[-44.29640536099999,-23.031097145],[-44.296151013999996,-23.030918088999996],[-44.29706353499999,-23.032412341999997]]],[[[-44.327217188999995,-23.029573183],[-44.32658510899999,-23.028566232999992],[-44.32708126699999,-23.029718763],[-44.327217188999995,-23.029573183]]],[[[-44.280666974999995,-23.026911404999996],[-44.28104001199999,-23.027091424000005],[-44.280838135,-23.026691901999992],[-44.280666974999995,-23.026911404999996]]],[[[-44.32921907899999,-23.026847282],[-44.331662681,-23.02823701599999],[-44.333881473999995,-23.026539582999998],[-44.33273015699999,-23.025525244],[-44.32921907899999,-23.026847282]]],[[[-44.285911070999994,-23.025901757999996],[-44.287213567,-23.027783806000002],[-44.28802591,-23.026132798],[-44.285911070999994,-23.025901757999996]]],[[[-44.27990536699999,-23.026794365999994],[-44.27823541299999,-23.025315021],[-44.27964088,-23.027417006999997],[-44.27990536699999,-23.026794365999994]]],[[[-44.285033329,-23.026255502999994],[-44.285600712999994,-23.026116456000004],[-44.284898996,-23.025940208],[-44.285033329,-23.026255502999994]]],[[[-44.30981393,-23.027490905999997],[-44.310122322999995,-23.025331458999997],[-44.310430618999995,-23.024690921],[-44.309157886,-23.025505261000003],[-44.30981393,-23.027490905999997]]],[[[-44.284367898,-23.024379342999996],[-44.284718195,-23.026390408],[-44.284899115,-23.024425581999996],[-44.284367898,-23.024379342999996]]],[[[-44.269466212,-23.024706433999995],[-44.26889393599999,-23.024319920999993],[-44.269374435,-23.025219174999997],[-44.269466212,-23.024706433999995]]],[[[-44.332081084,-23.023605229000005],[-44.33124420299999,-23.023181850999993],[-44.331919637,-23.023736362000005],[-44.332081084,-23.023605229000005]]],[[[-44.319893560999994,-23.019953145000006],[-44.31857481699999,-23.018729828],[-44.319293107,-23.020140914000002],[-44.319893560999994,-23.019953145000006]]],[[[-44.276231711,-23.017845459000004],[-44.27716743,-23.017788716999988],[-44.27713315,-23.017402433000004],[-44.276231711,-23.017845459000004]]],[[[-44.321434693,-23.017387384999996],[-44.320777359999994,-23.016816389000002],[-44.321109724,-23.01753014],[-44.321434693,-23.017387384999996]]],[[[-44.26732521099999,-23.013648584999995],[-44.268793505,-23.014803537],[-44.269254623,-23.014458324999996],[-44.26732521099999,-23.013648584999995]]],[[[-44.30150761,-23.008884851999998],[-44.302513427,-23.010278305999996],[-44.302101718,-23.008152966999994],[-44.30150761,-23.008884851999998]]],[[[-44.30884813000001,-23.009774624000002],[-44.30905924199999,-23.008035624000005],[-44.307448069,-23.007744225999996],[-44.30884813000001,-23.009774624000002]]],[[[-44.341256784,-22.986676967],[-44.342118705,-22.985671492],[-44.340990171,-22.985235092],[-44.340814091,-22.98588779],[-44.341256784,-22.986676967]]],[[[-44.33496397,-22.981854201999994],[-44.33590472099999,-22.9817254],[-44.335060457,-22.981325668999997],[-44.33496397,-22.981854201999994]]],[[[-44.330378983,-22.980558322],[-44.32980162,-22.978395613999997],[-44.329149342,-22.978325654000002],[-44.330378983,-22.980558322]]],[[[-44.341031925,-22.979458952000005],[-44.341471911,-22.976423608999994],[-44.340189597,-22.975545119999996],[-44.339758157999995,-22.978681019999996],[-44.341031925,-22.979458952000005]]],[[[-44.327664576,-22.972107703],[-44.329024738,-22.972584819999998],[-44.32911813199999,-22.972257156999994],[-44.327664576,-22.972107703]]],[[[-44.314909711,-22.969324333],[-44.316392073,-22.969289621],[-44.314995847,-22.968869149000007],[-44.314909711,-22.969324333]]],[[[-44.312489060999994,-22.967489527999998],[-44.311901234,-22.966416418999998],[-44.311537561,-22.967130269999995],[-44.312489060999994,-22.967489527999998]]],[[[-44.319394978999995,-22.966714261000003],[-44.31777761,-22.965885529],[-44.316698771999995,-22.966392200000005],[-44.318545736,-22.967629649000003],[-44.319394978999995,-22.966714261000003]]],[[[-44.34210806699999,-22.962722999000004],[-44.340611033,-22.963150765000005],[-44.342392006,-22.963859026],[-44.34210806699999,-22.962722999000004]]],[[[-44.32001615800001,-22.961554165999992],[-44.32134945,-22.962645266999996],[-44.321741106,-22.96024649299999],[-44.320585217,-22.959963043999995],[-44.32001615800001,-22.961554165999992]]],[[[-44.334584542,-22.953664793000005],[-44.338653132,-22.95498401099999],[-44.33633038599999,-22.950773274999996],[-44.336404543,-22.947746027999994],[-44.33504233299999,-22.947446191],[-44.334584542,-22.953664793000005]]],[[[-44.33642785199999,-22.946723576],[-44.33598229,-22.946899421000005],[-44.33631790799999,-22.947117893999998],[-44.33642785199999,-22.946723576]]],[[[-44.33647068999999,-22.936418141],[-44.337672363,-22.94051587199999],[-44.343035865999994,-22.942682861],[-44.344883186,-22.938295288999996],[-44.343009302,-22.938051745],[-44.33928170299999,-22.934470311],[-44.33647068999999,-22.936418141]]],[[[-44.333942012,-22.928157539],[-44.333784462,-22.928716141],[-44.33395529599999,-22.928606917000003],[-44.333942012,-22.928157539]]],[[[-44.33162763499999,-22.927867454999998],[-44.331381657,-22.928387067000003],[-44.332033217,-22.928821112999998],[-44.33162763499999,-22.927867454999998]]],[[[-44.332284075,-22.928485156],[-44.333534848,-22.927039156000003],[-44.331398478,-22.925861791000003],[-44.332284075,-22.928485156]]],[[[-44.094228999,-23.174860460000005],[-44.094382976,-23.175155204000003],[-44.094421692999994,-23.17487735499999],[-44.094228999,-23.174860460000005]]],[[[-44.091389875,-23.174132612999998],[-44.092916257999995,-23.173433430999996],[-44.090812032,-23.173114785999996],[-44.091389875,-23.174132612999998]]],[[[-44.121109325,-23.147616754000005],[-44.120488533999996,-23.147853064999996],[-44.12097957999999,-23.148172264999996],[-44.121109325,-23.147616754000005]]],[[[-44.107913697,-23.143105877999997],[-44.108699898999994,-23.143272222],[-44.108273492,-23.142934173],[-44.107913697,-23.143105877999997]]],[[[-44.104034326,-23.137167370999997],[-44.10900304,-23.142491097],[-44.110076663,-23.142429509999996],[-44.109164495,-23.138693468],[-44.104034326,-23.137167370999997]]],[[[-44.10302848599999,-23.138405174],[-44.10345479099999,-23.138433757999998],[-44.10299057699999,-23.138307109999996],[-44.10302848599999,-23.138405174]]],[[[-44.118384894,-23.098991514000005],[-44.12112368399999,-23.100597079000003],[-44.119392135999995,-23.098500325000003],[-44.118384894,-23.098991514000005]]],[[[-44.01121782199999,-23.08698199499999],[-44.012038954,-23.086286760999993],[-44.01053224199999,-23.085375479999993],[-44.01121782199999,-23.08698199499999]]],[[[-44.11181619,-23.037896753999995],[-44.111812657,-23.038780092999993],[-44.112335026,-23.03812879],[-44.11181619,-23.037896753999995]]],[[[-44.113022265,-23.037205891],[-44.11224554299999,-23.036739501],[-44.11233502099999,-23.037455053000002],[-44.113022265,-23.037205891]]],[[[-44.110407716999994,-23.025479909000005],[-44.11047919999999,-23.025967409],[-44.110792471,-23.025753661000003],[-44.110407716999994,-23.025479909000005]]],[[[-44.110469673,-23.024610856000002],[-44.11027437399999,-23.024886737],[-44.110574136,-23.024773877],[-44.110469673,-23.024610856000002]]],[[[-43.953408716999995,-23.022427351],[-43.950987874999996,-23.025522876999997],[-43.95294518499999,-23.026161921999996],[-43.95421116199999,-23.024962819000002],[-43.95345810599999,-23.023667570000004],[-43.95492172899999,-23.023451609999995],[-43.953408716999995,-23.022427351]]],[[[-44.108848232999996,-23.023256519],[-44.10893907,-23.023528224],[-44.109034449,-23.023335940999996],[-44.108848232999996,-23.023256519]]],[[[-44.110972507999996,-23.023376058000004],[-44.109489669999995,-23.022451021999995],[-44.110105155,-23.023928727],[-44.110972507999996,-23.023376058000004]]],[[[-43.94394771999999,-23.020192221999988],[-43.945261380999995,-23.024437738],[-43.94787275499999,-23.024451301000003],[-43.945145542999995,-23.020173640000003],[-43.94394771999999,-23.020192221999988]]],[[[-43.943159285,-23.018871946999997],[-43.94464514,-23.01917007],[-43.943355821,-23.018400204],[-43.943159285,-23.018871946999997]]],[[[-43.940596677,-23.016144625999992],[-43.940109238,-23.016637143],[-43.94074938999999,-23.016641767999992],[-43.940596677,-23.016144625999992]]],[[[-43.940502176,-23.015146571999995],[-43.940610846999995,-23.015416334999998],[-43.940852278,-23.015204848999996],[-43.940502176,-23.015146571999995]]],[[[-43.966094405,-23.015352145000005],[-43.965605982,-23.015176144000005],[-43.965417471,-23.015023565999993],[-43.96558274499999,-23.015418468999997],[-43.966094405,-23.015352145000005]]],[[[-43.965506242000004,-23.013445005999998],[-43.964408363,-23.012808834999994],[-43.964940034,-23.013670708],[-43.965506242000004,-23.013445005999998]]],[[[-43.930541827,-23.012015899999998],[-43.929933664,-23.012800132],[-43.93027101999999,-23.01310184999999],[-43.930541827,-23.012015899999998]]],[[[-44.07697082,-23.011724311999995],[-44.07691491899999,-23.011904300000005],[-44.077352076,-23.012126297],[-44.07697082,-23.011724311999995]]],[[[-43.92502913199999,-23.007378256999996],[-43.925234527,-23.007761184000003],[-43.92540958899999,-23.007604168999997],[-43.92502913199999,-23.007378256999996]]],[[[-43.949152471999994,-23.005924134000004],[-43.95035193799999,-23.008728330999997],[-43.952550777,-23.009897937],[-43.953405645,-23.005938042000004],[-43.955053958,-23.005895094000003],[-43.952854696,-23.004612278999996],[-43.949152471999994,-23.005924134000004]]],[[[-43.948689044999995,-23.004577813],[-43.94837956799999,-23.00462913],[-43.94857817,-23.004754406999997],[-43.948689044999995,-23.004577813]]],[[[-43.944571548,-23.004036431000003],[-43.945393311,-23.00386895199999],[-43.94476984199999,-23.003788556999993],[-43.944571548,-23.004036431000003]]],[[[-43.946227638,-23.004265688],[-43.947162002,-23.003769402999996],[-43.945979741,-23.00350561299999],[-43.946227638,-23.004265688]]],[[[-44.02931543199999,-23.001186055999998],[-44.03078546399999,-23.005986919],[-44.029887586,-23.007670353999995],[-44.038079538,-23.011693245999997],[-44.03942296899999,-23.010132376],[-44.04180476199999,-23.010454788999994],[-44.041647877,-23.00638500399999],[-44.04485640199999,-23.007662357999997],[-44.047157446,-23.011510777000005],[-44.053242622,-23.006855512000005],[-44.052497415999994,-23.003304705],[-44.050172338,-23.001096759999992],[-44.046950448,-23.002172148000003],[-44.042781391,-23.000054140000003],[-44.039790559,-23.000178323],[-44.03482707,-22.996258344999998],[-44.033660743,-22.999825331],[-44.030443760999994,-23.000075687999995],[-44.029679779,-22.996024766999998],[-44.02931543199999,-23.001186055999998]]],[[[-43.943431231,-23.003637883],[-43.943228449,-23.003954042000004],[-43.94378098699999,-23.004106646],[-43.943431231,-23.003637883]]],[[[-43.947600812,-23.003512067000003],[-43.948014263,-23.003892983000004],[-43.948178541,-23.003407143000004],[-43.947600812,-23.003512067000003]]],[[[-43.953109939,-23.003521533999997],[-43.95481444199999,-23.002382712999996],[-43.95211084499999,-23.000846434999996],[-43.953109939,-23.003521533999997]]],[[[-43.918238931999994,-22.993241794000003],[-43.91767573399999,-22.995089621999995],[-43.922272115,-22.997224330000005],[-43.924990282,-22.999822440000003],[-43.92675903799999,-23.004439622999996],[-43.931236960999996,-23.007651187],[-43.93045642300001,-23.011789324000002],[-43.935454471,-23.015082082000003],[-43.933626927,-23.010211519999995],[-43.937623046,-23.007410611000005],[-43.936961699,-22.998119994],[-43.931951225999995,-22.996897752],[-43.93089970700001,-22.992604307000004],[-43.927464233,-22.988897002999995],[-43.923036839999995,-22.991495503000003],[-43.92030580299999,-22.988799043999993],[-43.91772124599999,-22.988487356999997],[-43.91662658599999,-22.990521613],[-43.918238931999994,-22.993241794000003]]],[[[-43.91248034699999,-22.996939498999996],[-43.912956457,-22.996271858],[-43.91227340799999,-22.996146907000004],[-43.91248034699999,-22.996939498999996]]],[[[-43.915956214999994,-22.995455931000006],[-43.91643488399999,-22.995106617999998],[-43.916216939,-22.994718399000003],[-43.915956214999994,-22.995455931000006]]],[[[-43.908228751,-22.991822056999997],[-43.910283756,-22.995199126],[-43.913475386,-22.995413129],[-43.91199040200001,-22.991968811],[-43.908567176,-22.98962409],[-43.908228751,-22.991822056999997]]],[[[-44.041292741,-22.990759455000003],[-44.04490646199999,-22.98860418999999],[-44.04295242,-22.986599729],[-44.04026061,-22.988382169],[-44.041292741,-22.990759455000003]]],[[[-43.918662602,-22.986788497],[-43.921652013,-22.988254182],[-43.923282554,-22.98755337399999],[-43.921069911,-22.985179437000003],[-43.919198908,-22.985061005],[-43.918662602,-22.986788497]]],[[[-43.923274869,-22.983933459999996],[-43.924166959999994,-22.983281847999997],[-43.923429692,-22.982305503999992],[-43.92266676,-22.982803585000003],[-43.923274869,-22.983933459999996]]],[[[-43.936133892,-22.982389355999995],[-43.935206917,-22.981063130999996],[-43.93465916900001,-22.981314187999992],[-43.936133892,-22.982389355999995]]],[[[-43.907321378,-22.981367076999998],[-43.913162812,-22.983905568],[-43.915385202,-22.980949549000005],[-43.909097201,-22.979457898000003],[-43.907321378,-22.981367076999998]]],[[[-43.91606218,-22.978554091000003],[-43.91721970799999,-22.978833972999993],[-43.91626242499999,-22.977880463],[-43.91606218,-22.978554091000003]]],[[[-44.00673384899999,-22.964954553999995],[-44.006788659,-22.965248529999997],[-44.007051982,-22.965389604000002],[-44.00673384899999,-22.964954553999995]]],[[[-44.006352813,-22.964409279999995],[-44.006010128,-22.964492314],[-44.006219346,-22.964638452000003],[-44.006352813,-22.964409279999995]]],[[[-44.000657773,-22.961871161999994],[-43.999734094999994,-22.962325601000003],[-44.00127979599999,-22.963199306000003],[-44.000657773,-22.961871161999994]]],[[[-43.911218936999994,-22.962242249999996],[-43.912183113,-22.960810304999995],[-43.910939719,-22.960313972999995],[-43.911218936999994,-22.962242249999996]]],[[[-43.94700604599999,-22.961094382000002],[-43.950780394999995,-22.960672880999997],[-43.951909559,-22.95994533],[-43.947069386,-22.959342015],[-43.94700604599999,-22.961094382000002]]],[[[-43.998032534,-22.960185990000003],[-43.998406185,-22.960165698999997],[-43.99823126599999,-22.959982806],[-43.998032534,-22.960185990000003]]],[[[-43.87584238600001,-22.958970631],[-43.876115321,-22.959269490000004],[-43.876351371999995,-22.959242321],[-43.87584238600001,-22.958970631]]],[[[-43.87226311199999,-22.957684294999996],[-43.873121111,-22.958572790999998],[-43.874007863,-22.958443182],[-43.87377263399999,-22.958108300000003],[-43.87226311199999,-22.957684294999996]]],[[[-43.864338492,-22.95572934899999],[-43.86387602599999,-22.955458162999992],[-43.86368134599999,-22.955530762999995],[-43.864338492,-22.95572934899999]]],[[[-43.859652736,-22.944986063],[-43.86065279099999,-22.947315066999998],[-43.859998513,-22.950242601],[-43.855777588,-22.950452706999997],[-43.85752583099999,-22.951852197999997],[-43.857434477,-22.954760275999995],[-43.863244827,-22.955685937000002],[-43.86081303,-22.954427033000005],[-43.862411967999996,-22.952134114999993],[-43.860864827,-22.950552273999993],[-43.863679372,-22.950476953999996],[-43.86367558,-22.947669568],[-43.859652736,-22.944986063]]],[[[-43.927575831,-22.947173761],[-43.928362791,-22.94879592399999],[-43.929010325,-22.948885915999995],[-43.927575831,-22.947173761]]],[[[-44.009315278,-22.947575309999998],[-44.007887102999995,-22.947079835999997],[-44.00866195799999,-22.94814360199999],[-44.009315278,-22.947575309999998]]],[[[-43.85709315599999,-22.94526668],[-43.85851473999999,-22.946193836999992],[-43.85901138,-22.946222381],[-43.85709315599999,-22.94526668]]],[[[-43.86418646399999,-22.945067762999997],[-43.866339015,-22.945888462],[-43.86612066899999,-22.944546349999992],[-43.86418646399999,-22.945067762999997]]],[[[-43.923584025,-22.94485861],[-43.922145609999994,-22.944494103],[-43.92369356999999,-22.945668984999998],[-43.923584025,-22.94485861]]],[[[-43.96577084300001,-22.944026666],[-43.966449229,-22.94511787],[-43.96716518899999,-22.945581793],[-43.96729646599999,-22.943410942],[-43.96577084300001,-22.944026666]]],[[[-43.963392879999994,-22.944921010000005],[-43.96178459400001,-22.943002181],[-43.961227756,-22.943388898999995],[-43.963392879999994,-22.944921010000005]]],[[[-43.915132659,-22.941608091],[-43.920837379,-22.944709129999996],[-43.920999265000006,-22.942027903999996],[-43.915205207,-22.939432613999994],[-43.915132659,-22.941608091]]],[[[-43.88119053799999,-22.924706396999998],[-43.87740811999999,-22.925817567999996],[-43.869947834,-22.924297769],[-43.86787265499999,-22.926406765],[-43.868962503,-22.930160359],[-43.871215821999996,-22.930757479],[-43.87809794099999,-22.939725596],[-43.877607859,-22.941740356],[-43.875239943,-22.942599392999988],[-43.877265992,-22.943547759],[-43.87695932999999,-22.946236994999996],[-43.873580622,-22.945741709999997],[-43.87309540399999,-22.948027452],[-43.87969830299999,-22.95073181599999],[-43.87997972099999,-22.949186317000002],[-43.88553825599999,-22.947864419],[-43.89147543,-22.952871331999997],[-43.892594376999995,-22.956353902999997],[-43.896892223,-22.958607616000002],[-43.907020566,-22.958665436],[-43.90999954099999,-22.95611810600001],[-43.907204464,-22.953670669000005],[-43.908960897,-22.952479897999996],[-43.90666910899999,-22.951809202],[-43.90539431,-22.94878183899999],[-43.90879992699999,-22.94446947],[-43.91279553399999,-22.94396284899999],[-43.913006352,-22.942758822000005],[-43.910926797,-22.941385207999996],[-43.91232512599999,-22.935115531000005],[-43.908102283,-22.935400893],[-43.905640781,-22.933971694000004],[-43.904235799999995,-22.930926912],[-43.90199907,-22.930366621999998],[-43.897299771,-22.932988565],[-43.893875066999996,-22.933004427999997],[-43.89353737,-22.93408824599999],[-43.892356463999995,-22.933545229000003],[-43.892668474,-22.928247424],[-43.888176969,-22.928986230000007],[-43.886872225,-22.931734751],[-43.885149586999994,-22.927761638],[-43.88119053799999,-22.924706396999998]]],[[[-43.85488349,-22.941910133],[-43.85393693999999,-22.941168892000004],[-43.85405522199999,-22.941661532999994],[-43.85488349,-22.941910133]]],[[[-43.959688311,-22.933065949999996],[-43.959707761,-22.933476332000005],[-43.95996823699999,-22.933476931000005],[-43.959688311,-22.933065949999996]]],[[[-43.960998178,-22.93265445999999],[-43.960793431,-22.932849525999995],[-43.960984057,-22.932911295999997],[-43.960998178,-22.93265445999999]]],[[[-43.887663045,-22.928001256999995],[-43.888219836,-22.927129296999997],[-43.887245785,-22.926676537],[-43.887073801999996,-22.927079224],[-43.887663045,-22.928001256999995]]],[[[-43.86502832499999,-22.924584122000002],[-43.863513657,-22.925346463999997],[-43.866177895,-22.925475531],[-43.86502832499999,-22.924584122000002]]],[[[-43.876265962,-22.924441480999995],[-43.87635116399999,-22.923448959999998],[-43.875835109,-22.923497576999996],[-43.876265962,-22.924441480999995]]],[[[-43.876648643,-22.922802659],[-43.87694437399999,-22.922717299999995],[-43.876591669,-22.922556302],[-43.876648643,-22.922802659]]],[[[-43.84121121999999,-22.907633957],[-43.84135817699999,-22.907508258999997],[-43.84117972899999,-22.907513094000002],[-43.84121121999999,-22.907633957]]],[[[-43.841101002,-22.907368057],[-43.841300444999995,-22.907401899],[-43.84121121999999,-22.907295539000007],[-43.841101002,-22.907368057]]],[[[-43.840912057,-22.907077984],[-43.840859573,-22.907353552999997],[-43.84112199599999,-22.907227855],[-43.840912057,-22.907077984]]],[[[-43.84242886599999,-22.906444653999994],[-43.842602066,-22.906512338],[-43.84252858699999,-22.906362465999994],[-43.84242886599999,-22.906444653999994]]],[[[-43.84198881399999,-22.906135843999998],[-43.841608628,-22.906467618],[-43.842178908,-22.906550562000003],[-43.84198881399999,-22.906135843999998]]],[[[-43.83474451499999,-23.115716451],[-43.836626854,-23.116340184],[-43.835183958,-23.115039109000005],[-43.83474451499999,-23.115716451]]],[[[-43.568963868999994,-23.081329538],[-43.569031368,-23.081601541],[-43.569160806,-23.081357848],[-43.568963868999994,-23.081329538]]],[[[-43.561375744,-23.078737275],[-43.55947437,-23.081156781999994],[-43.561022740999995,-23.080714002999997],[-43.561757584999995,-23.082329588000004],[-43.563786308,-23.081934104],[-43.561375744,-23.078737275]]],[[[-43.198133515,-23.074440226999997],[-43.199185908,-23.074678533],[-43.200476192,-23.073663428999996],[-43.199642376,-23.073012325999994],[-43.198133515,-23.074440226999997]]],[[[-43.573192688999995,-23.072723138],[-43.57409731399999,-23.073376568999993],[-43.574303291999996,-23.072790546000004],[-43.573192688999995,-23.072723138]]],[[[-43.19364753199999,-23.067517898000002],[-43.191097759,-23.070769536999997],[-43.192784887,-23.074102079999992],[-43.199159712,-23.071232999],[-43.197572466,-23.068601697],[-43.19364753199999,-23.067517898000002]]],[[[-43.51449138499999,-23.065139454],[-43.511412275,-23.061265342],[-43.507894637999996,-23.064538100999997],[-43.510156804,-23.065701715],[-43.51449138499999,-23.065139454]]],[[[-43.753994102,-23.059757007],[-43.705966002,-23.052894644000002],[-43.672631749,-23.044730821],[-43.663703729,-23.040743421000005],[-43.630929691999995,-23.033692843],[-43.619528254,-23.032907067],[-43.614277569,-23.030968952999995],[-43.605801339,-23.033814164000006],[-43.603981265,-23.038706636000004],[-43.600939649,-23.040526174999997],[-43.593016896,-23.04291777],[-43.58898861,-23.042876791999998],[-43.58614060299999,-23.045603161999995],[-43.57695167699999,-23.048135193999997],[-43.566456898,-23.054847379000005],[-43.565933693999995,-23.057537833],[-43.567502034,-23.058052756],[-43.568270508,-23.059355818999993],[-43.566343279,-23.061778905999997],[-43.567753932,-23.063092881999992],[-43.576895248999996,-23.056313783000004],[-43.586820449,-23.05333566299999],[-43.606076744999996,-23.050510658999997],[-43.630362986,-23.050265132000003],[-43.720806064,-23.056658702],[-43.783664149,-23.062687313999998],[-43.847054516,-23.071775208000002],[-43.882096247999996,-23.074743242000004],[-43.934620496,-23.083100454999997],[-43.967963112,-23.090455319000004],[-43.97098949099999,-23.094357400999996],[-43.973213563,-23.093824870999992],[-43.97986557499999,-23.098738124999997],[-43.987997467,-23.102400381],[-43.99615596899999,-23.101167763],[-43.998451651,-23.096381871000002],[-44.00646495299999,-23.096475378],[-44.00530709299999,-23.09497834700001],[-44.005778923,-23.093906531999995],[-44.00798089,-23.093982974999996],[-44.009144275,-23.08580811],[-44.00755973099999,-23.082962948],[-44.010742379,-23.079306504],[-44.012044863999996,-23.079738741],[-44.00672000000001,-23.072053234],[-44.005501159,-23.071883350999997],[-44.00423868,-23.074187636],[-44.001959697,-23.073830720000004],[-43.992200706,-23.065837931],[-43.99098236199999,-23.06364051899999],[-43.991720563,-23.057630473999996],[-43.988699051,-23.057259808000005],[-43.986910257999995,-23.059958113000004],[-43.982458712,-23.058178778],[-43.977851588,-23.049580034],[-43.97372209,-23.045504075000004],[-43.965052467,-23.044230830999993],[-43.963324872,-23.041948720999997],[-43.961525130999995,-23.043106927999993],[-43.95443353499999,-23.040926392000003],[-43.947477789,-23.050441478999993],[-43.939556304,-23.052445371],[-43.933390888999995,-23.05716498],[-43.916100795999995,-23.059274089999988],[-43.89946681,-23.068795595999998],[-43.892430156,-23.069448485],[-43.88232275699999,-23.066996295999996],[-43.878361977999994,-23.062616575999996],[-43.876813338,-23.056609537000003],[-43.877396546,-23.04983126799999],[-43.881018394,-23.042102751000005],[-43.885650315,-23.040192391],[-43.89438517899999,-23.032994661],[-43.908802050999995,-23.026195317],[-43.91291773399999,-23.020876072000007],[-43.91034532599999,-23.021545487],[-43.908463174999994,-23.025064200000003],[-43.900689148,-23.029627513999998],[-43.881192867,-23.037159467999995],[-43.860279161,-23.047537641999998],[-43.828389648,-23.058151781000003],[-43.806341341999996,-23.061330939999998],[-43.795761122,-23.061565753999993],[-43.753994102,-23.059757007]]],[[[-43.511344223,-23.060678834000004],[-43.51249663899999,-23.060754401999997],[-43.51102380700001,-23.060210768999998],[-43.511344223,-23.060678834000004]]],[[[-43.567423817,-23.059886135000006],[-43.56766262499999,-23.059915003999993],[-43.567479465,-23.059692081999998],[-43.567423817,-23.059886135000006]]],[[[-43.56633303699999,-23.05861734],[-43.566225284,-23.059157119],[-43.566532357999996,-23.059065486],[-43.56633303699999,-23.05861734]]],[[[-43.565994292,-23.05823278],[-43.56769001799999,-23.059274355],[-43.566033856,-23.058000433000007],[-43.565994292,-23.05823278]]],[[[-43.56582075399999,-23.058816548000003],[-43.565733847,-23.058702030000003],[-43.56573475599999,-23.058835081],[-43.56582075399999,-23.058816548000003]]],[[[-43.563670112,-23.057430477999997],[-43.56294474,-23.058102082000005],[-43.56377706199999,-23.059093031999996],[-43.563670112,-23.057430477999997]]],[[[-43.56579057399999,-23.057205582],[-43.565552984,-23.055419767],[-43.565282187,-23.058150445999996],[-43.56579057399999,-23.057205582]]],[[[-43.5650309,-23.05350929299999],[-43.56363540099999,-23.053795025],[-43.563279896999994,-23.054836217999995],[-43.564229614999995,-23.054431147000003],[-43.5650309,-23.05350929299999]]],[[[-43.50774139899999,-23.053341817000003],[-43.509511526999994,-23.05305887],[-43.507938365,-23.052668177999998],[-43.50774139899999,-23.053341817000003]]],[[[-43.56464445099999,-23.051538299],[-43.566496862,-23.052519827],[-43.569491412999994,-23.050988643],[-43.56464445099999,-23.051538299]]],[[[-43.56936740799999,-23.050903330000004],[-43.569401672,-23.050707262999996],[-43.56906474,-23.050737719999994],[-43.56936740799999,-23.050903330000004]]],[[[-43.56998034099999,-23.049640479999997],[-43.570109821,-23.050472075],[-43.570782756999996,-23.049671482],[-43.56998034099999,-23.049640479999997]]],[[[-43.31054306699999,-23.047161407999994],[-43.31007429499999,-23.046679574999995],[-43.31000315,-23.047299748999993],[-43.31054306699999,-23.047161407999994]]],[[[-43.58466082999999,-23.044393852],[-43.582874141,-23.045191692000003],[-43.583203586,-23.045456882999996],[-43.58466082999999,-23.044393852]]],[[[-43.309987519,-23.044308063],[-43.31047020399999,-23.044399593],[-43.310227565,-23.044073536],[-43.309987519,-23.044308063]]],[[[-43.588286203,-23.042491118999994],[-43.58648379299999,-23.042927154],[-43.585633978000004,-23.044773309999997],[-43.586840055,-23.044368128],[-43.588286203,-23.042491118999994]]],[[[-43.594027905,-23.041900238000007],[-43.590486178000006,-23.041407532],[-43.58860692,-23.04265675],[-43.592514956,-23.042691581999993],[-43.594027905,-23.041900238000007]]],[[[-43.59272567,-23.041219492999996],[-43.593371148,-23.041161936999995],[-43.592776023999996,-23.041075257000006],[-43.59272567,-23.041219492999996]]],[[[-43.57775980499999,-23.044062913],[-43.57920647499999,-23.044476057],[-43.580436479999996,-23.040390764],[-43.58144707,-23.039056991999992],[-43.588304947999994,-23.035652731999996],[-43.58575123199999,-23.035297600000003],[-43.583522976999994,-23.036756143999998],[-43.57909207899999,-23.040711009999995],[-43.57775980499999,-23.044062913]]],[[[-43.303991847,-23.036504636000007],[-43.302593707999996,-23.038438099999997],[-43.307944639,-23.038709139000005],[-43.303991847,-23.036504636000007]]],[[[-43.316459054999996,-23.037603264999994],[-43.316358586,-23.037186639999994],[-43.315690528999994,-23.03757912],[-43.316459054999996,-23.037603264999994]]],[[[-43.200205037,-23.037668849999996],[-43.205724827,-23.040134684000005],[-43.20826786999999,-23.039866039000003],[-43.207359137,-23.03783299399999],[-43.19677304099999,-23.034721818],[-43.200205037,-23.037668849999996]]],[[[-43.595610085,-23.032522388999997],[-43.58084641999999,-23.040372320999996],[-43.579929656999994,-23.044559899999996],[-43.578480499,-23.046090162999995],[-43.58188662199999,-23.045542015999995],[-43.589650227999996,-23.040656045000002],[-43.60227779400001,-23.039044000999994],[-43.60402173199999,-23.029100305999993],[-43.60261468,-23.029007629999995],[-43.599704715,-23.027679743999997],[-43.595610085,-23.032522388999997]]],[[[-43.469585488,-23.033757916999996],[-43.46826475,-23.037817063000006],[-43.470577227,-23.037840897],[-43.472179549,-23.035934692000005],[-43.469585488,-23.033757916999996]]],[[[-43.304804105,-23.033950443000002],[-43.304992592,-23.034081116],[-43.304886328,-23.033853294999997],[-43.304804105,-23.033950443000002]]],[[[-43.305541497,-23.033728168],[-43.305674439,-23.033241076999996],[-43.305244830999996,-23.033367758000004],[-43.305541497,-23.033728168]]],[[[-43.195195087,-23.033751486000003],[-43.194915266,-23.032478732999998],[-43.194627251,-23.032595561999997],[-43.195195087,-23.033751486000003]]],[[[-43.298482036,-23.031252419],[-43.29865003999999,-23.034157988999997],[-43.301322946,-23.033284446000007],[-43.30109971099999,-23.031572593999993],[-43.298482036,-23.031252419]]],[[[-43.193675448,-23.031589505],[-43.19274745199999,-23.031674518],[-43.193731491,-23.031836440999996],[-43.193675448,-23.031589505]]],[[[-43.605292847,-23.033155895999997],[-43.611641447,-23.030185422],[-43.60760880899999,-23.029631530000003],[-43.60405725799999,-23.031698155000008],[-43.605292847,-23.033155895999997]]],[[[-43.27592338,-23.028823112],[-43.276667452,-23.030736264999994],[-43.278428772,-23.030182874999998],[-43.27592338,-23.028823112]]],[[[-43.192407818,-23.029005257999998],[-43.191499524,-23.030212838999997],[-43.19263676599999,-23.030115056999996],[-43.192407818,-23.029005257999998]]],[[[-43.600128971000004,-23.027347032],[-43.603108531000004,-23.028952836999995],[-43.604570626,-23.027386267999997],[-43.60247169899999,-23.026282609999992],[-43.600128971000004,-23.027347032]]],[[[-43.191903239999995,-23.025331867999995],[-43.189929246999995,-23.026883779999988],[-43.191819212999995,-23.027700487],[-43.195257123,-23.027368359],[-43.191903239999995,-23.025331867999995]]],[[[-43.20104694599999,-23.025845047000004],[-43.202091816,-23.027447559999995],[-43.20633491,-23.025971084],[-43.203603694,-23.025314902999995],[-43.20104694599999,-23.025845047000004]]],[[[-43.18206087099999,-23.023545847],[-43.18382311999999,-23.022408977999998],[-43.183671298,-23.02159766],[-43.182801599,-23.021392015999997],[-43.18206087099999,-23.023545847]]],[[[-43.652766684999996,-23.002961843],[-43.65247567,-23.003173836000002],[-43.65307324199999,-23.003380773999993],[-43.652766684999996,-23.002961843]]],[[[-43.65032373199999,-23.002224459],[-43.650374475999996,-23.002603367],[-43.650786075999996,-23.002599304999997],[-43.65032373199999,-23.002224459]]],[[[-43.660587930999995,-22.999467772000003],[-43.660716789,-22.99995993099999],[-43.66101368,-22.999810411999995],[-43.660587930999995,-22.999467772000003]]],[[[-43.661238630999996,-22.998401886999996],[-43.660673257,-22.998969410999997],[-43.66141105999999,-22.998863837999995],[-43.661238630999996,-22.998401886999996]]],[[[-43.69526259799999,-22.986355199999995],[-43.696235621,-22.986698856999997],[-43.69525341899999,-22.986219991000002],[-43.69526259799999,-22.986355199999995]]],[[[-43.70321399299999,-22.985664594],[-43.707288134,-22.986733166999997],[-43.702879378,-22.985225139],[-43.70321399299999,-22.985664594]]],[[[-43.78641967,-22.926140497000002],[-43.78328950899999,-22.925723115000004],[-43.78387784600001,-22.927971206],[-43.78586691499999,-22.928911509999992],[-43.78641967,-22.926140497000002]]],[[[-43.812684528,-22.925830374000007],[-43.813055126,-22.924318281],[-43.809312522999996,-22.922765702999996],[-43.81053369,-22.92554919299999],[-43.812684528,-22.925830374000007]]],[[[-43.81168882699999,-22.918907021],[-43.81095804499999,-22.919884679],[-43.81418600999999,-22.921062684000002],[-43.814294894,-22.920656155999996],[-43.81168882699999,-22.918907021]]],[[[-43.840308482,-22.90625126999999],[-43.840140531,-22.906333457999995],[-43.840292737,-22.906401143000004],[-43.840308482,-22.90625126999999]]],[[[-43.84081233599999,-22.906463991999992],[-43.840093294999996,-22.905661448999993],[-43.840775597,-22.906642872],[-43.84081233599999,-22.906463991999992]]],[[[-43.8392168,-22.905782314000003],[-43.83925878699999,-22.906057885999992],[-43.83944248499999,-22.905990202],[-43.8392168,-22.905782314000003]]],[[[-43.839998822,-22.905946691],[-43.839851865,-22.905535749000002],[-43.839694411,-22.905999871000006],[-43.839998822,-22.905946691]]],[[[-43.839799381,-22.90568078699999],[-43.83931652099999,-22.905762975],[-43.839437235999995,-22.905917683000006],[-43.839799381,-22.90568078699999]]],[[[-43.838807419999995,-22.905530914],[-43.83879692200001,-22.905801651999997],[-43.83899636400001,-22.905448724999992],[-43.838807419999995,-22.905530914]]],[[[-43.838628971,-22.90541971799999],[-43.838681456,-22.905569591000003],[-43.83874968599999,-22.905410048000004],[-43.838628971,-22.90541971799999]]],[[[-43.16802827699999,-22.897305787],[-43.171744728,-22.897721731999997],[-43.17134626199999,-22.898661022999992],[-43.174959094,-22.897519901999992],[-43.17589111,-22.895564248999996],[-43.174717756999996,-22.893147959999997],[-43.167368597999996,-22.895472144],[-43.16802827699999,-22.897305787]]],[[[-43.20911432,-22.88642240399999],[-43.207361765,-22.889039460999996],[-43.20910600300001,-22.891952228],[-43.208662622,-22.889505599000003],[-43.211094452999994,-22.887144563999996],[-43.20911432,-22.88642240399999]]],[[[-43.195519336,-22.88709045699999],[-43.197659247999994,-22.888109635],[-43.197818423,-22.887770860999996],[-43.195519336,-22.88709045699999]]],[[[-43.17277508,-22.883177717999995],[-43.173600625,-22.884149118999996],[-43.176923558,-22.884243611999995],[-43.17559851899999,-22.882811635],[-43.17277508,-22.883177717999995]]],[[[-43.23176273299999,-22.836148423999997],[-43.223442719,-22.839523237000005],[-43.219839915,-22.844803931999994],[-43.221924012,-22.848756280999996],[-43.224162325,-22.846597429000006],[-43.22229426,-22.843789462000004],[-43.223874044,-22.84189706399999],[-43.226201786000004,-22.841495708000004],[-43.23132936499999,-22.84408542199999],[-43.232374027,-22.847451463999995],[-43.22776769499999,-22.855070653],[-43.22250072100001,-22.858872206000004],[-43.218102285,-22.858869689],[-43.215217628999994,-22.857173947999996],[-43.208316231999994,-22.858529007],[-43.209006162,-22.860364518999994],[-43.214473327,-22.85968830299999],[-43.21951126999999,-22.861766245000005],[-43.21804995,-22.863383239999994],[-43.21667335899999,-22.861762924],[-43.215122316999995,-22.863670017000004],[-43.214098795,-22.867826919999995],[-43.21566520099999,-22.870530775999995],[-43.220009085,-22.869640573999998],[-43.221945917000006,-22.870742979999992],[-43.227701949,-22.86699534299999],[-43.23171566199999,-22.866433383],[-43.232461975999996,-22.86306727],[-43.23623882099999,-22.861133625999997],[-43.236499664,-22.853948411999998],[-43.240999312999996,-22.846574760999996],[-43.239969648,-22.84232470499999],[-43.243129683999996,-22.839851947],[-43.24315503999999,-22.838244222999997],[-43.241653869,-22.836937097999993],[-43.237578952999996,-22.839238936000005],[-43.23229624499999,-22.838614288999995],[-43.23176273299999,-22.836148423999997]]],[[[-43.174530438999994,-22.838975111999993],[-43.17563180599999,-22.837591794000005],[-43.175704403000005,-22.836589913000005],[-43.172983694,-22.838418096999998],[-43.174530438999994,-22.838975111999993]]],[[[-43.254316779,-22.825498812999992],[-43.25416627799999,-22.825763416],[-43.254536212,-22.825463181000003],[-43.254316779,-22.825498812999992]]],[[[-43.258069227,-22.824697500999996],[-43.257582156999995,-22.826289970999998],[-43.259203576,-22.826619001],[-43.259922077999995,-22.825091082999993],[-43.258069227,-22.824697500999996]]],[[[-43.255552597,-22.824526546],[-43.25457299799999,-22.824768646000003],[-43.25466149799999,-22.825319452999995],[-43.255552597,-22.824526546]]],[[[-43.172079962,-22.775802256],[-43.171302077,-22.776984117000005],[-43.173211029,-22.779173778999997],[-43.170583483,-22.782841569999988],[-43.16798728599999,-22.78241979899999],[-43.169258051999996,-22.780884590999992],[-43.16666582799999,-22.779238694000004],[-43.1668451,-22.777465517],[-43.164492495999994,-22.776978638000003],[-43.156655935,-22.779071503],[-43.15553547,-22.784138966],[-43.15745362199999,-22.787398129],[-43.169170633,-22.79316340700001],[-43.175211212,-22.801180743999996],[-43.178352131,-22.802061099999996],[-43.177280025,-22.810644783],[-43.174946446999996,-22.812537866999996],[-43.176509003,-22.815431485000005],[-43.174984612,-22.819743125999995],[-43.169840821,-22.821730561999996],[-43.16545462,-22.820064965],[-43.163794951,-22.822481761],[-43.168185571,-22.824733831],[-43.170190651999995,-22.831243975000003],[-43.17370185899999,-22.831161835999996],[-43.174674167,-22.829244139999997],[-43.173038983,-22.828718219999995],[-43.17264615399999,-22.825297029999998],[-43.175526641999994,-22.823778011],[-43.176761768999995,-22.825100115999994],[-43.17581582,-22.827217734999998],[-43.18473730699999,-22.833584129],[-43.184564247,-22.830055503999994],[-43.189641796,-22.828721792000003],[-43.187715610999994,-22.826620306999995],[-43.191122271999994,-22.820309797],[-43.196447205,-22.818852863],[-43.203937595,-22.820208562999998],[-43.206758029999996,-22.818305588],[-43.208594323999996,-22.818643798000004],[-43.210696279,-22.818059835999993],[-43.209067518,-22.818348514000004],[-43.20839990399999,-22.816229980999992],[-43.209746482,-22.817166935],[-43.210223131999996,-22.815652594999992],[-43.214521117,-22.817760370999995],[-43.216816984,-22.817180791],[-43.221144805,-22.8195887],[-43.22091039699999,-22.820993207],[-43.222399673,-22.819000223],[-43.226718852,-22.82066275599999],[-43.237654536,-22.832738068999998],[-43.241554337,-22.833942781999998],[-43.247531532,-22.831071016],[-43.248824915,-22.828787784999996],[-43.251509939,-22.828532107000004],[-43.251760962999995,-22.826055360999998],[-43.250005344,-22.825411983],[-43.249996691999996,-22.823717355999992],[-43.25865503100001,-22.819602197999995],[-43.265675294999994,-22.812849803],[-43.264245913,-22.808299751],[-43.26032751799999,-22.804192512999997],[-43.261741840999996,-22.803509934999997],[-43.256688128,-22.797400789999998],[-43.252203658,-22.797321094000004],[-43.244848321,-22.791868026],[-43.23388425299999,-22.791570672000002],[-43.228607620999995,-22.787544856999997],[-43.228780787,-22.784394442],[-43.230882139,-22.784383796],[-43.22772048499999,-22.783587403000002],[-43.219314552,-22.785151501],[-43.21297981199999,-22.789135003],[-43.207690096,-22.794989461999997],[-43.20412954399999,-22.795412293],[-43.198247633,-22.793621656],[-43.19442299,-22.795113101000005],[-43.19174825999999,-22.794580501],[-43.19267540999999,-22.796327159000004],[-43.191365315999995,-22.796469195000007],[-43.188584059,-22.794569501999998],[-43.189417296,-22.792510044999997],[-43.18834249,-22.788481108],[-43.191619666,-22.787760012],[-43.19033498999999,-22.787846887999994],[-43.189400125,-22.783185810000003],[-43.185668245,-22.784698016999997],[-43.182855763,-22.781480503999997],[-43.181933236,-22.783448300999993],[-43.17927248099999,-22.783438085],[-43.17673518099999,-22.781204426],[-43.17574042,-22.777167728999995],[-43.172079962,-22.775802256]]],[[[-43.169191664,-22.767542469999995],[-43.16934508799999,-22.767774318999997],[-43.169419479,-22.767598947],[-43.169191664,-22.767542469999995]]],[[[-43.16919569,-22.766943688000005],[-43.169214561,-22.766997054999997],[-43.169230445,-22.766959643],[-43.16919569,-22.766943688000005]]],[[[-43.180811719,-22.725984837999995],[-43.18130446799999,-22.726206070999996],[-43.181386524,-22.725961348000002],[-43.180811719,-22.725984837999995]]],[[[-43.148248937999995,-23.059584229],[-43.142853984999995,-23.064102130000002],[-43.142328751,-23.065887140999997],[-43.147821930999996,-23.064944324999995],[-43.14818040299999,-23.060728829],[-43.14990414999999,-23.059969684],[-43.148248937999995,-23.059584229]]],[[[-43.147342351,-22.961713382999996],[-43.149011111,-22.965816578999995],[-43.151430079,-22.966739261],[-43.149374132,-22.965159073],[-43.151055615,-22.964347597],[-43.149876346,-22.962275556000005],[-43.147342351,-22.961713382999996]]],[[[-43.114956746,-22.952126638000006],[-43.116707977999994,-22.952080768999995],[-43.116718238,-22.951801137],[-43.114956746,-22.952126638000006]]],[[[-43.14847851099999,-22.935310288000004],[-43.147890596,-22.935097669000005],[-43.148578482,-22.935463730000002],[-43.14847851099999,-22.935310288000004]]],[[[-43.146136983999995,-22.934202186999997],[-43.147241399,-22.934986933999998],[-43.14741931199999,-22.93463734499999],[-43.146136983999995,-22.934202186999997]]],[[[-43.157812447000005,-22.912626362999998],[-43.160550273999995,-22.916554001999994],[-43.161366245,-22.916422772999997],[-43.16063357099999,-22.912949651999995],[-43.157812447000005,-22.912626362999998]]],[[[-43.125765084,-22.910039147999992],[-43.12519807899999,-22.909970478999995],[-43.126092777,-22.910625052999997],[-43.125765084,-22.910039147999992]]],[[[-43.131180009,-22.908981797999992],[-43.130871502,-22.908887555999996],[-43.130842008,-22.908985558000005],[-43.131180009,-22.908981797999992]]],[[[-43.16699491,-22.896882147],[-43.165853082,-22.897016892000003],[-43.16683872299999,-22.897335808],[-43.16699491,-22.896882147]]],[[[-43.11810981299999,-22.875740450000002],[-43.12004041499999,-22.87725761],[-43.12385274799999,-22.876541098000004],[-43.125057653,-22.874599020000005],[-43.11810981299999,-22.875740450000002]]],[[[-43.134243299,-22.870878366999996],[-43.13189333,-22.871093937],[-43.131500191,-22.873678642],[-43.135222506999995,-22.875539088],[-43.13736178399999,-22.876081905999996],[-43.138390919,-22.875632310999997],[-43.13663516599999,-22.873853355],[-43.138182117999996,-22.869081391999995],[-43.13262634,-22.868158639000004],[-43.132783894,-22.869628495],[-43.134607337,-22.869650928],[-43.134243299,-22.870878366999996]]],[[[-43.13138619,-22.86589195599999],[-43.128175671,-22.861543854],[-43.126378707,-22.862585994999996],[-43.128961251,-22.866244909],[-43.13138619,-22.86589195599999]]],[[[-43.118951724,-22.863681602000007],[-43.126617845,-22.861900538999997],[-43.124286902,-22.859359924],[-43.11678232,-22.858479092999996],[-43.118951724,-22.863681602000007]]],[[[-43.115956569999994,-22.854542164999994],[-43.116484034,-22.85383657],[-43.115783820999994,-22.853734337000002],[-43.115956569999994,-22.854542164999994]]],[[[-43.111512731,-22.830385148999998],[-43.104739526,-22.834766122000005],[-43.10604105499999,-22.83989993199999],[-43.10781258099999,-22.840785694999997],[-43.109547954,-22.840153007],[-43.112765623,-22.834838429],[-43.115540417,-22.833559913999995],[-43.111512731,-22.830385148999998]]],[[[-43.167563977,-22.829222934],[-43.167170410999994,-22.829325306],[-43.167566252,-22.829329855999998],[-43.167563977,-22.829222934]]],[[[-43.16314477,-22.819897760999996],[-43.16247870099999,-22.819711318999996],[-43.162764505,-22.820055673],[-43.16262498900001,-22.820148012],[-43.16278708699999,-22.820319272],[-43.16314477,-22.819897760999996]]],[[[-43.16209806999999,-22.81119132],[-43.160698882,-22.81459428],[-43.161662643999996,-22.815131694],[-43.16526291,-22.813091781],[-43.16209806999999,-22.81119132]]],[[[-43.120074685,-22.806234036000003],[-43.120953789,-22.806161735999996],[-43.120365152,-22.805705846000002],[-43.120074685,-22.806234036000003]]],[[[-43.122563445999994,-22.8044531],[-43.123288636999995,-22.807045471999995],[-43.12376478299999,-22.807120018],[-43.124255816,-22.805978211],[-43.122563445999994,-22.8044531]]],[[[-43.11786321999999,-22.804431016999995],[-43.119614235,-22.803847344999998],[-43.119206591,-22.802809706999998],[-43.11695528599999,-22.802587356],[-43.11786321999999,-22.804431016999995]]],[[[-43.111379853,-22.803069728999997],[-43.11166566,-22.801668195000005],[-43.10888455599999,-22.800035067],[-43.108328228999994,-22.801099358000002],[-43.111379853,-22.803069728999997]]],[[[-43.169318414,-22.800054490000008],[-43.168476448999996,-22.800239292999997],[-43.16928049999999,-22.800682653999996],[-43.169318414,-22.800054490000008]]],[[[-43.157717573000006,-22.799863657000003],[-43.157497612,-22.800336923999996],[-43.15783945500001,-22.800288588999994],[-43.157717573000006,-22.799863657000003]]],[[[-43.12392408699999,-22.798405214999992],[-43.122715336,-22.799013548000005],[-43.123733327,-22.799298229],[-43.12392408699999,-22.798405214999992]]],[[[-43.111675539,-22.795700172999993],[-43.113438615,-22.797311700999998],[-43.113774411,-22.796394965999998],[-43.111675539,-22.795700172999993]]],[[[-43.121141437999995,-22.796501369999998],[-43.12275289000001,-22.796356908000003],[-43.121198305,-22.795699432],[-43.121141437999995,-22.796501369999998]]],[[[-43.155821023,-22.794624566000003],[-43.155791112,-22.79472634099999],[-43.155856309,-22.794653627],[-43.155821023,-22.794624566000003]]],[[[-43.155470926999996,-22.794587409],[-43.15549954299999,-22.794651227],[-43.155538214,-22.794619192],[-43.155470926999996,-22.794587409]]],[[[-43.156005962,-22.794377319000002],[-43.155922673,-22.794498311],[-43.15594547399999,-22.794512534],[-43.156005962,-22.794377319000002]]],[[[-43.154938528,-22.794193276999994],[-43.15488319899999,-22.794178010999993],[-43.154890389,-22.794208429],[-43.154938528,-22.794193276999994]]],[[[-43.154986417,-22.794109867999996],[-43.154876439,-22.794115638],[-43.154941187,-22.794169472999993],[-43.154986417,-22.794109867999996]]],[[[-43.15484983799999,-22.794094203000004],[-43.15483071799999,-22.794124859],[-43.15486477899999,-22.794113335000002],[-43.15484983799999,-22.794094203000004]]],[[[-43.155818008,-22.79403629399999],[-43.155797576999994,-22.794040643999992],[-43.15580661199999,-22.794050456999994],[-43.155818008,-22.79403629399999]]],[[[-43.15576506,-22.793395591999996],[-43.15562174299999,-22.794645531],[-43.15576603299999,-22.794586956999996],[-43.15596390299999,-22.79461202],[-43.155761107,-22.794540616],[-43.15576506,-22.793395591999996]]],[[[-43.15575045,-22.792094614000003],[-43.15576136,-22.792047154],[-43.155699161,-22.792089942],[-43.15575045,-22.792094614000003]]],[[[-43.155420131,-22.791986866],[-43.155504262,-22.792077524],[-43.155532553,-22.791999148],[-43.155420131,-22.791986866]]],[[[-43.155574597999994,-22.791957079],[-43.155499391999996,-22.791931498999993],[-43.15551227899999,-22.791964594],[-43.155574597999994,-22.791957079]]],[[[-43.1556927,-22.791877451999998],[-43.15565180400001,-22.791944244999993],[-43.155706718,-22.791936643],[-43.1556927,-22.791877451999998]]],[[[-43.155515918999996,-22.791903718],[-43.155535803999996,-22.79189176299999],[-43.155513207,-22.791888117],[-43.155515918999996,-22.791903718]]],[[[-43.155605792,-22.791840754999996],[-43.155544306,-22.791896327],[-43.155622882,-22.791891744000004],[-43.155605792,-22.791840754999996]]],[[[-43.155820543,-22.79183683],[-43.155772049999996,-22.791811008],[-43.155783373,-22.791855871000003],[-43.155820543,-22.79183683]]],[[[-43.15552052799999,-22.791832694999997],[-43.155488456,-22.791827584999997],[-43.155489679,-22.791845198999997],[-43.15552052799999,-22.791832694999997]]],[[[-43.155372894,-22.791754321999996],[-43.155401147,-22.79174641299999],[-43.155370207999994,-22.7917337],[-43.155372894,-22.791754321999996]]],[[[-43.155720709,-22.791777564],[-43.155674549,-22.791685056000006],[-43.155708841,-22.791778798999996],[-43.155720709,-22.791777564]]],[[[-43.152151073999995,-22.790284758],[-43.152349746999995,-22.790395186],[-43.15222841899999,-22.790181363999995],[-43.152151073999995,-22.790284758]]],[[[-43.15197392699999,-22.790229258],[-43.15121854699999,-22.789699942],[-43.15181662,-22.790722683],[-43.15197392699999,-22.790229258]]],[[[-43.14934473299999,-22.789494461999993],[-43.14864665699999,-22.789052180000006],[-43.14858909899999,-22.789455982000003],[-43.14934473299999,-22.789494461999993]]],[[[-43.14932713,-22.78671462199999],[-43.15063467,-22.788073777999994],[-43.151615004,-22.787474689999996],[-43.150935894,-22.786868284999997],[-43.14932713,-22.78671462199999]]],[[[-43.13809369599999,-22.782659659000004],[-43.137479133,-22.783301582999997],[-43.13835121700001,-22.783044827999998],[-43.13809369599999,-22.782659659000004]]],[[[-43.14044582999999,-22.78166643799999],[-43.140503288999994,-22.782214387],[-43.140892512,-22.78190560599999],[-43.14044582999999,-22.78166643799999]]],[[[-43.13756272399999,-22.776164489999996],[-43.138192342,-22.777344006],[-43.138521899,-22.777270621999996],[-43.138666324,-22.776478821000005],[-43.13756272399999,-22.776164489999996]]],[[[-43.141585729,-22.776605438999997],[-43.13958764099999,-22.776058753999994],[-43.139156244999995,-22.776890925999997],[-43.141585729,-22.776605438999997]]],[[[-43.16002331599999,-22.770109090000002],[-43.156147214,-22.773215877999995],[-43.153635712,-22.773085158999997],[-43.152793259999996,-22.771686695],[-43.152057122,-22.774141382000003],[-43.154435116,-22.775436626999998],[-43.159840906,-22.775495002999996],[-43.160235884,-22.77186842499999],[-43.16232948,-22.771614143000004],[-43.16002331599999,-22.770109090000002]]],[[[-43.115125669,-22.76970531],[-43.114419462,-22.769674186],[-43.11534069699999,-22.770424691],[-43.115125669,-22.76970531]]],[[[-43.117116775999996,-22.769124147],[-43.11637999199999,-22.769219668],[-43.117101035,-22.769470224999996],[-43.117116775999996,-22.769124147]]],[[[-43.168955009,-22.768751745999996],[-43.169032368,-22.768733822999998],[-43.168967937000005,-22.768695464999997],[-43.168955009,-22.768751745999996]]],[[[-43.167816376999994,-22.767843775],[-43.167948024,-22.769081188999998],[-43.168496196999996,-22.768713659],[-43.167816376999994,-22.767843775]]],[[[-43.168719377,-22.768124575999995],[-43.16857719899999,-22.767980109],[-43.168634809,-22.768162560999997],[-43.168719377,-22.768124575999995]]],[[[-43.16836326199999,-22.767802928999995],[-43.168427542,-22.767935371999997],[-43.168619359,-22.767809578000005],[-43.16836326199999,-22.767802928999995]]],[[[-43.168205673,-22.767752569999992],[-43.168318801,-22.767674102000004],[-43.168312331,-22.767559016999993],[-43.168205673,-22.767752569999992]]],[[[-43.16780779700001,-22.767571776],[-43.168044199,-22.767704340999998],[-43.168018193,-22.767403531000003],[-43.16780779700001,-22.767571776]]],[[[-43.168778057000004,-22.767640153],[-43.168743401,-22.767387474],[-43.168633409,-22.767530902999994],[-43.168778057000004,-22.767640153]]],[[[-43.168674794,-22.767403459999993],[-43.168525179,-22.767366497999998],[-43.168519294999996,-22.767507410999997],[-43.168674794,-22.767403459999993]]],[[[-43.168820571999994,-22.767154225999995],[-43.169145898,-22.767521942999988],[-43.169148758,-22.767157991999998],[-43.168820571999994,-22.767154225999995]]],[[[-43.168267222,-22.767190678999995],[-43.168340398999995,-22.767256444000004],[-43.16836710599999,-22.767204809999992],[-43.168267222,-22.767190678999995]]],[[[-43.169157188999996,-22.766998989999998],[-43.169113231,-22.767043858000005],[-43.169172243999995,-22.767023793999996],[-43.169157188999996,-22.766998989999998]]],[[[-43.16896302599999,-22.766979910000003],[-43.168872331,-22.767068317],[-43.16894211599999,-22.767079488999997],[-43.16896302599999,-22.766979910000003]]],[[[-43.169168293,-22.766900396],[-43.16913884099999,-22.766801535999992],[-43.169119380999994,-22.766897241999995],[-43.169168293,-22.766900396]]],[[[-43.168724487,-22.766721238999995],[-43.168687177,-22.76679211],[-43.168751523,-22.766791551999997],[-43.168724487,-22.766721238999995]]],[[[-43.16917937,-22.766697937],[-43.169089507,-22.766619125],[-43.16909806900001,-22.766711265],[-43.16917937,-22.766697937]]],[[[-43.1176223,-22.753784503],[-43.114541775999996,-22.756370003],[-43.12008203599999,-22.758457760999995],[-43.120901408,-22.756485161999997],[-43.1176223,-22.753784503]]],[[[-43.128980860999995,-22.746581224999996],[-43.12564261,-22.746582111999995],[-43.12409992199999,-22.748321419],[-43.126104786,-22.747220785999996],[-43.128792183,-22.748032481],[-43.128980860999995,-22.746581224999996]]],[[[-42.929360373,-23.024928089],[-42.929082674,-23.0251968],[-42.92931448699999,-23.025228502000004],[-42.929360373,-23.024928089]]],[[[-42.925382772999995,-23.020666159],[-42.927881138,-23.024294199000003],[-42.928962897999995,-23.024278973],[-42.928159607999994,-23.022154525],[-42.925382772999995,-23.020666159]]],[[[-42.914047153,-23.00780041399999],[-42.913078014,-23.008929000000006],[-42.916677553,-23.011760094999993],[-42.919567779,-23.016649091],[-42.923895511,-23.018638142999997],[-42.920903143000004,-23.012874146999998],[-42.914047153,-23.00780041399999]]],[[[-42.907191631,-23.006917532000003],[-42.90878637299999,-23.007358341],[-42.90690386299999,-23.005575354999998],[-42.907191631,-23.006917532000003]]],[[[-42.907712198,-23.004688683],[-42.908400244999996,-23.006011368000003],[-42.909512251,-23.005906572999997],[-42.907712198,-23.004688683]]],[[[-41.97838605,-22.977892090999994],[-41.976580959,-22.980280625999995],[-41.978090461,-22.983509009],[-41.976388215,-22.984158525],[-41.976694295,-22.985626647999997],[-41.973837607,-22.989620734999995],[-41.97457465699999,-22.992163855],[-41.977993004999995,-22.993912187999996],[-41.977876681999994,-22.996868347999996],[-41.98444476299999,-23.001954721999997],[-41.983651094,-23.002833969],[-41.9853307,-23.003189393],[-41.98512308099999,-23.004847427000005],[-41.986729051,-23.005257319999995],[-41.98601138899999,-23.00368963699999],[-41.988578725,-23.004932962999998],[-41.987985416,-23.003335502999995],[-41.989430235,-23.003040190000004],[-41.998075755,-23.006150894999998],[-41.996483950999995,-23.00797415599999],[-41.99829442499999,-23.009395803000004],[-41.997676868,-23.011762931],[-42.00068578799999,-23.016711980999993],[-42.000568756999996,-23.014532453],[-42.002485388,-23.014483264],[-42.002485595,-23.0131654],[-42.005380973,-23.013415485000003],[-42.004679812999996,-23.012015462999997],[-42.006939835,-23.01091823],[-42.005888588,-23.009053829999996],[-42.00721765699999,-23.008406826999998],[-42.006668649,-23.007095512000003],[-42.008117208,-23.007506503000002],[-42.007623460999994,-23.005978960999997],[-42.009609754,-23.005945032],[-42.01211309200001,-23.00320554599999],[-42.011482545,-23.002307078],[-42.01284450699999,-23.002353778999996],[-42.013046615,-22.998889834],[-42.005883312,-23.002843541999994],[-42.003740107,-23.000437743999996],[-42.003291021,-22.993354721999985],[-42.001898114,-22.991323404],[-42.000294844,-22.990876358000005],[-41.998118737999995,-22.992413991],[-41.9959236,-22.991199071],[-41.996244076,-22.989038226999998],[-41.992198169,-22.986996603999998],[-41.992194933,-22.985403525999995],[-41.985704577,-22.980709336000004],[-41.983990635,-22.980963063999997],[-41.98288204299999,-22.978831784],[-41.97838605,-22.977892090999994]]],[[[-43.0812768,-22.985708117999998],[-43.081865283,-22.988143733000005],[-43.085687023,-22.989659563000004],[-43.088868021,-22.988020793999997],[-43.0812768,-22.985708117999998]]],[[[-42.037750279,-22.984313150000002],[-42.036979418,-22.984267174999992],[-42.037396081999994,-22.984692577999997],[-42.037750279,-22.984313150000002]]],[[[-43.06284516499999,-22.984091317],[-43.067264176,-22.986240578],[-43.068503649,-22.985876042999998],[-43.067658528,-22.982868520999997],[-43.06265555,-22.981128839000004],[-43.06284516499999,-22.984091317]]],[[[-42.03713427099999,-22.981089726],[-42.03823382699999,-22.983350002999998],[-42.038138545,-22.980569711000005],[-42.03713427099999,-22.981089726]]],[[[-43.053703642,-22.977156216999997],[-43.052933321000005,-22.979448438999995],[-43.05483019099999,-22.98110958],[-43.05470468899999,-22.978865098999997],[-43.053703642,-22.977156216999997]]],[[[-41.993155120999994,-22.963397711999995],[-41.985433144999995,-22.963837097999996],[-41.98842868599999,-22.968339612],[-41.99280803199999,-22.969318853],[-41.993945585999995,-22.967586980000004],[-41.993155120999994,-22.963397711999995]]],[[[-42.69134824799999,-22.962294044999997],[-42.691569387,-22.961762010999998],[-42.691005835999995,-22.962129837],[-42.69134824799999,-22.962294044999997]]],[[[-43.102118431,-22.956896713999992],[-43.105595953000005,-22.956825564],[-43.102093741,-22.955314917999996],[-43.102118431,-22.956896713999992]]],[[[-42.46795396899999,-22.943923089],[-42.469455043,-22.944415619999997],[-42.46801831700001,-22.943556165],[-42.46795396899999,-22.943923089]]],[[[-42.029062949,-22.941222899999996],[-42.02984470399999,-22.940528012],[-42.028767016,-22.939862398],[-42.029062949,-22.941222899999996]]],[[[-42.47676616799999,-22.939809301],[-42.475712658,-22.939435363],[-42.476144168,-22.940489044],[-42.47676616799999,-22.939809301]]],[[[-42.47557929199999,-22.938931107000002],[-42.475332961999996,-22.93918754699999],[-42.475536452,-22.93923686200001],[-42.47557929199999,-22.938931107000002]]],[[[-42.474658232,-22.938497132],[-42.474701072,-22.938753572],[-42.474925983,-22.938625352],[-42.474658232,-22.938497132]]],[[[-42.474465452,-22.938102608],[-42.474422612,-22.938516859000003],[-42.474701072,-22.938329459999995],[-42.474465452,-22.938102608]]],[[[-42.473501553,-22.937944798],[-42.473458713,-22.938546447],[-42.473672912,-22.937865893],[-42.473501553,-22.937944798]]],[[[-43.101949016,-22.931352182000005],[-43.101611018,-22.930962435],[-43.101447349,-22.931148131000004],[-43.101949016,-22.931352182000005]]],[[[-41.984274326999994,-22.890850211],[-41.978981044,-22.891960134999994],[-41.980044829,-22.899317262999997],[-41.976292027,-22.899567038],[-41.977104341,-22.901031251999996],[-41.981220834999995,-22.899778357],[-41.98082365799999,-22.902640798999997],[-41.983402863,-22.900078406],[-41.98199666899999,-22.897766173999997],[-41.984497086,-22.895017678999988],[-41.986722469,-22.895206270999992],[-41.986452869999994,-22.893800833999997],[-41.98904937099999,-22.892201458000006],[-41.985658789999995,-22.892818966999997],[-41.984274326999994,-22.890850211]]],[[[-41.961045345,-22.885287696],[-41.960328944,-22.88319843],[-41.960717282999994,-22.885450750999997],[-41.961045345,-22.885287696]]],[[[-41.95925063399999,-22.884168311000003],[-41.959132706,-22.881812650999997],[-41.958148971,-22.882249179999995],[-41.95925063399999,-22.884168311000003]]],[[[-41.939746109,-22.876768563999995],[-41.941989878,-22.879976014],[-41.94296062499999,-22.87849136],[-41.939746109,-22.876768563999995]]],[[[-41.949601564,-22.870511360999995],[-41.95319995799999,-22.876137762],[-41.953935707,-22.875880126000002],[-41.953361907,-22.872443999],[-41.949601564,-22.870511360999995]]],[[[-41.93850836299999,-22.870084964],[-41.93796261899999,-22.870004132],[-41.938295637,-22.870404426999997],[-41.93850836299999,-22.870084964]]],[[[-41.93656841199999,-22.862639910000002],[-41.935404811,-22.865115445999997],[-41.93990302299999,-22.868041937],[-41.93803102900001,-22.868950499],[-41.94030507099999,-22.873606726],[-41.94458161,-22.875880881],[-41.945973024,-22.874126079],[-41.947908805999994,-22.874104696000003],[-41.946922322,-22.870153867000003],[-41.950128032,-22.869879455000007],[-41.945524755,-22.863760196999994],[-41.93656841199999,-22.862639910000002]]],[[[-41.92134754399999,-22.863587737999996],[-41.918319743999994,-22.86418731799999],[-41.920267636,-22.865532872],[-41.92134754399999,-22.863587737999996]]],[[[-41.921380238999994,-22.864021668999996],[-41.923168306,-22.864848114],[-41.924804464999994,-22.864321863000004],[-41.922953541000005,-22.863347548999997],[-41.921380238999994,-22.864021668999996]]],[[[-43.10629724999999,-22.848077062999998],[-43.10565311,-22.846181917999996],[-43.103699628,-22.845851023999998],[-43.104008361,-22.847771416999997],[-43.10629724999999,-22.848077062999998]]],[[[-43.107512629,-22.846788531999998],[-43.10841034,-22.847073920999996],[-43.10780319599999,-22.846459617],[-43.107512629,-22.846788531999998]]],[[[-43.09647771,-22.82397744],[-43.096194149,-22.825040796999993],[-43.10195990500001,-22.829695935999997],[-43.10439198,-22.829375231999993],[-43.102273885,-22.827794233999995],[-43.101285916,-22.824355073000003],[-43.097819543,-22.822593719999993],[-43.095203604999995,-22.819226970999996],[-43.09326400999999,-22.822252439999993],[-43.09647771,-22.82397744]]],[[[-41.919123709,-22.815603986000003],[-41.918165533,-22.817029431999998],[-41.91945388599999,-22.816689445999998],[-41.919123709,-22.815603986000003]]],[[[-41.91778396,-22.816265227],[-41.9173694,-22.815716546999997],[-41.917431066999995,-22.816217716000004],[-41.91778396,-22.816265227]]],[[[-41.91967889,-22.815750774000005],[-41.919276685,-22.815303869000005],[-41.919120242999995,-22.81550217199999],[-41.91967889,-22.815750774000005]]],[[[-41.923596962999994,-22.812316617999997],[-41.920861261,-22.813476062999992],[-41.920196753999996,-22.814659669],[-41.92328682499999,-22.813376836],[-41.923596962999994,-22.812316617999997]]],[[[-43.105042391999994,-22.791026585999997],[-43.104582499,-22.791273875999998],[-43.104631297,-22.791985042],[-43.105042391999994,-22.791026585999997]]],[[[-43.105246955999995,-22.790149746],[-43.10615153399999,-22.791707185],[-43.106585194999994,-22.79138472],[-43.105246955999995,-22.790149746]]],[[[-43.101192745999995,-22.789412793],[-43.100946491,-22.78964861799999],[-43.101621565,-22.78993966199999],[-43.101192745999995,-22.789412793]]],[[[-43.099490672,-22.788252275999998],[-43.100277725000005,-22.789317191999995],[-43.100576868999994,-22.788961442999994],[-43.099490672,-22.788252275999998]]],[[[-43.105159308,-22.777319292999998],[-43.106174101,-22.777771515],[-43.10699993299999,-22.776927291999993],[-43.10608322099999,-22.776501248999995],[-43.105159308,-22.777319292999998]]],[[[-43.07266283599999,-22.774246036999998],[-43.07262773,-22.774698395999994],[-43.072864492,-22.774565071000005],[-43.07266283599999,-22.774246036999998]]],[[[-43.072848182,-22.773657068999995],[-43.074311627,-22.774119127999995],[-43.073904119,-22.773375904999995],[-43.072848182,-22.773657068999995]]],[[[-43.10230147099999,-22.76284529000001],[-43.101526446,-22.762939019],[-43.10215060099999,-22.763278228999994],[-43.10230147099999,-22.76284529000001]]],[[[-43.069580081,-22.76026415000001],[-43.06987837199999,-22.760665069999995],[-43.06974392699999,-22.760211871999996],[-43.069580081,-22.76026415000001]]],[[[-43.10557321,-22.748809659000003],[-43.101809307,-22.75199793],[-43.107061771,-22.755088893000003],[-43.10847683499999,-22.757799792999997],[-43.106914295,-22.763227576999995],[-43.102713725,-22.763390445000002],[-43.102478735,-22.765091377],[-43.108190914999994,-22.769972959999997],[-43.110739384,-22.769593737999994],[-43.11436735,-22.767598590999995],[-43.110690893,-22.766311480999995],[-43.110168149,-22.764685613999998],[-43.111648809,-22.760813676],[-43.109947882,-22.758663021],[-43.112813522,-22.754069863999998],[-43.109164686,-22.75178819],[-43.109398385,-22.748955070999997],[-43.107347356999995,-22.749763300999994],[-43.10557321,-22.748809659000003]]],[[[-43.027298308000006,-22.743988417999994],[-43.030836885,-22.747209304],[-43.032734833,-22.742387425],[-43.03072771099999,-22.740388426999996],[-43.027298308000006,-22.743988417999994]]],[[[-41.94142112,-22.739385388],[-41.941600412,-22.739383480000004],[-41.94141349,-22.739337703000004],[-41.94142112,-22.739385388]]],[[[-41.94625842199999,-22.737009753000002],[-41.94184752099999,-22.739128181],[-41.943673492,-22.741026799999993],[-41.946920283999994,-22.739441018999997],[-41.94625842199999,-22.737009753000002]]],[[[-41.94600257199999,-22.736604473000003],[-41.946403115,-22.736554883000004],[-41.945972055999995,-22.73652055],[-41.94600257199999,-22.736604473000003]]],[[[-41.940780251999996,-22.736032268999995],[-41.940497964,-22.736333628999994],[-41.940772622,-22.736863874],[-41.940780251999996,-22.736032268999995]]],[[[-41.945999062999995,-22.727726495999992],[-41.945842240000005,-22.727881936000003],[-41.946209811,-22.727977655999993],[-41.945999062999995,-22.727726495999992]]],[[[-41.919842585,-22.72240801],[-41.92207180599999,-22.725473203999993],[-41.926537471,-22.723721657000002],[-41.924183617,-22.721899244999992],[-41.919842585,-22.72240801]]],[[[-43.063876758,-22.694821019],[-43.06398399,-22.694273890999998],[-43.06349764,-22.694677347999995],[-43.063876758,-22.694821019]]],[[[-43.104783242,-22.692383123],[-43.105358290999995,-22.691966911000005],[-43.104870633999994,-22.691973551999997],[-43.104783242,-22.692383123]]],[[[-43.060353436,-22.689915009999996],[-43.061963958999996,-22.690715414999996],[-43.060476348,-22.689454753],[-43.060353436,-22.689915009999996]]],[[[-41.983205612,-22.596894616000004],[-41.982212025,-22.596467521],[-41.98304781299999,-22.597051419],[-41.983205612,-22.596894616000004]]],[[[-41.933861101,-22.541738158999998],[-41.934699079,-22.541504715000002],[-41.933776873,-22.54160855599999],[-41.933861101,-22.541738158999998]]],[[[-41.941511816,-22.541086798000002],[-41.941930358,-22.541738552],[-41.942095033,-22.541145224999998],[-41.941511816,-22.541086798000002]]],[[[-41.93526258100001,-22.540761686],[-41.935028831,-22.540617814000008],[-41.93513112299999,-22.540815674000005],[-41.93526258100001,-22.540761686]]],[[[-41.941669075,-22.540481349999993],[-41.941505044,-22.540443201999995],[-41.941562263,-22.540551921999995],[-41.941669075,-22.540481349999993]]],[[[-41.93374595,-22.540488977999996],[-41.933814614,-22.540378354],[-41.933669655,-22.540330669],[-41.93374595,-22.540488977999996]]],[[[-41.934115974,-22.540405056999997],[-41.933959572999996,-22.540218137],[-41.934081713,-22.540492754000002],[-41.934115974,-22.540405056999997]]],[[[-41.934112160999995,-22.540076992000003],[-41.93433341099999,-22.539949198999995],[-41.934032051,-22.539895795],[-41.934112160999995,-22.540076992000003]]],[[[-41.943137735,-22.539756557],[-41.943023294,-22.539626857999995],[-41.942920297,-22.539823315],[-41.943137735,-22.539756557]]],[[[-41.93587836499999,-22.539426586000005],[-41.935676185999995,-22.539459012],[-41.935870737,-22.539497157999996],[-41.93587836499999,-22.539426586000005]]],[[[-41.93618199299999,-22.539269685999997],[-41.937755947,-22.540042968],[-41.93812209899999,-22.539902580999993],[-41.937358281,-22.538517501],[-41.93618199299999,-22.539269685999997]]],[[[-41.91813828899999,-22.533226362],[-41.91970148099999,-22.533675796999994],[-41.91990012499999,-22.53293875],[-41.918931261,-22.531855806],[-41.91813828899999,-22.533226362]]],[[[-41.918521493,-22.531503461000003],[-41.91875419,-22.531757138],[-41.91873129999999,-22.531499644999997],[-41.918521493,-22.531503461000003]]],[[[-41.91968116,-22.526580593],[-41.91974982599999,-22.526925823],[-41.919932931999995,-22.526857158999995],[-41.91968116,-22.526580593]]],[[[-44.171449753,-22.659428447],[-44.175191043,-22.655754214],[-44.18110626699999,-22.654322576],[-44.190126752,-22.648583983],[-44.191060165,-22.645058294000002],[-44.18916123299999,-22.642456958999993],[-44.186163660999995,-22.641417534999995],[-44.184276292999996,-22.637299137999996],[-44.189779265999995,-22.633184132999993],[-44.191205395,-22.629934905999995],[-44.19850254699999,-22.630490459999994],[-44.204367768,-22.626343750999997],[-44.202583367,-22.622861983999993],[-44.204351042,-22.618823395],[-44.20394578999999,-22.615971023],[-44.207425939,-22.612021667],[-44.21003388700001,-22.615607339],[-44.214898884,-22.614202580000004],[-44.216387873,-22.617115869],[-44.219364037,-22.617536626999996],[-44.224435109,-22.611534463999995],[-44.225833959999996,-22.604626089],[-44.232638289,-22.609154600999997],[-44.238094965,-22.607549307999992],[-44.241933135,-22.609299936000003],[-44.24560615099999,-22.606419656999996],[-44.248235396,-22.606485718],[-44.249358441,-22.607278456000003],[-44.248975285,-22.609590606],[-44.253388189,-22.612470884999997],[-44.260337853,-22.609590606],[-44.264314752,-22.604107506000002],[-44.267921707,-22.602158694],[-44.26873561099999,-22.598774253],[-44.272043941,-22.602066208],[-44.27444197199999,-22.601686354],[-44.283333842,-22.604381660999998],[-44.283360267,-22.60806789],[-44.285091077,-22.609825123999997],[-44.29527775099999,-22.601706172999997],[-44.295429692999996,-22.598462556],[-44.299155558,-22.599582297000005],[-44.304238986,-22.599096745999997],[-44.31326297999999,-22.595767249000005],[-44.315390158,-22.597689637],[-44.320093733,-22.595469971999997],[-44.326488481,-22.588447641],[-44.32897239099999,-22.588262668999995],[-44.333662754,-22.591103310999998],[-44.340242474,-22.590204874999998],[-44.344990275,-22.587848741],[-44.347384183,-22.590906068],[-44.345239111,-22.596639261999997],[-44.35014838499999,-22.595314170000005],[-44.350166674,-22.598203814999998],[-44.351829965,-22.600236609000003],[-44.34854738599999,-22.606011634999998],[-44.34919505999999,-22.609031252999998],[-44.35264939099999,-22.610043589999997],[-44.35602369299999,-22.614899292],[-44.361190306,-22.612841790999994],[-44.359842658999995,-22.609386879],[-44.362744862,-22.605910298999998],[-44.35986161,-22.593054087000002],[-44.362251062,-22.591839279000002],[-44.36575338600001,-22.594038518999998],[-44.37042054,-22.58974648799999],[-44.364613394,-22.586637351999997],[-44.364240812,-22.584485367999996],[-44.361584412,-22.582648364999997],[-44.3605182,-22.583171693999997],[-44.35991436,-22.581022921999992],[-44.363845746,-22.577955540999994],[-44.371213883,-22.580406234000005],[-44.382397778,-22.573494188],[-44.389598553,-22.574198521000003],[-44.392007834,-22.572355242999997],[-44.395702277999995,-22.581562141000003],[-44.400247785999994,-22.582190751999992],[-44.400942447999995,-22.585267112999997],[-44.40352262199999,-22.588029221999996],[-44.40965053499999,-22.588430307000007],[-44.404928485999996,-22.591432240000003],[-44.405945669999994,-22.598999095],[-44.401124383,-22.60329525],[-44.398172069,-22.602852817],[-44.40179423599999,-22.606685862999996],[-44.403484765,-22.606095597],[-44.40661965699999,-22.608848413000004],[-44.415439386,-22.602104401000005],[-44.43147450499999,-22.598651763999992],[-44.439301859,-22.604730057999994],[-44.44232507,-22.60431249799999],[-44.44527656299999,-22.606330298000003],[-44.446725759,-22.610512542000002],[-44.454609235999996,-22.609468646999996],[-44.464876737,-22.615969573],[-44.471846852,-22.613427268],[-44.478469642,-22.612848922999994],[-44.484820838999994,-22.603872067999998],[-44.488666230999996,-22.606755579999998],[-44.488916001999996,-22.609175577999995],[-44.48560238099999,-22.609802779],[-44.485174996,-22.611051631000002],[-44.492990035,-22.6180119],[-44.491144189,-22.620685690999995],[-44.495938208,-22.622874807],[-44.49552086799999,-22.625619843999992],[-44.500370239,-22.628688173],[-44.508588431999996,-22.640947013999998],[-44.510724935,-22.640135787],[-44.515599965,-22.63010656000001],[-44.521463674,-22.631796104],[-44.526684359,-22.629928145999994],[-44.532271782,-22.630727716],[-44.534532788,-22.633088106999995],[-44.531231432,-22.639496735],[-44.53500486699999,-22.638107045],[-44.53781249,-22.633038414999994],[-44.534184941,-22.626404473],[-44.528490989,-22.623663471],[-44.526303901,-22.619291592],[-44.530650593,-22.619119341],[-44.53299406000001,-22.615836123],[-44.535628641,-22.618341986000004],[-44.53753784500001,-22.61819408999999],[-44.541383142,-22.611924192999993],[-44.545787086,-22.609497235999996],[-44.546029412,-22.606961680999998],[-44.54944561399999,-22.606190376],[-44.550278977999994,-22.603761208000005],[-44.553056859,-22.605611157999995],[-44.55508540100001,-22.610256872999997],[-44.564086764,-22.611992721999997],[-44.571607926,-22.605749799999998],[-44.57221381099999,-22.601431907],[-44.574057033,-22.601733571],[-44.57584037,-22.606632130999998],[-44.57990625699999,-22.611785646999994],[-44.58086238,-22.614541532],[-44.579721633,-22.616433606999994],[-44.583776997,-22.622855120000004],[-44.58365665499999,-22.626213227],[-44.589157669,-22.623494129],[-44.591831897999995,-22.623547972999994],[-44.59326772499999,-22.621681397],[-44.59289082,-22.616916245000002],[-44.596884215,-22.613739476999996],[-44.596955108,-22.609993846999995],[-44.602076008,-22.607771538999994],[-44.604605808,-22.613700887999993],[-44.610797354999995,-22.617384265999995],[-44.612784959,-22.617344830000004],[-44.61729256299999,-22.613259197999998],[-44.62298720799999,-22.605123426999995],[-44.624872278,-22.606929622999996],[-44.63309875299999,-22.609327368999995],[-44.64024855299999,-22.608057923000004],[-44.646116541,-22.603386614],[-44.643448401,-22.600485464],[-44.647120179,-22.584641311],[-44.64650333,-22.58152393999999],[-44.642368184,-22.577634845000002],[-44.642898536,-22.564496470999998],[-44.64162335499999,-22.560202437],[-44.64442761299999,-22.555598615999994],[-44.64808529399999,-22.552493929000004],[-44.650352661999996,-22.557013233000003],[-44.655650524,-22.554169127999995],[-44.659398047,-22.554240613000005],[-44.661532701,-22.550936128999997],[-44.667873632,-22.554073763],[-44.674922457,-22.561342093],[-44.677426102,-22.561500142000003],[-44.67884438,-22.558901235000004],[-44.67712438299999,-22.547528433000004],[-44.674922743,-22.542946882000003],[-44.66992646,-22.539268285],[-44.671007247,-22.536664736],[-44.678753072999996,-22.530615015],[-44.68082089999999,-22.52569143],[-44.686537971,-22.524018571999996],[-44.688860474,-22.519807297],[-44.697463255,-22.518033637999995],[-44.69695346,-22.515442182999994],[-44.700145299,-22.513167804],[-44.69886571899999,-22.511465836999992],[-44.701387610000005,-22.510745297000003],[-44.704086094,-22.512428972999995],[-44.70823274499999,-22.511950339],[-44.714543194,-22.514949255999994],[-44.716220807,-22.514236191000006],[-44.715289073,-22.512571493999996],[-44.717177386,-22.510476647],[-44.712790287999994,-22.509367015],[-44.714411877,-22.505968051000004],[-44.71368959699999,-22.503078932],[-44.710241066,-22.501110365999992],[-44.71125367399999,-22.496259762000005],[-44.712266125999996,-22.492822247999996],[-44.720074326,-22.492771471999998],[-44.72201687199999,-22.485078283],[-44.72496894599999,-22.483793771],[-44.72248298299999,-22.479335738999993],[-44.72382232,-22.47616565499999],[-44.722765625,-22.473380990999996],[-44.721084634,-22.472484341999998],[-44.721365264,-22.470724800999996],[-44.717960715000004,-22.470718376999997],[-44.71769599099999,-22.467359087000006],[-44.719345016999995,-22.466989432999995],[-44.71924545,-22.463421080999996],[-44.72331163799999,-22.462149193],[-44.725013911999994,-22.456567017999998],[-44.72421737599999,-22.450830675000002],[-44.726992404,-22.45056088],[-44.728810305,-22.448614506000002],[-44.731508249,-22.441432836],[-44.730223514,-22.439634205999994],[-44.733852891,-22.436030524],[-44.733942822,-22.43289577],[-44.74144567700001,-22.424827631999996],[-44.74916524099999,-22.420978292999994],[-44.755333665,-22.415269200999997],[-44.761551784,-22.417042135999992],[-44.77008242699999,-22.415526147999998],[-44.776351934999994,-22.412083058000007],[-44.77848459599999,-22.408896913999996],[-44.783597842,-22.407933362999998],[-44.793792217,-22.409076777],[-44.79979835499999,-22.407355231999997],[-44.805386952999996,-22.403847904],[-44.809048449,-22.406340290999992],[-44.809085869,-22.403383601],[-44.804795975,-22.400083629999997],[-44.80366540799999,-22.393814121],[-44.79587991199999,-22.389908526000003],[-44.79338647899999,-22.386871139],[-44.787589544,-22.388091367999994],[-44.780308919999996,-22.382906718999998],[-44.77600095399999,-22.384293222999997],[-44.767667124,-22.378268824],[-44.761770189,-22.377433746000005],[-44.75642569,-22.374658718000003],[-44.744696057,-22.375590150999994],[-44.730241244,-22.361119874999996],[-44.725447222999996,-22.358925239],[-44.721165883,-22.360229428999993],[-44.707953094,-22.368828084999997],[-44.704715107,-22.367856689],[-44.695450864,-22.371562386000008],[-44.690288071999994,-22.370159257999997],[-44.68821935799999,-22.372893558999998],[-44.67929435899999,-22.374248496999993],[-44.676454668999995,-22.37215601699999],[-44.67039243599999,-22.374818361999996],[-44.666039142,-22.372623725999997],[-44.664348202,-22.37417074999999],[-44.662927075999995,-22.379945173],[-44.660700586999994,-22.380524223],[-44.65925735599999,-22.374373139],[-44.651099426,-22.370208727000005],[-44.645945629,-22.365162862999995],[-44.64195460999999,-22.35615323],[-44.64361203699999,-22.354367692999997],[-44.64286739599999,-22.353118618],[-44.63515242599999,-22.350853584],[-44.633171051,-22.348242421000002],[-44.62744612400001,-22.345944443999993],[-44.62614099999999,-22.335383355],[-44.624367474,-22.335399368000004],[-44.62410273999999,-22.333822323999996],[-44.619941014,-22.331141414999998],[-44.61592666799999,-22.332018676000004],[-44.61339403,-22.328097084000007],[-44.611540435,-22.328221190999997],[-44.61003538800001,-22.326557773999998],[-44.600418863,-22.326075344],[-44.599450028999996,-22.324449944999998],[-44.59242798599999,-22.322868584],[-44.589229313,-22.320320139],[-44.58706336899999,-22.3204465],[-44.588592685,-22.323585198999996],[-44.585814294,-22.326155412999995],[-44.582075075999995,-22.3240496],[-44.58126638,-22.328541466000004],[-44.577799396,-22.326900054],[-44.57589775999999,-22.327380467],[-44.570881443,-22.324249773],[-44.569175975,-22.32598726799999],[-44.57007274699999,-22.327716757],[-44.56567977,-22.327966672],[-44.566009249,-22.33063927],[-44.56361919199999,-22.333177456000005],[-44.563382989,-22.331524032999997],[-44.55794106,-22.330770742999995],[-44.556643189,-22.32884372599999],[-44.55520795299999,-22.33069532],[-44.552195361,-22.327414496],[-44.549689203999996,-22.328515444],[-44.550137590000006,-22.325380746],[-44.545738495,-22.323621918],[-44.545414681,-22.327191402999993],[-44.543163044,-22.328351109000007],[-44.545700843,-22.332086267],[-44.541814178,-22.331754211],[-44.5383962,-22.329559763999995],[-44.532579303,-22.330704089],[-44.530229307999996,-22.323188911],[-44.52475767899999,-22.320402825],[-44.52339156,-22.318301578],[-44.520783997,-22.318623025],[-44.517148694,-22.315922776],[-44.51357547599999,-22.308628574],[-44.51167401,-22.309434344],[-44.511041443,-22.307901875],[-44.506196458999995,-22.305639482000004],[-44.502782301,-22.306990676999995],[-44.50141174,-22.305239821999994],[-44.496855751,-22.303741240999997],[-44.494516861,-22.301405534],[-44.494821357999996,-22.299701808999995],[-44.491102169,-22.298643325999997],[-44.49017083199999,-22.296482459],[-44.48434524399999,-22.293764136999997],[-44.48227902099999,-22.294054133],[-44.480481045,-22.2889212],[-44.47913256199999,-22.28815271],[-44.476102102,-22.289247441999997],[-44.476522595999995,-22.286071986999996],[-44.473064403,-22.283135789],[-44.470519674,-22.282773276999997],[-44.46850752100001,-22.280095138999997],[-44.46546649,-22.279155577],[-44.463588765,-22.281084052],[-44.459913062999995,-22.279989316],[-44.463379231999994,-22.276320192000004],[-44.46320451999999,-22.274696885000004],[-44.460551054999996,-22.273507900999995],[-44.458738578,-22.270466565999996],[-44.46298300299999,-22.266968367999997],[-44.460268307999996,-22.262531543999998],[-44.457571343,-22.261857302999996],[-44.458934324999994,-22.261096060999996],[-44.457107349,-22.257587109],[-44.452387660999996,-22.258217849999998],[-44.452068665,-22.256724369999997],[-44.449777695,-22.257869855],[-44.44730547699999,-22.255470136],[-44.445079756999995,-22.257166611000002],[-44.440453086,-22.25481733199999],[-44.438174656,-22.256758221],[-44.43868664899999,-22.257864739000002],[-44.43719808899999,-22.257773434999997],[-44.433209465,-22.251408332999993],[-44.430367588,-22.252322914999997],[-44.429197926,-22.254338968],[-44.42625398199999,-22.254076217000005],[-44.42389664099999,-22.255662657000002],[-44.414452235,-22.254154230000005],[-44.41300527999999,-22.255604051000002],[-44.39479666799999,-22.258906944999996],[-44.392396901999994,-22.261962832999995],[-44.389962737,-22.270508796000005],[-44.38758897699999,-22.272504823],[-44.384073371999996,-22.267529247999995],[-44.380720201,-22.267001735999994],[-44.37985118099999,-22.268394925999996],[-44.37688547999999,-22.268298367999996],[-44.37470603399999,-22.26498091799999],[-44.37607163599999,-22.261842794],[-44.37112650099999,-22.259187457],[-44.369871249999996,-22.259766802999994],[-44.366243438999994,-22.256594192],[-44.36448470799999,-22.257759781999994],[-44.363960538,-22.253807812],[-44.362022486,-22.251973215],[-44.35986373099999,-22.252414621999996],[-44.360036156,-22.253669871999996],[-44.35840846799999,-22.253773327000005],[-44.357167012,-22.256056228],[-44.354925493,-22.255242384000002],[-44.352421889,-22.257683914999998],[-44.346131842999995,-22.253518138999997],[-44.340372863999995,-22.253497448],[-44.339255553,-22.257959793999998],[-44.336889889,-22.258559831999992],[-44.33326897399999,-22.256787308000007],[-44.328303148,-22.256918349999996],[-44.32389597699999,-22.253738841999997],[-44.323282145,-22.255780344999998],[-44.325020184,-22.257166638000005],[-44.32393735899999,-22.260787553000004],[-44.32234892899999,-22.261127330000004],[-44.319606054999994,-22.25874605],[-44.31701279,-22.259387468999996],[-44.315316132999996,-22.254345776],[-44.312095243,-22.255007886],[-44.30772945399999,-22.251980112],[-44.30210151799999,-22.253842297000002],[-44.29583216299999,-22.248876471000003],[-44.297108104,-22.245800417000005],[-44.29505385,-22.24483582],[-44.294692901,-22.245832624],[-44.291509622,-22.24306137],[-44.28944878099999,-22.247462562],[-44.28451760000001,-22.243562684],[-44.276391522,-22.243178750000002],[-44.26880460499999,-22.244821348000002],[-44.267342578,-22.248368148999997],[-44.263506145,-22.243435925000004],[-44.262754243,-22.251621467],[-44.261043792,-22.254663034999997],[-44.262312836,-22.258077041000004],[-44.26004372999999,-22.261760029000005],[-44.26175418099999,-22.263235984],[-44.260575279,-22.267868033],[-44.24983619799999,-22.260401325],[-44.24814643799999,-22.262670431999993],[-44.24614631400001,-22.262587667999995],[-44.247139479000005,-22.267456937000002],[-44.24275299899999,-22.267567288],[-44.239201054,-22.262766989999996],[-44.235242187,-22.266394802],[-44.23273858299999,-22.262711814],[-44.227650142,-22.260222776999996],[-44.223669053,-22.259939228],[-44.224020799,-22.256359694999997],[-44.221627548,-22.255435497999997],[-44.224372545,-22.253290538],[-44.215903053,-22.249607551],[-44.213109776,-22.246055606000002],[-44.20969577,-22.247317752999997],[-44.208302579999994,-22.250938668],[-44.203481591,-22.248607488],[-44.201240072,-22.251200753],[-44.19821166799999,-22.245233704000007],[-44.195378012999996,-22.245084680999998],[-44.19136567,-22.240654670000005],[-44.18803802699999,-22.240065823999995],[-44.184453621,-22.236186997],[-44.184070189,-22.233615948],[-44.180704887,-22.233571442],[-44.18116213999999,-22.229137194],[-44.17728823299999,-22.226563533999997],[-44.174967099,-22.227850769999996],[-44.17385788399999,-22.230589570999992],[-44.167709276,-22.228857280000003],[-44.16674384899999,-22.227200304999997],[-44.165038945,-22.229959647000005],[-44.167331434,-22.231490198],[-44.163649002999996,-22.233054492000004],[-44.16427962,-22.230677784],[-44.158828713999995,-22.228323214],[-44.15838365799999,-22.224906558999997],[-44.153076135999996,-22.22681238199999],[-44.150434288,-22.222968858],[-44.152020629,-22.218630146000002],[-44.14841442299999,-22.212588802000003],[-44.14558661099999,-22.21357477],[-44.141683955999994,-22.220386578999996],[-44.13836302299999,-22.215526165999997],[-44.134015176,-22.214725066000003],[-44.135863867,-22.212061581999997],[-44.13360964099999,-22.210302179],[-44.127510524,-22.212287534],[-44.12635337999999,-22.208460059000004],[-44.1213924,-22.208952338],[-44.120452161,-22.207215661],[-44.123062707,-22.205644907999996],[-44.12338349499999,-22.202348539999996],[-44.125275034999994,-22.199981349999998],[-44.121027637,-22.195439573],[-44.121137982,-22.191508136000003],[-44.123173323,-22.189727212],[-44.12328394,-22.187691870999995],[-44.119600414999994,-22.18667419999999],[-44.117952231000004,-22.188200705999993],[-44.118649114,-22.189760397],[-44.117288532,-22.189904197999994],[-44.114169151,-22.188079027999997],[-44.111824083,-22.188433000000003],[-44.10848346899999,-22.183599065000003],[-44.10383758099999,-22.184085777],[-44.103118575,-22.180092525999996],[-44.105242409,-22.17789126],[-44.10161419199999,-22.175833794999992],[-44.100419535,-22.173134756000007],[-44.095209503999996,-22.175601501],[-44.089645499999996,-22.175269652],[-44.090720381,-22.179361883000006],[-44.08721194,-22.184594614],[-44.084048312,-22.175435577999995],[-44.08227845,-22.175911228],[-44.080541773,-22.174440029999996],[-44.079358176999996,-22.175557255999998],[-44.075884822999996,-22.17521434499999],[-44.078119274,-22.172648044999992],[-44.072975613,-22.169915820999996],[-44.071980065,-22.164573050000005],[-44.06945801199999,-22.162814249000007],[-44.065442638,-22.161442605999998],[-44.062102023,-22.162017811],[-44.060354284,-22.160225825999998],[-44.05449161599999,-22.161022263999996],[-44.052268227,-22.159020108000004],[-44.048341346,-22.162227983],[-44.04444765,-22.159407265],[-44.041494192,-22.160823155],[-44.03985707,-22.160104148],[-44.039525221,-22.155801170999997],[-44.037323955,-22.153522474000006],[-44.033817416,-22.152250385999995],[-44.029260021,-22.154186172],[-44.02658310499999,-22.151000421],[-44.02232437499999,-22.151542441],[-44.020056739,-22.153865385],[-44.014625475,-22.153688398000003],[-44.011318045,-22.159694867999995],[-44.004371337,-22.162637263],[-44.001727606,-22.161132879999997],[-43.998021957000006,-22.155933911],[-43.99324333,-22.158820997999996],[-43.992933603999994,-22.154728191999993],[-43.989758914,-22.153268055999995],[-43.989637236,-22.151276961000004],[-43.987458093,-22.149739393999997],[-43.982956007000006,-22.151498193999995],[-43.976949538,-22.150181859],[-43.976562381,-22.149186312],[-43.979150804,-22.147040353999998],[-43.970135569,-22.143478506999994],[-43.964881291,-22.139352515999995],[-43.953487804999995,-22.142328097],[-43.950169314,-22.139739673999998],[-43.949118458,-22.136664537999998],[-43.947083117,-22.136244196],[-43.946684897999994,-22.137449915],[-43.944881851,-22.136520737000005],[-43.942603153,-22.132494300999998],[-43.938101067,-22.132085019999998],[-43.933178638,-22.129518721],[-43.92761463499999,-22.130337282000003],[-43.920498419,-22.125329182999998],[-43.906608584999994,-22.121333109000002],[-43.902460471,-22.118600883999996],[-43.895856674,-22.117538966999994],[-43.892814722999994,-22.113722701999997],[-43.879651375,-22.114021367000003],[-43.880646922,-22.101953119999997],[-43.87919784799999,-22.099519559999994],[-43.878191239,-22.101200928999994],[-43.87461833,-22.100614661999998],[-43.87062507899999,-22.104475172999997],[-43.870226859999995,-22.100304936],[-43.863645184999996,-22.100393428999997],[-43.86070278999999,-22.09891117],[-43.857970564999995,-22.095050658],[-43.85436447099999,-22.095548431999994],[-43.851145535,-22.098678874999997],[-43.842370493999994,-22.099641098000003],[-43.84081396599999,-22.096621410999997],[-43.83513934599999,-22.095924528],[-43.830743788,-22.091015447999997],[-43.82331465299999,-22.090425014000004],[-43.818712814,-22.085902683999997],[-43.814785932999996,-22.087119463999993],[-43.810438709,-22.085781006000005],[-43.810206415,-22.084553163999995],[-43.813325796,-22.083590801999996],[-43.81111346899999,-22.082219158999997],[-43.799476626,-22.082595254],[-43.79620238199999,-22.079132961999996],[-43.78942159799999,-22.07607995],[-43.78866940699999,-22.07277252],[-43.783027971,-22.070128788999998],[-43.781623143,-22.071577863999998],[-43.77916746,-22.070692932999997],[-43.779421878,-22.06801601600001],[-43.777331228,-22.066389956],[-43.77484236,-22.065726256999998],[-43.768172191999994,-22.067617797000004],[-43.767298323,-22.063159956999996],[-43.765705447,-22.062175471999996],[-43.764289557000005,-22.063524995],[-43.763515243,-22.073613204999997],[-43.75579975099999,-22.076240347],[-43.756048637999996,-22.07797149],[-43.76146883999999,-22.079619674000003],[-43.76044010799999,-22.081422721000003],[-43.754289836999995,-22.082650562999998],[-43.75204126199999,-22.087885846],[-43.745495836,-22.088446860999994],[-43.746967033,-22.093313980999998],[-43.74291847399999,-22.092661345],[-43.741093304,-22.095437816],[-43.736303615,-22.0945197],[-43.735783718,-22.09688689],[-43.734137343,-22.097086963],[-43.731447556,-22.096223192],[-43.728250743000004,-22.090714495999997],[-43.72474420399999,-22.088822955999998],[-43.72283054,-22.083546555],[-43.71982177499999,-22.080648405999998],[-43.7148551,-22.082440392],[-43.710441505999995,-22.081632891999995],[-43.708505720000005,-22.079940461],[-43.709434896999994,-22.076245877],[-43.70846147299999,-22.075615360999993],[-43.70563215300001,-22.075784093999996],[-43.702587744,-22.078281216],[-43.696769322,-22.077064435999997],[-43.69341764599999,-22.071776973],[-43.691315935,-22.070858856999997],[-43.687931074,-22.07310437],[-43.681294091999995,-22.071776973],[-43.68209053,-22.074077794000004],[-43.680309605,-22.075006973999994],[-43.68019899,-22.080526728000002],[-43.675785395999995,-22.085382787],[-43.673827486,-22.089829565000002],[-43.67209080899999,-22.090349461999995],[-43.66789844899999,-22.084166006999997],[-43.665398519,-22.082993473],[-43.665907354,-22.074708306999998],[-43.663860951,-22.073535773],[-43.656969551,-22.073624265999996],[-43.65296523799999,-22.066766051],[-43.64642780999999,-22.064852388],[-43.63764487,-22.067783722],[-43.635797575999995,-22.0695204],[-43.636594015,-22.072330055000002],[-43.629614121,-22.075195019],[-43.627589842,-22.077462655],[-43.622302379,-22.074852108000005],[-43.620709503,-22.075261389],[-43.620377654,-22.076588785],[-43.62275590499999,-22.078170601000004],[-43.62036659299999,-22.084121759999995],[-43.61288892599999,-22.082296590000002],[-43.61147303599999,-22.071599986999995],[-43.609481941,-22.070150911999995],[-43.607645708999996,-22.072352177999996],[-43.60326530099999,-22.072573411],[-43.598265441,-22.064586909],[-43.599339155,-22.059149049],[-43.59452660699999,-22.060438794999992],[-43.59231427999999,-22.056257496],[-43.58713743399999,-22.054587192],[-43.585666235999994,-22.05153418],[-43.583431784999995,-22.056600410000005],[-43.58469281199999,-22.063513932999992],[-43.584029113,-22.071124339999997],[-43.58121945799999,-22.070538072999998],[-43.574305933999995,-22.078325465999995],[-43.568564944,-22.077329914999996],[-43.566728712,-22.080681594],[-43.56589909,-22.087971209999992],[-43.561142586,-22.088435798999996],[-43.559605018,-22.083812035000008],[-43.549339818,-22.080858577000004],[-43.54795711399999,-22.078978099000008],[-43.540667494999994,-22.079088715],[-43.53550170999999,-22.075427313],[-43.52482723,-22.072407486],[-43.52084503999999,-22.067695229],[-43.52048000599999,-22.063524991],[-43.518422542,-22.06094763],[-43.512360764,-22.05918883],[-43.50692949999999,-22.062009550000003],[-43.50434107699999,-22.069686323999996],[-43.506829946,-22.073032468999997],[-43.50382280299999,-22.075202269999995],[-43.49741649199999,-22.073557896999997],[-43.49433029499999,-22.074929539999996],[-43.48321334999999,-22.073270296999993],[-43.476156025,-22.069210676],[-43.463678498,-22.07265084599999],[-43.457495042,-22.070648688999995],[-43.45322525,-22.066865609000004],[-43.448247514,-22.067086841999995],[-43.446444467,-22.063226330999996],[-43.443325085,-22.061478591999997],[-43.440393751,-22.061578146999995],[-43.433862491,-22.058709832],[-43.42816992699999,-22.054753143999992],[-43.419302128,-22.054187903000003],[-43.417572429,-22.053035799999996],[-43.416726111,-22.049798790999997],[-43.410987216,-22.048964829000003],[-43.409986461,-22.046567959],[-43.40468616799999,-22.042391970999997],[-43.398941095,-22.040798176],[-43.39328960299999,-22.035126008000002],[-43.382842535,-22.030160525],[-43.36857530299999,-22.020507427],[-43.36501427499999,-22.010466661000002],[-43.36026995699999,-22.010676696000004],[-43.355117923,-22.008391021999998],[-43.350372494000005,-22.008032412],[-43.350195256,-22.004004270999992],[-43.34831032099999,-22.002114684],[-43.345409825,-22.004262073],[-43.342751252,-22.003440332000004],[-43.341720048,-22.008564124999996],[-43.339656895999994,-22.010432062000003],[-43.337014734,-22.009190052000005],[-43.330003932000004,-22.010734026],[-43.325019177,-22.006554887999997],[-43.31994505899999,-22.005555440000002],[-43.31623557099999,-22.007669656],[-43.31692749599999,-22.01660702099999],[-43.309969140999996,-22.01617045099999],[-43.302243305999994,-22.021008435999995],[-43.29797643399999,-22.02045105199999],[-43.29492774,-22.016493238999995],[-43.282581098,-22.013512579999997],[-43.278794729999994,-22.010533458000005],[-43.27639221199999,-22.011974968],[-43.26844076199999,-22.012169225],[-43.26514842699999,-22.009015065999993],[-43.26153504,-22.008034838999997],[-43.254796365,-22.011995948999996],[-43.25096396099999,-22.010783319999998],[-43.248657933,-22.007828606999997],[-43.245467,-22.006574108000002],[-43.23419331899999,-22.014150403],[-43.236315173,-22.018688811000004],[-43.236375871999996,-22.023814576999992],[-43.231263313,-22.024756361000005],[-43.221511628,-22.033760915000002],[-43.207474668,-22.029683469999995],[-43.204013628,-22.025962599999996],[-43.201337549,-22.025832691999998],[-43.202129382,-22.029564643999997],[-43.204720294,-22.032252221000004],[-43.205004105,-22.035303191999997],[-43.20294772999999,-22.037437168999997],[-43.197685721,-22.035000701000005],[-43.19185106,-22.03417800699999],[-43.189290291,-22.031209842000003],[-43.177648763,-22.028568789999994],[-43.169574358999995,-22.021810477999995],[-43.164060999,-22.022664159000005],[-43.162069075999995,-22.025545334],[-43.164038854,-22.027242149999996],[-43.16339298599999,-22.028522683],[-43.153638971,-22.032979477],[-43.147022939,-22.030951984],[-43.144157645,-22.03373119099999],[-43.136123112,-22.029698538999998],[-43.128535698,-22.029311763999996],[-43.128897793,-22.033674189999996],[-43.131110330999995,-22.035800301],[-43.128768367999996,-22.036970574000005],[-43.13062633799999,-22.041746497000002],[-43.127566812999994,-22.046309855999997],[-43.133599436,-22.051374496],[-43.13484398799999,-22.055194580000002],[-43.13337472599999,-22.058409674999996],[-43.142933581,-22.067225254999993],[-43.153711400000006,-22.074160459999998],[-43.15316414,-22.075914496],[-43.154735756,-22.077542240999996],[-43.151255749,-22.080671440999996],[-43.149656068,-22.080615313999996],[-43.151283813,-22.088347105],[-43.14665180099999,-22.090692824999994],[-43.144239602999995,-22.101032295999996],[-43.13688835500001,-22.109401165],[-43.13555840000001,-22.10988423],[-43.12743119299999,-22.105147721],[-43.122240917,-22.089399448000005],[-43.119224347,-22.088334775999993],[-43.116828835,-22.085140759999998],[-43.111461113999994,-22.083765558999996],[-43.106182114999996,-22.082656524999994],[-43.08969696799999,-22.087896913000005],[-43.083138689,-22.08613864],[-43.078145753,-22.083055777],[-43.075129183,-22.08487459199999],[-43.075564335,-22.093188420999997],[-43.074129015,-22.09334933999999],[-43.053125962,-22.081724936999994],[-43.033161160999995,-22.065904859],[-43.032599174999994,-22.060239134],[-43.038902535999995,-22.052987570999996],[-43.03915214199999,-22.044594499],[-43.030106906,-22.041086273999998],[-43.026683638,-22.042689048],[-43.024347072,-22.041741405],[-43.007877403,-22.031507905999998],[-43.004651345999996,-22.031476413999997],[-42.996904286,-22.036110365],[-42.989804296,-22.034228273000004],[-42.984260588,-22.026002304000002],[-42.968985459,-22.014895039],[-42.964820161000006,-22.013699870999996],[-42.959208268999994,-22.015003562],[-42.95022822599999,-22.009619081],[-42.94709474799999,-22.005920397],[-42.937748246,-22.003374412],[-42.909106178,-21.990506673999995],[-42.900034942999994,-21.98483742],[-42.896946177,-21.982235368999998],[-42.898968655,-21.980061684000002],[-42.893603111999994,-21.975169289999997],[-42.87846973999999,-21.965773500999994],[-42.882887614999994,-21.962448549999994],[-42.881427471,-21.959266186000004],[-42.855089076999995,-21.949501928],[-42.844911566,-21.946690181],[-42.84239149399999,-21.948261337],[-42.83320054299999,-21.943066765999994],[-42.815504826,-21.936359852999995],[-42.810336068999995,-21.937759435999997],[-42.787790310999995,-21.929569796999996],[-42.739978318999995,-21.908664312999992],[-42.684964374,-21.879198143],[-42.649730401,-21.867631702],[-42.64031982,-21.865816803],[-42.62873148599999,-21.859371666999998],[-42.61432085,-21.855887212],[-42.605331461999995,-21.850658923999998],[-42.60602434399999,-21.84647184],[-42.604380297999995,-21.845557153],[-42.58564082499999,-21.839078324999996],[-42.49800134299999,-21.802335164],[-42.449166697,-21.780372576],[-42.438295874999994,-21.776126708],[-42.429883659999994,-21.775671172],[-42.39562742,-21.761640690999997],[-42.393744541,-21.757358660999994],[-42.385757492,-21.754048439],[-42.373579520999996,-21.745848809],[-42.359032766,-21.740989768000002],[-42.35172253299999,-21.744170411999995],[-42.333462061999995,-21.745848809],[-42.314147374,-21.737831390999993],[-42.308863166,-21.732759767000005],[-42.306585491,-21.728447367999998],[-42.303214531,-21.728720688999996],[-42.288758883999996,-21.721462495999994],[-42.279529081,-21.718610305000002],[-42.269429011,-21.716983066999994],[-42.266649175,-21.714473168],[-42.267465692,-21.713345332999996],[-42.272062144,-21.714056519999993],[-42.266738927999995,-21.708281016999994],[-42.267933344,-21.707209484],[-42.26935498499999,-21.707896584999997],[-42.268563484,-21.706271520999994],[-42.27270452100001,-21.703713487999998],[-42.271435061999995,-21.699721571999998],[-42.26778097,-21.698696201999994],[-42.267245202999995,-21.695019565999992],[-42.26493482,-21.693863707000006],[-42.27144286,-21.685478984999996],[-42.27004088599999,-21.682337502],[-42.272190566,-21.681354512999995],[-42.273757962,-21.677408080000003],[-42.276476117,-21.676744515999992],[-42.28081137,-21.68039871299999],[-42.28336641400001,-21.680952767999997],[-42.282320395999996,-21.67923165499999],[-42.28444120699999,-21.678277269],[-42.2845077,-21.676828079000003],[-42.28613957599999,-21.677383502999994],[-42.28711663899999,-21.672730609999995],[-42.283190401999995,-21.672822114999995],[-42.282571076,-21.670398876999997],[-42.288356372,-21.667454618000004],[-42.30134101,-21.654922064999997],[-42.30773330899999,-21.659977437999995],[-42.30778862,-21.657389703000003],[-42.31090682399999,-21.660085391999992],[-42.316426057,-21.656458983],[-42.316508502999994,-21.654655778],[-42.320636293,-21.660913196000003],[-42.324592634999995,-21.656011608000004],[-42.331044587,-21.660631231999997],[-42.334212631,-21.661634773999996],[-42.334896416999996,-21.660837843],[-42.33361739299999,-21.660286878999997],[-42.33503907699999,-21.659721157000003],[-42.340131487,-21.661973859000003],[-42.34019094199999,-21.65929837],[-42.343249427,-21.659676882999996],[-42.342398384,-21.656651499],[-42.346477435999994,-21.652226169],[-42.34495397300001,-21.650601384],[-42.347117712,-21.647515093999992],[-42.346443658,-21.644484090999995],[-42.34802583,-21.641801997],[-42.355643781999994,-21.647792288],[-42.365152200999994,-21.646458483999993],[-42.369601498,-21.640094308000002],[-42.364673313999994,-21.632166934999997],[-42.35884669399999,-21.631334561],[-42.359243063,-21.626882019000004],[-42.355477560999994,-21.625045510999996],[-42.36008865,-21.621187519999996],[-42.36530750399999,-21.624358468999993],[-42.36602096699999,-21.620434421999995],[-42.369119437,-21.619455779],[-42.363715423,-21.613312998999998],[-42.363233174,-21.606099088999997],[-42.361568426,-21.602346799],[-42.354235605999996,-21.595357498],[-42.351868557,-21.590026999],[-42.346256348,-21.582975107999996],[-42.324772005,-21.569443554999996],[-42.32792993799999,-21.565497721999996],[-42.327570862,-21.562811236000005],[-42.330922522,-21.56133585],[-42.330433667,-21.559842865000004],[-42.32738823399999,-21.557510895999997],[-42.321883275999994,-21.558090380000007],[-42.314882802999996,-21.555898997000003],[-42.309412914999996,-21.551486092000005],[-42.308567271,-21.549081422],[-42.309705737,-21.546594712],[-42.306958165999994,-21.545719645],[-42.306245268999994,-21.542891497999996],[-42.302526076,-21.538914572],[-42.30630472399999,-21.529084656000002],[-42.303274316,-21.528476066000003],[-42.297188245,-21.523535494999997],[-42.289089112000006,-21.52786912599999],[-42.285601067,-21.528120158999997],[-42.283044489,-21.52510775699999],[-42.283862462,-21.522182956],[-42.28085785599999,-21.516879808000002],[-42.279748022999996,-21.516972293999995],[-42.28047231099999,-21.515301140999988],[-42.279008135,-21.511938408],[-42.277297144,-21.511172098999996],[-42.273861948,-21.503895429999993],[-42.271794225,-21.502590717],[-42.268956886,-21.503122511999997],[-42.268240119999994,-21.501338852999996],[-42.266991557999994,-21.502392532999988],[-42.26532020399999,-21.49800275],[-42.263026488,-21.498217870999998],[-42.259743007,-21.496282779],[-42.254615402,-21.486978146000002],[-42.255584617,-21.483612038999993],[-42.271250628999994,-21.475027641],[-42.270976625,-21.471862016],[-42.268078365,-21.468874912],[-42.27098301,-21.466052106999996],[-42.277179421999996,-21.466505001],[-42.292124920999996,-21.459238114999998],[-42.287148953,-21.44763719299999],[-42.28387597999999,-21.445818870999993],[-42.285912497,-21.441527642999997],[-42.282312225999995,-21.436800015999996],[-42.279093802999995,-21.435099887999996],[-42.280451322,-21.432412017],[-42.27536625,-21.428308468999997],[-42.275511716,-21.417962234999994],[-42.278222174,-21.414014593],[-42.27796482699999,-21.409119184000005],[-42.27592992899999,-21.407325076],[-42.275311701,-21.404179384999992],[-42.26752929799999,-21.399651772],[-42.265112053,-21.40175736699999],[-42.265250943,-21.403887011999995],[-42.26089905399999,-21.406768983999992],[-42.260991647,-21.409488915],[-42.255088818999994,-21.409766694999988],[-42.251523974,-21.406826854999995],[-42.241500741,-21.405727309000003],[-42.237519226,-21.402162463],[-42.236350234999996,-21.395125366],[-42.237276167999994,-21.392822103],[-42.244845677,-21.39062301],[-42.248896636999994,-21.390866067999998],[-42.251975367,-21.38719705500001],[-42.240734581999995,-21.377521128999998],[-42.242429832,-21.372873118],[-42.237020168,-21.369694125999995],[-42.232334081999994,-21.369031283000005],[-42.230024234,-21.366494530999994],[-42.23094902,-21.362915247999997],[-42.229760552,-21.360216393999995],[-42.232322032,-21.356914091000004],[-42.23238310799999,-21.354208157],[-42.22936503,-21.35150234],[-42.23522880899999,-21.348752513999997],[-42.236829734,-21.345199090999998],[-42.233012627,-21.340929954999996],[-42.22423432200001,-21.337813086999997],[-42.229044845,-21.328354846999996],[-42.236986687999995,-21.324500072000006],[-42.237972355,-21.31945245],[-42.234651221,-21.315779740000004],[-42.233496044,-21.311793123000005],[-42.230331863,-21.310386820000005],[-42.229302248,-21.308202029],[-42.229625571999996,-21.297067753],[-42.22773271399999,-21.291753311999997],[-42.228636766,-21.282059867999994],[-42.219684142999995,-21.272203193000006],[-42.211999704,-21.272027405],[-42.208800594,-21.265961339],[-42.199769893,-21.256382288999998],[-42.193014618,-21.253419011000002],[-42.189724875,-21.250505956],[-42.195036474,-21.239125498],[-42.189147285999994,-21.233303858000006],[-42.18809255899999,-21.230390803999992],[-42.191507866,-21.223610417999996],[-42.194471146,-21.222932379999996],[-42.196881770999994,-21.225878912999995],[-42.198600895999995,-21.225835692999997],[-42.202934074,-21.220446234],[-42.200874846,-21.216038981999997],[-42.203200327999994,-21.213289798],[-42.201319046,-21.206262116999998],[-42.196354586999995,-21.204047741000004],[-42.194433477,-21.201737387000005],[-42.199933125,-21.193764156999997],[-42.202720617999994,-21.191981166],[-42.203524219,-21.187850149000003],[-42.205997805,-21.187159554],[-42.208074387,-21.178224714],[-42.20036003799999,-21.173309984999992],[-42.200027297,-21.167910787999997],[-42.193987729999996,-21.164231800000007],[-42.195965341999994,-21.157840657],[-42.192838831,-21.155994884],[-42.191570647,-21.147117599],[-42.18182697899999,-21.143400941999992],[-42.17779921099999,-21.133676225],[-42.172185074,-21.130939822999988],[-42.17064761599999,-21.128644410999993],[-42.172818339,-21.124131826],[-42.17019357400001,-21.122124652000004],[-42.170922061999995,-21.119495856999997],[-42.168925121,-21.116853333],[-42.17066032299999,-21.114611920999995],[-42.164026886,-21.101060114000003],[-42.160544095999995,-21.100194804999994],[-42.151302678,-21.104099805999994],[-42.140215489,-21.10347199299999],[-42.13534365500001,-21.091016169999996],[-42.131400985,-21.087086055999997],[-42.133309538999995,-21.080707469],[-42.120100339,-21.077216825],[-42.118468023,-21.073600618000004],[-42.120175677,-21.067950295],[-42.116283231999994,-21.064761002],[-42.114249116,-21.06471077699999],[-42.110954537,-21.059015756999997],[-42.104681235,-21.055092672000004],[-42.104279435,-21.051702477999996],[-42.101504498,-21.048714084999997],[-42.103601395999995,-21.045399228],[-42.09856078399999,-21.039750527999995],[-42.101065029,-21.034173920999997],[-42.095276587,-21.036886075000005],[-42.093330364,-21.03949778],[-42.092702551,-21.035291428],[-42.082172536,-21.036394493000003],[-42.079920263999995,-21.035103084],[-42.08007094,-21.030218694999995],[-42.084302404,-21.028975622],[-42.084809367999995,-21.022989921999994],[-42.093995847,-21.020274123999997],[-42.099138612,-21.017393881],[-42.102031862,-21.014058769000002],[-42.10770326,-21.014415320999998],[-42.114023103,-21.012150215],[-42.115781556,-21.009923204999996],[-42.115644151,-21.003960194],[-42.117074277,-21.001602946000002],[-42.120087783,-21.000121305999997],[-42.123176626,-21.000523106],[-42.12651659499999,-21.003812849999992],[-42.12892739899999,-20.998915903000004],[-42.141363268,-20.992640923999996],[-42.139921194,-20.988167194999992],[-42.14471791399999,-20.985819343000003],[-42.150163951,-20.980710174],[-42.150949977,-20.974028955],[-42.145996761,-20.966244829000008],[-42.13803669399999,-20.960048924],[-42.12593750999999,-20.955950361],[-42.121080993,-20.960470008999998],[-42.11529808899999,-20.959010246999995],[-42.114315555999994,-20.950251673000004],[-42.11117145299999,-20.95019552799999],[-42.10609035699999,-20.944805637000005],[-42.101289984999994,-20.943514308],[-42.097968068,-20.937678834999996],[-42.093794667,-20.935625977000004],[-42.087071337999994,-20.939584178999993],[-42.074059803,-20.936468148000007],[-42.065862675999995,-20.938994659999995],[-42.057107302,-20.936978300000003],[-42.052016638,-20.93434402],[-42.047784081,-20.934727662],[-42.037654371,-20.926984707000003],[-42.027963882,-20.927906486],[-42.02305954999999,-20.925129332999997],[-42.017245257,-20.929064616999998],[-42.008358369,-20.928981894],[-42.00394030399999,-20.931891397],[-41.998676423,-20.926475014999998],[-41.993302658999994,-20.930470919999998],[-41.989464121,-20.929682015],[-41.986519316999996,-20.932550829999993],[-41.97615226799999,-20.935792440999993],[-41.97721881099999,-20.926192926],[-41.97981869899999,-20.922883977],[-41.97775320299999,-20.920303621999995],[-41.974701648,-20.920130459000003],[-41.972976268,-20.916537887999997],[-41.969608233,-20.918026913999995],[-41.966689268,-20.916951506000004],[-41.963723032999994,-20.906540138999997],[-41.964111177999996,-20.902807168000002],[-41.967309843,-20.898572720999997],[-41.96481065599999,-20.897012946000004],[-41.96388897,-20.892528589],[-41.959865456,-20.8901712],[-41.960472323999994,-20.883318882999998],[-41.953081999,-20.878460140000005],[-41.94975542499999,-20.872971995],[-41.95437639399999,-20.865267694000003],[-41.950358981,-20.861799198999996],[-41.950050185,-20.858234010000004],[-41.936028045,-20.855244304999996],[-41.931879918,-20.850106691],[-41.926707009,-20.838789835999997],[-41.92959947599999,-20.832196902],[-41.933024302999996,-20.831045935],[-41.935620996,-20.827705326000004],[-41.932476892,-20.825712188],[-41.930778515,-20.813034012],[-41.928883631,-20.811588285999992],[-41.92995038,-20.808767015],[-41.926078484,-20.802007226000004],[-41.928736251,-20.794327297999995],[-41.923002473,-20.792513124000003],[-41.91944554799999,-20.793654503],[-41.91608263799999,-20.79252716],[-41.906309471,-20.797242155999992],[-41.901201911,-20.796248803999994],[-41.896642534,-20.788456669],[-41.894073914,-20.788793537],[-41.890185892999995,-20.785509072],[-41.885652207999996,-20.786000337999997],[-41.88472582,-20.783403645000003],[-41.880318460999995,-20.78059641000001],[-41.878942916,-20.778743634],[-41.87963068799999,-20.773213382],[-41.873382124,-20.770881423999995],[-41.87473820099999,-20.765934254],[-41.87071701899999,-20.766140596],[-41.86809125,-20.763928819999997],[-41.864022354,-20.765341631],[-41.86057509599999,-20.763205461],[-41.85747821499999,-20.766912677],[-41.856743552999994,-20.763476721000004],[-41.852166046,-20.763759282999995],[-41.84818756999999,-20.774372317999998],[-41.84522631899999,-20.77470009],[-41.84573493,-20.776101599000004],[-41.842581536999994,-20.77915327],[-41.84036624899999,-20.777706551999998],[-41.838727388,-20.780419149],[-41.836681637999995,-20.780656500999996],[-41.836783361,-20.782114522000004],[-41.83575483399999,-20.780272217],[-41.834794123,-20.7820128],[-41.83244320599999,-20.78187717],[-41.828442125,-20.786850263999995],[-41.824384531999996,-20.78829698199999],[-41.826204233000006,-20.789201181000003],[-41.82882641,-20.794343813],[-41.827899606,-20.797112922],[-41.822700462,-20.797180737],[-41.816800564,-20.801306144999998],[-41.812957718,-20.799068253000005],[-41.805791941,-20.797519812],[-41.81270906299999,-20.803001517999995],[-41.813760195,-20.805510669999997],[-41.811624024,-20.803284079999997],[-41.803610561,-20.805691509999996],[-41.799168683999994,-20.805318528],[-41.79402605199999,-20.798051028999996],[-41.789968459,-20.799995055999997],[-41.785153599999994,-20.799972452000002],[-41.78168373599999,-20.797610232000004],[-41.772613407,-20.801256703999996],[-41.766741847999995,-20.801995596999994],[-41.764573415,-20.805653986],[-41.763507645999994,-20.804553721999994],[-41.762162262,-20.805519952000004],[-41.763591076,-20.806964803999996],[-41.761201856,-20.806128112000003],[-41.761012825,-20.804417540999996],[-41.76012758099999,-20.807365275999995],[-41.758977529,-20.806805250999997],[-41.75562080899999,-20.808684671],[-41.755103299,-20.806816059000003],[-41.753827297,-20.815115625000008],[-41.75188220999999,-20.814185582999997],[-41.751754766,-20.816308459],[-41.749870481,-20.816701727999998],[-41.749242091,-20.814190584],[-41.746128233,-20.812645174],[-41.73965323,-20.818014688999998],[-41.74264145499999,-20.825616856999996],[-41.738225695,-20.82685240299999],[-41.740761815,-20.829639348000008],[-41.737615663,-20.832271463],[-41.736308895,-20.83591307199999],[-41.74176511499999,-20.841750173999998],[-41.73966871299999,-20.844871552999997],[-41.740384029,-20.847277616000003],[-41.74353327699999,-20.847667788000003],[-41.745889794,-20.852436562],[-41.73900060199999,-20.865213540999996],[-41.73902626299999,-20.866406782999995],[-41.741951629999996,-20.866586409999993],[-41.740232336,-20.867895127],[-41.743020845,-20.869826724],[-41.741502561,-20.869729897],[-41.74126554,-20.872914578],[-41.737070239,-20.870024881999992],[-41.73304862,-20.869255294],[-41.73051526999999,-20.870992105999992],[-41.728482002,-20.869896117999996],[-41.727371041,-20.863754389999997],[-41.725403652,-20.865715789999992],[-41.720440261,-20.864305379],[-41.718727405,-20.867943700999994],[-41.712615621999994,-20.86798861899999],[-41.711786144,-20.868997767000003],[-41.711538125999994,-20.872124957],[-41.71569696699999,-20.87182457799999],[-41.71669649,-20.874448743999995],[-41.71923152899999,-20.875255920000004],[-41.717278064999995,-20.877963311999995],[-41.721553086,-20.880928137],[-41.71993308599999,-20.883925464],[-41.721802317,-20.885538906],[-41.723553491,-20.884397691],[-41.723182924,-20.887595059],[-41.72634094,-20.892389471999998],[-41.725658835,-20.895137569],[-41.719742884,-20.896816596999997],[-41.718483612,-20.899144938000003],[-41.722367913,-20.92325279],[-41.725609645,-20.921131353999993],[-41.726439321,-20.922948114999993],[-41.73311936099999,-20.92700467299999],[-41.737277579,-20.927644147],[-41.737431709,-20.930841516],[-41.733594866999994,-20.939790866999992],[-41.733890009,-20.943135806],[-41.730951708999996,-20.946972648000006],[-41.725737538999994,-20.950697992],[-41.71740554099999,-20.95304488],[-41.71802174500001,-20.965035540999995],[-41.716441049,-20.974266682999993],[-41.71162751899999,-20.980592441000002],[-41.71001407899999,-20.991033664000003],[-41.715890335999994,-20.991474233999995],[-41.71746805499999,-20.993825928000007],[-41.717472395,-20.99929876099999],[-41.720599604,-20.999718223000002],[-41.721421475999996,-21.002013327999993],[-41.721875809,-21.010887810000003],[-41.714545338,-21.015408345999997],[-41.7158043,-21.017756151999997],[-41.715503397,-21.022473760999993],[-41.71736069599999,-21.022200527],[-41.717651224,-21.024234217999997],[-41.71966762099999,-21.02353902799999],[-41.72101649799999,-21.026126103999996],[-41.722790789,-21.02443482],[-41.725201473999995,-21.033078006],[-41.72152837899999,-21.040161337],[-41.721785421,-21.04314928200001],[-41.719224913,-21.044974059],[-41.717451598,-21.044708783],[-41.71618891699999,-21.047051016999998],[-41.719032363,-21.053973208000002],[-41.723235391,-21.055637848],[-41.72680570499999,-21.052557134000004],[-41.727924252,-21.04925045099999],[-41.72934785799999,-21.049627065999996],[-41.732767525999996,-21.06605314600001],[-41.726929987999995,-21.067201822999998],[-41.726108966,-21.065879902999995],[-41.72316006799999,-21.067111434999997],[-41.721830614999995,-21.068241281999995],[-41.72156321799999,-21.073299225999993],[-41.725519563,-21.081965146],[-41.73127048,-21.087313084999998],[-41.732050074,-21.092510377],[-41.734535734999994,-21.095523300000007],[-41.733622981,-21.098152622999997],[-41.736279278,-21.101430211000004],[-41.728753509,-21.107162713000005],[-41.72628583499999,-21.106825664999995],[-41.72328851399999,-21.103635746],[-41.719207825,-21.10692196500001],[-41.716306804,-21.104827452],[-41.71456137599999,-21.106296017999995],[-41.70735095399999,-21.106970113999996],[-41.705184216,-21.109473900000005],[-41.705952776,-21.112140331999996],[-41.710552911,-21.111110991],[-41.713429857,-21.114132386999998],[-41.718353167,-21.116419499],[-41.717992044,-21.118826984999995],[-41.720556017,-21.12236599],[-41.717065162,-21.125279049000003],[-41.71229086099999,-21.125111816],[-41.71162424199999,-21.126458717],[-41.704943468,-21.127794872000003],[-41.704148997,-21.126675391000003],[-41.705605526,-21.124893851],[-41.705726525,-21.120822835000002],[-41.694157928,-21.115372242],[-41.69089578399999,-21.117238044],[-41.68842811,-21.122173390999997],[-41.682168645999994,-21.120921499000005],[-41.677661839,-21.124088383],[-41.67682402599999,-21.127024476999996],[-41.679118062,-21.130431130999995],[-41.678400542999995,-21.133502927],[-41.675447229999996,-21.133513182],[-41.672671112,-21.128023583999997],[-41.66315307499999,-21.124701553],[-41.661885572,-21.126976326999994],[-41.66536439,-21.131983899],[-41.657336842,-21.136257449],[-41.654819599,-21.135486792],[-41.652688974,-21.137352593999992],[-41.654085316,-21.142167567],[-41.646309135,-21.142853699],[-41.64502112899999,-21.144851914],[-41.639396741,-21.146193376000003],[-41.631900328,-21.14426208],[-41.628037635999995,-21.144678827999996],[-41.621981483999996,-21.146958464999997],[-41.62152406199999,-21.149149276000003],[-41.614975697999995,-21.15194196199999],[-41.61258951799999,-21.157000942999996],[-41.58674792,-21.149474287999993],[-41.586146048,-21.159682030000006],[-41.583895048,-21.164761827000003],[-41.578237455,-21.169745324],[-41.57223077599999,-21.169721248999995],[-41.569811252,-21.172429671],[-41.570112187999996,-21.179303045],[-41.564623119,-21.183744858],[-41.56171006099999,-21.177244643999995],[-41.55608858,-21.172393559],[-41.55423577799999,-21.173760530000003],[-41.554439451,-21.175776077999995],[-41.55153843,-21.176125163],[-41.54828832399999,-21.183299473],[-41.530436810999994,-21.180025291000007],[-41.52097538999999,-21.187019038999996],[-41.518399379,-21.186417168],[-41.51707526199999,-21.18771720999999],[-41.514812223999996,-21.184455066000005],[-41.514980748,-21.178965997],[-41.51155008,-21.175836265],[-41.505615626,-21.176125163],[-41.503147952,-21.17746131799999],[-41.502377557,-21.182649451],[-41.49951264799999,-21.183371697000002],[-41.498260755,-21.185129162000003],[-41.496611627,-21.184960638],[-41.494950460999995,-21.182131841999997],[-41.493108734,-21.183022611999995],[-41.486524258,-21.179892879],[-41.482082446,-21.184286542],[-41.478699926999994,-21.182830013],[-41.48051757999999,-21.18912559],[-41.479133275,-21.193639626999996],[-41.472909922,-21.19859904899999],[-41.471690029,-21.202742608],[-41.46804242099999,-21.203623983],[-41.460355691,-21.208771099999996],[-41.453696831,-21.209072438999996],[-41.450235106,-21.213291186999996],[-41.446170702,-21.215481408000002],[-41.440357062,-21.213937964],[-41.438556377,-21.215621053000003],[-41.435248996,-21.215701900000003],[-41.416477772,-21.200120462],[-41.412515737999996,-21.201755646],[-41.410339869999994,-21.198512632999996],[-41.40614058399999,-21.202448597000004],[-41.40264810899999,-21.198290888],[-41.392531016999996,-21.202517892000007],[-41.388012974,-21.198900686],[-41.38488083299999,-21.200965680999992],[-41.381291344,-21.19998169],[-41.38033507099999,-21.195837840000003],[-41.37664856899999,-21.195796263],[-41.375373538999995,-21.201547759999993],[-41.37235227,-21.203543461],[-41.369940799,-21.204222553000005],[-41.367806509,-21.202573328999993],[-41.362925235,-21.202690848000007],[-41.360637451,-21.205100322000003],[-41.35734294099999,-21.203654333],[-41.354601596,-21.20681616],[-41.349490589,-21.205501901],[-41.342858449,-21.208897070000006],[-41.336834763,-21.207205570000003],[-41.331273499999995,-21.211647278999997],[-41.332867648,-21.215322336000003],[-41.325785253,-21.218559307],[-41.323120228,-21.216673101999998],[-41.325566209,-21.213119734999996],[-41.316183861,-21.213545652000004],[-41.316938343,-21.222003151999996],[-41.30991679299999,-21.219496325],[-41.303455019999994,-21.228598784],[-41.297200122,-21.231020428],[-41.297297474,-21.235072726],[-41.29174838099999,-21.23246854699999],[-41.29027592399999,-21.23411137],[-41.286649543,-21.234415597],[-41.286025818,-21.237833738999996],[-41.28460514099999,-21.238346205],[-41.283534263,-21.237299665000002],[-41.28436175899999,-21.234756331],[-41.283132684,-21.234598132999995],[-41.280869237999994,-21.238139331],[-41.276715194,-21.240229284999995],[-41.275429666,-21.239246715],[-41.275539188,-21.235559489],[-41.27140170599999,-21.237250989],[-41.27070807,-21.235413459999997],[-41.273713828,-21.233904496000005],[-41.269211275,-21.232638913999995],[-41.26713036499999,-21.233941003],[-41.264623537999995,-21.233125676000004],[-41.26082679,-21.236788564],[-41.260717268,-21.23268759],[-41.25734643799999,-21.230217269999997],[-41.25866069700001,-21.228039008],[-41.256494603,-21.225252292000004],[-41.250896833999995,-21.222222195000004],[-41.241368457,-21.220360327999995],[-41.23652517,-21.222623774000002],[-41.234456429,-21.225897251999996],[-41.230026888999994,-21.225605195],[-41.228627447,-21.227527907000002],[-41.229612655,-21.229240338000004],[-41.227520061999996,-21.231482853],[-41.226315324999995,-21.231348993],[-41.226084113,-21.228306727],[-41.22362596200001,-21.227637428],[-41.222141336,-21.232870126],[-41.214852067,-21.237299665000002],[-41.21183413899999,-21.235754194000002],[-41.21081244,-21.238372352999995],[-41.205895636,-21.240974721999997],[-41.205408873,-21.244333383999997],[-41.203705204,-21.240414944999998],[-41.199263496,-21.244357721999993],[-41.19797357499999,-21.242106444999997],[-41.19373874099999,-21.244065665],[-41.194103813,-21.241571006],[-41.19311811899999,-21.241327625],[-41.192740878,-21.246864549],[-41.19059912299999,-21.248750753999996],[-41.187946266999994,-21.24333552099999],[-41.18254320199999,-21.244528089],[-41.183443713,-21.242228135999998],[-41.186206091,-21.242021261999994],[-41.18232415899999,-21.238686937999994],[-41.182956951,-21.23607059],[-41.18071720599999,-21.239905236],[-41.177614732,-21.239003334],[-41.177979803999996,-21.241303287],[-41.180936886,-21.241558836999996],[-41.177079293,-21.242276812000004],[-41.174061365,-21.240804355000005],[-41.175819795,-21.244728878],[-41.1681472,-21.242666221999997],[-41.16818370699999,-21.245525952000005],[-41.163303913,-21.242873096],[-41.161429877,-21.245976208],[-41.158241582,-21.241449316000004],[-41.15589172100001,-21.245081534],[-41.154749061,-21.244102171999998],[-41.156659604,-21.242179460000003],[-41.155625233,-21.239733478],[-41.144502709,-21.237981133000005],[-41.14116838599999,-21.239052009999998],[-41.13759068099999,-21.235486475],[-41.136629324999994,-21.232030460000004],[-41.139014461,-21.230484988999997],[-41.13630076,-21.226858607999997],[-41.130569131,-21.226493535999996],[-41.12673118099999,-21.230206513999992],[-41.120067229,-21.230229439000002],[-41.11555250599999,-21.228635291999996],[-41.11195046299999,-21.222416899999995],[-41.108117207999996,-21.22252642199999],[-41.105403506,-21.219581507999997],[-41.10119301099999,-21.219313789],[-41.09849396399999,-21.221156801999992],[-41.09328311899999,-21.220494188],[-41.09201753699999,-21.218194235000006],[-41.090910152,-21.221236500999993],[-41.089194314,-21.221467712999996],[-41.089218652,-21.219520662999994],[-41.086699656,-21.220019594000004],[-41.085324551999996,-21.22208833499999],[-41.08032306599999,-21.222246533000003],[-41.081357437,-21.22440045700001],[-41.074238535,-21.227004636999997],[-41.073411037999996,-21.230923076000003],[-41.069237049,-21.228452755999996],[-41.059319262,-21.234646809000004],[-41.05273629199999,-21.241263654999997],[-41.054123072,-21.243067800999995],[-41.052151684,-21.242313318999997],[-41.047271889,-21.248896783],[-41.045629066,-21.247156606999997],[-41.04673805,-21.251022566],[-41.045166640999994,-21.250697804],[-41.04458252599999,-21.253058603],[-41.04133359499999,-21.254947335000004],[-41.035803301,-21.254069893999993],[-41.03458996399999,-21.252241426999998],[-41.036018501,-21.25119623000001],[-41.031549246,-21.250928669000004],[-41.030241172,-21.248837732],[-41.028543949,-21.250000596999996],[-41.024905223999994,-21.245802698999995],[-41.019996997999996,-21.247596881999993],[-41.01595493,-21.251803933],[-41.013335834,-21.250257223],[-41.010902343999994,-21.252649467999998],[-41.004740411,-21.251099872000005],[-41.00321833699999,-21.254461118000005],[-41.00404915399999,-21.255928809999997],[-40.999835952,-21.258498839999998],[-41.001599643,-21.260085609],[-40.999772531999994,-21.262536563],[-41.000364448999996,-21.264861953000004],[-40.99816589899999,-21.266172627999996],[-41.00025875,-21.269343614],[-40.999320445,-21.278469376999997],[-40.995795224999995,-21.286189793],[-40.99036527199999,-21.285832743999993],[-40.984953455,-21.287481657],[-40.979161119,-21.279976988999994],[-40.976370651,-21.281731601],[-40.977617906,-21.285135126999997],[-40.976835729,-21.287270257999996],[-40.980683193,-21.287608497000004],[-40.980788893,-21.289088289999995],[-40.976983709,-21.290398964999998],[-40.974721738,-21.288559791999997],[-40.971780918,-21.295190917],[-40.965441196,-21.295806761999994],[-40.96467139,-21.297749364000005],[-40.965817272,-21.299559336999994],[-40.959291054,-21.302922764999998],[-40.957940916,-21.311386043999995],[-40.963199226,-21.328134319999993],[-40.964641182,-21.339828274],[-40.96429023099999,-21.349216245000004],[-40.96139869099999,-21.360776684999998],[-40.964656441,-21.362777492000003],[-40.969256966,-21.375215312999998],[-40.977294535,-21.382756970000003],[-40.982627480999994,-21.391610882],[-40.990661232,-21.393363735999998],[-40.997756569,-21.399827740000003],[-41.00247534999999,-21.407413266999992],[-41.006106941,-21.419084331000004],[-41.016887276,-21.433002255],[-41.023109047,-21.445264598999998],[-41.03522834000001,-21.457196973],[-41.037612527,-21.462274335],[-41.047500222,-21.467962048000004],[-41.057330696,-21.478893064999998],[-41.069034187999996,-21.497918865999996],[-41.073268502,-21.51677872899999],[-41.072646707,-21.525609752000005],[-41.064598951,-21.549182343999995],[-41.05373090599999,-21.577068908999998],[-41.04767399799999,-21.586633526999996],[-41.05016542399999,-21.586559173],[-41.064949160999994,-21.552718199],[-41.050300209,-21.594989559],[-41.05244407,-21.593498013000005],[-41.052093118,-21.597743771999994],[-41.050193398999994,-21.597102901],[-41.048621744,-21.598626874999997],[-41.045986143,-21.606602706999997],[-41.048112066,-21.613778364999998],[-41.050232619999996,-21.615691554],[-41.046871165999995,-21.619093424],[-41.04369475199999,-21.618026700999998],[-41.041344779999996,-21.618596124999996],[-41.039920396,-21.620830048999995],[-41.03593252499999,-21.619803704999992],[-41.03063447899999,-21.620429276999996],[-41.03029092799999,-21.622121568],[-41.026898540999994,-21.623397548],[-41.021904602,-21.622493113000004],[-41.020507472,-21.621151559999994],[-41.015681719,-21.621825156000003],[-41.01499230899999,-21.619539848999995],[-41.012308357,-21.620984263999997],[-41.02266654299999,-21.685386441],[-41.024535744,-21.725084088],[-41.018085091,-21.762428066999995],[-41.002971261,-21.823871394999998],[-40.998466963,-21.835721148999998],[-40.99907729400001,-21.841174503000005],[-40.993969718,-21.848705812000006],[-40.994729238999994,-21.854303637],[-40.99171409,-21.872289442],[-40.978568643,-21.923089765000004],[-40.975188822,-21.941034099999992],[-40.974719613,-21.959302684999994],[-40.976058572,-21.973653575999997],[-40.980910866,-21.992002271000004],[-40.987514106999996,-22.006063245],[-40.996890634,-22.015516064],[-41.00972327499999,-22.024612209999997],[-41.071078866,-22.054691098],[-41.126094429999995,-22.085931561999992],[-41.134013742,-22.092315457],[-41.132946009,-22.097095798000005],[-41.13415870099999,-22.096715709],[-41.167415229999996,-22.115829251000005],[-41.211459725999994,-22.135717174999993],[-41.270019143,-22.155355237000002],[-41.356784432,-22.177005550999997],[-41.451343147,-22.202380918],[-41.493846506,-22.215385219],[-41.594165413,-22.255330824],[-41.650420754,-22.279409191999992],[-41.674361795,-22.29130151],[-41.700770944000006,-22.307714246],[-41.73923835099999,-22.339067240999995],[-41.756827920999996,-22.348003171000002],[-41.76467856599999,-22.353786250999995],[-41.773498147999995,-22.364053509999998],[-41.775161354,-22.373918316],[-41.775985329,-22.370187542],[-41.77708777600001,-22.370696803999994],[-41.775645821999994,-22.374744198999995],[-41.774295417,-22.375209591999997],[-41.77356299699999,-22.373857281999996],[-41.770061104,-22.376922390000004],[-41.767901986999995,-22.375003597],[-41.766883461000006,-22.377092143999995],[-41.765555947,-22.376985334000004],[-41.76960334099999,-22.380372782],[-41.771163552,-22.384244700999997],[-41.769984813,-22.386369487999996],[-41.768615335,-22.384465954999996],[-41.767360298999996,-22.386064312999995],[-41.766181558999996,-22.384338162000002],[-41.767936317,-22.390861293999997],[-41.768535225,-22.389327784999995],[-41.77154883699999,-22.389713071],[-41.786445228,-22.397617122],[-41.792079536,-22.401412746000002],[-41.794833748,-22.405565044],[-41.796828835999996,-22.405233167999988],[-41.81259879400001,-22.413533946999998],[-41.831363291,-22.426143429999996],[-41.839133828,-22.432588361000004],[-41.85447654099999,-22.449289104999995],[-41.854278175999994,-22.454288265000002],[-41.855086892,-22.456287168000003],[-41.858123391999996,-22.457849285999995],[-41.860400765,-22.463195583],[-41.85995826,-22.466092846999995],[-41.861877054,-22.468192837],[-41.859538644,-22.47016122],[-41.86242637,-22.472915432999994],[-41.862704842,-22.475785992],[-41.861350623999996,-22.47704484199999],[-41.863391489,-22.476245664000004],[-41.864345160999996,-22.478681348000002],[-41.866557687,-22.477529307999998],[-41.871078102,-22.481166621999993],[-41.873050301,-22.481107496000003],[-41.87306555999999,-22.484416743999997],[-41.87531623,-22.483857892],[-41.877669899,-22.485936902000002],[-41.87687644199999,-22.487922451999996],[-41.88267478299999,-22.48877313],[-41.883521646,-22.487523814999996],[-41.88563498800001,-22.487205289000002],[-41.88551291699999,-22.486093304000004],[-41.887561409,-22.485774776999996],[-41.893333046,-22.48845651],[-41.913978187999994,-22.512887737000003],[-41.92032203,-22.523679517],[-41.920112221,-22.526429912],[-41.92237814999999,-22.526674055],[-41.922454443999996,-22.528844616],[-41.924628822,-22.530713817],[-41.925883859,-22.529655238999997],[-41.927772133,-22.531081936999993],[-41.93251761599999,-22.537534496999996],[-41.937823862,-22.536365292],[-41.93707570299999,-22.533416642000002],[-41.941695779999996,-22.531636974999994],[-41.941180794999994,-22.529235624],[-41.943732827,-22.528030178999998],[-41.95610388899999,-22.532573483999997],[-41.957683176,-22.531680843999997],[-41.962440104,-22.535201809999997],[-41.96923789299999,-22.543060085000004],[-41.975547402,-22.554048322],[-41.984057993,-22.576295635000005],[-41.989188760999994,-22.59851624799999],[-41.99138983899999,-22.599363111000002],[-41.99195822899999,-22.597177288999998],[-41.995048134,-22.599344036000005],[-41.997840491999995,-22.609332822],[-41.999736398,-22.635408185000006],[-41.99795111899999,-22.664024135999995],[-41.99409064599999,-22.689296504999998],[-41.987956613,-22.710437558],[-41.981261818,-22.723022243999996],[-41.975898354,-22.728444835000005],[-41.97116813099999,-22.729209683],[-41.96449241,-22.733220836000005],[-41.954818336,-22.731712124],[-41.95806846,-22.733852169],[-41.958022684,-22.735309385],[-41.951827615,-22.743198178],[-41.945647804,-22.754281779999996],[-41.93559226199999,-22.764898082999995],[-41.925922005,-22.77033593399999],[-41.916511147,-22.771505138999995],[-41.910590736,-22.768394252999997],[-41.90792045,-22.762170574000002],[-41.90916022700001,-22.758155606],[-41.911788552,-22.757999204999997],[-41.91117820099999,-22.756744168],[-41.908946603,-22.755485316999998],[-41.905318824999995,-22.756992120999993],[-41.902545542,-22.756402751999996],[-41.90067633899999,-22.754806301999995],[-41.900729745,-22.751703045999996],[-41.897788612999996,-22.749343653999997],[-41.894744485,-22.754136821999996],[-41.88983878399999,-22.755250712999995],[-41.88589438599999,-22.754422924999993],[-41.881534189,-22.748847744999992],[-41.88286170199999,-22.747056743],[-41.88157996399999,-22.746625684999998],[-41.881633371,-22.744991086],[-41.88396415100001,-22.744684002],[-41.881805031999995,-22.742246411999997],[-41.882613748,-22.740909360999996],[-41.880241006,-22.73996713],[-41.87834891499999,-22.742072842],[-41.87589606499999,-22.742282651],[-41.873988716999996,-22.741225979999992],[-41.87456854999999,-22.738042614],[-41.87241324699999,-22.737367413],[-41.869994729,-22.741725705],[-41.868228523,-22.741264126],[-41.86812934099999,-22.74258782700001],[-41.869765847,-22.742887277999998],[-41.872714607999995,-22.748092435],[-41.873557655999996,-22.754102491],[-41.86965521999999,-22.755912562999992],[-41.866901008999996,-22.752836010999992],[-41.86527976299999,-22.754977964],[-41.863772958,-22.754951261000002],[-41.866225807,-22.761888286999994],[-41.869548409,-22.763280652],[-41.871009439,-22.76115968],[-41.873229594,-22.766225598],[-41.875552741999996,-22.765716336],[-41.874721139,-22.76174904999999],[-41.87639579,-22.761470577999997],[-41.877860635,-22.765588543999996],[-41.878909677,-22.765300533999998],[-41.876800148,-22.769542477],[-41.878337471,-22.771245739999994],[-41.877963632,-22.77584626399999],[-41.881419748,-22.774928829999997],[-41.883815378,-22.768646025],[-41.886378854,-22.768623134999995],[-41.888717263,-22.770686886999993],[-41.88825186999999,-22.774101040999998],[-41.886062235,-22.774951717],[-41.885253518,-22.773851178],[-41.883445351000006,-22.775966427999997],[-41.884048074,-22.777097484999988],[-41.882232278,-22.777475139999996],[-41.881156532,-22.784316799999992],[-41.883594124999995,-22.784791729],[-41.883777228999996,-22.781337520999998],[-41.88650855299999,-22.777200481000005],[-41.88818701899999,-22.780809184000002],[-41.890327065,-22.780513546999998],[-41.893207161,-22.78556802],[-41.893882362,-22.784913798],[-41.894752115,-22.78611542899999],[-41.89842566899999,-22.783759853999992],[-41.898658363,-22.781387111000004],[-41.89992865799999,-22.781255505],[-41.90067633899999,-22.783141874],[-41.903236,-22.782310267999996],[-41.902621834,-22.783389829],[-41.90358314,-22.78365876599999],[-41.903792947,-22.779802106],[-41.907989112,-22.77824570699999],[-41.914419816,-22.781175783999995],[-41.91711005399999,-22.784568570000005],[-41.921825022,-22.787116786999995],[-41.92823752799999,-22.796045085999996],[-41.93065223,-22.802366038999995],[-41.930698005,-22.806239865],[-41.928630441,-22.808015607],[-41.926543801,-22.807327055000002],[-41.925334539999994,-22.808305522999994],[-41.92819175,-22.814454814999994],[-41.92975577599999,-22.812354824],[-41.930755226,-22.813701413],[-41.93238410399999,-22.812679073999995],[-41.933181374,-22.809839030999996],[-41.940291968,-22.80940797],[-41.942145912,-22.810172818000005],[-41.94282874499999,-22.813960810999998],[-41.94739112,-22.81268861],[-41.95375022199999,-22.814517758],[-41.958613961000005,-22.819455882999996],[-41.95975073999999,-22.818452617],[-41.963580697999994,-22.818996213000002],[-41.970817177,-22.823398372999996],[-41.979575723,-22.835378428],[-41.98649176899999,-22.853261732],[-41.986320109,-22.859910748000004],[-41.983928292,-22.865091106999998],[-41.98183020799999,-22.866981289000005],[-41.97771415,-22.865041515999998],[-41.978206246,-22.867891094000008],[-41.980357736,-22.868514797999996],[-41.982135385,-22.867267392],[-41.98315390799999,-22.868499539],[-41.98228034299999,-22.871398709000005],[-41.979587166,-22.870855115],[-41.979804605,-22.873578809],[-41.98398932599999,-22.873248836999995],[-41.98968085599999,-22.88274934],[-41.991935341,-22.881810925000003],[-41.998653501999996,-22.884713573000003],[-42.001418679,-22.889856120999998],[-42.004294961999996,-22.889531872999992],[-42.00586480599999,-22.885862093],[-42.00850182799999,-22.885540462999998],[-42.00721101800001,-22.884996793],[-42.008421554,-22.883229704],[-42.01381418,-22.883397674],[-42.02040941799999,-22.888765484999997],[-42.028686206,-22.898424600000002],[-42.03392740499999,-22.908666328],[-42.037342995,-22.921699429999993],[-42.036811400999994,-22.936767986999993],[-42.03382299,-22.942103951000004],[-42.033687562999994,-22.945180584999996],[-42.031970904999994,-22.946854491999996],[-42.02818259099999,-22.945253001999994],[-42.026994400999996,-22.946885516999995],[-42.02270067,-22.946393033],[-42.024966466,-22.949422784],[-42.022989926,-22.950492451],[-42.024895936,-22.952331707000003],[-42.024080072,-22.954402745999996],[-42.026843705999994,-22.956326179],[-42.022373774,-22.960905069999995],[-42.02047805099999,-22.961514157000003],[-42.017911899,-22.960095257999996],[-42.016352057999995,-22.956446979],[-42.012485155,-22.953077969999992],[-42.001893855,-22.949868366],[-42.001922354,-22.951553075999996],[-42.008137669999996,-22.954625424],[-42.007779195999994,-22.957488443000003],[-42.009468049,-22.960010113],[-42.0067514,-22.962328745999994],[-42.00473976,-22.961466929],[-42.004116314,-22.959335945999992],[-41.999010414,-22.958507531999995],[-41.99483069499999,-22.96186503999999],[-41.998207500999996,-22.965066643000004],[-42.002521922999996,-22.965394691999997],[-42.003519386,-22.969747046],[-42.007453834,-22.965782947000005],[-42.013280001,-22.963994410999994],[-42.016208041,-22.967928233],[-42.01194070700001,-22.969971610000005],[-42.013498171,-22.970916375],[-42.013322159,-22.973535900000005],[-42.013711924,-22.971291036999997],[-42.018516708,-22.969727045000003],[-42.01989757199999,-22.971357087],[-42.020992246,-22.975018439999996],[-42.019736477,-22.979139461],[-42.01046137299999,-22.97830046],[-42.010469650999994,-22.980921166],[-42.007918364,-22.983290756999995],[-42.008963694,-22.986048628],[-42.012835095,-22.987914871],[-42.012766948999996,-22.997445223],[-42.016213129,-22.994618559000003],[-42.015349979999996,-22.991178124000005],[-42.01798232699999,-22.990635549],[-42.01762796,-22.98617146300001],[-42.01895933299999,-22.986342650000005],[-42.019714,-22.984127848999997],[-42.02545377599999,-22.981826434999995],[-42.030091676,-22.983083542999996],[-42.033193564,-22.978984412999996],[-42.035229312,-22.979009392000005],[-42.03530151999999,-22.976578708],[-42.032537602999994,-22.976374578999994],[-42.032299173999995,-22.973766311],[-42.037884308,-22.967178205000007],[-42.054204909,-22.959832407999997],[-42.07391171,-22.955523521],[-42.11140534500001,-22.950821825999995],[-42.17923818799999,-22.944955345],[-42.361293317,-22.935465536999992],[-42.455765488,-22.934877118999992],[-42.474201105,-22.937817564999992],[-42.487402016999994,-22.935927789999997],[-42.49198552499999,-22.938275762999996],[-42.49401523900001,-22.936325416000003],[-42.49608774699999,-22.936736876999994],[-42.496605093,-22.935042856000003],[-42.518532175,-22.933373304999996],[-42.566697659999996,-22.932702638000002],[-42.604746547,-22.933839620000004],[-42.635817571000004,-22.936585270999995],[-42.674455887,-22.943724743],[-42.68181576999999,-22.947158712999997],[-42.68265555499999,-22.957563220000004],[-42.689960911,-22.962103368],[-42.691960243,-22.961334648],[-42.693533230999996,-22.961367097999997],[-42.695438874,-22.958003988],[-42.702631684,-22.956595209000003],[-42.733105828999996,-22.956461310000005],[-42.870709177,-22.965649250999995],[-42.917700247,-22.974944590999993],[-42.966836324,-22.97000593],[-43.00468640799999,-22.969718555000004],[-43.013317774,-22.971446445999995],[-43.014071637,-22.977095884999997],[-43.02428071999999,-22.975106918],[-43.025017159,-22.980669687999992],[-43.0297665,-22.980001077999994],[-43.030183390999994,-22.97559954199999],[-43.036567065999996,-22.974726683000004],[-43.038099824,-22.975965536999997],[-43.039656401,-22.974492569],[-43.045913642,-22.980040978000005],[-43.051714566,-22.981818264000005],[-43.051727751,-22.977564113999996],[-43.049494802,-22.976831092999994],[-43.04574471,-22.972485648000003],[-43.048111011,-22.967065948000005],[-43.05194483599999,-22.963631886000005],[-43.067544301,-22.959479981999994],[-43.069855497,-22.959964440999993],[-43.070300291,-22.957918994],[-43.07730040199999,-22.955954324999993],[-43.092852685,-22.95416281],[-43.098477578,-22.955604245000004],[-43.098241595999994,-22.953598796999994],[-43.10093445599999,-22.952580466999997],[-43.103648548,-22.954443636999997],[-43.105774452,-22.95446907699999],[-43.106166898,-22.953150741999995],[-43.110429696,-22.953649568],[-43.110870033999994,-22.951665798999993],[-43.11431984099999,-22.951488838],[-43.111133957,-22.950077131],[-43.113384319,-22.945047262999996],[-43.12037294299999,-22.945448518],[-43.120455320999994,-22.94342015599999],[-43.115600134,-22.941242127999995],[-43.117446824000005,-22.93673568099999],[-43.120315816,-22.938353175999993],[-43.128998032999995,-22.939155658999997],[-43.13530091999999,-22.937975055999996],[-43.1310243,-22.937594783999998],[-43.12595324,-22.934298139],[-43.12712742499999,-22.932099775],[-43.122694556,-22.929417505000004],[-43.124699011,-22.923782312999993],[-43.121417792,-22.922263585],[-43.119677997,-22.922638860000003],[-43.11980678999999,-22.925965775999998],[-43.116708273,-22.931056657999996],[-43.114312497,-22.928258632000002],[-43.111871053,-22.929436478999992],[-43.11420824299999,-22.932005211000003],[-43.111907226,-22.935342252999998],[-43.109225945999995,-22.933899736999994],[-43.10841238399999,-22.935569736],[-43.10762023000001,-22.934194380000005],[-43.104728335999994,-22.93559460699999],[-43.098624791,-22.93157455900001],[-43.094648629999995,-22.920841700999997],[-43.09578206799999,-22.915547088],[-43.09982032599999,-22.913781058],[-43.09958610399999,-22.914674835],[-43.101711492999996,-22.915044674],[-43.103508406,-22.914265758999996],[-43.103834723,-22.915223190999995],[-43.11101831799999,-22.915331865999995],[-43.110409239999996,-22.911081963999994],[-43.116796356,-22.904364066],[-43.120613397999996,-22.905756201999996],[-43.12456658,-22.905378513],[-43.12549895699999,-22.908081315000004],[-43.129736501,-22.908446648999995],[-43.129596019999994,-22.910578639000004],[-43.130968868,-22.911309566],[-43.131568744999996,-22.909579059999995],[-43.130492613,-22.90926792899999],[-43.130420415,-22.908519013999992],[-43.13443128299999,-22.906168765999997],[-43.135818477,-22.903363354999996],[-43.137573915,-22.903308268999993],[-43.13621114299999,-22.90256039599999],[-43.135678991999995,-22.897720706999998],[-43.12457216199999,-22.894573879999992],[-43.125432812999996,-22.891552989000004],[-43.128963128,-22.891740337],[-43.12895937599999,-22.887313026000005],[-43.13077242699999,-22.886918631000004],[-43.13121969200001,-22.884406149000004],[-43.134062708,-22.884926782999997],[-43.134562629,-22.881574206],[-43.131779963,-22.877458304],[-43.12824863899999,-22.876430559999992],[-43.121792734,-22.877701960999996],[-43.11938144199999,-22.880367088999996],[-43.120885427,-22.882024234999996],[-43.118872887,-22.881330141000003],[-43.12009975299999,-22.883052957000004],[-43.114446847,-22.881309467999998],[-43.11451403099999,-22.879245969000003],[-43.11790721999999,-22.876711189999995],[-43.115178317,-22.877224432],[-43.116417604,-22.875297721999996],[-43.12520158699999,-22.872323642000005],[-43.115770997,-22.864682347],[-43.11383918,-22.864540324999993],[-43.114574785,-22.866984051999992],[-43.112193047999995,-22.86894617999999],[-43.11317394799999,-22.877859944999997],[-43.11171149,-22.877508772999995],[-43.11056553499999,-22.872706315000002],[-43.112145481999995,-22.866113973999994],[-43.10897335199999,-22.864946419999995],[-43.11002927700001,-22.862206982],[-43.107680736999995,-22.86355525],[-43.10767686399999,-22.860333336000004],[-43.10156757899999,-22.853031947999998],[-43.100496881,-22.849381574999992],[-43.103853018,-22.851077333],[-43.104053390999994,-22.8491767],[-43.101760161,-22.844083005],[-43.097413368999995,-22.842642968],[-43.096114446,-22.839289691000005],[-43.097593443,-22.839700343999997],[-43.098101548,-22.838023828],[-43.096871001,-22.836646382999998],[-43.097148235,-22.838391757000004],[-43.095392796,-22.837097309999997],[-43.096635580999994,-22.835683415],[-43.095268401999995,-22.83584924199999],[-43.09540791199999,-22.834326904999994],[-43.097734122999995,-22.833713325999998],[-43.097123214,-22.828117143999997],[-43.09007400699999,-22.822390348],[-43.08925375799999,-22.822989763],[-43.089583931,-22.822047590999997],[-43.082082871999994,-22.820051322999998],[-43.065079276999995,-22.802931881000003],[-43.06813354999999,-22.801011637999995],[-43.070898207999996,-22.80186641],[-43.078943841999994,-22.799131698],[-43.081532315,-22.789385632999995],[-43.078638567999995,-22.784882949999997],[-43.07532487899999,-22.784016327000003],[-43.068378449,-22.778647713],[-43.067615098999994,-22.772477283999994],[-43.068770287999996,-22.769892997999992],[-43.065371125,-22.76819371],[-43.063828115999996,-22.76480689],[-43.04935223599999,-22.757450238999997],[-43.046635845,-22.757168547999992],[-43.039414594,-22.750337728000005],[-43.037342824,-22.750439024],[-43.032684937,-22.747595914],[-43.029402255,-22.747618229000004],[-43.02623723799999,-22.743482221999997],[-43.02889950099999,-22.741049463],[-43.029767691,-22.733043262],[-43.029161269,-22.726294691999993],[-43.026169507,-22.726629008000003],[-43.026059005,-22.725398119],[-43.031278994,-22.718276628],[-43.033692347999995,-22.717866412000003],[-43.035552955,-22.711369649],[-43.033512707999996,-22.706187508],[-43.030074023999994,-22.704801919000005],[-43.037207042,-22.700775371],[-43.032568134,-22.693760504],[-43.035840128,-22.692349558000004],[-43.038754696999995,-22.692466096999997],[-43.04004411499999,-22.693809690000005],[-43.04202125399999,-22.692079643999996],[-43.043264268,-22.693212463],[-43.04560936199999,-22.691967196999997],[-43.04689105399999,-22.693681085],[-43.051349645,-22.69273696799999],[-43.053846834,-22.689472738000006],[-43.052404544999995,-22.687259077000004],[-43.053096394,-22.68619054099999],[-43.05547953799999,-22.687730877],[-43.054688866999996,-22.684707844999995],[-43.06620839799999,-22.687406787],[-43.067057957,-22.688817655999998],[-43.066357402,-22.686752625],[-43.068429164,-22.684811562000004],[-43.073560187999995,-22.681822588],[-43.080829593,-22.679904689999994],[-43.084640878,-22.676958565999993],[-43.086006686999994,-22.678126638999995],[-43.08456314299999,-22.679660676],[-43.087049057,-22.680755010000002],[-43.088390679,-22.683167676999997],[-43.0931102,-22.684567936999997],[-43.092700086,-22.686294071],[-43.100412667,-22.685960571999992],[-43.105920878999996,-22.688934306999997],[-43.107609641,-22.693746815000004],[-43.106836727,-22.695367173000005],[-43.11103806999999,-22.693409308999996],[-43.11573959599999,-22.696376493],[-43.117609863,-22.698686377999998],[-43.116428111999994,-22.703553021000005],[-43.117352452,-22.706853684999995],[-43.124215895999995,-22.713454674],[-43.127733759,-22.715018107],[-43.13393631099999,-22.715040359000003],[-43.134916259,-22.712052836999998],[-43.141580525,-22.708636617000003],[-43.15179401099999,-22.708001501999995],[-43.16492728299999,-22.711355067],[-43.166886596,-22.712700628999997],[-43.166705125,-22.714107628],[-43.18471595999999,-22.721690219999992],[-43.19474009499999,-22.722039492],[-43.203678391,-22.726761798999995],[-43.213010042,-22.726562558],[-43.214571531999994,-22.728619427],[-43.21224838,-22.729229470999993],[-43.21224603999999,-22.73294398],[-43.219322987,-22.738989868],[-43.225944338,-22.741206839],[-43.231227918,-22.739826366],[-43.232252051,-22.741508570000004],[-43.238186772999995,-22.74280166],[-43.240559595,-22.745922472999997],[-43.244468098999995,-22.746878095999996],[-43.244789794,-22.748044416000003],[-43.242695825,-22.749343946],[-43.247997442999996,-22.751817486],[-43.248349533,-22.753592113000003],[-43.251898105,-22.753165353999997],[-43.252281296999996,-22.754750410999996],[-43.257879351999996,-22.756413653000003],[-43.259233881,-22.760514513999997],[-43.262600217999996,-22.75960721199999],[-43.261942516999994,-22.761613109000002],[-43.26464025199999,-22.759955306999995],[-43.263250133999996,-22.763452960999988],[-43.266939709,-22.762370766999997],[-43.26535235,-22.765431327999995],[-43.268134455,-22.765633066999996],[-43.267265232,-22.767269682],[-43.26977286799999,-22.767516624999995],[-43.270203093999996,-22.770246774999997],[-43.273208233,-22.772489276000005],[-43.27284171699999,-22.773665347999994],[-43.273987052,-22.773108605],[-43.273156054,-22.774537614],[-43.27862996399999,-22.780486309000004],[-43.27541378099999,-22.785667248000003],[-43.277170905999995,-22.78732478],[-43.276799942,-22.79060799399999],[-43.275780754,-22.789087559999995],[-43.272103102,-22.791692713],[-43.276187425,-22.792446871999996],[-43.271859107,-22.79395630699999],[-43.270503516,-22.798759178000005],[-43.271577124,-22.801042789],[-43.273643292,-22.799391946999993],[-43.272215472,-22.805449662],[-43.27241400199999,-22.809448208999996],[-43.27354177299999,-22.810152168],[-43.266889807,-22.823484226],[-43.253908514,-22.837321915999997],[-43.24323604,-22.84225569499999],[-43.23652963799999,-22.862028195],[-43.233651820999995,-22.86371881],[-43.232437511,-22.869207197999998],[-43.230016122,-22.867787522],[-43.22620963799999,-22.869153497],[-43.226667053,-22.8741249],[-43.22472976499999,-22.875301145000005],[-43.224116014,-22.873672454999998],[-43.22262325399999,-22.873118896999994],[-43.221579815,-22.874347841],[-43.221387726,-22.872908504],[-43.218883459,-22.872105063],[-43.218188503,-22.873411546999993],[-43.219745978,-22.875370870999998],[-43.217017007,-22.875799447],[-43.21653644599999,-22.873554340999995],[-43.212732017,-22.872820931],[-43.21380876799999,-22.871169076000005],[-43.209918785999996,-22.866999100999998],[-43.204432148,-22.871705390999995],[-43.201385748,-22.871460885999998],[-43.215972408,-22.88634385],[-43.210843739,-22.897606423999996],[-43.195886185,-22.892037349],[-43.190783014999994,-22.892113884],[-43.180829173999996,-22.895476112000004],[-43.179066196,-22.892280556],[-43.179527314,-22.895636819999996],[-43.177023756,-22.895876511999997],[-43.173346635,-22.902080706999996],[-43.169241695,-22.904559611999996],[-43.162784362,-22.904263804],[-43.16153781300001,-22.905277927999993],[-43.161642039,-22.916789622999993],[-43.165665272,-22.915623073999996],[-43.16721660099999,-22.917690907999997],[-43.16605519,-22.915430240999992],[-43.169298286,-22.914283636999993],[-43.172709940999994,-22.916606727000005],[-43.17161306,-22.919775966],[-43.16942039800001,-22.919128788],[-43.16956839,-22.916762442],[-43.16755717,-22.919146306000002],[-43.171269155,-22.932407589999997],[-43.17111641699999,-22.935126694000004],[-43.16916379599999,-22.935815786999992],[-43.168634093,-22.938715912999996],[-43.17425525499999,-22.944192523999995],[-43.178661510999994,-22.943023268000005],[-43.180377887,-22.947934549999996],[-43.169995218,-22.952310576999995],[-43.165136065,-22.947711130999988],[-43.163221335,-22.947737477000004],[-43.16384923999999,-22.945938150999993],[-43.161985556999994,-22.943375113000002],[-43.158058886999996,-22.943449168000004],[-43.157747654999994,-22.941161238],[-43.152178491,-22.938572966999995],[-43.151140772999995,-22.940650383999998],[-43.154527404999996,-22.941996875],[-43.15579444099999,-22.944180910999997],[-43.154943475,-22.947024811],[-43.150985467999995,-22.948922179],[-43.150235009,-22.950928642000004],[-43.156595266000004,-22.953304945000003],[-43.160940189,-22.952835999999998],[-43.164440948,-22.954723483999995],[-43.16433663099999,-22.956409544],[-43.159680589999994,-22.957688151],[-43.160447904,-22.961111564999992],[-43.15867743599999,-22.963100250999997],[-43.159595999,-22.964414529999992],[-43.16254846399999,-22.965274001999997],[-43.164773215,-22.963595505],[-43.167197291,-22.963892642999998],[-43.176928749999995,-22.968358510999998],[-43.185295903,-22.974224870999997],[-43.18836508099999,-22.978469858],[-43.189264993,-22.983634843999994],[-43.188157682,-22.98578691799999],[-43.183523691999994,-22.986014907000005],[-43.189216918,-22.98820893999999],[-43.190115601,-22.990696445999998],[-43.195246555,-22.988433230999995],[-43.207082324,-22.987228124999998],[-43.21967193599999,-22.987136895999992],[-43.22666805,-22.988536951],[-43.226956791999996,-22.99018369199999],[-43.23171348699999,-22.991439843000002],[-43.233144727,-22.993603846000003],[-43.231843013,-22.995166264],[-43.23396829000001,-22.995168474],[-43.240781456,-23.000415085999997],[-43.24565063099999,-23.001041049999994],[-43.252069789,-22.999110981],[-43.274726913,-23.002276972000004],[-43.277199108,-23.005707393999998],[-43.281585002,-23.006266380999996],[-43.286907844,-23.009893765],[-43.285501141000005,-23.014996528999998],[-43.28643267699999,-23.016449786],[-43.287384508,-23.014842432],[-43.296319625,-23.016809801],[-43.29687332599999,-23.015883908999996],[-43.30705569599999,-23.016000267000003],[-43.335942479,-23.011363032000006],[-43.35760481,-23.011121428999992],[-43.398683789,-23.014349107999998],[-43.445596384,-23.0229183],[-43.466304523999995,-23.029191234],[-43.47069816,-23.033250539000004],[-43.477590754,-23.031734977999996],[-43.49280093699999,-23.035318146000005],[-43.49752501299999,-23.037821905999998],[-43.498245242,-23.03713339600001],[-43.50010108299999,-23.040910917],[-43.50302997499999,-23.040121453000005],[-43.507065237999996,-23.042489385],[-43.506836521,-23.045670072000004],[-43.508535183999996,-23.047573829],[-43.534386641,-23.050291658999996],[-43.536365209,-23.05207594799999],[-43.534965261,-23.053556450999995],[-43.536880582,-23.056056322999996],[-43.539856627,-23.056355652999997],[-43.542098448999994,-23.059118584000004],[-43.54538209799999,-23.058811084],[-43.548931811,-23.060707565],[-43.550052140999995,-23.063095451999992],[-43.547743757999996,-23.064633435],[-43.551707989,-23.066423152999995],[-43.551297850999994,-23.068850760000004],[-43.552799429,-23.071519910999996],[-43.548822371,-23.073317406999998],[-43.55183268999999,-23.076182620999994],[-43.553686604,-23.07606051899999],[-43.554136807,-23.072643297000003],[-43.564614079,-23.075528652999992],[-43.566422644999996,-23.075156773],[-43.566821379,-23.073575156999993],[-43.572456364999994,-23.07313926599999],[-43.56772328,-23.071457727],[-43.569088984,-23.066293447000003],[-43.561598577,-23.058151114000005],[-43.56282569399999,-23.05688625099999],[-43.562373013,-23.053156352],[-43.56441430899999,-23.051316913],[-43.568596243,-23.050655094999993],[-43.569787074999994,-23.049624393],[-43.571844491,-23.048996800999998],[-43.573546088,-23.047242630000003],[-43.578074532,-23.04560808],[-43.577171289,-23.043649953000003],[-43.579220238999994,-23.040215198],[-43.580768469,-23.038623283000007],[-43.585379509999996,-23.035192792999997],[-43.589413211,-23.035058365999998],[-43.59425733599999,-23.032394863],[-43.599564046,-23.022883565999997],[-43.60728808799999,-23.02157529999999],[-43.614102664,-23.017630141],[-43.622915885999994,-23.007870205999993],[-43.624269612999996,-23.008543038],[-43.63218791999999,-23.005603299],[-43.638563629,-23.006245773000003],[-43.643225513,-23.001117249999997],[-43.64603014499999,-23.002016460000007],[-43.64793982399999,-23.00089949],[-43.653200393999995,-23.002775059],[-43.652630189,-23.000622838000005],[-43.654227315,-23.000041397],[-43.658972057999996,-22.991643800999995],[-43.665929589,-22.985325754999998],[-43.674279061,-22.980309440000003],[-43.679829015,-22.98087194],[-43.687475832,-22.985996782],[-43.68947541,-22.991902712999998],[-43.695828466,-22.984610442000005],[-43.70060320499999,-22.985703519999998],[-43.704475525,-22.977910213999994],[-43.710963744999994,-22.970578979999992],[-43.714144906,-22.969038373],[-43.719635301,-22.973022222999997],[-43.71851869499999,-22.972002145],[-43.720216633,-22.970897699000002],[-43.717859604,-22.969585827999992],[-43.718702353999994,-22.966696330999998],[-43.724652864,-22.960703145000004],[-43.73158454299999,-22.957910212000005],[-43.746280522,-22.945887299999995],[-43.766748006,-22.935590237999993],[-43.768395014,-22.932639753],[-43.77404406099999,-22.932760081999998],[-43.781018204999995,-22.928279419999996],[-43.780936948999994,-22.927005737999995],[-43.784327854,-22.924271059999995],[-43.78996420400001,-22.925703301999995],[-43.795154212,-22.91889121],[-43.795995518,-22.919358898000006],[-43.795240409,-22.917627786000008],[-43.79678553899999,-22.916540848999997],[-43.80102835899999,-22.916920274],[-43.801436632999994,-22.924511631999994],[-43.80762227099999,-22.923409766999995],[-43.806666449,-22.918765896000004],[-43.810222447,-22.917569003999997],[-43.81728257999999,-22.920670252999997],[-43.83203528,-22.931190593],[-43.842282265,-22.932167242],[-43.84314195599999,-22.92978625],[-43.84571013499999,-22.929526630999998],[-43.849357419,-22.931633559],[-43.850431242,-22.929927447999997],[-43.84823910499999,-22.928726283],[-43.84921927199999,-22.926391645999992],[-43.853037326999996,-22.927013605],[-43.851168919,-22.92524483800001],[-43.852212944,-22.924497895000002],[-43.85046910199999,-22.920506096999993],[-43.854347133,-22.918756297],[-43.850307887999996,-22.916823636999993],[-43.845676000999994,-22.91716643099999],[-43.839026022999995,-22.911771912000006],[-43.839520603000004,-22.909912294],[-43.83821253699999,-22.909340264999997],[-43.841132527,-22.907559566000003],[-43.840279576,-22.907388401999995],[-43.839861053,-22.90612611999999],[-43.83821541399999,-22.906445218],[-43.83737754,-22.903953787999995],[-43.84185685399999,-22.90173253],[-43.845657087999996,-22.901706516999997],[-43.8511727,-22.904343929999996],[-43.852072847,-22.902749758],[-43.856766005,-22.901869496000003],[-43.86748898999999,-22.903902938],[-43.86715409,-22.90516707599999],[-43.870140292,-22.905017704000006],[-43.874999753,-22.907685418],[-43.880459183,-22.912243887999995],[-43.881263314,-22.919602727],[-43.883020545,-22.921504153999997],[-43.894343487,-22.922656727999996],[-43.89652063799999,-22.924849050999995],[-43.910271791,-22.931016564],[-43.93241044399999,-22.928908602000003],[-43.939983518,-22.930449154999998],[-43.950917178999994,-22.92695281],[-43.95430627699999,-22.927452913999996],[-43.955288709,-22.929294801999994],[-43.964889493,-22.93443991599999],[-43.977000389,-22.931421890999996],[-43.981947725,-22.932675396],[-43.984477268,-22.934971526000005],[-43.988904384,-22.935573357000006],[-43.990910322,-22.940269478999994],[-43.997538267,-22.941986042],[-44.005856944,-22.942136024999993],[-44.012283949,-22.945926521999997],[-44.01088266399999,-22.948068675999995],[-44.012988334,-22.951368530000003],[-44.018006693,-22.952109993],[-44.022826208,-22.956294191],[-44.023477279,-22.960408385999997],[-44.020922123999995,-22.961129446999998],[-44.021333387999995,-22.962648382000005],[-44.02408771699999,-22.963510316999997],[-44.026174817,-22.962308951000004],[-44.030524477,-22.964268861000004],[-44.03277822,-22.971135743999998],[-44.032629073,-22.981059796],[-44.033574131,-22.980293239],[-44.034035768,-22.981441221999997],[-44.042940285,-22.984531284000003],[-44.047293462,-22.984504252000004],[-44.055920269,-22.980828808999995],[-44.052685003,-22.973067075999992],[-44.04751518599999,-22.970819884],[-44.044637439,-22.965428673999998],[-44.041985058,-22.963369569999998],[-44.042654592,-22.960097084999997],[-44.04590778299999,-22.956582049999998],[-44.044066437,-22.954197808],[-44.040298060999994,-22.952823573],[-44.039832398,-22.950787579999997],[-44.041033051,-22.94740059],[-44.047314547,-22.941982315],[-44.053774749999995,-22.942293359],[-44.054336803999995,-22.944634081],[-44.05805045,-22.944398060999998],[-44.06104974299999,-22.946154486],[-44.062504631,-22.949565438],[-44.07427169899999,-22.952049185000003],[-44.079318071,-22.956700636],[-44.08132769299999,-22.959499871000002],[-44.08016083,-22.961456079999998],[-44.081573511,-22.965123774],[-44.079434079,-22.968918475999995],[-44.076044069,-22.96909903],[-44.07564989899999,-22.972979117000005],[-44.078547025,-22.97630167899999],[-44.077623553,-22.978805226999995],[-44.0812278,-22.984576249000003],[-44.080443093999996,-22.986102423999995],[-44.082580323,-22.992990533999997],[-44.08797989199999,-22.992561887],[-44.096100428,-22.995611201999992],[-44.096672346,-22.998057320999997],[-44.094712269999995,-22.998705741999995],[-44.095940894,-23.004857574999992],[-44.099526876,-23.009200935000003],[-44.103930419,-23.010428514],[-44.10474348699999,-23.014603004999998],[-44.107722664,-23.015426654000002],[-44.113629554000006,-23.023384742999998],[-44.124401401,-23.026304941999996],[-44.127384039,-23.028802857999995],[-44.127131313,-23.030669445],[-44.129879355,-23.03119106899999],[-44.129800594,-23.032483468000002],[-44.13661888699999,-23.033247355000004],[-44.144690684,-23.036032048],[-44.146887065,-23.035002761000005],[-44.150340783,-23.036036582000005],[-44.152606312,-23.041017758999995],[-44.154108614,-23.040717090999998],[-44.154357198999996,-23.036171181000004],[-44.15737768799999,-23.034917504],[-44.15473828299999,-23.035471267],[-44.159635452,-23.033275693],[-44.160224336,-23.031782661],[-44.165449217,-23.033917096999993],[-44.170980056999994,-23.032988575],[-44.17681650099999,-23.037820841000002],[-44.17578677499999,-23.042845898000003],[-44.17182774399999,-23.043323943999997],[-44.172227072,-23.047348659000004],[-44.179185213,-23.050430629000008],[-44.182456769999995,-23.045449846999993],[-44.18578588199999,-23.049768186],[-44.184522387,-23.052004487999998],[-44.185679633,-23.052942035999994],[-44.189013037,-23.052014501999995],[-44.19162944899999,-23.054135762],[-44.19515354599999,-23.054250963],[-44.195983621,-23.047892334000004],[-44.192859987,-23.044008693000002],[-44.193880922999995,-23.041060814],[-44.201378145,-23.038312699],[-44.203797662,-23.039373710999993],[-44.202819602999995,-23.040471408],[-44.205507104999995,-23.043035598000003],[-44.20815018999999,-23.043112241999992],[-44.21925197699999,-23.049978788999997],[-44.22385551499999,-23.048807319999995],[-44.2302202,-23.053152538],[-44.233077853,-23.052920705999995],[-44.232642182,-23.054431757000003],[-44.237644421999995,-23.05653456],[-44.242667178,-23.054302464999996],[-44.24415435800001,-23.055141945],[-44.24373298399999,-23.052780395999992],[-44.245674130999994,-23.049532173],[-44.24752705699999,-23.048505594000005],[-44.250386055,-23.050394707999992],[-44.25043342199999,-23.048627999999994],[-44.247843211,-23.045008892],[-44.24534055699999,-23.045980088],[-44.24387505599999,-23.044270481999995],[-44.243331491999996,-23.040752971000007],[-44.24029091399999,-23.036299023],[-44.240250015,-23.033165852],[-44.23717780999999,-23.032934255999994],[-44.23605315499999,-23.031625711],[-44.23597938899999,-23.029352737],[-44.237733893,-23.028413910000005],[-44.236444633999994,-23.026112611000002],[-44.23353608099999,-23.027086504999996],[-44.23093123099999,-23.021982849000008],[-44.229073362,-23.021276177000004],[-44.227251130999996,-23.022483036999994],[-44.225069823999995,-23.021408662000002],[-44.22464762199999,-23.017825883000004],[-44.22135833099999,-23.016705160000004],[-44.22118715599999,-23.014024621999997],[-44.22424122499999,-23.010686810999996],[-44.23054986999999,-23.014222493000002],[-44.23545467299999,-23.007682188],[-44.23892856599999,-23.007250922],[-44.23762081499999,-23.006073859999997],[-44.24136166499999,-23.001087798],[-44.245409519999995,-22.999540446999994],[-44.247650736,-23.001757940999997],[-44.24933740499999,-23.000576185],[-44.24935513199999,-22.997834215],[-44.252933678,-22.998526563],[-44.253720005,-23.001069200999993],[-44.256507414999994,-23.001787426],[-44.25875437999999,-23.006072975999995],[-44.261176408999994,-23.007237406],[-44.26270338599999,-23.006893776999995],[-44.26265423699999,-23.004056001],[-44.265686458999994,-23.001564291],[-44.273366627,-23.004022544999998],[-44.274836981,-23.005750432],[-44.27424465599999,-23.008373151999997],[-44.27996714799999,-23.014104461],[-44.277650605999995,-23.015926602999997],[-44.278002437000005,-23.017054139999995],[-44.281048391,-23.016962967],[-44.282073181,-23.015047156],[-44.284470354999996,-23.014582209],[-44.290178671,-23.019833014999993],[-44.289701614,-23.023704743999996],[-44.29381558699999,-23.025329192999997],[-44.299007958,-23.026066955999998],[-44.30645879899999,-23.023648357000003],[-44.303844254,-23.021598799999996],[-44.303888103,-23.016291140999996],[-44.29985164899999,-23.015619108],[-44.29707242199999,-23.009802443000005],[-44.297773281,-23.007247070000005],[-44.301088334000006,-23.005426805],[-44.300219065,-23.004204702],[-44.301909514,-23.004075529999998],[-44.302434659,-23.003445461],[-44.300256532,-23.003935410999993],[-44.301293152,-23.002188632],[-44.30323155,-23.002415333],[-44.307211591999994,-23.006735404],[-44.310979203,-23.005990663],[-44.312793858,-23.008528345],[-44.31388474799999,-23.009073468],[-44.314662475,-23.007854527999996],[-44.317056959999995,-23.009109529999996],[-44.314913835999995,-23.015213331],[-44.318364535,-23.010867148],[-44.321584656999995,-23.012612426999993],[-44.32324264999999,-23.015839906],[-44.326463477,-23.013920742],[-44.328840172999996,-23.016100813],[-44.327490645999994,-23.019459807999997],[-44.325548644,-23.019410823],[-44.326228205999996,-23.020875223999997],[-44.329723261999995,-23.021368383],[-44.331581287999995,-23.019983123],[-44.336484399999996,-23.025455817],[-44.33760446,-23.022483770999997],[-44.341989256999994,-23.022817044],[-44.342297075,-23.024801102999998],[-44.346398885999996,-23.027355381],[-44.347392108,-23.030386227999998],[-44.35190768,-23.030249012000002],[-44.348506865,-23.027092478],[-44.351802229,-23.021895215000004],[-44.358498233,-23.023688483999997],[-44.357915488,-23.01987034899999],[-44.3630425,-23.018248566999997],[-44.363076404999994,-23.015710919999993],[-44.360980276999996,-23.014204530000004],[-44.35962664099999,-23.010626943999995],[-44.362922211999994,-23.010223368],[-44.360581728999996,-23.008689374999992],[-44.35887377499999,-23.009797317999993],[-44.357312372,-23.009051867],[-44.35632378099999,-23.007017985999997],[-44.35809196999999,-23.005495735999997],[-44.35495867499999,-23.002758869999997],[-44.356006533999995,-23.001192906000004],[-44.353624124,-22.997003867000004],[-44.34610472799999,-22.993375285999996],[-44.345184964,-22.99119681099999],[-44.339330355,-22.990363509],[-44.336925582999996,-22.991089261000003],[-44.33299295,-22.995677992999994],[-44.32767609399999,-22.995050727999995],[-44.32589153499999,-22.991813072999996],[-44.329663081,-22.987764217],[-44.329454146,-22.983359624999995],[-44.323439899,-22.982095402],[-44.32165405599999,-22.985958593000003],[-44.317526612,-22.985390730999992],[-44.314098745,-22.980236315999992],[-44.312321055999995,-22.980413898],[-44.311661398,-22.977639841],[-44.30937782899999,-22.976719322],[-44.313782417,-22.976983165],[-44.31187101399999,-22.975441395000004],[-44.31097553299999,-22.969520058],[-44.31005393299999,-22.970679694999998],[-44.307798446,-22.967534869999998],[-44.308381445,-22.964805651],[-44.299871329999995,-22.958667138],[-44.302094314,-22.956988405],[-44.304629786,-22.957024635000007],[-44.309253714,-22.961367051999996],[-44.306751853,-22.957913442],[-44.309750426,-22.957544518999992],[-44.313028106,-22.959720342000004],[-44.313144548,-22.957280551000004],[-44.318944271,-22.956469169],[-44.322732558999995,-22.959972881],[-44.32939093899999,-22.960876165999995],[-44.33065841199999,-22.966582497000005],[-44.333010267,-22.967719974000005],[-44.332721213,-22.965435262999996],[-44.33620004699999,-22.964580501],[-44.33541921799999,-22.961957189999996],[-44.338217773,-22.957675846999994],[-44.335908044,-22.956817282999996],[-44.33493742099999,-22.958103154],[-44.33443189,-22.955909039999995],[-44.330015,-22.956792500999995],[-44.329065252999996,-22.955753775],[-44.328714581,-22.953837287],[-44.331068744999996,-22.953757023000005],[-44.33299270599999,-22.951915261],[-44.334062847999995,-22.946818288],[-44.328918462,-22.943617992000004],[-44.325908207,-22.943749560999994],[-44.32273683,-22.942070405],[-44.319798229999996,-22.936002760000004],[-44.325970188,-22.936741312],[-44.322848362,-22.931501003],[-44.329433607,-22.932565671999992],[-44.331119468999994,-22.925811666999998],[-44.332113354,-22.925698582999996],[-44.333259610000006,-22.926289738],[-44.333685716,-22.926778637999995],[-44.33385113199999,-22.928010171],[-44.336320566,-22.92766467],[-44.338117977,-22.923318512000005],[-44.33993088999999,-22.922186020000005],[-44.342057698999994,-22.924168999],[-44.344750575,-22.921967962999997],[-44.348763403,-22.923137847999996],[-44.34693485399999,-22.924409541],[-44.348021119,-22.926750917000003],[-44.349429369,-22.927951701999998],[-44.350570825999995,-22.926665765000003],[-44.352227043999996,-22.927373363999997],[-44.35184176100001,-22.930395762],[-44.353372136,-22.931194333000008],[-44.358331031999995,-22.926926757999997],[-44.358739583,-22.923453315999996],[-44.364376887,-22.92410216799999],[-44.36463526499999,-22.925183865999998],[-44.360549551999995,-22.925936679000003],[-44.36243349,-22.928066594999994],[-44.366622792,-22.928641466],[-44.36663621700001,-22.930623238999996],[-44.359973836,-22.931917662999993],[-44.366529611,-22.93407247],[-44.371392975,-22.937977898],[-44.370553714,-22.942717861],[-44.373739994,-22.94162951299999],[-44.373972237,-22.942825750999997],[-44.369703884,-22.943800658999994],[-44.370312262,-22.948401471999997],[-44.366735993,-22.948282077000002],[-44.36586702099999,-22.946466972999996],[-44.367024595,-22.946156111999993],[-44.363793562,-22.942859305999995],[-44.3652037,-22.941507423000004],[-44.36438999800001,-22.940502370000004],[-44.360121145,-22.941522759999998],[-44.358541169999995,-22.943602968],[-44.355464724,-22.944639005999996],[-44.350228230999996,-22.943527185999997],[-44.34948319,-22.945788806999996],[-44.353913677,-22.949688289],[-44.352301766,-22.950298642999996],[-44.352632740999994,-22.952049181000003],[-44.357568426,-22.954671430999998],[-44.359251283000006,-22.95748226],[-44.362361018,-22.954770176999997],[-44.367154305,-22.960435781999998],[-44.37142626499999,-22.958221690999995],[-44.373790421,-22.959745715000007],[-44.37501246899999,-22.962696231000002],[-44.374606197999995,-22.965452109999994],[-44.37321619200001,-22.966041137999998],[-44.376860502,-22.969861600000005],[-44.38022609,-22.966923123],[-44.383342754999994,-22.972599612999996],[-44.38519708599999,-22.972078024],[-44.385545768,-22.969172518000004],[-44.38697189199999,-22.969054847999995],[-44.384376419,-22.965808615999997],[-44.380936212,-22.964680877999996],[-44.37782881599999,-22.958079332],[-44.38928014099999,-22.951599377999997],[-44.391593005,-22.951629177000004],[-44.391815120000004,-22.953900551000004],[-44.39585172499999,-22.954426843000004],[-44.39588060599999,-22.952281905999993],[-44.392693417,-22.952269736999998],[-44.39264444399999,-22.950955036],[-44.39597551,-22.94907067],[-44.395836741,-22.947743283],[-44.396727399,-22.947609287],[-44.397218003,-22.955504565999995],[-44.400299722999996,-22.954578161000004],[-44.397913200999994,-22.950040022],[-44.400207187999996,-22.950688042],[-44.401496718999994,-22.952345018000003],[-44.405056659,-22.951217169999996],[-44.406622082,-22.953242608000004],[-44.40791279,-22.952428844999996],[-44.414293025999996,-22.954095675000005],[-44.415774408000004,-22.951784412000002],[-44.41250080599999,-22.947785340999996],[-44.408852948,-22.951482795999997],[-44.407870508,-22.950736118999995],[-44.409206525,-22.947199501999997],[-44.41039185099999,-22.947249807000002],[-44.410469809999995,-22.945997233999996],[-44.408380142999995,-22.946450387],[-44.409843262,-22.945424285000005],[-44.409287741,-22.943351852999992],[-44.412243561,-22.940871218000005],[-44.414445504999996,-22.944150717],[-44.417387518,-22.944878555999995],[-44.41838503499999,-22.947421028999994],[-44.423894290999996,-22.951805331999996],[-44.424239907,-22.953319966],[-44.421954236,-22.95529011399999],[-44.427125925000006,-22.956594371999998],[-44.42731325599999,-22.959742244999997],[-44.425496998,-22.962181498],[-44.427680771999995,-22.963341388000003],[-44.429023803999996,-22.961893090999997],[-44.43468558299999,-22.963337833],[-44.434886033,-22.967272543999997],[-44.43767020399999,-22.973403007999995],[-44.435711496,-22.973294779],[-44.434498038,-22.975647979999998],[-44.432317501,-22.975436181999996],[-44.430934233,-22.978403079000003],[-44.434823400999996,-22.979232034999995],[-44.437158223999994,-22.983898948],[-44.436591848,-22.985081951999998],[-44.434415431999994,-22.985153070000003],[-44.434847089,-22.987499225999997],[-44.43613381099999,-22.989084813000005],[-44.43825286,-22.988855727999997],[-44.44118216999999,-22.992153569],[-44.439259465999996,-22.996398631],[-44.429418047,-22.993368432],[-44.42938267699999,-22.994874019],[-44.42484737899999,-22.997607208000005],[-44.42676084499999,-22.999667898999995],[-44.431056618,-22.998468061],[-44.43299910399999,-23.001608345999998],[-44.437461986,-23.001508136999995],[-44.44353208799999,-23.006431726999995],[-44.444605638999995,-23.011046004999997],[-44.44672410599999,-23.012292278000004],[-44.44104001,-23.015436935999993],[-44.44050408799999,-23.020455714999994],[-44.43751078999999,-23.020956851000005],[-44.43486455099999,-23.017763921000004],[-44.43392793500001,-23.019462267],[-44.43056866599999,-23.020081180999995],[-44.439072126,-23.023263351],[-44.441359681,-23.026596122999997],[-44.44392922499999,-23.02614674999999],[-44.44486925999999,-23.027378519999996],[-44.44849324399999,-23.025192374999992],[-44.450458768999994,-23.017437693],[-44.45212384,-23.016228062999996],[-44.45755240199999,-23.01601472],[-44.460043207000005,-23.018121709999992],[-44.457822279000005,-23.011704923999996],[-44.458633043,-23.008730644],[-44.46118530999999,-23.007367755000004],[-44.461900316,-23.009576114999994],[-44.459753703,-23.010784413],[-44.45986621699999,-23.011124083000002],[-44.46214887099999,-23.009854481000005],[-44.469847485,-23.012426677999997],[-44.462139371,-23.009557965],[-44.462183073,-23.007739422999997],[-44.469683191,-23.011612360999994],[-44.47142822799999,-23.008840093],[-44.47753062799999,-23.005810744],[-44.484129713,-23.008525010000003],[-44.486636424,-23.016248446000006],[-44.489579581,-23.020282180000002],[-44.493349325,-23.021000546000003],[-44.49482881,-23.024135022999996],[-44.50059648599999,-23.025363659999996],[-44.503463651,-23.029824054],[-44.505762955,-23.030515087999998],[-44.507813436999996,-23.026918503],[-44.51014887099999,-23.02589684],[-44.515642827,-23.025949093999987],[-44.520209376,-23.027648488000004],[-44.530538544,-23.02712772],[-44.544586457,-23.032740933999996],[-44.55196380799999,-23.037998453000004],[-44.55455961199999,-23.036402558],[-44.556946344,-23.036998187999995],[-44.561501936999996,-23.04002923199999],[-44.561955301,-23.042382290999996],[-44.566545721,-23.043599518999997],[-44.56938602899999,-23.047198344],[-44.577023583,-23.048829821],[-44.57797598999999,-23.053991275],[-44.58566569999999,-23.056664561999995],[-44.58342994099999,-23.058035352],[-44.593107745999994,-23.059344012],[-44.596299026,-23.063958666999994],[-44.60003541999999,-23.062011112999997],[-44.597880438,-23.058997580999993],[-44.593961897,-23.05744970699999],[-44.589551018,-23.050443850000008],[-44.59292437599999,-23.046517731000005],[-44.596198707,-23.045067394],[-44.599396289,-23.047364426],[-44.604295703999995,-23.047749609000004],[-44.60821407299999,-23.049806444],[-44.611542211,-23.047769601000002],[-44.614221541,-23.051563561999995],[-44.613458351999995,-23.046133891999997],[-44.618575453,-23.04416303799999],[-44.638067318,-23.052530005],[-44.637737488999996,-23.048665377999995],[-44.640877401,-23.04757278],[-44.643404701,-23.048203831],[-44.64492496799999,-23.046712617],[-44.648125289999996,-23.049035393000004],[-44.647342588,-23.053308865000005],[-44.650891393,-23.056547463999998],[-44.654909808999996,-23.05497070299999],[-44.65636563899999,-23.052211379999996],[-44.660727241,-23.054784138],[-44.66120399,-23.056500026999995],[-44.663923416,-23.053491368999996],[-44.668552646,-23.054168567000005],[-44.67860147599999,-23.064106842],[-44.678372497999995,-23.065983369],[-44.67564991999999,-23.06718042899999],[-44.677631848,-23.068609399999993],[-44.676091026,-23.070055925999995],[-44.67665301299999,-23.071135637999998],[-44.68186222899999,-23.072613706999995],[-44.682104038,-23.071190127000005],[-44.68450437,-23.071677322999996],[-44.687585264,-23.077596445999998],[-44.684770685,-23.079326034],[-44.691019494,-23.08275616],[-44.689872177999995,-23.08740017699999],[-44.687519563,-23.088237233999997],[-44.687333794,-23.09066245799999],[-44.687806408,-23.091459196999995],[-44.690712764,-23.090360712000003],[-44.69431615100001,-23.096314178999997],[-44.695786205,-23.102053139],[-44.69432191399999,-23.107117847000005],[-44.698107136999994,-23.113914426],[-44.698980836,-23.120379207999996],[-44.69733050199999,-23.124285337],[-44.692357054,-23.122723382999997],[-44.688494884,-23.12507119],[-44.68826973699999,-23.126447010999996],[-44.689647327,-23.129469868],[-44.692073571,-23.13091221099999],[-44.69908380599999,-23.130666521],[-44.699822196,-23.135541925],[-44.697278552,-23.136652613],[-44.69832541099999,-23.142183871000004],[-44.69578610399999,-23.145589914],[-44.69301791699999,-23.146425473999997],[-44.69564448,-23.148280481999993],[-44.695162675,-23.151177286999992],[-44.69746070499999,-23.151737420000003],[-44.696654823,-23.154122481000005],[-44.699466164,-23.15564076],[-44.705916432,-23.156259464000005],[-44.706899825,-23.160634448000003],[-44.705660005,-23.162348132999995],[-44.70750768799999,-23.163486580999994],[-44.70645480299999,-23.167000051999995],[-44.703810285,-23.169387041999993],[-44.701660762,-23.168399340999994],[-44.69831514,-23.169156493999996],[-44.69954633199999,-23.172421327000002],[-44.69831115,-23.174498737],[-44.703282464999994,-23.176773483999998],[-44.70585973899999,-23.173860093000002],[-44.70773595499999,-23.174110954999996],[-44.71052153499999,-23.177041496999994],[-44.710745396,-23.181136028000005],[-44.71233963499999,-23.182872613000004],[-44.716136748,-23.182411361999996],[-44.71719607499999,-23.185040372999996],[-44.714445979,-23.187904173],[-44.712307305,-23.185161307999998],[-44.70650903,-23.185512691999993],[-44.71102816599999,-23.190307081],[-44.714350374,-23.189786314999992],[-44.714177194,-23.193944476],[-44.71682250599999,-23.194900826999998],[-44.71879812499999,-23.193805045999994],[-44.721050235,-23.198000981],[-44.721157098,-23.201826154999992],[-44.715258227,-23.21088572],[-44.710297112999996,-23.211020061999996],[-44.71213673599999,-23.214113734],[-44.70952906099999,-23.216435621999995],[-44.709566297,-23.220594807000005],[-44.714824547,-23.221503785999996],[-44.711723135999996,-23.226097715],[-44.714647751,-23.228214784000002],[-44.71513979299999,-23.230151432999996],[-44.713611873,-23.233631839000005],[-44.710315257999994,-23.234975221999992],[-44.69484577299999,-23.23263719499999],[-44.694233923999995,-23.228757018999993],[-44.690428358,-23.222063510999998],[-44.68747751899999,-23.221602376000003],[-44.683484354,-23.223967669],[-44.681509850000005,-23.220726410999994],[-44.677341945,-23.219907698999997],[-44.672882199,-23.214710964],[-44.677805726,-23.212482203999993],[-44.672442874999994,-23.210357835999996],[-44.67102478799999,-23.211330000999997],[-44.66825452399999,-23.205405314],[-44.66656376299999,-23.205297774000005],[-44.66645519699999,-23.209972409999995],[-44.665094036,-23.209876306000005],[-44.66360153699999,-23.206074003999994],[-44.660745836,-23.208440151],[-44.659051811,-23.208077986],[-44.65713958799999,-23.205069585],[-44.656820599999996,-23.200885171],[-44.65808526699999,-23.199235229],[-44.655212624,-23.195744318999992],[-44.65435726799999,-23.190544159000005],[-44.652675973,-23.188350007],[-44.647368025,-23.187951022],[-44.643454598,-23.185224759000004],[-44.644340963,-23.189831799],[-44.64590101699999,-23.19132481999999],[-44.644766008999994,-23.192176363],[-44.645713766,-23.194534181000005],[-44.64371578299999,-23.196421372000003],[-44.636943040999995,-23.195480957000008],[-44.63460502,-23.196708790999992],[-44.63162958299999,-23.195594083999996],[-44.62924504499999,-23.196796633000005],[-44.626361194999994,-23.196234135999998],[-44.627518995,-23.200592768],[-44.62640528299999,-23.202698018],[-44.624525396,-23.202288438],[-44.621737973,-23.204637111999997],[-44.616023444,-23.203820224999998],[-44.61579280099999,-23.206363152000005],[-44.620067564,-23.205986962999997],[-44.623435955999994,-23.207239339999994],[-44.627175349999995,-23.213110712],[-44.626134273,-23.215072824999996],[-44.624578748999994,-23.21453862],[-44.623712974,-23.215660024999995],[-44.625118660999995,-23.222368402999994],[-44.628983497,-23.223971759999998],[-44.633484724,-23.222230666000005],[-44.632492557,-23.218863136999996],[-44.633875013,-23.216969581],[-44.638220241999996,-23.216621136999997],[-44.640974979,-23.219233751999997],[-44.638641365999995,-23.212915206],[-44.63651596199999,-23.211433284],[-44.636972067,-23.210581104999996],[-44.640622652,-23.214640551000002],[-44.646712564999994,-23.217259667999993],[-44.651370594999996,-23.222157419000002],[-44.65273758899999,-23.21704104899999],[-44.655911956,-23.218137775999995],[-44.65712668199999,-23.214688154999997],[-44.662709957,-23.214001151999998],[-44.662436582,-23.217185485999998],[-44.658922997,-23.221393961999997],[-44.663135791,-23.225027162000003],[-44.663977953,-23.22801282],[-44.658844608,-23.227049429],[-44.656812602,-23.223732965],[-44.65491686099999,-23.224836074999995],[-44.654751808,-23.227086798999995],[-44.666726449,-23.235082418],[-44.669291172,-23.234894245999996],[-44.67014403900001,-23.231977840999996],[-44.672990965,-23.230574880999992],[-44.674351291,-23.234302532],[-44.678352145999995,-23.238210506000005],[-44.676759144,-23.240035448],[-44.674814270999995,-23.23881131699999],[-44.672109837,-23.239794883],[-44.676894106000006,-23.24266563],[-44.68042231399999,-23.2419666],[-44.681703327,-23.240011785],[-44.683223045999995,-23.240455812999997],[-44.685089375,-23.241990364000003],[-44.681377904,-23.243087062999997],[-44.678967422999996,-23.245923118000004],[-44.684892499,-23.250271968999996],[-44.69237056,-23.252473013],[-44.690540301999995,-23.253702659],[-44.685112592,-23.251931634],[-44.680342489,-23.252671264],[-44.678846015999994,-23.250567399999998],[-44.674760038,-23.250396279],[-44.674017107,-23.246775272],[-44.67148641299999,-23.247236051999995],[-44.66945413999999,-23.244260459],[-44.667603268,-23.245489156],[-44.67035109199999,-23.248230303999996],[-44.66924422099999,-23.250267842999992],[-44.667837115999994,-23.247905318999997],[-44.663919213999996,-23.247937044],[-44.660966914,-23.244797410000004],[-44.658908277,-23.239648474999996],[-44.654514240999994,-23.239093955],[-44.65196435599999,-23.235019349999998],[-44.644679931999995,-23.235977373000004],[-44.64309647499999,-23.234461898999996],[-44.63828465200001,-23.23398824299999],[-44.636692246,-23.238399660999995],[-44.631676244000005,-23.240343433999996],[-44.626922909,-23.236496275],[-44.623655286,-23.237332642000002],[-44.61940739,-23.234162346000005],[-44.613408053,-23.233570678000003],[-44.613043282,-23.234863803999993],[-44.618548344999994,-23.238860190999997],[-44.619689311,-23.242347751],[-44.624892462,-23.243980494000002],[-44.62679447000001,-23.246547879000005],[-44.626207167,-23.249708505999997],[-44.63446597899999,-23.258712281],[-44.633755126,-23.261847489999997],[-44.635856517,-23.263783601000007],[-44.63595960799999,-23.267351985000005],[-44.640606423,-23.270904656999996],[-44.64198199999999,-23.277446811],[-44.6493619,-23.283744363000004],[-44.649775600999995,-23.287300630000004],[-44.654244942,-23.288351862],[-44.65727253,-23.292163220999996],[-44.655366409,-23.295389108999995],[-44.65392722599999,-23.293614961999992],[-44.64978575199999,-23.29524768899999],[-44.64989061099999,-23.298187601999995],[-44.646733845,-23.29723409],[-44.648029507,-23.301904638999993],[-44.640139004999995,-23.301338989],[-44.638798605999995,-23.302346108],[-44.637497586,-23.301203085999997],[-44.63685902999999,-23.299090062],[-44.643709264,-23.294057269],[-44.646241057,-23.289847928999997],[-44.642032150999995,-23.286669383999996],[-44.642623999,-23.289080749000004],[-44.638209796999995,-23.290138219],[-44.63039946699999,-23.281910419],[-44.62669965199999,-23.270610380999997],[-44.62359349199999,-23.268509335000005],[-44.621447859,-23.264324088],[-44.620952202,-23.258283142],[-44.61397075099999,-23.252188640000004],[-44.606842852,-23.251081123999995],[-44.59710959899999,-23.244230651999995],[-44.59704263799999,-23.238069877000008],[-44.59929785799999,-23.237928699],[-44.599243218,-23.236492538],[-44.590870882,-23.232514036],[-44.574843458,-23.233560435],[-44.570492177,-23.229940448999997],[-44.56559528799999,-23.230047854],[-44.560258907999994,-23.226378087999997],[-44.559119001,-23.227306170000006],[-44.560540328,-23.231178516],[-44.57156072499999,-23.239208344999994],[-44.57850120399999,-23.246677304000002],[-44.577862414,-23.248478436999996],[-44.574956573,-23.248040784],[-44.575185015,-23.251575174999996],[-44.57609509699999,-23.253704622],[-44.58145181199999,-23.25760526],[-44.581438950999996,-23.261724311999995],[-44.584902319,-23.263748275],[-44.58341580599999,-23.268042512999997],[-44.579966129000006,-23.270898769],[-44.57575752099999,-23.268505548],[-44.572384295,-23.271648384999995],[-44.56717239,-23.270837148],[-44.558925053,-23.27351845],[-44.551422931999994,-23.270649658000004],[-44.550404841,-23.273655455999997],[-44.547805024,-23.274310618999994],[-44.54380924699999,-23.272176842],[-44.540077581999995,-23.266551486],[-44.53799316799999,-23.26673341],[-44.535429558,-23.268149609],[-44.53571464099999,-23.269789123000002],[-44.527194374,-23.272754487],[-44.525423194,-23.274772850999998],[-44.526027231,-23.276637207],[-44.523024841,-23.276794032999998],[-44.522172123,-23.279441960999993],[-44.518517568,-23.279529289000003],[-44.52071349999999,-23.283458065],[-44.515209003,-23.28578722],[-44.51314421,-23.291144538999998],[-44.509311007,-23.292278762999995],[-44.50472997199999,-23.291154016],[-44.502669403,-23.295239669],[-44.506433599,-23.299710865],[-44.509976115,-23.300674615],[-44.508960433999995,-23.298938721999992],[-44.509775533,-23.29539219],[-44.513331139,-23.295720837000005],[-44.513948291000005,-23.291658921],[-44.524269116,-23.290543381999996],[-44.525301590999995,-23.28758296],[-44.52887034799999,-23.286764314],[-44.530059743,-23.287591691999996],[-44.529682174,-23.290214218],[-44.53581185,-23.292077093999993],[-44.53969033199999,-23.297443292000004],[-44.54097077899999,-23.300034882999995],[-44.539648402,-23.301177177000003],[-44.540340463,-23.304725527999995],[-44.54234086699999,-23.304775793999998],[-44.54219268799999,-23.302215514000004],[-44.544230458,-23.30219346],[-44.54888531,-23.304642534],[-44.549317322,-23.307231173000005],[-44.55075152399999,-23.307802903999995],[-44.552326941,-23.303529648],[-44.555763087,-23.303567113999996],[-44.55549478199999,-23.305359859999996],[-44.55738268399999,-23.306144238999998],[-44.559393591,-23.310797268999995],[-44.56239742299999,-23.311316087999995],[-44.560211,-23.315778243],[-44.56332597,-23.317927066999992],[-44.564110797,-23.321063309999996],[-44.56629582699999,-23.322994579999996],[-44.562260221,-23.326299095999996],[-44.561814064,-23.329768065999996],[-44.57261596,-23.346138035],[-44.58535563499999,-23.359558422],[-44.59140472799999,-23.362270198000004],[-44.59592054,-23.358474726],[-44.599357862999994,-23.359169060999992],[-44.603518178,-23.362591295999998],[-44.60347814099999,-23.365828827999998],[-44.60603743299999,-23.367039828999996],[-44.60823660399999,-23.363955138999994],[-44.607627189,-23.359916976999997],[-44.608833477000005,-23.35639241999999],[-44.606808268,-23.347926891000007],[-44.611151027,-23.349384728],[-44.61156327,-23.347693359000004],[-44.61325171899999,-23.347348315],[-44.618173756999994,-23.351626003],[-44.616130442,-23.346573407000005],[-44.618808148999996,-23.344299923],[-44.618575567,-23.341452911],[-44.624134191,-23.339081151000002],[-44.626287709,-23.341139865000002],[-44.62862384099999,-23.349698441],[-44.63149410999999,-23.35210054],[-44.63435146999999,-23.352250510999998],[-44.63563578099999,-23.350737215999995],[-44.634007277,-23.350446874000003],[-44.628766107,-23.342638171999994],[-44.62887115099999,-23.337409006],[-44.639723403,-23.331034866],[-44.644444148999995,-23.334081379000004],[-44.647251667,-23.334187301000007],[-44.651116989,-23.340976604999998],[-44.6550234,-23.342916263],[-44.65866025099999,-23.341563149999992],[-44.660412513,-23.338928365999998],[-44.663049642999994,-23.339148969],[-44.663740544999996,-23.342051713000004],[-44.661776685,-23.342246061999997],[-44.66316193299999,-23.344098886000005],[-44.658586662,-23.345342055000003],[-44.659788777,-23.347445454999995],[-44.67235517,-23.345020991000005],[-44.67381769199999,-23.343431380999995],[-44.672576705999994,-23.340742461],[-44.674580425,-23.340584118],[-44.673460115,-23.338359146999995],[-44.67524469600001,-23.335889940000005],[-44.67947861399999,-23.339238626],[-44.68175416199999,-23.33886663],[-44.683947124,-23.342567384],[-44.683573511,-23.346254760999997],[-44.681306437,-23.346071708999993],[-44.681059214,-23.347168204000003],[-44.686200036,-23.352021873],[-44.68504980699999,-23.347481003],[-44.69059211999999,-23.347551176000003],[-44.69070680899999,-23.344122415000005],[-44.694916330999995,-23.342870172],[-44.698480217,-23.343865118999997],[-44.70117740399999,-23.340241206],[-44.704325591,-23.341130180000004],[-44.704792938999994,-23.343984695999996],[-44.707304036,-23.342623537],[-44.715933293999996,-23.345163247],[-44.721971462,-23.350383045],[-44.722380329,-23.353335161],[-44.719224176,-23.354207843999994],[-44.721401361,-23.357568693],[-44.72691977800001,-23.353505097000003],[-44.732105450999995,-23.358891112999995],[-44.731655931999995,-23.362919684000005],[-44.726982174,-23.367247402],[-44.724217577999994,-23.367456306],[-44.726864884,-23.368872714999995],[-44.73254091399999,-23.365918426000004],[-44.735755352,-23.365637162999995],[-44.74146098100001,-23.358886841999993],[-44.75642820899999,-23.350207859],[-44.759944000999994,-23.341227521000004],[-44.763399523,-23.341589145999993],[-44.770752550999994,-23.338254166000002],[-44.77715015599999,-23.338498794999992],[-44.776257276,-23.332387816],[-44.781611136,-23.325896873999998],[-44.778111982,-23.31559770599999],[-44.786784562,-23.310087649],[-44.788005010999996,-23.305780516999995],[-44.786260017,-23.301400193999992],[-44.787421385,-23.299106885],[-44.80536440699999,-23.290049087000007],[-44.80716210599999,-23.286876001999996],[-44.807149798999994,-23.283485517000003],[-44.81884870599999,-23.289737653999993],[-44.826720800000004,-23.291621355000004],[-44.82718595499999,-23.288842451],[-44.823758905,-23.280692338],[-44.828848581,-23.2762455],[-44.82848294000001,-23.269557112999994],[-44.834519206,-23.267401304000003],[-44.83999308799999,-23.263389624],[-44.836056392,-23.256172347999993],[-44.842130151,-23.255722440000003],[-44.852121860000004,-23.248898835],[-44.869464134,-23.249834006000004],[-44.871992799,-23.248955073000005],[-44.878310884,-23.242875326],[-44.88086761999999,-23.236589937999998],[-44.885950801,-23.235790336999997],[-44.88932055099999,-23.22659492],[-44.88760711900001,-23.221683081999995],[-44.88257019499999,-23.217614217999998],[-44.88011470499999,-23.213309707999993],[-44.883482367999996,-23.211007931999998],[-44.883720724,-23.204805127],[-44.874900123,-23.196746051999998],[-44.876832374,-23.194487877999997],[-44.87412558,-23.189713582999996],[-44.874748382,-23.184698388999994],[-44.87273247,-23.182502192999998],[-44.860456718,-23.180977968],[-44.856359337,-23.176683913],[-44.85308143200001,-23.176601965000003],[-44.85273725199999,-23.173897693999997],[-44.847918733,-23.174143537000003],[-44.844853891999996,-23.172389857999992],[-44.84528001999999,-23.168980837000003],[-44.842903539000005,-23.166686304000002],[-44.839363402,-23.165850438],[-44.83810140899999,-23.167243548],[-44.83351234199999,-23.166833809999996],[-44.82844798,-23.16201528999999],[-44.82515368499999,-23.16304783],[-44.822727177,-23.160076943000004],[-44.821252979,-23.153525516999995],[-44.82548147599999,-23.143740972],[-44.823481953999995,-23.141200596],[-44.81605749999999,-23.140315562],[-44.81584443599999,-23.137332668],[-44.819302626,-23.133825310999995],[-44.819253457,-23.131596335],[-44.81441854799999,-23.127466176],[-44.814893844,-23.120402291000005],[-44.810599789,-23.11553460299999],[-44.81297626999999,-23.112731994999997],[-44.815270803,-23.112453373],[-44.81643445899999,-23.107831527],[-44.809337795999994,-23.101390444999996],[-44.808813331,-23.099472870999996],[-44.812877932999996,-23.098227267000002],[-44.811189812,-23.096293303000003],[-44.812533753,-23.091687846999992],[-44.818843719,-23.091458394000004],[-44.81792590599999,-23.085722060999995],[-44.81407436799999,-23.081378837000003],[-44.811402876,-23.071364838999994],[-44.814795507,-23.067677195999998],[-44.80699409399999,-23.063055350999992],[-44.811894561,-23.054516409],[-44.80650240799999,-23.049861785],[-44.804617613,-23.049288151999992],[-44.803404789,-23.050812376999993],[-44.802208353,-23.048780076],[-44.801274151,-23.04451879999999],[-44.803044219,-23.040060850000003],[-44.800585791,-23.035291499000003],[-44.801962511,-23.031587466999998],[-44.798438763,-23.029719061],[-44.795865608,-23.025310279999996],[-44.798635436999994,-23.020262307],[-44.792817156999995,-23.00983857],[-44.795488649,-23.007052351000002],[-44.799635198,-23.006478718],[-44.80263587,-22.999661977999995],[-44.80125635499999,-22.996500363999992],[-44.79290140599999,-22.993413212000007],[-44.793647320000005,-22.986329059999996],[-44.79189818199999,-22.981875898000002],[-44.789762422,-22.981350171999996],[-44.787562456,-22.982545376000004],[-44.783468366,-22.978954973999993],[-44.776739527,-22.978055535000003],[-44.77306535900001,-22.981455253],[-44.769912241,-22.980883427],[-44.764840455999995,-22.983313811],[-44.759343338,-22.979095374999996],[-44.75525953299999,-22.980312491],[-44.75435156299999,-22.978600317999998],[-44.75660851799999,-22.976550898],[-44.756790113,-22.974319884000003],[-44.751030984,-22.972011044],[-44.749369708,-22.969973325000005],[-44.749423756,-22.966055612],[-44.751766148,-22.962638193],[-44.748247808,-22.95687069],[-44.74912749799999,-22.953725402],[-44.745086732,-22.95188968799999],[-44.743820658,-22.947205612999998],[-44.734601317,-22.945130835],[-44.727865098,-22.941820411],[-44.719473654,-22.934920505999997],[-44.716720331,-22.934930069999997],[-44.713434415,-22.929875376000005],[-44.71082117500001,-22.930100990999996],[-44.710133084999995,-22.931720337],[-44.70663497299999,-22.931606414000008],[-44.703545231999996,-22.93610204],[-44.701027972,-22.935196685],[-44.700310339999994,-22.932890901000004],[-44.695716618,-22.932053795999995],[-44.687734766999995,-22.936770009999993],[-44.687223706999994,-22.932519676],[-44.682563977,-22.930335177],[-44.680148204000005,-22.925772055999992],[-44.67860725,-22.926215196],[-44.673332433999995,-22.917957805000004],[-44.671657761999995,-22.919286785000004],[-44.671612056,-22.92206628],[-44.66402713099999,-22.926689082000006],[-44.65899404799999,-22.927931211000004],[-44.65506328299999,-22.923356403000003],[-44.639672362999995,-22.915587812],[-44.638673491,-22.914153772999995],[-44.640179455,-22.912261046999994],[-44.635367586,-22.90639468],[-44.631700742,-22.904981451],[-44.62975544099999,-22.905697799000002],[-44.622717419,-22.900946845000004],[-44.60731076599999,-22.885236958999997],[-44.60233449799999,-22.890191868999995],[-44.59977873199999,-22.890768517999998],[-44.59280910999999,-22.884439616999998],[-44.587441289999994,-22.882688311999992],[-44.58289217,-22.883734824000005],[-44.575729535,-22.878017522],[-44.569863485,-22.884001295000004],[-44.566204943,-22.882695432],[-44.562403331,-22.883649393999992],[-44.555953404,-22.888091727999996],[-44.543651558,-22.884945075],[-44.544989953,-22.880673599999998],[-44.538895983,-22.873696858999995],[-44.530609323,-22.868086989],[-44.523705555,-22.865565143999998],[-44.518421382,-22.865324768999997],[-44.515402873,-22.861822159999992],[-44.51167245199999,-22.860426810999996],[-44.511786357999995,-22.857564922999998],[-44.50908109099999,-22.856269243000003],[-44.50527847899999,-22.851549342000002],[-44.500993766,-22.850488513999995],[-44.495412635,-22.846956252999995],[-44.490733146,-22.848032444999998],[-44.484943183,-22.846201015],[-44.481973726,-22.849589432],[-44.47872083200001,-22.850868156000004],[-44.475333336,-22.857239341999996],[-44.478796747,-22.861776821000003],[-44.480134159,-22.866504480999993],[-44.476026895,-22.867800774999992],[-44.477329939,-22.873615980000007],[-44.470723199,-22.876150996],[-44.46991558399999,-22.880503143999995],[-44.46619158,-22.885371268],[-44.458258257999994,-22.883306547999993],[-44.452305088,-22.877227816],[-44.444329888999995,-22.876532367999996],[-44.437644631,-22.873100005],[-44.433292480999995,-22.86883759199999],[-44.432664336,-22.861075514000003],[-44.423059173999995,-22.850496486000004],[-44.41819532299999,-22.848112310999998],[-44.410679259,-22.846358972],[-44.40314949199999,-22.848538995999995],[-44.403394192,-22.852925670999998],[-44.40053572899999,-22.855097512000004],[-44.392059244,-22.852494603000004],[-44.38743789,-22.856487810999997],[-44.381195879,-22.858351333999995],[-44.374223269,-22.858086229],[-44.34511603299999,-22.845603910999994],[-44.341365126,-22.845503115],[-44.339990504,-22.841395502999998],[-44.33788173,-22.840812226],[-44.332273291999996,-22.842965864999993],[-44.329087699999995,-22.841664707999996],[-44.325273962,-22.837761235999995],[-44.320518006,-22.839914875999998],[-44.32106639399999,-22.847083765999997],[-44.32378059199999,-22.849232658000002],[-44.32243435099999,-22.849666669999998],[-44.318056695,-22.845094991],[-44.318095590999995,-22.841590598999996],[-44.316459062999996,-22.839077035],[-44.30817767199999,-22.832551256999995],[-44.30137354299999,-22.831016630000004],[-44.29652163,-22.827876577999998],[-44.291167349,-22.829334086999996],[-44.285657484,-22.828243205999996],[-44.28647102099999,-22.832070528999992],[-44.284178326,-22.833013493999996],[-44.283364789,-22.836156704],[-44.274804159,-22.831848655999995],[-44.272252609999995,-22.832107508999997],[-44.267678747,-22.829243597000005],[-44.269516167,-22.827411180999988],[-44.267343653,-22.825284890000002],[-44.26587374,-22.818942998000004],[-44.26371046999999,-22.81779665099999],[-44.26131146,-22.806259213],[-44.25934233,-22.804299329],[-44.25818211599999,-22.806541178999996],[-44.246379172,-22.803966146999993],[-44.241540664,-22.798327776000004],[-44.240140686,-22.792657986000002],[-44.242491539,-22.788233080999998],[-44.24786378299999,-22.790871439000004],[-44.25072970499999,-22.788303276],[-44.25636849699999,-22.787726368999998],[-44.256610426,-22.784990717999996],[-44.253756063999994,-22.780756347],[-44.257102794999994,-22.778029984],[-44.25447438599999,-22.773507815000002],[-44.258574682,-22.770700873],[-44.257580991,-22.766958884999998],[-44.25511304199999,-22.76497114],[-44.251976582,-22.764692035],[-44.250472777999995,-22.757567505],[-44.246164697,-22.757443504],[-44.242638383999996,-22.754611026],[-44.238777532,-22.755724762],[-44.242499891,-22.748650855999994],[-44.235111684,-22.745143262],[-44.23211166,-22.741876289],[-44.22952794199999,-22.735541766999997],[-44.227046522,-22.733738989999992],[-44.218330996999995,-22.732371470000004],[-44.209351396,-22.737025352000003],[-44.20561651999999,-22.736470667999992],[-44.204392179,-22.734988299999994],[-44.198960308,-22.735287341000003],[-44.200394529,-22.729954895],[-44.199182267999994,-22.727196444999997],[-44.202608553999994,-22.725570883000003],[-44.20370685799999,-22.71741752],[-44.201058864,-22.715143052000002],[-44.185231868,-22.712018329],[-44.17606108499999,-22.705657947999992],[-44.17386083699999,-22.702107966999996],[-44.176812985,-22.692621393999996],[-44.167424282999995,-22.687139603999995],[-44.168085983,-22.683092413999997],[-44.161365163999996,-22.678258449],[-44.165533159999995,-22.673649499999993],[-44.171449753,-22.659428447]]],[[[-41.90402454,-22.850876402999997],[-41.90269741,-22.857079917999997],[-41.904157567,-22.859985250000005],[-41.90931551999999,-22.858840834000002],[-41.909534041,-22.862782607],[-41.911829488,-22.86157027200001],[-41.912620245,-22.862366705],[-41.91293591699999,-22.861084076],[-41.91003983499999,-22.85754137399999],[-41.906743331,-22.856710661999998],[-41.906314963999996,-22.852584612],[-41.90402454,-22.850876402999997]]],[[[-41.90293711299999,-22.850381379],[-41.903251087,-22.850763742999998],[-41.903503499,-22.850392371],[-41.90293711299999,-22.850381379]]],[[[-41.88901108899999,-22.844687356000005],[-41.89185073200001,-22.846438969],[-41.893638669,-22.845649218999995],[-41.890745625,-22.843220044999995],[-41.88901108899999,-22.844687356000005]]],[[[-41.89641913599999,-22.786285184],[-41.896487802,-22.785747311000005],[-41.89637335999999,-22.786329052000006],[-41.89641913599999,-22.786285184]]],[[[-41.89215986799999,-22.784609715000006],[-41.89212478,-22.784771467000006],[-41.892223665,-22.784592069],[-41.89215986799999,-22.784609715000006]]],[[[-41.82893658999999,-22.784448680999994],[-41.828432717,-22.784603090999997],[-41.82917443600001,-22.784755207],[-41.82893658999999,-22.784448680999994]]],[[[-41.829755929,-22.784404759],[-41.82891317599999,-22.784029741999994],[-41.829231664999995,-22.784533623],[-41.829755929,-22.784404759]]],[[[-41.902595132,-22.783557673999994],[-41.902392952,-22.783519526999992],[-41.902522654,-22.783628246000003],[-41.902595132,-22.783557673999994]]],[[[-41.899901956,-22.782628795],[-41.899783699,-22.78264405499999],[-41.899806589,-22.782747052],[-41.899901956,-22.782628795]]],[[[-41.899848549,-22.782346508999996],[-41.899901956,-22.782459039999996],[-41.899989694,-22.782321712],[-41.899848549,-22.782346508999996]]],[[[-41.81973645,-22.77181291400001],[-41.82116104699999,-22.77366578099999],[-41.825379111,-22.776361824],[-41.82642808300001,-22.772054727999997],[-41.823734554,-22.771289766000002],[-41.81973645,-22.77181291400001]]],[[[-41.78445235699999,-22.768992904999994],[-41.784906813,-22.770837381000003],[-41.79386332,-22.771701622999995],[-41.793170633,-22.769450852],[-41.78963737299999,-22.767431267000003],[-41.78445235699999,-22.768992904999994]]],[[[-41.872053556,-22.766727521],[-41.87258599999999,-22.765958589000004],[-41.872196033,-22.765763962],[-41.872053556,-22.766727521]]],[[[-41.903752441,-22.755406820999998],[-41.903596703,-22.756135538],[-41.90405238099999,-22.755888200000005],[-41.903752441,-22.755406820999998]]],[[[-41.887547142,-22.752898442],[-41.88695428999999,-22.752489269000005],[-41.88714692199999,-22.752944770999996],[-41.887547142,-22.752898442]]],[[[-41.872902276000005,-22.730428261000004],[-41.874781266,-22.731331353000005],[-41.87548904399999,-22.73083821799999],[-41.874149133,-22.729550388],[-41.872902276000005,-22.730428261000004]]],[[[-41.90914038,-22.537137067000003],[-41.908868147,-22.536921546],[-41.908755798,-22.537013342],[-41.90914038,-22.537137067000003]]],[[[-41.90948150399999,-22.536430957999997],[-41.909397499,-22.536562863],[-41.909561309,-22.536450353999996],[-41.90948150399999,-22.536430957999997]]],[[[-41.916999049999994,-22.532200559999996],[-41.916336056,-22.5325279],[-41.917090865,-22.532470458000002],[-41.916999049999994,-22.532200559999996]]],[[[-41.884879678,-22.489728711000005],[-41.884563058,-22.489805004],[-41.884944529,-22.489829798999992],[-41.884879678,-22.489728711000005]]],[[[-41.883866285,-22.489474024],[-41.88358476700001,-22.48982845],[-41.88404322,-22.489608620999995],[-41.883866285,-22.489474024]]],[[[-41.884914009,-22.48940064599999],[-41.884879678,-22.489583750999998],[-41.885085672,-22.489448330000002],[-41.884914009,-22.48940064599999]]],[[[-41.88401755499999,-22.487878582],[-41.884654610999995,-22.488239072],[-41.884761422,-22.487886211],[-41.88401755499999,-22.487878582]]],[[[-41.864541697,-22.479234572],[-41.86509888,-22.478391289000005],[-41.864235826,-22.479251567999995],[-41.864541697,-22.479234572]]],[[[-41.848433324,-22.478458301],[-41.848504658,-22.478965989],[-41.848884552,-22.478754740999996],[-41.848433324,-22.478458301]]],[[[-41.849698192,-22.478411944999998],[-41.84979380199999,-22.478866026],[-41.84999165599999,-22.478795305999995],[-41.849698192,-22.478411944999998]]],[[[-41.850961932999994,-22.477810727999998],[-41.850613765,-22.478544469],[-41.85133096999999,-22.478638168],[-41.850961932999994,-22.477810727999998]]],[[[-41.861088867,-22.47510569199999],[-41.861813249,-22.475130446000005],[-41.861760976999996,-22.474757877999995],[-41.861088867,-22.47510569199999]]],[[[-41.856589333,-22.474279134],[-41.85820660899999,-22.474321829000004],[-41.857599509,-22.473395012000005],[-41.856589333,-22.474279134]]],[[[-41.857714394,-22.473370286],[-41.858083488999995,-22.472811465999996],[-41.857415171,-22.473121501],[-41.857714394,-22.473370286]]],[[[-41.855993706,-22.467974926],[-41.85684831,-22.467205340999996],[-41.856342501,-22.466699867999992],[-41.855993706,-22.467974926]]],[[[-41.85105556199999,-22.465128048999997],[-41.85144587799999,-22.464764534],[-41.85091047899999,-22.46502484299999],[-41.85105556199999,-22.465128048999997]]],[[[-41.85220194,-22.464091864999997],[-41.852275873,-22.463883914999997],[-41.851938636,-22.464049002999996],[-41.85220194,-22.464091864999997]]],[[[-41.85396921,-22.462570187],[-41.853426774,-22.463720258999995],[-41.854131718,-22.463277825000002],[-41.85396921,-22.462570187]]],[[[-41.852153390999995,-22.462686321000003],[-41.852470008999994,-22.462884685],[-41.852599712,-22.462568064999996],[-41.852153390999995,-22.462686321000003]]],[[[-41.854934303,-22.456943293999995],[-41.854709237,-22.457031032],[-41.854842751999996,-22.457128306999998],[-41.854934303,-22.456943293999995]]],[[[-41.855144112,-22.456962368999996],[-41.854972452,-22.456931851],[-41.855125038,-22.4569967],[-41.855144112,-22.456962368999996]]],[[[-41.85423239899999,-22.454889079999997],[-41.853854743999996,-22.455762646000004],[-41.854297249,-22.455270551000005],[-41.85423239899999,-22.454889079999997]]],[[[-41.854343025,-22.45475938099999],[-41.854346841,-22.454946300999996],[-41.85450324499999,-22.454957744999998],[-41.854343025,-22.45475938099999]]],[[[-41.851027235,-22.453838300000005],[-41.852008328,-22.455082563999998],[-41.852541345,-22.454005605],[-41.851027235,-22.453838300000005]]],[[[-41.82884198899999,-22.425448173999996],[-41.828609603,-22.425784162],[-41.829026706,-22.425723573999996],[-41.82884198899999,-22.425448173999996]]],[[[-41.828115036999996,-22.424418171],[-41.828037575,-22.424627477],[-41.82821633399999,-22.42443469499999],[-41.828115036999996,-22.424418171]]],[[[-41.827584720000004,-22.424440204000003],[-41.827829023,-22.424544857000004],[-41.82779922999999,-22.42443469499999],[-41.827584720000004,-22.424440204000003]]],[[[-41.82789456799999,-22.424247420999997],[-41.828037575,-22.424346567],[-41.828037575,-22.424285977999993],[-41.82789456799999,-22.424247420999997]]],[[[-41.717269309,-22.416926919],[-41.711930756,-22.419959678999998],[-41.713259687,-22.422077551999998],[-41.717269309,-22.416926919]]],[[[-41.703213263,-22.404810055000006],[-41.698007375,-22.411426138999996],[-41.70299562499999,-22.413163080999993],[-41.699901098,-22.418841549999996],[-41.702596176,-22.42073459299999],[-41.70920578799999,-22.417425809],[-41.71084814099999,-22.41481336],[-41.710750460999996,-22.410625453999998],[-41.707758359,-22.409904701],[-41.706747953,-22.407336096000005],[-41.703213263,-22.404810055000006]]],[[[-41.800521460999995,-22.409972928],[-41.800788491,-22.410075923999997],[-41.80062827399999,-22.409726879999994],[-41.800521460999995,-22.409972928]]],[[[-41.69119034599999,-22.403157942999997],[-41.690368143,-22.402963005999997],[-41.690543485999996,-22.403526711],[-41.69119034599999,-22.403157942999997]]],[[[-41.688745986,-22.401275874999993],[-41.688499024,-22.401982799999992],[-41.689172648,-22.401784200000005],[-41.688745986,-22.401275874999993]]],[[[-41.691879873999994,-22.397570701999996],[-41.694228546999994,-22.399064561000003],[-41.691337774999994,-22.398864270999994],[-41.690107835,-22.400515396999996],[-41.692007625,-22.401248138999996],[-41.690364116999994,-22.401533392],[-41.69156220599999,-22.402313556],[-41.691881806999994,-22.404628351999996],[-41.69518331500001,-22.405412766999998],[-41.697423396,-22.402703851000002],[-41.695010403999994,-22.401334982],[-41.697610053,-22.399706850999998],[-41.69488981,-22.399060653999992],[-41.695841556999994,-22.398513521],[-41.694012784,-22.396713331999997],[-41.691879873999994,-22.397570701999996]]],[[[-41.685874566,-22.400450325],[-41.688407059,-22.400500628],[-41.68896872399999,-22.399491897999997],[-41.68603274899999,-22.398976808],[-41.685874566,-22.400450325]]],[[[-41.765317393,-22.391387006000002],[-41.766582042,-22.391940566],[-41.766236285,-22.390645657000004],[-41.765317393,-22.391387006000002]]],[[[-41.765091749999996,-22.390568757],[-41.764069563,-22.390591947000004],[-41.764820076999996,-22.391022098999997],[-41.765091749999996,-22.390568757]]],[[[-41.759140172,-22.384736953999997],[-41.759268531,-22.382683331],[-41.758194056,-22.383313053999988],[-41.759140172,-22.384736953999997]]],[[[-41.116389507,-22.081671439],[-41.116521715,-22.081257967],[-41.116389507,-22.081212026000003],[-41.116389507,-22.081671439]]],[[[-41.026347725,-21.622802517999997],[-41.027255623,-21.623103877999995],[-41.029788581,-21.621419688999996],[-41.027213661,-21.62158944400001],[-41.026347725,-21.622802517999997]]],[[[-41.023051826,-21.620647213],[-41.024779883,-21.622983714],[-41.028506844,-21.620719692999995],[-41.023051826,-21.620647213]]],[[[-41.01588019599999,-21.621377727],[-41.016864387999995,-21.621061107],[-41.015563576,-21.620956202999995],[-41.01588019599999,-21.621377727]]],[[[-41.01726493200001,-21.619716427],[-41.01670035600001,-21.620776912999997],[-41.017566292,-21.620565197],[-41.01726493200001,-21.619716427]]],[[[-41.02020987899999,-21.620246669999997],[-41.017680734,-21.619550486999998],[-41.01757392299999,-21.619743132000004],[-41.018924325,-21.620467922999993],[-41.02020987899999,-21.620246669999997]]],[[[-41.015826791,-21.620067378999998],[-41.016913978,-21.619388363],[-41.015307992,-21.619083188],[-41.015826791,-21.620067378999998]]],[[[-41.01284908899999,-21.614945753],[-41.01481617300001,-21.618714904],[-41.01600243,-21.61071581100001],[-41.01284908899999,-21.614945753]]],[[[-41.01879673399999,-21.607316582000003],[-41.016737963,-21.61173039399999],[-41.019484209,-21.614646968],[-41.029986946,-21.616374750999995],[-41.04591101199999,-21.61621795199999],[-41.044283883999995,-21.606780241999996],[-41.04701498,-21.598340243],[-41.046020599,-21.593310393],[-41.048394441,-21.589597176],[-41.045526172,-21.584928379000004],[-41.043797242,-21.584955260000005],[-41.036796776,-21.596380102999994],[-41.028510079,-21.602808315999997],[-41.01879673399999,-21.607316582000003]]],[[[-41.04757089,-21.582922665],[-41.048495247,-21.583406158],[-41.048033068,-21.582707778],[-41.04757089,-21.582922665]]],[[[-41.036060584999994,-21.463679091000003],[-41.036491897,-21.464044216999994],[-41.036179965,-21.463621304999993],[-41.036060584999994,-21.463679091000003]]],[[[-41.03637680100001,-21.463004385],[-41.035627557,-21.463468649],[-41.035839786,-21.463603296000002],[-41.03637680100001,-21.463004385]]]]}},{"type":"Feature","properties":{"code_state":"35","name_state":"São Paulo","abbrev_state":"SP"},"geometry":{"type":"MultiPolygon","coordinates":[[[[-48.03821979899999,-25.357030750999996],[-48.03680875999999,-25.355857718000003],[-48.035414721,-25.356818245000003],[-48.037497279,-25.357999778],[-48.03821979899999,-25.357030750999996]]],[[[-47.952488075,-25.272956502],[-47.953343465,-25.274464142],[-47.95762892799999,-25.273027555],[-47.956933442,-25.272553862000002],[-47.952488075,-25.272956502]]],[[[-47.909180653,-25.166961260999997],[-47.91475576399999,-25.166739244999995],[-47.911421145999995,-25.162852130000005],[-47.909007654,-25.165284553],[-47.909180653,-25.166961260999997]]],[[[-47.862113848,-25.131783712],[-47.86025323599999,-25.130921632],[-47.85963987099999,-25.132461385],[-47.861068252,-25.133450477000004],[-47.862113848,-25.131783712]]],[[[-47.85238248899999,-25.116507523],[-47.850320501,-25.117276531999995],[-47.849475944999995,-25.120890456999998],[-47.85249060600001,-25.120332744],[-47.856238614999995,-25.125007238999995],[-47.858460524,-25.124487883999997],[-47.86145578299999,-25.127561664999998],[-47.864827223,-25.128419609],[-47.865471532,-25.122115376999997],[-47.86188435799999,-25.120070581],[-47.859775555,-25.120392507999995],[-47.858337591,-25.117463339999997],[-47.85238248899999,-25.116507523]]],[[[-46.674642863,-24.478899274999996],[-46.67465752299999,-24.483934650000002],[-46.671598368999994,-24.485653351000003],[-46.671384797,-24.488663239000005],[-46.676247206,-24.491996805],[-46.677536085999996,-24.490900806],[-46.676542644,-24.488593321],[-46.677936641,-24.48470545],[-46.677433635999996,-24.477973265],[-46.676188843,-24.475956066999995],[-46.676508029999994,-24.477899131999994],[-46.674642863,-24.478899274999996]]],[[[-47.03133248999999,-24.428716148],[-47.031059583,-24.428525641],[-47.031122904,-24.428800790000004],[-47.03133248999999,-24.428716148]]],[[[-46.993607763,-24.410980156999994],[-46.994105766,-24.411502369],[-46.994455837,-24.411182743999994],[-46.993607763,-24.410980156999994]]],[[[-47.000578354999995,-24.408464191999993],[-47.00206025899999,-24.41063082],[-47.003416502,-24.409750391999996],[-47.000578354999995,-24.408464191999993]]],[[[-46.999488557,-24.408544031],[-46.999511911,-24.408035270999996],[-46.99916226599999,-24.408177080999998],[-46.999488557,-24.408544031]]],[[[-47.007362012,-24.396122851000005],[-47.007714940999996,-24.396432742],[-47.007711409,-24.396203827999997],[-47.007362012,-24.396122851000005]]],[[[-46.988281008,-24.384026824],[-46.986465216,-24.384681667000006],[-46.988525874,-24.385310401999998],[-46.988281008,-24.384026824]]],[[[-46.984644223000004,-24.379447914999997],[-46.983608218,-24.380733101],[-46.984398919,-24.382260458999994],[-46.987227498,-24.381949387999995],[-46.98723214899999,-24.379664397999992],[-46.984644223000004,-24.379447914999997]]],[[[-46.805235334,-24.375105399999995],[-46.806380866999994,-24.376264862999996],[-46.808020605,-24.37594388999999],[-46.806889815,-24.374016995999995],[-46.805235334,-24.375105399999995]]],[[[-46.804215075,-24.375453019],[-46.803557907999995,-24.373616613999996],[-46.80328194999999,-24.373790802000002],[-46.804215075,-24.375453019]]],[[[-47.004560215999994,-24.367618531999998],[-47.00522229999999,-24.367774932999996],[-47.00494025199999,-24.367283661],[-47.004560215999994,-24.367618531999998]]],[[[-46.979781448,-24.360528485],[-46.980683993999996,-24.362809151999997],[-46.981039674,-24.362695865],[-46.979781448,-24.360528485]]],[[[-46.999581855,-24.349597604999996],[-46.99956556299999,-24.349383725],[-46.999482186,-24.349401267999998],[-46.999581855,-24.349597604999996]]],[[[-46.89087538599999,-24.254388172],[-46.890136594,-24.253824537],[-46.88951666199999,-24.254455227999998],[-46.89087538599999,-24.254388172]]],[[[-46.690705529,-24.237618862999994],[-46.690406685,-24.236644339000005],[-46.690326023999994,-24.23757632],[-46.690705529,-24.237618862999994]]],[[[-46.793302791,-24.193725624],[-46.79161674099999,-24.194906033],[-46.792446831,-24.19522669599999],[-46.793302791,-24.193725624]]],[[[-46.270694164999995,-24.049889037999996],[-46.270954786,-24.049671878000005],[-46.27044222300001,-24.049545415000004],[-46.270694164999995,-24.049889037999996]]],[[[-46.260674306999995,-24.04566837599999],[-46.262631715999994,-24.048390555999998],[-46.260751805999995,-24.052441243000004],[-46.26736526700001,-24.050158156999995],[-46.262809108999996,-24.045290759],[-46.260674306999995,-24.04566837599999]]],[[[-46.294095373,-24.02805644299999],[-46.29459338,-24.027574618],[-46.294189599999996,-24.027495686999995],[-46.294095373,-24.02805644299999]]],[[[-46.292658321999994,-24.024552920999998],[-46.29288825,-24.026053970000003],[-46.293660461,-24.025765891],[-46.292658321999994,-24.024552920999998]]],[[[-46.325064333,-24.00815603399999],[-46.324157712,-24.009388872],[-46.32541154399999,-24.009389191999997],[-46.325064333,-24.00815603399999]]],[[[-46.255054394,-24.000901928999994],[-46.25362526999999,-24.002683874],[-46.255940216999996,-24.001220582000002],[-46.255054394,-24.000901928999994]]],[[[-46.367817607999996,-23.982538341],[-46.368195451,-23.982043135],[-46.367649695999994,-23.98210115199999],[-46.367817607999996,-23.982538341]]],[[[-46.353527072999995,-23.974710175999995],[-46.35260765299999,-23.973206888999997],[-46.35136304899999,-23.973192730999997],[-46.352476545,-23.974929397000007],[-46.353527072999995,-23.974710175999995]]],[[[-51.952858647,-21.474432494],[-51.944404401,-21.465841478],[-51.936126783,-21.462316473999998],[-51.928681833,-21.455816096999992],[-51.92240733799999,-21.440429150999996],[-51.91820511099999,-21.412182374],[-51.91245752599999,-21.395661592999996],[-51.907535696,-21.386455762],[-51.89992848299999,-21.377605327],[-51.887778601,-21.366926420000002],[-51.86876212399999,-21.353530224],[-51.861959987999995,-21.341617533999997],[-51.861373319,-21.317112515999998],[-51.856929697,-21.289526239000004],[-51.849372981,-21.276190914],[-51.848514466999994,-21.266638390000004],[-51.85436138399999,-21.260945502000002],[-51.855200217,-21.250265410000004],[-51.860925976999994,-21.238948596999997],[-51.863677595,-21.226711061],[-51.87381699499999,-21.211249071],[-51.879573660999995,-21.199430748999998],[-51.875760331,-21.181044074],[-51.878984794,-21.148137742999996],[-51.87586185799999,-21.13614741],[-51.865473918999996,-21.130540061],[-51.84459318199999,-21.131462889],[-51.82358998499999,-21.126839848999996],[-51.814454735999995,-21.121389162999996],[-51.808006199999994,-21.11002308600001],[-51.78967094800001,-21.10211951499999],[-51.775644549000006,-21.073093576000005],[-51.771977399,-21.045925166],[-51.768482335,-21.036522076000004],[-51.75964759899999,-21.022196795000003],[-51.75239683699999,-21.013263042],[-51.746876404,-21.009071150999997],[-51.737921072,-20.995250696999996],[-51.72223038599999,-20.976767992999992],[-51.713695716,-20.971458013999992],[-51.70568303999999,-20.97035642199999],[-51.696435915,-20.970479755999996],[-51.68562186799999,-20.973019181000005],[-51.66573339499999,-20.970520398999998],[-51.654891184,-20.965261822999995],[-51.64427565399999,-20.955524154000003],[-51.62817069100001,-20.949029628],[-51.623587257,-20.944432889],[-51.61899848499999,-20.932590591],[-51.618011474,-20.913225409999992],[-51.613676961,-20.896319241000008],[-51.613477678,-20.890078402000004],[-51.615088322,-20.886085968],[-51.626679548,-20.872495468000004],[-51.629701486,-20.861452939],[-51.63297716999999,-20.821558154999995],[-51.626149236,-20.796265689999995],[-51.627482902,-20.784696888000003],[-51.62239835,-20.776872007000005],[-51.624532249,-20.771797066999998],[-51.632668497999994,-20.761125377000003],[-51.634899228,-20.754848354],[-51.63150355199999,-20.736835304000003],[-51.624287519,-20.712518736000003],[-51.611467387999994,-20.685623250999992],[-51.603295953,-20.661695513000005],[-51.59414815,-20.643847678999993],[-51.583744202999995,-20.630744266999997],[-51.57076826,-20.620076561000005],[-51.53300509799999,-20.596993857000008],[-51.500222275,-20.568216308000007],[-51.49285613599999,-20.546506288],[-51.466147434999996,-20.508246680999996],[-51.46378267699999,-20.501452720999996],[-51.456611707,-20.495659847],[-51.449229084,-20.482815385999995],[-51.44436806099999,-20.478917095],[-51.409279633,-20.459570635],[-51.398957895,-20.445761071],[-51.375115476999994,-20.396527047000006],[-51.36122444899999,-20.384540340999997],[-51.353980571,-20.368593024],[-51.348085155,-20.359518022],[-51.32144498499999,-20.339619177000003],[-51.29568454099999,-20.328482101000002],[-51.23990554699999,-20.316935927999992],[-51.178059664,-20.309285622],[-51.160766397,-20.30522407699999],[-51.13696830899999,-20.297462231999994],[-51.11758298899999,-20.286944576999993],[-51.069163086,-20.250049484],[-51.05893274999999,-20.235160730999997],[-51.053858979999994,-20.220222705],[-51.048811990999994,-20.198576852000002],[-51.037746522,-20.174658752000003],[-51.02158480799999,-20.133348857000005],[-51.007441483,-20.105599604999995],[-51.001191136,-20.096334781],[-51.000475001999995,-20.085384369],[-50.996534151,-20.077314558],[-50.980839545,-20.057856424000004],[-50.97172501299999,-20.04047248599999],[-50.96583449,-20.033590672999996],[-50.96189534,-20.031933270000003],[-50.953177863,-20.033876972],[-50.94705407299999,-20.031252287000004],[-50.93365977399999,-20.014929219],[-50.92471569399999,-20.011354591000003],[-50.91190294,-20.00307895],[-50.910852559,-19.997449280999998],[-50.908134675,-19.994257447999995],[-50.897199442,-19.990155184999992],[-50.87617612999999,-19.990824975],[-50.872873591,-19.989596576999993],[-50.86305260799999,-19.982228627000005],[-50.85158302799999,-19.969766641],[-50.836552386,-19.966000720999993],[-50.81733618100001,-19.958333220999993],[-50.790243511,-19.939585141999995],[-50.783601504,-19.937229485999996],[-50.735412929,-19.930189002999995],[-50.708998490999996,-19.920221670999997],[-50.680546184,-19.914811997],[-50.66132404999999,-19.909002004000005],[-50.652102637,-19.901451348999995],[-50.647408227999996,-19.895317058000003],[-50.63979344999999,-19.880493488],[-50.63194479799999,-19.870916551],[-50.62181012799999,-19.864391264999995],[-50.609768604,-19.859736344],[-50.60554522099999,-19.856088296],[-50.599212743,-19.844733134],[-50.577948759,-19.816374351999997],[-50.569211149,-19.812787196],[-50.557622744,-19.813127447999992],[-50.54487363599999,-19.810144808000004],[-50.52678027799999,-19.799897247000004],[-50.51721294499999,-19.796408077000002],[-50.49897033,-19.795784320999996],[-50.486199248,-19.785650743],[-50.478187687,-19.781457796999998],[-50.469323578,-19.779888807],[-50.454492993,-19.786042418999997],[-50.44012482299999,-19.794096191999998],[-50.42688372,-19.796457152999988],[-50.417132774,-19.80113646099999],[-50.394750146,-19.820673171],[-50.389089127999995,-19.829218463999997],[-50.378965929,-19.837784975],[-50.37291939299999,-19.845365695000005],[-50.36788321299999,-19.846502619999995],[-50.364365946999996,-19.850791845999996],[-50.357072563,-19.85458189499999],[-50.35275894099999,-19.864602431],[-50.345661232999994,-19.867563428999997],[-50.336630837,-19.869792697],[-50.329070820999995,-19.869334334999998],[-50.306410297,-19.874085974999993],[-50.29604605099999,-19.869234688999995],[-50.28563096399999,-19.867817894999995],[-50.245155945,-19.876757704],[-50.23758240299999,-19.875571915999995],[-50.21565177499999,-19.866648442000002],[-50.207234887000006,-19.86637513799999],[-50.19598394399999,-19.867242255],[-50.176298413,-19.872582205],[-50.173657670999994,-19.874806176],[-50.162413852,-19.878314260999993],[-50.150260714,-19.877458243999993],[-50.13041201499999,-19.873671827999996],[-50.109985605,-19.873865338999995],[-50.097243339,-19.875478954],[-50.079521509,-19.885982038],[-50.06051200299999,-19.902012462999995],[-50.047239195,-19.915389636],[-50.015288359,-19.926357761],[-50.003052919,-19.926446972000004],[-49.96988254199999,-19.920048385],[-49.962154721,-19.920224136],[-49.946052063,-19.92391104699999],[-49.90521787099999,-19.937451327000005],[-49.88833693099999,-19.945304915999998],[-49.86015793199999,-19.944380429],[-49.855573329,-19.946824971],[-49.835274514999995,-19.933314957999997],[-49.82251633199999,-19.931121282000003],[-49.800462502,-19.931175997999997],[-49.782456235,-19.924463097000004],[-49.749402206,-19.924696207999997],[-49.733956928,-19.92617131],[-49.712149579999995,-19.931261531999997],[-49.689288558,-19.930589913],[-49.685968664,-19.931557807],[-49.677625737999996,-19.929576336999997],[-49.675975877,-19.932827062],[-49.65721709299999,-19.931452637999996],[-49.634405301,-19.931932113999995],[-49.625401499,-19.928572966999997],[-49.611026465,-19.918784928999997],[-49.597226721,-19.913736428000004],[-49.57992831499999,-19.909441178000005],[-49.559203549,-19.911207277999996],[-49.551485235,-19.905841004999996],[-49.539877462999996,-19.90744454299999],[-49.514004928,-19.914311506000004],[-49.503452758,-19.919929449999998],[-49.499925188999995,-19.925962066],[-49.495117365,-19.946137481],[-49.492786157,-19.950421177],[-49.47997177,-19.961179513999998],[-49.458241992,-19.975930996],[-49.44451957100001,-19.980511833],[-49.43453920899999,-19.982385179999998],[-49.396483561,-19.983850414000003],[-49.372441686,-19.986696255999995],[-49.35648649,-19.98671725799999],[-49.33660215,-19.982084627999996],[-49.332779849999994,-19.980106962000004],[-49.32898551,-19.974943427000003],[-49.311622008,-19.964818198],[-49.297537782,-19.960545406999994],[-49.29058932299999,-19.960522977],[-49.28098350199999,-19.962791243000005],[-49.265173094,-19.962038010999997],[-49.259505021,-19.963842165999992],[-49.249646984,-19.969554239],[-49.246431472,-19.975161267999997],[-49.24761942799999,-19.997745703000003],[-49.248338794,-19.999637046],[-49.25822839,-20.006101382999997],[-49.262533437,-20.006926163],[-49.274630248,-20.003623823000005],[-49.28392362699999,-20.004771686999998],[-49.29631095700001,-20.015573797000002],[-49.298215795,-20.033434571],[-49.307255321,-20.060319309999997],[-49.30853803899999,-20.103892933999997],[-49.300287563999994,-20.143343544999997],[-49.299246429,-20.167076078999997],[-49.285729792,-20.191825023999996],[-49.283475286,-20.200024612999997],[-49.273853524,-20.213727796],[-49.26427624099999,-20.231262997],[-49.259082098,-20.248092043999996],[-49.26021666599999,-20.252250645999997],[-49.259156006,-20.260204222],[-49.24520072699999,-20.282142846],[-49.23970142099999,-20.287249765999995],[-49.23580723999999,-20.294535133000004],[-49.228668194,-20.303357380000005],[-49.225294015,-20.305343065],[-49.21709009399999,-20.304250333],[-49.20299958299999,-20.304671160999995],[-49.19556059999999,-20.308800805999994],[-49.191878818,-20.307614438999998],[-49.18356252,-20.314659811],[-49.17795167599999,-20.312695004],[-49.172561707999996,-20.31253508199999],[-49.171279656,-20.311745808],[-49.170317665999995,-20.306453976000004],[-49.15902873699999,-20.297979733],[-49.134011791999995,-20.284468067000002],[-49.122411149,-20.27354504],[-49.116002470999995,-20.261391237],[-49.11223766799999,-20.25069263399999],[-49.102115078,-20.236474484999995],[-49.089300232999996,-20.212174591999993],[-49.07682914,-20.17994134],[-49.071803202999995,-20.161497209999993],[-49.067479754999994,-20.154743511999992],[-49.06483888199999,-20.152607075],[-49.059221097,-20.151107052],[-49.032947335,-20.150055911999996],[-49.016642977,-20.153640793],[-49.00042631299999,-20.160748096],[-48.99225068599999,-20.165384464],[-48.986045190999995,-20.170765327],[-48.98085729700001,-20.182180298],[-48.972023198,-20.207790347000003],[-48.961785832,-20.263301178000003],[-48.962422592,-20.269607529999995],[-48.965782982,-20.279291793000002],[-48.964188963,-20.283385368999994],[-48.965878763999996,-20.303401445],[-48.965000237,-20.328871875999997],[-48.968059651,-20.346076893999996],[-48.965666786,-20.362899284],[-48.97013969399999,-20.38187153],[-48.970352792999996,-20.389790528],[-48.96303031699999,-20.403121516],[-48.95179835199999,-20.410667088],[-48.92301171599999,-20.424784748999997],[-48.898202428,-20.441873089],[-48.892133331,-20.440719465000004],[-48.878606856,-20.429669154000003],[-48.871585888999995,-20.417102678999996],[-48.867230439,-20.402461257999995],[-48.869283224,-20.379275578000005],[-48.878429616999995,-20.356137846999996],[-48.880030402,-20.348349137],[-48.879592907,-20.337719133],[-48.875665739,-20.314998555],[-48.87720173499999,-20.310864054000003],[-48.88596249,-20.301019104],[-48.88876038699999,-20.294847221999998],[-48.885925217,-20.285352300999993],[-48.886545819,-20.271162594],[-48.872227253999995,-20.241869452000003],[-48.86938962699999,-20.238567414],[-48.859259794,-20.232306058],[-48.85675862899999,-20.226884023999993],[-48.853364085,-20.213049514],[-48.85364143299999,-20.209224173000003],[-48.85788792999999,-20.199343464],[-48.857015922,-20.184796463],[-48.855392468999995,-20.180143953],[-48.85277911699999,-20.177507623999993],[-48.843072871000004,-20.172861419],[-48.839138215999995,-20.168653720999995],[-48.825743214999996,-20.161957488],[-48.78113730599999,-20.163852472000002],[-48.77011249,-20.161831782999993],[-48.753723308999994,-20.153368274000005],[-48.731341071,-20.149381770999998],[-48.707107705,-20.160217210999992],[-48.68836371,-20.163689889000004],[-48.674280386,-20.161353590000004],[-48.662756689,-20.166732585999995],[-48.64212874,-20.166496073],[-48.626797695,-20.160089593],[-48.60064120199999,-20.139710536999996],[-48.593247428999994,-20.135811746],[-48.578233235999996,-20.131249027],[-48.55462892,-20.130298991999997],[-48.546221175,-20.132677481],[-48.526839239,-20.133709042],[-48.509231599,-20.138796345],[-48.491116132,-20.138123215999997],[-48.484112852,-20.135303691],[-48.476221775,-20.134764932000003],[-48.465249897999996,-20.128738058999996],[-48.454967358000005,-20.128349529999998],[-48.439026573999996,-20.120220568000004],[-48.405776776,-20.11351104099999],[-48.39786674199999,-20.114287853999997],[-48.390764289,-20.119289198999994],[-48.383864582,-20.118989454],[-48.381001542,-20.121583218999998],[-48.37493592300001,-20.123103210000004],[-48.353054337,-20.12186655399999],[-48.345919328,-20.119863249999995],[-48.34199946099999,-20.114997218],[-48.33945087399999,-20.114189529999994],[-48.334486582,-20.114433938000005],[-48.328989895,-20.112729948999995],[-48.32407434999999,-20.114087011999995],[-48.317134401,-20.113347002],[-48.30753261499999,-20.117747720000004],[-48.30371997299999,-20.120922262],[-48.29549332,-20.124007595999995],[-48.287078754,-20.136096701999996],[-48.283422366,-20.138843742999995],[-48.274955925,-20.142112661000002],[-48.265100096,-20.143796443],[-48.254687800999996,-20.143815786],[-48.24133283599999,-20.140184518000005],[-48.237411916,-20.135918673000003],[-48.225343283,-20.134179159999995],[-48.218635497,-20.127883960000002],[-48.217747495,-20.125288795999996],[-48.218990097,-20.115386845000003],[-48.228126833,-20.104214358999997],[-48.25008441699999,-20.085767657000005],[-48.25342513599999,-20.077920664999997],[-48.251277902,-20.068701757999996],[-48.246385591,-20.058749658],[-48.24413189999999,-20.047403812999995],[-48.247531916999996,-20.038978366],[-48.246997016,-20.033879815],[-48.24088358899999,-20.029284447],[-48.234826713000004,-20.02827556600001],[-48.22365798,-20.029311214],[-48.20777146499999,-20.039370022],[-48.201253364,-20.047477435999998],[-48.19708009599999,-20.055266131],[-48.191056348,-20.060982264],[-48.18246587499999,-20.074626996000006],[-48.18205433,-20.089513055],[-48.17860597699999,-20.096180216000004],[-48.167749314,-20.103810098999997],[-48.158326255,-20.103049862],[-48.155659989,-20.105301168000004],[-48.147721571,-20.124139576999998],[-48.12654668399999,-20.131256518999997],[-48.116977483,-20.14206834299999],[-48.105487413,-20.146355955999997],[-48.092355164000004,-20.146206690999996],[-48.07677584299999,-20.148429562],[-48.070442487,-20.146616108000007],[-48.05763958899999,-20.139602527],[-48.049386914,-20.137235527000005],[-48.046118056,-20.126875959],[-48.03884299999999,-20.119949001],[-48.03291999999999,-20.119981001],[-48.02439199999999,-20.124729001],[-48.02016299999999,-20.124029001],[-48.016676,-20.118462001],[-48.002417518,-20.103969533999994],[-48.000397378,-20.094208938],[-47.991577623,-20.079709065999992],[-47.98974816599999,-20.072962969999995],[-47.991528039,-20.04916593],[-47.990606156,-20.044226208],[-47.988517057,-20.040347996000005],[-47.984555724,-20.037385969],[-47.97596931699999,-20.035372666999997],[-47.956738079,-20.047588349000005],[-47.948481977,-20.055757578999998],[-47.946022144,-20.060467754],[-47.943496296999996,-20.091998544],[-47.934102059,-20.10785359799999],[-47.929226367,-20.111868046000005],[-47.913071796,-20.120273674999996],[-47.899399951999996,-20.125674526],[-47.895462810999994,-20.125258262999996],[-47.875077302,-20.09837269],[-47.869807789,-20.076152257],[-47.869965583,-20.063694648000002],[-47.859383938,-20.052412123999996],[-47.85899213999999,-20.049927233000002],[-47.86146151999999,-20.045009596999993],[-47.87145442799999,-20.039648169000003],[-47.87327947699999,-20.037360198999995],[-47.875820109,-20.032410498999994],[-47.875830791999995,-20.021410051],[-47.872442081,-20.013030191999995],[-47.859750731999995,-19.992939748],[-47.856150189,-19.990544792],[-47.847778709,-19.989861041999998],[-47.83999382599999,-19.994948228999995],[-47.834680489,-19.99606564499999],[-47.828301470999996,-19.992107257000004],[-47.805658053,-19.98513166499999],[-47.762583744,-19.986021694999998],[-47.754213967,-19.990052804000005],[-47.75110557199999,-19.990289085999997],[-47.73368169199999,-19.987928205],[-47.728330305,-19.984139701000004],[-47.712691725,-19.978147978],[-47.708405304,-19.97870165],[-47.69563315799999,-19.984401199999997],[-47.68798909699999,-19.990244506000003],[-47.67614993899999,-20.001915589999992],[-47.674264834999995,-20.006069835],[-47.675579517,-20.013679642000003],[-47.670626382,-20.022515948],[-47.63965607299999,-20.047219413],[-47.63476434199999,-20.049247843],[-47.624935355,-20.042286003999997],[-47.61399008499999,-20.042108986],[-47.599658317999996,-20.032437519],[-47.594748097,-20.025891519],[-47.593984209999995,-20.010948203],[-47.59090707399999,-20.003340032],[-47.583824617999994,-19.996664632],[-47.5756245,-19.994247586000004],[-47.559644087,-19.996620048999997],[-47.552637795,-19.996025943000006],[-47.549237739,-19.993769742999998],[-47.545315525999996,-19.987309263],[-47.540158356,-19.984325032999994],[-47.508532140999996,-19.982940645999996],[-47.49772535299999,-19.971627645999998],[-47.489590706,-19.969303135999994],[-47.479261388,-19.968753270999997],[-47.474517786999996,-19.962116448],[-47.470511918,-19.96070169],[-47.463322039999994,-19.965789006000005],[-47.45462676199999,-19.978116129999997],[-47.45027615299999,-19.987837572999997],[-47.43780662299999,-19.996985837999997],[-47.43523733399999,-20.002398798],[-47.429546036,-20.006966749],[-47.424428037,-20.015319552999998],[-47.425515755,-20.017696461],[-47.434558483,-20.024450901],[-47.444236321,-20.027960534],[-47.444842352,-20.030381685999995],[-47.438708387999995,-20.051088761],[-47.42678005999999,-20.057493924000003],[-47.418234038,-20.064642593999995],[-47.408133497,-20.080196282],[-47.40495920699999,-20.082735938999996],[-47.40145745499999,-20.083639366],[-47.390296728,-20.081481677000006],[-47.374570860999995,-20.083662680000003],[-47.37160304799999,-20.085942391999996],[-47.365010769,-20.098349373999994],[-47.35867644199999,-20.10398156],[-47.347537718,-20.105343574],[-47.341122782,-20.111249568],[-47.323289331999995,-20.116753523999996],[-47.31647982599999,-20.121798752],[-47.309673375,-20.124498409],[-47.305871075999995,-20.13326434199999],[-47.293006945,-20.148661935],[-47.287232431999996,-20.152101203999997],[-47.279427869,-20.152428785999998],[-47.261780419999994,-20.159924877999998],[-47.25704435,-20.166203997],[-47.257347941,-20.184670225],[-47.25586725299999,-20.190771301999998],[-47.250570932,-20.199670212000004],[-47.240126880999995,-20.208867920999996],[-47.23107362,-20.219152174000005],[-47.23256979,-20.227522292999996],[-47.237317282,-20.235220987],[-47.239102028999994,-20.243568094],[-47.241662739,-20.246118201999995],[-47.24228300099999,-20.250118722],[-47.247351763999994,-20.258643797999998],[-47.24626636399999,-20.261444202000003],[-47.24851377099999,-20.263208694000003],[-47.251267833,-20.262175728999996],[-47.252874113999994,-20.263637995000003],[-47.257430748,-20.269434383000004],[-47.260433763,-20.277568589999994],[-47.263566738,-20.279510625999993],[-47.26347119199999,-20.281028184999997],[-47.26459425299999,-20.280494271000002],[-47.264625869,-20.282570190999994],[-47.26992749899999,-20.282825842999994],[-47.26951856699999,-20.284545297999998],[-47.272585227,-20.285657143999998],[-47.27120725299999,-20.28672229],[-47.273045147,-20.288265213999992],[-47.274324138999994,-20.287759662000003],[-47.276728719,-20.291637965999996],[-47.27985187299999,-20.301889286999998],[-47.281593937,-20.303481543],[-47.281823360999994,-20.312582802999998],[-47.282878243999996,-20.315240586],[-47.283934468,-20.313467619000004],[-47.285819974,-20.316286499],[-47.284655207,-20.315964379999997],[-47.283985512,-20.317773674000005],[-47.285153325,-20.320170697],[-47.284037782,-20.320525265999994],[-47.285148776,-20.321624397999997],[-47.28398711799999,-20.324169691999995],[-47.285956793,-20.325070690000004],[-47.28407211,-20.327094161],[-47.28496002299999,-20.331990196000003],[-47.285841794,-20.333558624000002],[-47.288184648,-20.331889602999993],[-47.287822694,-20.333164326999988],[-47.290289176,-20.333728444999995],[-47.290998508,-20.33704339299999],[-47.289435471,-20.337525557000003],[-47.293347235000006,-20.339640958999997],[-47.29337026,-20.342471449000005],[-47.298208136,-20.348435714999994],[-47.295569557,-20.350753107],[-47.297150467,-20.351675179999994],[-47.295593435,-20.355553325],[-47.29653593599999,-20.357338838999997],[-47.293351474,-20.364345647999997],[-47.295489227000004,-20.369205943000004],[-47.292535433999994,-20.370315153],[-47.294461828,-20.371210061999992],[-47.293481986,-20.373310334],[-47.295096336,-20.374923865],[-47.293768592999996,-20.376159890999997],[-47.29478845799999,-20.377842364999996],[-47.29287571399999,-20.379280662999996],[-47.294431348,-20.380767965],[-47.290625002,-20.383222909],[-47.293761196,-20.385690812],[-47.29228912899999,-20.388171201999995],[-47.289637571,-20.386618580000007],[-47.287237771,-20.387920432],[-47.28934676000001,-20.390507251999995],[-47.288031192,-20.393177775],[-47.291754274,-20.398027875999997],[-47.291455564,-20.40004632599999],[-47.289794789999995,-20.399695219999995],[-47.285455653,-20.405739966999995],[-47.286766863,-20.409034025999997],[-47.289589559999996,-20.409811595999994],[-47.288425362,-20.416730012000002],[-47.293482109,-20.418024429999992],[-47.292812622999996,-20.419966681999995],[-47.288766641,-20.421554936],[-47.29357126699999,-20.423137157999996],[-47.296100198999994,-20.427256029],[-47.29290755499999,-20.428205777999995],[-47.294473703,-20.431750452999996],[-47.287289104,-20.435149387],[-47.28826283800001,-20.438640831],[-47.286482549,-20.442450777999998],[-47.287965158,-20.444587839000004],[-47.291186616000005,-20.445230752999993],[-47.292765579000005,-20.447733619000005],[-47.29107353799999,-20.448264499999997],[-47.292120693,-20.44903969],[-47.291011294,-20.45054989],[-47.28373796599999,-20.455428581999993],[-47.284375504,-20.457061494],[-47.27861486999999,-20.458152109],[-47.27906148099999,-20.460509121],[-47.27170620599999,-20.46276649],[-47.269870387999994,-20.466531738999997],[-47.26579168199999,-20.466223735],[-47.263745158,-20.468444257999995],[-47.259484963,-20.468927001000004],[-47.25520921299999,-20.473500922999996],[-47.25565260799999,-20.47491704],[-47.25321243599999,-20.476613621999995],[-47.253604532999994,-20.477952285000004],[-47.25059728,-20.476745367000003],[-47.247405013,-20.480534196999997],[-47.241188063,-20.483594069],[-47.229601595999995,-20.486903891999997],[-47.227119135,-20.48852468200001],[-47.22687019199999,-20.491079314999993],[-47.224711978,-20.490416093999993],[-47.22129056,-20.492960828999994],[-47.219540616,-20.496520958000005],[-47.213038683,-20.498183938000004],[-47.211510110999996,-20.502318399999993],[-47.20433318399999,-20.503495781999998],[-47.202651278,-20.501566020999995],[-47.190764777,-20.507559074999996],[-47.190001380999995,-20.51042406],[-47.185680361,-20.510859173],[-47.18479198399999,-20.513704851999996],[-47.17985684899999,-20.512907437999992],[-47.177703921,-20.514948060999995],[-47.175802193,-20.514105902000004],[-47.163491265,-20.518927898],[-47.15451738099999,-20.519553192],[-47.151149651,-20.522046503999988],[-47.148541407,-20.529749222000003],[-47.14473431099999,-20.532494201],[-47.143459835,-20.535323385999995],[-47.145230604,-20.540209185999995],[-47.14152049999999,-20.541016456000005],[-47.138234038,-20.554592607999997],[-47.138512859,-20.56384597899999],[-47.14262767299999,-20.566014079000002],[-47.13870764599999,-20.571268772000003],[-47.135549965,-20.578842399999992],[-47.13239604999999,-20.590783867999995],[-47.125290068,-20.590431405999997],[-47.122761789,-20.594681291999994],[-47.125729856,-20.603006811999997],[-47.125290447999994,-20.60879458],[-47.123344276,-20.610623019999995],[-47.123322584,-20.612722496999996],[-47.11590193499999,-20.615276558],[-47.108734500999994,-20.620804761],[-47.11170860399999,-20.628173985999997],[-47.11268085099999,-20.638084307999996],[-47.11181597299999,-20.638987869000005],[-47.107815562999996,-20.638232678],[-47.096895797,-20.644528274],[-47.098180690999996,-20.64715840499999],[-47.095921993,-20.652233888],[-47.09581571199999,-20.657772235000003],[-47.096787258,-20.661783215],[-47.102823554,-20.670861824],[-47.100317484,-20.679112021000005],[-47.10123528599999,-20.683165819],[-47.112793694,-20.696647631],[-47.11273126599999,-20.703571320999995],[-47.11530084999999,-20.707204835999995],[-47.12667536299999,-20.709318544],[-47.13412171,-20.706432789999997],[-47.138001061999994,-20.707461537000004],[-47.144537292,-20.705700813],[-47.14906554099999,-20.707616561000002],[-47.155015557,-20.704151326],[-47.16326136899999,-20.703397992999992],[-47.165598505,-20.701487661999995],[-47.16924077099999,-20.703430845999996],[-47.17089686799999,-20.70928734999999],[-47.173124793,-20.711918623999992],[-47.169509366,-20.717696613999994],[-47.186260744,-20.731134368999996],[-47.182542008999995,-20.735210532999993],[-47.176635086,-20.73590932500001],[-47.175192492,-20.739261945],[-47.18229231899999,-20.741292985999998],[-47.18881829199999,-20.770624708],[-47.19171176099999,-20.770918454999997],[-47.195299361000004,-20.774968988],[-47.204815792999995,-20.774343653],[-47.207069393999994,-20.775531129],[-47.211450453999994,-20.780653098000002],[-47.213865542,-20.792311486],[-47.221757791,-20.79653993999999],[-47.224754299999994,-20.800098858],[-47.222839499,-20.808895398000004],[-47.218701593999995,-20.816851515999996],[-47.21451750899999,-20.821226058],[-47.21448440499999,-20.827219441],[-47.240044257,-20.885281696999993],[-47.224573086,-20.911613495],[-47.21045806800001,-20.924139032999996],[-47.190039908,-20.928218089000005],[-47.192565984,-20.942052999999994],[-47.186619359999995,-20.949493349],[-47.181981342,-20.95364676799999],[-47.173619258,-20.954256628],[-47.168841942,-20.956493076999998],[-47.168044720999994,-20.962533779],[-47.164536668,-20.966052335999997],[-47.160665458,-20.966371412000004],[-47.153264052,-20.970894138000006],[-47.151290104999994,-20.97135342499999],[-47.149569884,-20.969970326],[-47.14781427399999,-20.972492934000005],[-47.147420919999995,-20.97774001999999],[-47.143738936000005,-20.982385672],[-47.14568283,-20.990796963999998],[-47.15064597999999,-20.997481972999996],[-47.151123413,-21.010314104],[-47.15702985099999,-21.018824737],[-47.152671960999996,-21.024390308],[-47.147861483,-21.035460928],[-47.14698121399999,-21.038041789999998],[-47.148121200999995,-21.044855134000006],[-47.145980576999996,-21.047868786999995],[-47.146100848,-21.059051491],[-47.139422416,-21.069354130999997],[-47.142296218999995,-21.088235843],[-47.137042242999996,-21.088022854],[-47.13718182099999,-21.089778525],[-47.133568703,-21.090254849999997],[-47.128843651,-21.095385725999996],[-47.12812428299999,-21.099215275],[-47.113151441,-21.104921460000003],[-47.112789318999994,-21.108639497],[-47.11847741399999,-21.109053317999997],[-47.121537810999996,-21.112473813],[-47.126874484999995,-21.121670998999996],[-47.12623216299999,-21.125347296],[-47.131054369,-21.129182892999996],[-47.133505457,-21.133455593],[-47.126820031,-21.144273735],[-47.122456061,-21.145533124],[-47.118599462999995,-21.149043535],[-47.11730510899999,-21.153695937999995],[-47.12364782099999,-21.167909407000003],[-47.11856324899999,-21.175346213],[-47.118787942,-21.185752103000002],[-47.114304816,-21.187656578999988],[-47.102828667999994,-21.200567717],[-47.09920117099999,-21.207401435999998],[-47.09925808599999,-21.214193408999993],[-47.09565138199999,-21.209673717999998],[-47.088366818,-21.209611026999998],[-47.086573091999995,-21.20741709],[-47.083069570999996,-21.208634524999994],[-47.074491595999994,-21.207905936999992],[-47.068876847999995,-21.20901540799999],[-47.064706742,-21.207093535999995],[-47.062209697,-21.209169929],[-47.062312534,-21.211538426999994],[-47.06796411999999,-21.214312252999996],[-47.07233273799999,-21.225840576999992],[-47.078912245,-21.230595130999998],[-47.079011055,-21.233423458999994],[-47.07621039399999,-21.235715792],[-47.07728815,-21.240223473],[-47.069065650999995,-21.241619703999998],[-47.06309226,-21.239313095],[-47.05228174399999,-21.246518713999997],[-47.052119456999996,-21.250495923999996],[-47.050284770999994,-21.253452433000003],[-47.051308219999996,-21.257396482999997],[-47.045051209,-21.262954438999998],[-47.045153426999995,-21.26691909599999],[-47.04189616200001,-21.269742498999996],[-47.042482789,-21.276905089999993],[-47.03953326199999,-21.280944694],[-47.041675654,-21.282759165999998],[-47.040789376,-21.285020514999996],[-47.042343651,-21.288013607999996],[-47.04073027999999,-21.289187823000002],[-47.042369559,-21.289954925000004],[-47.037464047,-21.293306829],[-47.037351361,-21.295565806999992],[-47.029772989,-21.299555714999997],[-47.030146268,-21.30301766399999],[-47.03518106999999,-21.311022661000003],[-47.030544549,-21.311731813],[-47.024964505999996,-21.318985154],[-47.020988239999994,-21.321630849],[-47.02101762499999,-21.324099518000004],[-47.023479487,-21.326364043999998],[-47.023759489999996,-21.328513408000003],[-47.02104537299999,-21.33078534399999],[-47.020763909,-21.335265811000003],[-47.01652699499999,-21.342362937999994],[-47.008096121,-21.345661168999996],[-47.00362920999999,-21.349403300999995],[-46.998584635,-21.34908748],[-46.997268532,-21.351226362],[-46.996838898,-21.357698083999995],[-47.001270678999994,-21.359515597],[-46.99895004599999,-21.361831118999994],[-47.005958374,-21.365054152999996],[-47.00953568199999,-21.370749692999993],[-47.007097285,-21.373953272000005],[-47.007338723,-21.378095985000005],[-47.004582266999996,-21.383568680999993],[-47.00873206699999,-21.392884555999995],[-47.01419367,-21.39387879299999],[-47.016168008,-21.396503440999997],[-47.013766693,-21.403409303000004],[-47.009619388,-21.406460268999997],[-47.01079242600001,-21.409974255999998],[-47.007714057,-21.410672976],[-47.010109393,-21.415276012999996],[-47.01284152499999,-21.416349496],[-47.011507927,-21.422272817],[-47.010207198,-21.420823025000004],[-46.999673986,-21.420995709],[-46.993282547,-21.423428301999994],[-46.99272932699999,-21.425300504999996],[-46.990369585,-21.42487720900001],[-46.990256656,-21.423245873],[-46.986871343999994,-21.421640065000002],[-46.987201757,-21.423688225000003],[-46.984367448,-21.426695054999996],[-46.976594633,-21.42330306],[-46.97434637799999,-21.417849925000002],[-46.972043496,-21.421829829999997],[-46.970425253,-21.422292259],[-46.966480632,-21.421178314999995],[-46.9647087,-21.418113476],[-46.95806859299999,-21.422430251],[-46.956662291,-21.424744399],[-46.953618598999995,-21.424230055000002],[-46.95173321699999,-21.421640896],[-46.95017148499999,-21.422011175000005],[-46.94909026900001,-21.419585871],[-46.94596484499999,-21.421687863999995],[-46.944207926,-21.42100089399999],[-46.943593852999996,-21.422680739999993],[-46.940261747,-21.422082249000002],[-46.939090752,-21.424296473],[-46.934249561,-21.425253934999997],[-46.931625761,-21.422647139],[-46.925453540999996,-21.422637838999993],[-46.920776032,-21.427131313],[-46.916923966,-21.420865088],[-46.912284579,-21.420069240999997],[-46.908314594,-21.421178435],[-46.906872023,-21.418175621],[-46.903461609000004,-21.418597871],[-46.90029171199999,-21.413192715999998],[-46.89898509099999,-21.413239172],[-46.898760034999995,-21.415507196],[-46.895960007,-21.416422904999994],[-46.893305569999995,-21.415614132999995],[-46.891198347999996,-21.411236168],[-46.888415383,-21.410551247999997],[-46.882674117,-21.404949483],[-46.87850770099999,-21.404683811],[-46.87672026999999,-21.40586198999999],[-46.874311513,-21.403780973000003],[-46.873218367,-21.40473788999999],[-46.868124975,-21.403723356999997],[-46.865171861,-21.400751743999994],[-46.865343483,-21.395569344000002],[-46.86386709399999,-21.395972081000004],[-46.86091879199999,-21.39328173299999],[-46.85825491,-21.394042772999995],[-46.85578784799999,-21.389723097],[-46.85323388,-21.390626114999993],[-46.84208403699999,-21.38910832],[-46.840654608,-21.387327152],[-46.841029336999995,-21.385191475999996],[-46.838703925,-21.38546729499999],[-46.835236988,-21.382518489999995],[-46.83722889399999,-21.377692867],[-46.836071454999995,-21.370727545999994],[-46.832149125,-21.366538219],[-46.817309364,-21.366438571999993],[-46.804843774999995,-21.371079276],[-46.79356278899999,-21.371577062999997],[-46.79176131599999,-21.373683016],[-46.78953728199999,-21.372959541999997],[-46.78620185,-21.368931878],[-46.781287779,-21.370756584],[-46.776398023999995,-21.362824787000005],[-46.764705058,-21.360063636999996],[-46.76364747299999,-21.361876945000002],[-46.75883836999999,-21.362904588],[-46.75960650099999,-21.372205276],[-46.76213692699999,-21.374968729],[-46.7586845,-21.37878840200001],[-46.750535119999995,-21.384917654000002],[-46.744954886,-21.385397122],[-46.740784747,-21.387749773000003],[-46.738974841,-21.392572329999997],[-46.734369771999994,-21.394169818000005],[-46.731481054,-21.392192321],[-46.725779771,-21.392904681999998],[-46.72247957,-21.389750254999996],[-46.717980873,-21.390701849],[-46.714721651,-21.392662071999993],[-46.707476426999996,-21.40460854499999],[-46.705962406000005,-21.404843856],[-46.70063453099999,-21.400788879999993],[-46.693891989,-21.390558747999997],[-46.692206452,-21.382747024000004],[-46.684016516,-21.376372035000006],[-46.673920893,-21.374491777000003],[-46.672246736,-21.368826250000005],[-46.665531173,-21.361158223999997],[-46.661393956,-21.363748098],[-46.655762366,-21.364374226999995],[-46.650403046,-21.362919447999996],[-46.647199282,-21.364193068999995],[-46.644922576,-21.372396799999994],[-46.648308402,-21.375827076999997],[-46.646881075,-21.385237494999995],[-46.648721188,-21.388290813999998],[-46.648730336999996,-21.391721343],[-46.638817226,-21.402009597000003],[-46.639417053,-21.407470389],[-46.637342223,-21.410689638999997],[-46.631148378999995,-21.412851913999994],[-46.626567102,-21.411487440000002],[-46.61846022299999,-21.421200186],[-46.620669583,-21.425997058],[-46.61562238199999,-21.428837993999995],[-46.620022223,-21.435423831],[-46.61525676499999,-21.44146819199999],[-46.61141879899999,-21.44154590899999],[-46.606410239,-21.444617892999997],[-46.60188992999999,-21.443960781],[-46.59425535,-21.439682121],[-46.593069579,-21.43583484599999],[-46.590312804,-21.43649371],[-46.583273349,-21.433230055999996],[-46.57651366299999,-21.426957181],[-46.572512759999995,-21.431440399],[-46.57039613999999,-21.436768586000003],[-46.56528032399999,-21.438405495],[-46.560222548000006,-21.442330014999996],[-46.557882196,-21.442657512],[-46.553208644,-21.440049163],[-46.545928769,-21.440332295999994],[-46.535779838,-21.449142155999994],[-46.52849364,-21.444993927999995],[-46.52109324799999,-21.446980348],[-46.519052712,-21.448953156],[-46.518021125,-21.453491856],[-46.519559789,-21.462018394999998],[-46.51657747800001,-21.464925775999998],[-46.513651407999994,-21.464667367],[-46.50925213600001,-21.469898927000003],[-46.512232874,-21.477176585000002],[-46.508889996,-21.489127081999992],[-46.51142045699999,-21.489159859999997],[-46.511643142,-21.493074830999998],[-46.513790204,-21.496824171000007],[-46.51925052299999,-21.500889671],[-46.519682362999994,-21.505718697999992],[-46.516102086,-21.511341168999998],[-46.521223545,-21.515034453000002],[-46.52190124300001,-21.520267564999997],[-46.524175703,-21.521849692999997],[-46.52297770199999,-21.529937862999994],[-46.520064139999995,-21.535040713000004],[-46.518895324999995,-21.533979836999997],[-46.511105848,-21.535878262999997],[-46.506694672,-21.543788661000008],[-46.50077666699999,-21.549761131000004],[-46.500048719999995,-21.55453200499999],[-46.504015285,-21.562819048],[-46.51184105200001,-21.565379096],[-46.512170225,-21.572161949999998],[-46.521994169,-21.584508709999998],[-46.521422064,-21.587987144999992],[-46.518337972,-21.590590552999995],[-46.51843588999999,-21.593055043],[-46.524428877999995,-21.600958725],[-46.515976434,-21.605992517],[-46.51822801699999,-21.612821865],[-46.522896712,-21.614067942999995],[-46.534282897,-21.621286989999998],[-46.533412739,-21.625216252000005],[-46.534868028,-21.628681097],[-46.53970450999999,-21.628655325999997],[-46.54217123099999,-21.631132148],[-46.547367396999995,-21.630433768000003],[-46.55261545,-21.637039335999997],[-46.551995647999995,-21.642907944],[-46.54815767499999,-21.648182581000004],[-46.548268964,-21.649867799999996],[-46.55036439,-21.652593762],[-46.56030272800001,-21.653034482999995],[-46.565917355,-21.656938362],[-46.566698342,-21.659201838],[-46.565084505,-21.663679103],[-46.566420328,-21.668990398000002],[-46.56463134,-21.678679389999996],[-46.577767562999995,-21.685057774999997],[-46.579136401999996,-21.682559487],[-46.59303583799999,-21.683178335000004],[-46.60538455999999,-21.680894375999998],[-46.609418779,-21.677208494000002],[-46.621594724,-21.675542992999997],[-46.62483719400001,-21.686831009],[-46.623883263,-21.692728878],[-46.624648644,-21.694086789999993],[-46.628673557,-21.694817562],[-46.62845165299999,-21.699758557],[-46.629928054,-21.702669471000004],[-46.62911625299999,-21.706412921000002],[-46.623019808,-21.712946171],[-46.622450532,-21.715538653999996],[-46.623176615999995,-21.719513424],[-46.62847625399999,-21.729615268999996],[-46.625588247,-21.734095403000005],[-46.630841536,-21.740899832],[-46.627402656,-21.747887108],[-46.62811486199999,-21.755036486000005],[-46.62603031199999,-21.766226462],[-46.62814348599999,-21.768936848],[-46.63944686899999,-21.76847201],[-46.646039285,-21.77605113699999],[-46.653991341,-21.779246402],[-46.651201593,-21.789442721000007],[-46.667724998,-21.80696544],[-46.670826182,-21.816481175999993],[-46.68070442,-21.823355501],[-46.690970547,-21.836963848999996],[-46.68883876799999,-21.84134639],[-46.68121200000001,-21.844418999999995],[-46.67653020299999,-21.850625513999994],[-46.673955,-21.850865],[-46.670808121,-21.84883093],[-46.665285,-21.848787999999995],[-46.663191958999995,-21.857838026],[-46.655784000000004,-21.870473],[-46.658105545999994,-21.875272528999997],[-46.657563323999995,-21.877452499],[-46.653842034,-21.880023083],[-46.647536460999994,-21.880460833999997],[-46.64860315,-21.887621818999996],[-46.653167806999996,-21.896012576999997],[-46.66557018899999,-21.899296682],[-46.673166372,-21.908088981999995],[-46.673778465,-21.911052688999998],[-46.665000032,-21.92069212499999],[-46.665310263,-21.926462309],[-46.66797531499999,-21.930578177],[-46.667301478,-21.932560218],[-46.662099129,-21.937906474000002],[-46.655619699999995,-21.939427905999995],[-46.653644348,-21.941704863999995],[-46.65382340199999,-21.953343176999997],[-46.651413822,-21.961452865],[-46.643394930999996,-21.976106634000004],[-46.637465115,-21.980803318],[-46.630999219,-21.981176598999998],[-46.62917481499999,-21.986217571999997],[-46.62282994,-21.994589073],[-46.615868638,-21.995544520999996],[-46.61466877299999,-21.996971153],[-46.612461098999994,-22.004865445000004],[-46.613262381,-22.014962690999994],[-46.61513557,-22.01738506],[-46.61782650399999,-22.017531537000004],[-46.628081476999995,-22.015464870000002],[-46.640342908,-22.008884327999994],[-46.649176393,-22.009286176000003],[-46.653368185999994,-22.011171424000004],[-46.654790962999996,-22.017807247999997],[-46.659561038999996,-22.020290041999996],[-46.66220251099999,-22.023696107],[-46.675574925,-22.022374715999995],[-46.68357048399999,-22.030043109],[-46.68538902,-22.037422128999996],[-46.676361327,-22.055439464999996],[-46.657745749,-22.060475697],[-46.664786004999996,-22.068863104],[-46.6798626,-22.07128124999999],[-46.683954203999996,-22.07386566],[-46.696398874,-22.072923444999994],[-46.706117655,-22.078972137999997],[-46.707652972,-22.078789681],[-46.70959195299999,-22.074750016],[-46.713161069,-22.075005932000003],[-46.71619467899999,-22.073550120000004],[-46.7221634,-22.074977766],[-46.723421724999994,-22.076895563000008],[-46.721177700999995,-22.078088346],[-46.71883729599999,-22.088679145000004],[-46.71584021499999,-22.089758566],[-46.715370426,-22.091361972],[-46.700814070999996,-22.095196872],[-46.693499966,-22.090077774000004],[-46.691473801,-22.090293925],[-46.687947124,-22.093576716999998],[-46.680286517,-22.091072303],[-46.674450503,-22.096225303999997],[-46.670926081,-22.097341353999994],[-46.664948163,-22.096362026],[-46.66286267,-22.094057791],[-46.654535808999995,-22.09187268699999],[-46.646754994999995,-22.091893162],[-46.639188497,-22.102427312],[-46.63611986,-22.103259484999995],[-46.634340363999996,-22.107665763999996],[-46.630450338,-22.107241884999997],[-46.624170017999994,-22.108516923999996],[-46.62273088,-22.109930897999998],[-46.616115904,-22.130654682],[-46.611084389,-22.132426751],[-46.603593809,-22.132197398],[-46.600368659,-22.133515391999993],[-46.59853002,-22.136389532999996],[-46.601046685,-22.139120572],[-46.607171825,-22.141685519000003],[-46.613041482999996,-22.150252527],[-46.62788814499999,-22.156429249],[-46.634967765,-22.154482989],[-46.64045810900001,-22.157719641],[-46.64033963699999,-22.165904468000004],[-46.643562581999994,-22.174454651],[-46.646427135,-22.177946096999996],[-46.646292292999995,-22.181321898],[-46.650798651,-22.177534267],[-46.663133956,-22.180401053999994],[-46.669009277,-22.174737522000004],[-46.67128300099999,-22.174155019000008],[-46.67383554,-22.175617542],[-46.670702632,-22.180242143000005],[-46.670800848999995,-22.184260559],[-46.679665985999996,-22.20835328],[-46.680626661,-22.214285822999997],[-46.678167793,-22.224041890999995],[-46.690035686,-22.232343762],[-46.693141584,-22.237631487999998],[-46.688625425,-22.248768353],[-46.694039933999996,-22.246666945000005],[-46.710400742,-22.262390084999993],[-46.710616191999996,-22.269929992],[-46.70589663,-22.271841954],[-46.702337296,-22.277879077999998],[-46.703199982,-22.280653335000004],[-46.710516143,-22.28499512099999],[-46.708646855999994,-22.293791461999994],[-46.705810417,-22.293670184],[-46.705284142,-22.295823959999996],[-46.715755856,-22.306613256999995],[-46.723260254,-22.306623841],[-46.717952418,-22.316944259],[-46.71098258499999,-22.312787539000002],[-46.711815642999994,-22.316579591000004],[-46.710818155999995,-22.319325577],[-46.701199341999995,-22.321493043],[-46.70075316799999,-22.325323933999996],[-46.698061471,-22.326658869999992],[-46.69894925,-22.332313709999998],[-46.695242116,-22.335238962],[-46.697502804,-22.337630603],[-46.696205667,-22.340575775999994],[-46.697619712999995,-22.343212326],[-46.693558957,-22.343029486999992],[-46.694595345,-22.348550939000003],[-46.69072650799999,-22.346762295999994],[-46.687614423,-22.349411371],[-46.687033275,-22.357301432999996],[-46.68278627099999,-22.35749234999999],[-46.675907283,-22.369289391999995],[-46.660923476,-22.366040997000002],[-46.662232493,-22.37333527299999],[-46.666307808999996,-22.380990316],[-46.66372886199999,-22.383290998999993],[-46.665002829,-22.386751053000005],[-46.663420132,-22.391543086999995],[-46.664126963,-22.399358844],[-46.668222966,-22.407772725999997],[-46.66651629399999,-22.415109833999995],[-46.661835014999994,-22.41881125399999],[-46.655110955,-22.422702118],[-46.650756623,-22.42346597099999],[-46.649587528999994,-22.426886622],[-46.647031495,-22.428838601000002],[-46.639889194,-22.425574285],[-46.63695470799999,-22.431011108999996],[-46.631607353999996,-22.435835704],[-46.623514165,-22.437727277000004],[-46.618314145,-22.436987523999996],[-46.616609561999994,-22.438662459999996],[-46.6119228,-22.435442963999996],[-46.603467937,-22.443074078000002],[-46.60067616799999,-22.441474721000002],[-46.594418334,-22.440963417],[-46.59173429,-22.438113868999995],[-46.585133911999996,-22.439447538999996],[-46.573671774,-22.445585756000003],[-46.575142332999995,-22.447877401000003],[-46.572654363999995,-22.453141614999996],[-46.568114486999995,-22.450876515999997],[-46.564834546,-22.447392521],[-46.554813949999996,-22.446649975],[-46.548809812,-22.455154503],[-46.551553424,-22.459979488000002],[-46.54986484399999,-22.469548949],[-46.54295157899999,-22.467763922999996],[-46.53934920399999,-22.46863069199999],[-46.537476513,-22.471267107],[-46.53175820999999,-22.469964707000003],[-46.530667446,-22.470852528999995],[-46.536058462,-22.483679718],[-46.536062413,-22.487756889],[-46.542146936,-22.494356001999996],[-46.50699092199999,-22.506958909999998],[-46.506613255999994,-22.515453199999996],[-46.505289911,-22.517047152],[-46.500948769999994,-22.517006131999995],[-46.498324159999996,-22.513166957],[-46.491179315,-22.510386739999994],[-46.4889235,-22.516101089],[-46.48456992999999,-22.519241767],[-46.48014169,-22.518742878999994],[-46.476774074000005,-22.520714663000003],[-46.471132799,-22.518293253000007],[-46.46685726799999,-22.518529003],[-46.464923953,-22.522803776999993],[-46.45495507100001,-22.521732370000002],[-46.45008435399999,-22.526516282],[-46.44919713899999,-22.530834984999995],[-46.439519121,-22.534699674000002],[-46.439982373999996,-22.540015553999996],[-46.432573718,-22.543926313999993],[-46.429172187,-22.54370361999999],[-46.42630849599999,-22.547568833999996],[-46.420812409,-22.548597746999995],[-46.417945092,-22.547455677000002],[-46.417590971,-22.542951833999993],[-46.41327703499999,-22.540291715000002],[-46.411696008,-22.536701473000004],[-46.406952235,-22.539932536],[-46.40614764899999,-22.541464433000005],[-46.407849929,-22.548138608000002],[-46.411416733,-22.554313283],[-46.414642693,-22.557927713999995],[-46.419015048,-22.559887959000005],[-46.42245099,-22.564522687],[-46.42750754,-22.566403526000002],[-46.432585636,-22.571228070999997],[-46.433725403,-22.57456794],[-46.428904726,-22.579711087999996],[-46.428722723,-22.583926071],[-46.419510515,-22.582883380999995],[-46.41206169,-22.585765803],[-46.415228256,-22.59002557599999],[-46.421586090999995,-22.594160330999998],[-46.421445133,-22.596561613999995],[-46.424336376,-22.599444272999996],[-46.422115193,-22.60032737],[-46.420838337999996,-22.598562327000003],[-46.418701829999996,-22.602734043],[-46.41337321999999,-22.607340120999996],[-46.411217474,-22.612681926999997],[-46.40475786300001,-22.620893312],[-46.405970538,-22.622178926999997],[-46.423005462,-22.624844795999998],[-46.424619935,-22.633599063999995],[-46.420629481999995,-22.638079495000003],[-46.414695463,-22.640194289000004],[-46.406048594,-22.640577481],[-46.39631219599999,-22.645982049000008],[-46.392363434,-22.653146763],[-46.39429606699999,-22.658933847999997],[-46.393058871,-22.662974058999996],[-46.39818309199999,-22.665689870000005],[-46.40220159799999,-22.670956947999997],[-46.405863012999994,-22.672559957000004],[-46.407900058,-22.671931645],[-46.408380354,-22.669327425],[-46.40550540699999,-22.666348947],[-46.405005200999994,-22.663434724000002],[-46.412336727,-22.659785226000004],[-46.420001199,-22.664985603999998],[-46.427714067,-22.661357745000004],[-46.436455546,-22.664352667999996],[-46.44016884,-22.668147268000002],[-46.448501579,-22.668260379999996],[-46.45158303899999,-22.670512914000003],[-46.458779545999995,-22.67181898999999],[-46.461307337,-22.676011974999998],[-46.470422351,-22.673242744],[-46.480636611,-22.67831585900001],[-46.478565845,-22.685886134999993],[-46.469976245,-22.693975722999994],[-46.473887868999995,-22.696829608000005],[-46.478890364,-22.698276748999998],[-46.47167238899999,-22.706340571999995],[-46.468639475,-22.701309855999998],[-46.465832054,-22.704371089000002],[-46.462836129,-22.705454239],[-46.463034525,-22.706754174999993],[-46.457334175,-22.70705720500001],[-46.456526346,-22.7150495],[-46.45506537899999,-22.717170987999992],[-46.45565034599999,-22.723584273999993],[-46.452723078,-22.727581896],[-46.445365315,-22.726375038999993],[-46.44393597799999,-22.728093971000003],[-46.439453808,-22.726725672999997],[-46.436746088,-22.731942129000004],[-46.431529901,-22.734412654000003],[-46.42956235399999,-22.73406879],[-46.425582122,-22.736325296],[-46.422619516999994,-22.733005133],[-46.419883849,-22.732890635],[-46.41878869199999,-22.7342005],[-46.414535706,-22.734622886],[-46.413085841999994,-22.738300528999993],[-46.40664207,-22.74092040699999],[-46.404689821999995,-22.73940578199999],[-46.39378089699999,-22.743972530000004],[-46.38828446899999,-22.740440503],[-46.385805263,-22.740304329999997],[-46.379136768,-22.746084688999996],[-46.372811350999996,-22.746825844000004],[-46.367192945,-22.751853946999994],[-46.367585378,-22.753345202],[-46.363547188,-22.755647330000006],[-46.360480024999994,-22.761345415000005],[-46.35489159299999,-22.757092695000004],[-46.346360998,-22.759956856],[-46.33454146199999,-22.760300075000004],[-46.332566108,-22.766115804],[-46.334554725,-22.767912026000005],[-46.341646032,-22.769340360999998],[-46.340829169,-22.773748747999996],[-46.343488699,-22.777458658999993],[-46.348054577,-22.777660018],[-46.352337059999996,-22.785124591],[-46.356720376,-22.785107982999996],[-46.362140393,-22.789876984999996],[-46.362443795,-22.793878530000004],[-46.36728460599999,-22.801474562],[-46.376811081,-22.827819462],[-46.37069798900001,-22.835071511],[-46.371024329,-22.838541164999995],[-46.37433910899999,-22.843902066],[-46.374724022,-22.852155060999994],[-46.372364247,-22.857052118000002],[-46.372578706999995,-22.860097378999992],[-46.376051315,-22.863573243999998],[-46.380840962,-22.864046122],[-46.38419240899999,-22.869966103],[-46.380168306,-22.871758006999997],[-46.37550132799999,-22.871007304999996],[-46.377022078,-22.873414786999998],[-46.376289404,-22.877079073999997],[-46.37783575099999,-22.879240096999997],[-46.37347452699999,-22.878826906999997],[-46.372409094000005,-22.883130410999996],[-46.36774853599999,-22.886181133999997],[-46.363778512,-22.893673567],[-46.359764651,-22.895506518],[-46.356310722,-22.900303259999994],[-46.350779854,-22.899418844000003],[-46.344893003,-22.905224002],[-46.337483,-22.896780998999994],[-46.314641,-22.886759999],[-46.311648,-22.890567999],[-46.304646,-22.891542999000002],[-46.30270399999999,-22.895214999000007],[-46.29606091499999,-22.898154126],[-46.29088976,-22.89405569199999],[-46.287916621,-22.887812664999995],[-46.281056428999996,-22.884233872],[-46.279025716,-22.878347613000003],[-46.266863797999996,-22.875687216000006],[-46.262634702,-22.87845646],[-46.258530731,-22.890574654],[-46.248313677,-22.889408205000002],[-46.241771286,-22.890271131999995],[-46.238171179999995,-22.894155638999997],[-46.23414460499999,-22.881822838000005],[-46.228585263999996,-22.881543267],[-46.220419836999994,-22.877610963999995],[-46.21493325099999,-22.876576377000006],[-46.202804479,-22.870368351999996],[-46.199831013,-22.87094761399999],[-46.192197885,-22.865230569999994],[-46.185499512,-22.869189673999994],[-46.18206124499999,-22.867010562999994],[-46.167218766,-22.865526736999993],[-46.164752763,-22.864142151999996],[-46.15532793199999,-22.864168184999997],[-46.14502786799999,-22.857190339999992],[-46.141251988,-22.868146003],[-46.142109796999996,-22.880956136],[-46.137915173,-22.884965615],[-46.13688632499999,-22.890541513],[-46.138279979,-22.894970610000005],[-46.14682849,-22.905258119999992],[-46.14739371000001,-22.90761558799999],[-46.14975582,-22.910464919999995],[-46.153548428,-22.911016074000006],[-46.153989524,-22.912400394],[-46.14988190999999,-22.916543509000004],[-46.14647015,-22.917368224000004],[-46.139093716,-22.92275526],[-46.12361246199999,-22.909544352],[-46.114831056,-22.906071808],[-46.108668167,-22.905462151],[-46.105336185999995,-22.901549165],[-46.10163674199999,-22.901516458999996],[-46.09521832499999,-22.894429009],[-46.089521657999995,-22.895223150000003],[-46.083661943,-22.891569813],[-46.07539331,-22.890963475],[-46.07411045199999,-22.891169972000004],[-46.07389173,-22.893292145999997],[-46.07157500999999,-22.893585571999992],[-46.063944715,-22.891643266],[-46.05955561099999,-22.894707631999992],[-46.050675,-22.896974999],[-46.047286,-22.895752999],[-46.041996,-22.890650998999998],[-46.026798,-22.884875999],[-46.018733999999995,-22.888458998999997],[-46.012792999999995,-22.885989998999996],[-46.007954,-22.889496998999988],[-46.001451,-22.880035998999997],[-45.999119,-22.878721998999996],[-45.993811,-22.879104999],[-45.99038399999999,-22.876020999],[-45.99309199999999,-22.869809998999997],[-45.98339,-22.868575999000004],[-45.980403,-22.866955998999998],[-45.974743,-22.868096999000002],[-45.973461,-22.863116999],[-45.968077,-22.859970998999998],[-45.96419099999999,-22.855421999000008],[-45.960332,-22.858241999],[-45.956529,-22.849840999],[-45.95166699999999,-22.848947998999993],[-45.95114499999999,-22.845878999],[-45.938812,-22.846470999],[-45.935280999999996,-22.842140999],[-45.932492,-22.841570998999998],[-45.928498,-22.835464998999996],[-45.923912,-22.83197399899999],[-45.923196,-22.824996998999996],[-45.91898799999999,-22.820676999],[-45.913929,-22.819080999],[-45.91182899999999,-22.816292998999995],[-45.904626,-22.819653999],[-45.904757000000004,-22.823587998999997],[-45.907404,-22.825503999],[-45.90905699999999,-22.829298998999995],[-45.90636,-22.833877999000002],[-45.90387499999999,-22.836943998999995],[-45.901019,-22.836058999],[-45.897240999999994,-22.839679999000005],[-45.89367299999999,-22.83895399899999],[-45.894283,-22.841979998999996],[-45.891156,-22.845773999000002],[-45.894211,-22.848924999000005],[-45.892345,-22.852641998999996],[-45.894321,-22.85694399899999],[-45.890201000000005,-22.858233998999996],[-45.88938,-22.860638999],[-45.88728199999999,-22.872049999000005],[-45.88876199999999,-22.875974998999997],[-45.879766999999994,-22.875453998999994],[-45.87113600000001,-22.871674999],[-45.870385059,-22.869412973999996],[-45.86385223599999,-22.868710331],[-45.857302282999996,-22.858728142],[-45.858553592,-22.855322569],[-45.857278732999994,-22.851179042000002],[-45.850081708999994,-22.846923982],[-45.850473079,-22.843457777],[-45.848127298,-22.837830662999995],[-45.84174007699999,-22.833183533],[-45.837245462000006,-22.832071871999997],[-45.833268991,-22.834695693999993],[-45.829491143,-22.834888966],[-45.82560469199999,-22.833642972999993],[-45.823365982,-22.829887027999998],[-45.816505178999996,-22.832153642999995],[-45.815187187,-22.834403185999992],[-45.809802012,-22.829386584999998],[-45.802376922,-22.83461554799999],[-45.800594462,-22.847629359999996],[-45.79237849999999,-22.855227921999997],[-45.791883689,-22.858327931000005],[-45.789166429999995,-22.858124299999997],[-45.781884145,-22.855257220000002],[-45.7794691,-22.850691232],[-45.77031974399999,-22.846807396],[-45.767915730999995,-22.844385463000005],[-45.766959357,-22.840812269],[-45.770945138,-22.805926762000002],[-45.766823599999995,-22.802458682000008],[-45.75902125499999,-22.801029612999994],[-45.754917279,-22.792912238],[-45.750771099999994,-22.79338892],[-45.748644513,-22.792296364000002],[-45.74290384999999,-22.795357047],[-45.741706877,-22.807916706],[-45.728774593,-22.810186464],[-45.72277547499999,-22.816317436000006],[-45.717161742,-22.817023107999997],[-45.713580926999995,-22.814785660000002],[-45.71304469599999,-22.810615699],[-45.714328555,-22.808629130999993],[-45.720307427,-22.808265901000002],[-45.722248998999994,-22.802985609999993],[-45.725632723,-22.800022362999993],[-45.728689722,-22.800940777999998],[-45.730333561,-22.798594238],[-45.729028963999994,-22.785237528],[-45.725104735,-22.784262032999997],[-45.724238379,-22.78068465300001],[-45.72249470599999,-22.779460058999998],[-45.716803203,-22.779979208999993],[-45.715104098,-22.77470150299999],[-45.71191762699999,-22.773227728000005],[-45.71407997000001,-22.76184810399999],[-45.713412246,-22.756947159],[-45.717754675,-22.755181512999997],[-45.716548943,-22.750401689000004],[-45.71731997999999,-22.748141173999993],[-45.723545018,-22.738397199999998],[-45.724167695,-22.733850299999997],[-45.726669903,-22.732686186],[-45.72719595900001,-22.729248534999996],[-45.730441548,-22.726480252000005],[-45.728140305,-22.723683627999993],[-45.732557095,-22.722002681999996],[-45.746691587,-22.723164638999993],[-45.748801310999994,-22.721792630999992],[-45.752103821,-22.722625065],[-45.756463756,-22.721039982999994],[-45.763612684,-22.725489857999996],[-45.770244172,-22.727190465],[-45.77596539999999,-22.732094178999994],[-45.78201399799999,-22.731789650999996],[-45.79030008499999,-22.735135707],[-45.795633911,-22.739021394000005],[-45.80145566,-22.738617678],[-45.80583733699999,-22.736977660000004],[-45.815188507,-22.730194621999996],[-45.819821876999995,-22.723299585999996],[-45.817693013,-22.716144518999997],[-45.81799154800001,-22.711367554999995],[-45.81164102899999,-22.69870766],[-45.792798888,-22.693027906000005],[-45.787858892,-22.693356526],[-45.778883053,-22.683566779999996],[-45.769524202,-22.678886991000002],[-45.761077803,-22.677242212999996],[-45.75548355,-22.671073994000004],[-45.750551905,-22.671242499999995],[-45.747286206999995,-22.666792377999997],[-45.747858398,-22.66452405],[-45.742806738,-22.659166862],[-45.73740553599999,-22.658919319999995],[-45.73223007,-22.656835638],[-45.72699400999999,-22.660295717999997],[-45.716182812999996,-22.661992421999997],[-45.708732714,-22.659060807],[-45.704303218,-22.655091001],[-45.693992663,-22.651709887999996],[-45.69795521199999,-22.649770347],[-45.697244674,-22.644992973],[-45.699664453,-22.642426386999997],[-45.708716809,-22.639467781],[-45.717469435999995,-22.621009824999998],[-45.72060296800001,-22.619773684],[-45.728845022,-22.620479559999996],[-45.730712857,-22.611881668],[-45.736690041,-22.610150418],[-45.737428896,-22.608538736999993],[-45.735123172,-22.603582105999994],[-45.734599669,-22.597448977999996],[-45.727589315,-22.59432812],[-45.72924525399999,-22.591572917000004],[-45.726793691,-22.587023008000003],[-45.720769440000005,-22.585522888],[-45.717197233,-22.582105145999993],[-45.71845477299999,-22.577991391],[-45.705484434999995,-22.581221541999994],[-45.70178389499999,-22.585139113],[-45.695439199999996,-22.586338562999998],[-45.67972139199999,-22.573418787000005],[-45.67429460799999,-22.575919478],[-45.660573729999996,-22.57784078399999],[-45.65988277,-22.580081801],[-45.663075568,-22.586699529000004],[-45.658859594,-22.598110064],[-45.664404066,-22.600084304],[-45.664995658,-22.604367739999997],[-45.668133567,-22.609647359999997],[-45.66610760999999,-22.612695242000004],[-45.67063612599999,-22.61752117],[-45.675536958,-22.626205177999996],[-45.67369192500001,-22.629044752000002],[-45.674418743,-22.630699145999994],[-45.68107834399999,-22.636335683999995],[-45.673353250999995,-22.642590479],[-45.67216221499999,-22.646945295],[-45.66618475599999,-22.651201172999997],[-45.659414071,-22.648449723999992],[-45.647699988,-22.648233682000004],[-45.644079755,-22.646302372000005],[-45.631581407,-22.643579059],[-45.62465916899999,-22.639016223999995],[-45.61812805499999,-22.637914131999995],[-45.605078814,-22.620432165],[-45.60104846,-22.618933322000004],[-45.58999297,-22.619058018],[-45.584779078,-22.615508674000008],[-45.588468983999995,-22.611665921],[-45.587997627,-22.61042261],[-45.58399127999999,-22.606996138999996],[-45.579386758999995,-22.605385507000005],[-45.576519593,-22.601702747000004],[-45.575409699,-22.606666186999995],[-45.572719175,-22.609316759999995],[-45.56365898499999,-22.612748338999992],[-45.55535543799999,-22.626440967999994],[-45.55993925399999,-22.627602345999993],[-45.572833608,-22.641224246],[-45.57732645899999,-22.640528168000003],[-45.581988298,-22.644666668999996],[-45.58436953299999,-22.651688578999998],[-45.576768877,-22.654031281],[-45.573577014,-22.656970079999997],[-45.571101645999995,-22.655608742999995],[-45.56596527699999,-22.65652275],[-45.559161218,-22.653594627999997],[-45.55408255799999,-22.654315018000002],[-45.544790649,-22.65083875599999],[-45.53990821899999,-22.652579786999993],[-45.538445788,-22.650017417999994],[-45.53304695599999,-22.64675425500001],[-45.52493101499999,-22.646874655],[-45.516459648,-22.64143020299999],[-45.514214822,-22.637362531],[-45.50831521999999,-22.634318059],[-45.507461737999996,-22.631719482999994],[-45.50459743,-22.630675694000004],[-45.49912848599999,-22.625011205999996],[-45.488800491,-22.628785222999994],[-45.48561683799999,-22.623578465999998],[-45.48352316799999,-22.615676523999994],[-45.477381752,-22.608669925000004],[-45.476824134999994,-22.602410662999993],[-45.474774244,-22.599509915],[-45.478544248999995,-22.591118373],[-45.481285413,-22.591195363999997],[-45.47385657699999,-22.588894225],[-45.458029647,-22.600089718999996],[-45.45170849200001,-22.606350419000005],[-45.448051385,-22.604612651999997],[-45.445378279,-22.608647462999993],[-45.43749291499999,-22.611741764],[-45.435547152999995,-22.618320715999996],[-45.42613736,-22.621160671000002],[-45.412931697,-22.622215528],[-45.413096532999994,-22.628503641],[-45.408796201,-22.633489440000005],[-45.411739175,-22.641063772],[-45.40874385499999,-22.644077931],[-45.410521091999996,-22.651671025000002],[-45.406081645,-22.65330928299999],[-45.39787648299999,-22.653423817999997],[-45.393304463999996,-22.649767184999998],[-45.3864322,-22.648632542000005],[-45.381251533,-22.642309464999993],[-45.375352145,-22.640757793],[-45.37059793099999,-22.637315922999996],[-45.364983954,-22.639345453999997],[-45.36095817999999,-22.638761397],[-45.355075935,-22.634067512000005],[-45.353860663999995,-22.630576114999993],[-45.348953579,-22.626511156999996],[-45.335797035,-22.622751776],[-45.332961986,-22.617639217],[-45.323326052999995,-22.616511202000005],[-45.31732709199999,-22.61432462],[-45.301265662999995,-22.615645294999997],[-45.293852668999996,-22.613668590000003],[-45.275865229,-22.6169584],[-45.274239997,-22.616238469000002],[-45.27110562399999,-22.611778383],[-45.266120183999995,-22.610949770999998],[-45.261406943999994,-22.607115589999996],[-45.264215801,-22.604573010000003],[-45.260631667999995,-22.601201913000004],[-45.26048698599999,-22.596600352999996],[-45.257126517,-22.590299156999997],[-45.26068100399999,-22.585706372999997],[-45.26017290499999,-22.58205342099999],[-45.254540681,-22.581624257999994],[-45.24371043399999,-22.575799372],[-45.240937165999995,-22.57574003099999],[-45.229961239,-22.569693484],[-45.223095438,-22.563630669999995],[-45.212352171000006,-22.562871707],[-45.20373699799999,-22.5572993],[-45.197202925999996,-22.555759255999998],[-45.193226911,-22.556298434999995],[-45.191596419999996,-22.555782769000004],[-45.190011967,-22.552356469000003],[-45.17804560199999,-22.549876920999996],[-45.176769739,-22.549011471],[-45.177186265,-22.546705826],[-45.164515268,-22.537928714999993],[-45.16676238699999,-22.530690164999996],[-45.161823053,-22.522799250999995],[-45.160009339,-22.516916784],[-45.155095409999994,-22.512617163999995],[-45.15202315,-22.511697759],[-45.15032328299999,-22.507355432999997],[-45.143827916999996,-22.506740222999994],[-45.139595534,-22.501693100999997],[-45.136076208999995,-22.502085088999998],[-45.128459401,-22.497110264000003],[-45.12212744699999,-22.497337763],[-45.11656434799999,-22.493529432],[-45.112000984,-22.493476211000004],[-45.103402513,-22.490308392],[-45.097323977,-22.485068418999997],[-45.091125487,-22.483097822999998],[-45.082645803,-22.486367723999997],[-45.0715369,-22.477369470999996],[-45.06581731,-22.477064551000005],[-45.06068714199999,-22.472554427],[-45.054928890999996,-22.470503962],[-45.04054431,-22.469271607],[-45.02840338699999,-22.463197655],[-45.025148884,-22.464871435999996],[-45.027149903,-22.470226841999995],[-45.024622050999994,-22.468772423],[-45.00978929099999,-22.466368707999997],[-44.99823627899999,-22.469164359],[-44.991814135999995,-22.466172921999995],[-44.988483122,-22.469354421999995],[-44.981598102999996,-22.468059285],[-44.969848411,-22.471944638999997],[-44.965859118,-22.475192826999994],[-44.95992549599999,-22.46665976099999],[-44.95164636399999,-22.463083247999997],[-44.942318646,-22.456070105999995],[-44.940070217,-22.452669116],[-44.935563406,-22.453091548000003],[-44.931301679,-22.451794658],[-44.914090146,-22.455063983],[-44.908258312,-22.452157437999993],[-44.90362452899999,-22.45422675399999],[-44.897841065,-22.452910335],[-44.897682165,-22.449113824000005],[-44.889711143999996,-22.435853170999998],[-44.88973083399999,-22.432123987],[-44.882927284,-22.429066905000003],[-44.87528993299999,-22.428565511],[-44.87150584399999,-22.424085751999996],[-44.859599404,-22.423043174999997],[-44.854511398,-22.428001346],[-44.849819618,-22.426531871000005],[-44.84465036,-22.42778105],[-44.839683682,-22.427231944],[-44.83493345499999,-22.431101271],[-44.83295260799999,-22.430989947],[-44.830231356,-22.428143397000003],[-44.828180639,-22.422800256],[-44.824134201,-22.419336895000004],[-44.816394332,-22.418130098999992],[-44.807983895999996,-22.41411121499999],[-44.807673598,-22.409666101],[-44.80965225199999,-22.405874243999993],[-44.805386952999996,-22.403847904],[-44.79979835499999,-22.407355231999997],[-44.793792217,-22.409076777],[-44.783597842,-22.407933362999998],[-44.77848459599999,-22.408896913999996],[-44.776351934999994,-22.412083058000007],[-44.77008242699999,-22.415526147999998],[-44.761551784,-22.417042135999992],[-44.755333665,-22.415269200999997],[-44.74916524099999,-22.420978292999994],[-44.74144567700001,-22.424827631999996],[-44.733942822,-22.43289577],[-44.733852891,-22.436030524],[-44.730223514,-22.439634205999994],[-44.731508249,-22.441432836],[-44.728810305,-22.448614506000002],[-44.726992404,-22.45056088],[-44.72421737599999,-22.450830675000002],[-44.725013911999994,-22.456567017999998],[-44.72331163799999,-22.462149193],[-44.71924545,-22.463421080999996],[-44.719345016999995,-22.466989432999995],[-44.71769599099999,-22.467359087000006],[-44.717960715000004,-22.470718376999997],[-44.721365264,-22.470724800999996],[-44.721084634,-22.472484341999998],[-44.722765625,-22.473380990999996],[-44.72382232,-22.47616565499999],[-44.72248298299999,-22.479335738999993],[-44.72496894599999,-22.483793771],[-44.72201687199999,-22.485078283],[-44.720074326,-22.492771471999998],[-44.712266125999996,-22.492822247999996],[-44.71125367399999,-22.496259762000005],[-44.710241066,-22.501110365999992],[-44.71368959699999,-22.503078932],[-44.714411877,-22.505968051000004],[-44.712790287999994,-22.509367015],[-44.717177386,-22.510476647],[-44.715289073,-22.512571493999996],[-44.716220807,-22.514236191000006],[-44.714543194,-22.514949255999994],[-44.70823274499999,-22.511950339],[-44.704086094,-22.512428972999995],[-44.701387610000005,-22.510745297000003],[-44.69886571899999,-22.511465836999992],[-44.700145299,-22.513167804],[-44.69695346,-22.515442182999994],[-44.697463255,-22.518033637999995],[-44.688860474,-22.519807297],[-44.686537971,-22.524018571999996],[-44.68082089999999,-22.52569143],[-44.678753072999996,-22.530615015],[-44.671007247,-22.536664736],[-44.66992646,-22.539268285],[-44.674922743,-22.542946882000003],[-44.67712438299999,-22.547528433000004],[-44.67884438,-22.558901235000004],[-44.677426102,-22.561500142000003],[-44.674922457,-22.561342093],[-44.667873632,-22.554073763],[-44.661532701,-22.550936128999997],[-44.659398047,-22.554240613000005],[-44.655650524,-22.554169127999995],[-44.650352661999996,-22.557013233000003],[-44.64808529399999,-22.552493929000004],[-44.64442761299999,-22.555598615999994],[-44.64162335499999,-22.560202437],[-44.642898536,-22.564496470999998],[-44.642368184,-22.577634845000002],[-44.64650333,-22.58152393999999],[-44.647120179,-22.584641311],[-44.643448401,-22.600485464],[-44.646116541,-22.603386614],[-44.64024855299999,-22.608057923000004],[-44.63309875299999,-22.609327368999995],[-44.624872278,-22.606929622999996],[-44.62298720799999,-22.605123426999995],[-44.61729256299999,-22.613259197999998],[-44.612784959,-22.617344830000004],[-44.610797354999995,-22.617384265999995],[-44.604605808,-22.613700887999993],[-44.602076008,-22.607771538999994],[-44.596955108,-22.609993846999995],[-44.596884215,-22.613739476999996],[-44.59289082,-22.616916245000002],[-44.59326772499999,-22.621681397],[-44.591831897999995,-22.623547972999994],[-44.589157669,-22.623494129],[-44.58365665499999,-22.626213227],[-44.583776997,-22.622855120000004],[-44.579721633,-22.616433606999994],[-44.58086238,-22.614541532],[-44.57990625699999,-22.611785646999994],[-44.57584037,-22.606632130999998],[-44.574057033,-22.601733571],[-44.57221381099999,-22.601431907],[-44.571607926,-22.605749799999998],[-44.564086764,-22.611992721999997],[-44.55508540100001,-22.610256872999997],[-44.553056859,-22.605611157999995],[-44.550278977999994,-22.603761208000005],[-44.54944561399999,-22.606190376],[-44.546029412,-22.606961680999998],[-44.545787086,-22.609497235999996],[-44.541383142,-22.611924192999993],[-44.53753784500001,-22.61819408999999],[-44.535628641,-22.618341986000004],[-44.53299406000001,-22.615836123],[-44.530650593,-22.619119341],[-44.526303901,-22.619291592],[-44.528490989,-22.623663471],[-44.534184941,-22.626404473],[-44.53781249,-22.633038414999994],[-44.53500486699999,-22.638107045],[-44.531231432,-22.639496735],[-44.534532788,-22.633088106999995],[-44.532271782,-22.630727716],[-44.526684359,-22.629928145999994],[-44.521463674,-22.631796104],[-44.515599965,-22.63010656000001],[-44.510724935,-22.640135787],[-44.508588431999996,-22.640947013999998],[-44.500370239,-22.628688173],[-44.49552086799999,-22.625619843999992],[-44.495938208,-22.622874807],[-44.491144189,-22.620685690999995],[-44.492990035,-22.6180119],[-44.485174996,-22.611051631000002],[-44.48560238099999,-22.609802779],[-44.488916001999996,-22.609175577999995],[-44.488666230999996,-22.606755579999998],[-44.484903826,-22.603901835],[-44.478469642,-22.612848922999994],[-44.471846852,-22.613427268],[-44.464876737,-22.615969573],[-44.454609235999996,-22.609468646999996],[-44.446725759,-22.610512542000002],[-44.44527656299999,-22.606330298000003],[-44.44232507,-22.60431249799999],[-44.439301859,-22.604730057999994],[-44.43147450499999,-22.598651763999992],[-44.415439386,-22.602104401000005],[-44.40661965699999,-22.608848413000004],[-44.403484765,-22.606095597],[-44.40179423599999,-22.606685862999996],[-44.398151395,-22.602902435],[-44.401124383,-22.60329525],[-44.405945669999994,-22.598999095],[-44.404928485999996,-22.591432240000003],[-44.40965053499999,-22.588430307000007],[-44.40352262199999,-22.588029221999996],[-44.400942447999995,-22.585267112999997],[-44.400247785999994,-22.582190751999992],[-44.395702277999995,-22.581562141000003],[-44.392370138,-22.57249399699999],[-44.389598553,-22.574198521000003],[-44.382397778,-22.573494188],[-44.371213883,-22.580406234000005],[-44.363845746,-22.577955540999994],[-44.359808366,-22.581173881999998],[-44.3605182,-22.583171693999997],[-44.361584412,-22.582648364999997],[-44.364240812,-22.584485367999996],[-44.364613394,-22.586637351999997],[-44.37042054,-22.58974648799999],[-44.36575338600001,-22.594038518999998],[-44.362251062,-22.591839279000002],[-44.35986161,-22.593054087000002],[-44.362744862,-22.605910298999998],[-44.359842658999995,-22.609386879],[-44.361190306,-22.612841790999994],[-44.35602369299999,-22.614899292],[-44.35264939099999,-22.610043589999997],[-44.34919505999999,-22.609031252999998],[-44.34854738599999,-22.606011634999998],[-44.351829965,-22.600236609000003],[-44.350166674,-22.598203814999998],[-44.35014838499999,-22.595314170000005],[-44.345239111,-22.596639261999997],[-44.347384183,-22.590906068],[-44.344990275,-22.587848741],[-44.340242474,-22.590204874999998],[-44.333662754,-22.591103310999998],[-44.32897239099999,-22.588262668999995],[-44.326488481,-22.588447641],[-44.320093733,-22.595469971999997],[-44.315390158,-22.597689637],[-44.31326297999999,-22.595767249000005],[-44.304238986,-22.599096745999997],[-44.299155558,-22.599582297000005],[-44.295429692999996,-22.598462556],[-44.29527775099999,-22.601706172999997],[-44.285690584,-22.60973097999999],[-44.283360267,-22.60806789],[-44.283333842,-22.604381660999998],[-44.27444197199999,-22.601686354],[-44.272043941,-22.602066208],[-44.26873561099999,-22.598774253],[-44.267921707,-22.602158694],[-44.264314752,-22.604107506000002],[-44.260337853,-22.609590606],[-44.253388189,-22.612470884999997],[-44.248975285,-22.609590606],[-44.249358441,-22.607278456000003],[-44.248235396,-22.606485718],[-44.24560615099999,-22.606419656999996],[-44.241933135,-22.609299936000003],[-44.238094965,-22.607549307999992],[-44.232638289,-22.609154600999997],[-44.226369058,-22.604560026999998],[-44.224400427,-22.607955584999996],[-44.224435109,-22.611534463999995],[-44.219364037,-22.617536626999996],[-44.216387873,-22.617115869],[-44.214898884,-22.614202580000004],[-44.21003388700001,-22.615607339],[-44.207425939,-22.612021667],[-44.20394578999999,-22.615971023],[-44.204351042,-22.618823395],[-44.202583367,-22.622861983999993],[-44.204367768,-22.626343750999997],[-44.19850254699999,-22.630490459999994],[-44.191205395,-22.629934905999995],[-44.189779265999995,-22.633184132999993],[-44.184276292999996,-22.637299137999996],[-44.186163660999995,-22.641417534999995],[-44.18916123299999,-22.642456958999993],[-44.191060165,-22.645058294000002],[-44.190126752,-22.648583983],[-44.18110626699999,-22.654322576],[-44.175191043,-22.655754214],[-44.171449753,-22.659428447],[-44.165533159999995,-22.673649499999993],[-44.161365163999996,-22.678258449],[-44.168085983,-22.683092413999997],[-44.167424282999995,-22.687139603999995],[-44.176812985,-22.692621393999996],[-44.17386083699999,-22.702107966999996],[-44.17606108499999,-22.705657947999992],[-44.185231868,-22.712018329],[-44.201058864,-22.715143052000002],[-44.20370685799999,-22.71741752],[-44.202608553999994,-22.725570883000003],[-44.199182267999994,-22.727196444999997],[-44.200394529,-22.729954895],[-44.198960308,-22.735287341000003],[-44.204392179,-22.734988299999994],[-44.20561651999999,-22.736470667999992],[-44.209351396,-22.737025352000003],[-44.218330996999995,-22.732371470000004],[-44.227046522,-22.733738989999992],[-44.22952794199999,-22.735541766999997],[-44.23211166,-22.741876289],[-44.235111684,-22.745143262],[-44.242499891,-22.748650855999994],[-44.238777532,-22.755724762],[-44.242638383999996,-22.754611026],[-44.246164697,-22.757443504],[-44.250472777999995,-22.757567505],[-44.251976582,-22.764692035],[-44.257105387,-22.766282988999997],[-44.258574682,-22.770700873],[-44.25445805999999,-22.773932279999993],[-44.257102794999994,-22.778029984],[-44.253756063999994,-22.780756347],[-44.256610426,-22.784990717999996],[-44.256523238,-22.787490623999997],[-44.25072970499999,-22.788303276],[-44.24786378299999,-22.790871439000004],[-44.242491539,-22.788233080999998],[-44.240140686,-22.792657986000002],[-44.241540664,-22.798327776000004],[-44.246379172,-22.803966146999993],[-44.25818211599999,-22.806541178999996],[-44.25934233,-22.804299329],[-44.26131146,-22.806259213],[-44.26371046999999,-22.81779665099999],[-44.26587374,-22.818942998000004],[-44.267343653,-22.825284890000002],[-44.269516167,-22.827411180999988],[-44.267678747,-22.829243597000005],[-44.272252609999995,-22.832107508999997],[-44.274804159,-22.831848655999995],[-44.283364789,-22.836156704],[-44.284178326,-22.833013493999996],[-44.28647102099999,-22.832070528999992],[-44.285657484,-22.828243205999996],[-44.291167349,-22.829334086999996],[-44.29652163,-22.827876577999998],[-44.30137354299999,-22.831016630000004],[-44.30817767199999,-22.832551256999995],[-44.316459062999996,-22.839077035],[-44.318095590999995,-22.841590598999996],[-44.318056695,-22.845094991],[-44.32243435099999,-22.849666669999998],[-44.32378059199999,-22.849232658000002],[-44.32106639399999,-22.847083765999997],[-44.320518006,-22.839914875999998],[-44.325273962,-22.837761235999995],[-44.329087699999995,-22.841664707999996],[-44.332273291999996,-22.842965864999993],[-44.33788173,-22.840812226],[-44.339990504,-22.841395502999998],[-44.341365126,-22.845503115],[-44.34511603299999,-22.845603910999994],[-44.374223269,-22.858086229],[-44.381195879,-22.858351333999995],[-44.38743789,-22.856487810999997],[-44.392059244,-22.852494603000004],[-44.40053572899999,-22.855097512000004],[-44.403394192,-22.852925670999998],[-44.40314949199999,-22.848538995999995],[-44.410679259,-22.846358972],[-44.41819532299999,-22.848112310999998],[-44.423059173999995,-22.850496486000004],[-44.432664336,-22.861075514000003],[-44.433292480999995,-22.86883759199999],[-44.437644631,-22.873100005],[-44.444329888999995,-22.876532367999996],[-44.452305088,-22.877227816],[-44.458258257999994,-22.883306547999993],[-44.46619158,-22.885371268],[-44.46991558399999,-22.880503143999995],[-44.470723199,-22.876150996],[-44.477329939,-22.873615980000007],[-44.476026895,-22.867800774999992],[-44.480134159,-22.866504480999993],[-44.478796747,-22.861776821000003],[-44.475333336,-22.857239341999996],[-44.47872083200001,-22.850868156000004],[-44.481973726,-22.849589432],[-44.484943183,-22.846201015],[-44.490733146,-22.848032444999998],[-44.495412635,-22.846956252999995],[-44.500993766,-22.850488513999995],[-44.50527847899999,-22.851549342000002],[-44.50908109099999,-22.856269243000003],[-44.511786357999995,-22.857564922999998],[-44.51167245199999,-22.860426810999996],[-44.515402873,-22.861822159999992],[-44.518421382,-22.865324768999997],[-44.523705555,-22.865565143999998],[-44.530609323,-22.868086989],[-44.538895983,-22.873696858999995],[-44.544989953,-22.880673599999998],[-44.543651558,-22.884945075],[-44.555953404,-22.888091727999996],[-44.562403331,-22.883649393999992],[-44.566204943,-22.882695432],[-44.569863485,-22.884001295000004],[-44.575729535,-22.878017522],[-44.58289217,-22.883734824000005],[-44.587441289999994,-22.882688311999992],[-44.59280910999999,-22.884439616999998],[-44.59977873199999,-22.890768517999998],[-44.60233449799999,-22.890191868999995],[-44.60731076599999,-22.885236958999997],[-44.622717419,-22.900946845000004],[-44.62975544099999,-22.905697799000002],[-44.631700742,-22.904981451],[-44.635367586,-22.90639468],[-44.640179455,-22.912261046999994],[-44.638673491,-22.914153772999995],[-44.639672362999995,-22.915587812],[-44.65506328299999,-22.923356403000003],[-44.65899404799999,-22.927931211000004],[-44.66402713099999,-22.926689082000006],[-44.671612056,-22.92206628],[-44.671657761999995,-22.919286785000004],[-44.673332433999995,-22.917957805000004],[-44.67860725,-22.926215196],[-44.680148204000005,-22.925772055999992],[-44.682563977,-22.930335177],[-44.687223706999994,-22.932519676],[-44.687734766999995,-22.936770009999993],[-44.695716618,-22.932053795999995],[-44.700310339999994,-22.932890901000004],[-44.701027972,-22.935196685],[-44.703545231999996,-22.93610204],[-44.70663497299999,-22.931606414000008],[-44.710133084999995,-22.931720337],[-44.71082117500001,-22.930100990999996],[-44.713434415,-22.929875376000005],[-44.716720331,-22.934930069999997],[-44.719473654,-22.934920505999997],[-44.727865098,-22.941820411],[-44.734601317,-22.945130835],[-44.743820658,-22.947205612999998],[-44.745086732,-22.95188968799999],[-44.74912749799999,-22.953725402],[-44.748247808,-22.95687069],[-44.751766148,-22.962638193],[-44.749423756,-22.966055612],[-44.749369708,-22.969973325000005],[-44.751030984,-22.972011044],[-44.756790113,-22.974319884000003],[-44.75660851799999,-22.976550898],[-44.75435156299999,-22.978600317999998],[-44.75525953299999,-22.980312491],[-44.759343338,-22.979095374999996],[-44.764840455999995,-22.983313811],[-44.769912241,-22.980883427],[-44.77306535900001,-22.981455253],[-44.776739527,-22.978055535000003],[-44.783468366,-22.978954973999993],[-44.787562456,-22.982545376000004],[-44.789762422,-22.981350171999996],[-44.79189818199999,-22.981875898000002],[-44.793647320000005,-22.986329059999996],[-44.79290140599999,-22.993413212000007],[-44.80125635499999,-22.996500363999992],[-44.80263587,-22.999661977999995],[-44.799635198,-23.006478718],[-44.795488649,-23.007052351000002],[-44.792817156999995,-23.00983857],[-44.798635436999994,-23.020262307],[-44.795865608,-23.025310279999996],[-44.798438763,-23.029719061],[-44.801962511,-23.031587466999998],[-44.800585791,-23.035291499000003],[-44.803044219,-23.040060850000003],[-44.801274151,-23.04451879999999],[-44.802208353,-23.048780076],[-44.803404789,-23.050812376999993],[-44.804617613,-23.049288151999992],[-44.80650240799999,-23.049861785],[-44.811894561,-23.054516409],[-44.80699409399999,-23.063055350999992],[-44.814795507,-23.067677195999998],[-44.811402876,-23.071364838999994],[-44.81407436799999,-23.081378837000003],[-44.81792590599999,-23.085722060999995],[-44.818843719,-23.091458394000004],[-44.812533753,-23.091687846999992],[-44.811189812,-23.096293303000003],[-44.812877932999996,-23.098227267000002],[-44.808813331,-23.099472870999996],[-44.809337795999994,-23.101390444999996],[-44.81643445899999,-23.107831527],[-44.815270803,-23.112453373],[-44.81297626999999,-23.112731994999997],[-44.810599789,-23.11553460299999],[-44.814893844,-23.120402291000005],[-44.81441854799999,-23.127466176],[-44.819253457,-23.131596335],[-44.819302626,-23.133825310999995],[-44.81584443599999,-23.137332668],[-44.81605749999999,-23.140315562],[-44.823481953999995,-23.141200596],[-44.82548147599999,-23.143740972],[-44.821252979,-23.153525516999995],[-44.822727177,-23.160076943000004],[-44.82515368499999,-23.16304783],[-44.82844798,-23.16201528999999],[-44.83351234199999,-23.166833809999996],[-44.83810140899999,-23.167243548],[-44.839363402,-23.165850438],[-44.842903539000005,-23.166686304000002],[-44.84528001999999,-23.168980837000003],[-44.844853891999996,-23.172389857999992],[-44.847918733,-23.174143537000003],[-44.85273725199999,-23.173897693999997],[-44.85308143200001,-23.176601965000003],[-44.856359337,-23.176683913],[-44.860456718,-23.180977968],[-44.87273247,-23.182502192999998],[-44.874748382,-23.184698388999994],[-44.87412558,-23.189713582999996],[-44.876832374,-23.194487877999997],[-44.874900123,-23.196746051999998],[-44.883720724,-23.204805127],[-44.883482367999996,-23.211007931999998],[-44.88011470499999,-23.213309707999993],[-44.88257019499999,-23.217614217999998],[-44.88760711900001,-23.221683081999995],[-44.88932055099999,-23.22659492],[-44.885950801,-23.235790336999997],[-44.88086761999999,-23.236589937999998],[-44.878310884,-23.242875326],[-44.871992799,-23.248955073000005],[-44.869464134,-23.249834006000004],[-44.852121860000004,-23.248898835],[-44.842130151,-23.255722440000003],[-44.836431316,-23.255834916999994],[-44.8362626,-23.257896996],[-44.83999308799999,-23.263389624],[-44.834519206,-23.267401304000003],[-44.82848294000001,-23.269557112999994],[-44.828848581,-23.2762455],[-44.823758905,-23.280692338],[-44.82718595499999,-23.288842451],[-44.826720800000004,-23.291621355000004],[-44.81884870599999,-23.289737653999993],[-44.807149798999994,-23.283485517000003],[-44.80716210599999,-23.286876001999996],[-44.80536440699999,-23.290049087000007],[-44.787421385,-23.299106885],[-44.786260017,-23.301400193999992],[-44.788005010999996,-23.305780516999995],[-44.786784562,-23.310087649],[-44.778374428999996,-23.315035319999996],[-44.781611136,-23.325896873999998],[-44.776257276,-23.332387816],[-44.77715015599999,-23.338498794999992],[-44.770752550999994,-23.338254166000002],[-44.763399523,-23.341589145999993],[-44.759944000999994,-23.341227521000004],[-44.75642820899999,-23.350207859],[-44.74146098100001,-23.358886841999993],[-44.735755352,-23.365637162999995],[-44.73254091399999,-23.365918426000004],[-44.728080881,-23.368931961999998],[-44.723774369,-23.367348202999995],[-44.72398720099999,-23.368606869],[-44.728122987,-23.370276974999992],[-44.732010772,-23.369045271],[-44.735174377999996,-23.369548162999997],[-44.736138756,-23.367869622999997],[-44.741838662999996,-23.365880456999996],[-44.746446342,-23.367486354000004],[-44.75057183199999,-23.366038806],[-44.766039887999995,-23.372629242],[-44.769232005999996,-23.372279328000005],[-44.785062841999995,-23.37803419500001],[-44.782627863,-23.373920846000004],[-44.784239687,-23.373147928],[-44.784565675,-23.370466519000004],[-44.787108804999995,-23.369672867000006],[-44.789276864,-23.371648103999995],[-44.790887022,-23.369078538999993],[-44.794681101,-23.370344677000002],[-44.796592102,-23.368981213000005],[-44.80009800799999,-23.37046131299999],[-44.802154631,-23.373126987],[-44.79967334599999,-23.375598378999996],[-44.806126122,-23.379176553000004],[-44.819117122,-23.381206663999993],[-44.826407047,-23.383778846000002],[-44.826440607,-23.387614722000002],[-44.829615129,-23.387591832000002],[-44.82969971899999,-23.385516838999994],[-44.83199353599999,-23.384945338000005],[-44.83453984199999,-23.386979290000003],[-44.838573019,-23.386452681999998],[-44.840269402,-23.388403617999998],[-44.84201058,-23.388144766999993],[-44.84418024099999,-23.387261597],[-44.843679109,-23.383065544999994],[-44.842228479999996,-23.380697410999996],[-44.83857051,-23.379399269000004],[-44.838458181,-23.376924609],[-44.840004662999995,-23.37517246199999],[-44.836835381,-23.372293759999998],[-44.83686513300001,-23.369588056000005],[-44.84318807399999,-23.363923991999997],[-44.849870452,-23.361074723999998],[-44.865167849,-23.356958834000004],[-44.870568501,-23.358734187999996],[-44.874731129999994,-23.364411907999997],[-44.876463831,-23.362879716999995],[-44.882231086,-23.363316458000003],[-44.884936651,-23.366785365000002],[-44.884783417,-23.369752781999996],[-44.89068379599999,-23.372479580000004],[-44.89217036699999,-23.369820387],[-44.88730679799999,-23.364964043],[-44.889139686,-23.359666590000003],[-44.89074376799999,-23.359019124000003],[-44.887601867,-23.354025549999992],[-44.884017286,-23.351305926999995],[-44.882631921,-23.35156038999999],[-44.882841043,-23.346393991999992],[-44.887642498,-23.338717078],[-44.900655947999994,-23.334863647999995],[-44.908010600999994,-23.334071645000005],[-44.912035523,-23.336725321],[-44.910963524,-23.338604630999995],[-44.912895782,-23.342856958999995],[-44.92102993,-23.350919576],[-44.925415439999995,-23.353228427000005],[-44.926902502,-23.352458479],[-44.94215038,-23.357061445999996],[-44.943841465,-23.360287001999996],[-44.94848955,-23.364064442999993],[-44.947586222,-23.36710904],[-44.95068525799999,-23.372723414999996],[-44.94928353699999,-23.37416573999999],[-44.949334111999995,-23.378644317],[-44.960763354,-23.380454411],[-44.961660963,-23.381813806999997],[-44.960399411,-23.38317052499999],[-44.96316865600001,-23.384737033999997],[-44.96309472600001,-23.386344685999997],[-44.966837818,-23.386321379999995],[-44.97175992399999,-23.389531556],[-44.972614885,-23.391934896],[-44.97061146000001,-23.393945674000005],[-44.973739627,-23.39507362599999],[-44.97765301599999,-23.400621884999996],[-44.98121557499999,-23.401161486999996],[-44.980615402,-23.399797494],[-44.98335524299999,-23.397117276999996],[-44.988043082,-23.399135682999997],[-44.99277482699999,-23.397309177999997],[-45.008856512,-23.405932561999997],[-45.008981323,-23.412471908999997],[-45.012490306,-23.413062270999998],[-45.011618662,-23.415756195999993],[-45.013520618,-23.418258785999996],[-45.02301382899999,-23.418748321999995],[-45.023046002,-23.41422636],[-45.030450990999995,-23.415001689],[-45.032270973,-23.413851627],[-45.03904905699999,-23.419944319999995],[-45.03887089700001,-23.423071455999995],[-45.042000468,-23.421991498],[-45.043940604999996,-23.425609062999996],[-45.047951382,-23.425285485999996],[-45.04802107599999,-23.423635098],[-45.044948010000006,-23.420761909999996],[-45.048903036999995,-23.417345496999992],[-45.05453179700001,-23.416838599],[-45.06139642899999,-23.420221613999995],[-45.064630609,-23.426348463],[-45.059386587000006,-23.430090672],[-45.060359101,-23.431289127999996],[-45.06432014799999,-23.432214749999993],[-45.065199483,-23.431159357000002],[-45.068608453,-23.432609016],[-45.069377314,-23.437131273],[-45.06716391999999,-23.446781635],[-45.060043908,-23.456311227999997],[-45.055107156999995,-23.459189411],[-45.050226912,-23.456551236],[-45.044466275999994,-23.449358826],[-45.03757742199999,-23.447879211],[-45.03549684099999,-23.449337962999998],[-45.03627949300001,-23.45195912],[-45.03488340999999,-23.459669537999996],[-45.02996200100001,-23.459228552],[-45.02828657599999,-23.461346466000002],[-45.02207802099999,-23.45932736299999],[-45.01794498000001,-23.460855454000004],[-45.026512133,-23.46317055999999],[-45.030471349,-23.462670408],[-45.032447139,-23.465666415],[-45.032582964,-23.464474143999997],[-45.03503998299999,-23.464536019999997],[-45.038384283999996,-23.462200222],[-45.046573169999995,-23.461355107999996],[-45.051459516,-23.465617283],[-45.05215479499999,-23.467977280999996],[-45.053361119,-23.467853793999996],[-45.053496619,-23.465569110999997],[-45.056267696999996,-23.464924129],[-45.05839216,-23.465711982999995],[-45.05836194999999,-23.467731738000005],[-45.06058793399999,-23.466524555],[-45.062681158,-23.467946396999995],[-45.070835277,-23.478625886999996],[-45.073690137999996,-23.485451723999997],[-45.074282243,-23.488926935],[-45.072643109999994,-23.493291186],[-45.066798524000006,-23.492899266000006],[-45.06756553299999,-23.494869438000006],[-45.073461560999995,-23.498992798999996],[-45.073767276999995,-23.500881105],[-45.076938862,-23.502547441999994],[-45.07687901,-23.506878350999994],[-45.081053759999996,-23.509034534],[-45.081392229,-23.512796396000002],[-45.079773435999996,-23.513119003000003],[-45.081754329,-23.521542079999996],[-45.084170688,-23.520389886000004],[-45.083771014,-23.517173523],[-45.085017571,-23.51689038799999],[-45.08599231299999,-23.513144715],[-45.083350811,-23.496117483],[-45.08764330399999,-23.493529990999996],[-45.09858622099999,-23.492721424],[-45.104426189,-23.498097903999998],[-45.102823666,-23.495172105999995],[-45.102921402,-23.490061186],[-45.106793506,-23.488693655999995],[-45.107268381999994,-23.492700223999996],[-45.11028442799999,-23.495521707000005],[-45.116951656,-23.49832198],[-45.119170026999996,-23.501238437999998],[-45.12259938399999,-23.501085296999992],[-45.124066755,-23.502879474999993],[-45.123906523,-23.503840809999993],[-45.122430637,-23.503498343999997],[-45.122332718,-23.505240453999996],[-45.116746553,-23.505003263],[-45.113546222,-23.507753219],[-45.112052151,-23.508029851999996],[-45.111553504,-23.506866390999996],[-45.10753218599999,-23.50790637399999],[-45.10720399299999,-23.509870423999995],[-45.110144274,-23.511282859999998],[-45.110546119999995,-23.512835657],[-45.109593753999995,-23.514715622],[-45.106921832000005,-23.514343331],[-45.1088617,-23.517017974],[-45.107466864,-23.517468858],[-45.10571744300001,-23.523645983999995],[-45.112663061999996,-23.52644327999999],[-45.113168992999995,-23.519620675000002],[-45.116098443,-23.519011345999996],[-45.120410491,-23.521378732],[-45.12178551,-23.519767294],[-45.121705992,-23.516326665000005],[-45.127087332,-23.515128718999993],[-45.132440566999996,-23.509419288],[-45.137816001,-23.511803666000002],[-45.138725731,-23.510931497999998],[-45.138687106000006,-23.509099796999998],[-45.13492845399999,-23.508238108999997],[-45.134562108999994,-23.506632388999996],[-45.137798386,-23.501516015],[-45.142205456,-23.500242930999995],[-45.145742744,-23.501921175],[-45.143749919,-23.499922336000004],[-45.146621376999995,-23.496592128],[-45.15340831500001,-23.499393354],[-45.154744314000006,-23.497611392999996],[-45.15732697399999,-23.49737533],[-45.160215941,-23.500027181999997],[-45.16424709,-23.497499746999996],[-45.165503011,-23.492898701999994],[-45.16908171899999,-23.492789192999997],[-45.173885188,-23.49632319399999],[-45.174899848,-23.500659340000006],[-45.171133691,-23.502636092],[-45.173347154,-23.504278405000004],[-45.171931602,-23.505702077999995],[-45.173358978,-23.508605713999998],[-45.172672196,-23.511861601],[-45.16613625099999,-23.512662276999997],[-45.166441937,-23.51580098799999],[-45.162692307,-23.516868906],[-45.166663304,-23.521285726],[-45.16602441599999,-23.529330852],[-45.162015513,-23.532046582],[-45.15765586799999,-23.529435505999995],[-45.159756566,-23.533134685],[-45.15788098,-23.535236873],[-45.162013226,-23.541894466999995],[-45.165619096,-23.541721884999994],[-45.166023426,-23.540377819],[-45.169211443,-23.539203812],[-45.174426718,-23.543018517000004],[-45.178338497,-23.537792127999992],[-45.186522567999994,-23.540574463999995],[-45.185984714,-23.536795995999995],[-45.189604663999994,-23.533293243999996],[-45.186620498,-23.52887284499999],[-45.190561779,-23.524237989999996],[-45.190413276,-23.521619204],[-45.194874724,-23.520311246],[-45.202225434999995,-23.520827923999995],[-45.20966686900001,-23.523632729999996],[-45.215512379,-23.528409352],[-45.22195089899999,-23.530624071000002],[-45.22749351899999,-23.537126269],[-45.23061478899999,-23.547582099999996],[-45.229826346,-23.55093399699999],[-45.222829002,-23.551470532999996],[-45.218886293999994,-23.557613285999988],[-45.21437851899999,-23.556052138],[-45.21899085,-23.559365761999995],[-45.218016068,-23.562590329],[-45.21481881599999,-23.565496299999992],[-45.21088799699999,-23.563960289000004],[-45.209571809,-23.564757777],[-45.211586929999996,-23.565011928999994],[-45.215406839,-23.568620861999996],[-45.210154241999994,-23.570696246999997],[-45.21134682999999,-23.572094757],[-45.209809818,-23.577676663],[-45.207689838,-23.578298385000004],[-45.21096278299999,-23.582735017999994],[-45.21599351999999,-23.580548407],[-45.22017172099999,-23.582642311999994],[-45.221958312,-23.581195398999995],[-45.224250452,-23.583309409999995],[-45.22865075799999,-23.584083395],[-45.228146245,-23.581890316999996],[-45.230557904,-23.581689208000004],[-45.234996035,-23.58324578299999],[-45.241331019,-23.587867602999992],[-45.244224985,-23.593728611999992],[-45.24842572399999,-23.592415628000005],[-45.253018251,-23.594536228999996],[-45.252777696,-23.591434732000003],[-45.25726018899999,-23.589599672999995],[-45.261629531,-23.596400980999995],[-45.26326381399999,-23.596640062000002],[-45.26103274999999,-23.591876245000005],[-45.264015271000005,-23.588839177999997],[-45.26893938999999,-23.587798481000004],[-45.27043964599999,-23.589196859999998],[-45.27265366,-23.586420913000005],[-45.278421646999995,-23.588254363999994],[-45.28013051999999,-23.584476160999994],[-45.277591447,-23.583054603],[-45.276490546,-23.577505705],[-45.278782078999996,-23.574065874],[-45.285082243,-23.572326852999996],[-45.29330867200001,-23.574913255999995],[-45.294444018,-23.572500729999998],[-45.29761400799999,-23.572241384],[-45.306524108,-23.576395835000003],[-45.308565349,-23.575182584999997],[-45.31141226399999,-23.575665311000005],[-45.328071447999996,-23.584818122],[-45.343403728,-23.600671981],[-45.35734372299999,-23.624330618999995],[-45.365735855,-23.626635935999996],[-45.369032586,-23.630358551999997],[-45.3777657,-23.624498291999995],[-45.38825454599999,-23.634703498],[-45.39008318,-23.63388125],[-45.389972541999995,-23.631527813],[-45.39750169,-23.629493959000005],[-45.39725808499999,-23.627135651999996],[-45.400408536,-23.623236556],[-45.407472948999995,-23.624340374],[-45.417377121,-23.634169667],[-45.424191544,-23.646192942999996],[-45.429347312999994,-23.663469244],[-45.430517463,-23.682659179],[-45.42718827299999,-23.70933120999999],[-45.419657140999995,-23.725858085999995],[-45.415199613,-23.725958834999997],[-45.412789207,-23.723485373],[-45.411698953000005,-23.724956651],[-45.409138995,-23.724118774000008],[-45.406613203999996,-23.726366955],[-45.404463258999996,-23.724879590000004],[-45.399563945999994,-23.724744658],[-45.397938712,-23.722998413],[-45.397134363999996,-23.723662551999993],[-45.397213164,-23.727654219999998],[-45.39948773599999,-23.729118879000005],[-45.398026424,-23.732637567999998],[-45.398766011,-23.736744194],[-45.407255025999994,-23.744476598],[-45.40893451099999,-23.748366570999995],[-45.41132935,-23.74943274499999],[-45.412482716,-23.753669233999997],[-45.406519162,-23.76419565],[-45.40256131099999,-23.768103742999998],[-45.40302770899999,-23.770887006],[-45.400222627999995,-23.773680013],[-45.400773448,-23.776617165999994],[-45.396867973,-23.780571517],[-45.39892206,-23.784231553999998],[-45.39726922,-23.787912179],[-45.399538746,-23.796083281999994],[-45.397662404,-23.799280685999996],[-45.398455118,-23.800159958999988],[-45.396389287,-23.807191640000003],[-45.398687251,-23.807851586],[-45.39613448699999,-23.80911379],[-45.398979833000006,-23.810150388],[-45.396579996,-23.810712001999995],[-45.398803513999994,-23.811166143000005],[-45.40055440199999,-23.814001869999995],[-45.406529717000005,-23.809592083],[-45.408394308999995,-23.811969225999995],[-45.40877722799999,-23.815476011],[-45.40492223299999,-23.819981593000005],[-45.410824147,-23.821599125],[-45.412082518000005,-23.824845562999993],[-45.41607077399999,-23.823185238000004],[-45.41927867199999,-23.824003083999997],[-45.42190097,-23.825656481999996],[-45.421151386,-23.828203834000004],[-45.423107202,-23.828126662999995],[-45.423296556,-23.82967008],[-45.425404858,-23.828909982000003],[-45.432256226,-23.833134600999998],[-45.43114933099999,-23.830511919000003],[-45.43198965799999,-23.829535411],[-45.440739329,-23.826702934],[-45.441702448,-23.829974795999988],[-45.44321174299999,-23.829897865999992],[-45.446362668,-23.833066621],[-45.447323192,-23.827166983],[-45.46697685,-23.819068216999995],[-45.468826827,-23.819977271],[-45.469019061999994,-23.822731871999995],[-45.471607623999994,-23.823078406999997],[-45.473493279,-23.825607326999997],[-45.474918327,-23.82409953699999],[-45.478340767,-23.828375602],[-45.490073591,-23.83006558099999],[-45.49185554599999,-23.834810964999996],[-45.491441572,-23.837546029999995],[-45.499282537999996,-23.838583347],[-45.502644593,-23.842637462000003],[-45.509776249,-23.840214823000004],[-45.514329065,-23.842159421999998],[-45.51432678999999,-23.840128983000007],[-45.511099942,-23.836535041],[-45.512561585,-23.831723418],[-45.518576089,-23.832747973],[-45.520581318999994,-23.831295712000003],[-45.522843593,-23.833202797],[-45.521848623,-23.831057629],[-45.52333900899999,-23.829131019],[-45.53335955499999,-23.828831249999993],[-45.537155270999996,-23.830802015000003],[-45.53970458799999,-23.828831959000002],[-45.533392015,-23.823356380999996],[-45.53462285,-23.818307162],[-45.53825601,-23.813547696999997],[-45.54448615999999,-23.809072310999994],[-45.554741102,-23.810405221000003],[-45.55206895399999,-23.805029445],[-45.553955593999994,-23.800945742000003],[-45.556609548999994,-23.801097808999998],[-45.554036463,-23.797127457],[-45.555148927999994,-23.795014307],[-45.560195487,-23.792531638],[-45.58755782299999,-23.792674379000008],[-45.590253888,-23.796564382000003],[-45.592527329999996,-23.795141932],[-45.596783806,-23.798704608000005],[-45.59804747399999,-23.797180321],[-45.607190343999996,-23.800371297999998],[-45.609417757,-23.798695449],[-45.615819268,-23.799235260999996],[-45.617821772999996,-23.804122309],[-45.620430189,-23.803364552],[-45.62310682099999,-23.805081300999994],[-45.62661853899999,-23.799992107999998],[-45.62404977799999,-23.795831363],[-45.62580560699999,-23.794782846],[-45.62450788799999,-23.791488570999995],[-45.627528457,-23.790738030000004],[-45.625137276,-23.789940132999995],[-45.625515723999996,-23.787101208000003],[-45.63309281899999,-23.783639512],[-45.638661681,-23.783265673999995],[-45.642130478,-23.784578693999997],[-45.64060231399999,-23.782093296999992],[-45.643118485,-23.777726334999997],[-45.646441581,-23.777848547],[-45.64639703700001,-23.77951556],[-45.64789261899999,-23.780166679],[-45.649232423,-23.777991450999995],[-45.658228719,-23.778972967],[-45.660092355,-23.78204627199999],[-45.66270991799999,-23.782350667000003],[-45.662902569,-23.785078777],[-45.665931353,-23.785950072999995],[-45.666552890999995,-23.784804373],[-45.663809627999996,-23.779799391999997],[-45.666224902,-23.777132357999996],[-45.672756213999996,-23.774801775],[-45.682053808000006,-23.774757018000003],[-45.68482019099999,-23.775562797999996],[-45.684876731,-23.778486204999997],[-45.68881767599999,-23.778372588999996],[-45.690692010999996,-23.782078823],[-45.694230207,-23.782556407000005],[-45.69686063799999,-23.780152096],[-45.69392354499999,-23.775934897],[-45.699626411,-23.772813922],[-45.702195642999996,-23.772869379],[-45.70274586299999,-23.774508946],[-45.705267846000005,-23.773231336999995],[-45.705864403,-23.771401705],[-45.71047379899999,-23.770708548],[-45.717680783,-23.774630446000003],[-45.72517067,-23.770310496],[-45.743061125,-23.767546788999997],[-45.75357670500001,-23.767922765],[-45.757041032,-23.770635512000002],[-45.758656986999995,-23.768691048999997],[-45.762432313,-23.767564764999996],[-45.760826503,-23.766840057],[-45.761479644,-23.764091899000007],[-45.765925191,-23.762493870999997],[-45.776400865,-23.763057664000005],[-45.77965148999999,-23.766138684999998],[-45.781401413999994,-23.764227366],[-45.783753815999994,-23.764761029999995],[-45.78500019599999,-23.766683304999997],[-45.786327276,-23.765282244],[-45.790673839,-23.766050117999992],[-45.79251741899999,-23.76926076499999],[-45.796398053999994,-23.769837002000003],[-45.79803859900001,-23.767918495],[-45.800667987,-23.769685159999998],[-45.804108888,-23.769872574999997],[-45.80446324,-23.767760789999997],[-45.801733687,-23.762940564],[-45.807711354,-23.759107223],[-45.82416447,-23.757348219],[-45.841156257,-23.75808423799999],[-45.871033287,-23.760942805],[-45.879350701,-23.763209290000002],[-45.881436176,-23.762453303999997],[-45.89832037299999,-23.76535289],[-45.941151586,-23.775717776000008],[-45.97264699,-23.785350314],[-45.988120256,-23.791754886],[-45.991992593999996,-23.794138887999996],[-45.992778709999996,-23.795690637],[-45.99161904499999,-23.797419708000003],[-45.993098033,-23.800601191],[-45.99801902499999,-23.803313525999997],[-46.000229787,-23.803560802999996],[-46.002110833,-23.799898914999993],[-46.008130985,-23.800268699],[-46.023458628,-23.805144977999998],[-46.031749559,-23.809201026999993],[-46.036661400999996,-23.812463629],[-46.039108436999996,-23.816359332999998],[-46.03851165799999,-23.820118674000003],[-46.03498493199999,-23.821396461],[-46.03853137,-23.822021184999997],[-46.039788593,-23.823784491000005],[-46.038980024,-23.82591942899999],[-46.047078056,-23.832034330999992],[-46.05159225,-23.829308475],[-46.050387138,-23.828143702000006],[-46.04739849799999,-23.828352441999993],[-46.044988339999996,-23.825382742000002],[-46.048271028,-23.818890614999997],[-46.057481079,-23.81433728],[-46.066221601,-23.814595261],[-46.085022018,-23.820678246000003],[-46.10061219,-23.827719460000004],[-46.11821403599999,-23.836615004000002],[-46.128397416999995,-23.844086341999997],[-46.132934242,-23.851402250999996],[-46.1331326,-23.858008652999995],[-46.12574313799999,-23.857023245999997],[-46.12382552999999,-23.860771136999993],[-46.127517637,-23.86306014599999],[-46.131285469999995,-23.863068072999994],[-46.13632685299999,-23.868112634999996],[-46.136460272,-23.871051354999995],[-46.139386701999996,-23.875324776],[-46.137547275,-23.877200421999998],[-46.140872456,-23.880843934000005],[-46.137446872,-23.88553903],[-46.138160043999996,-23.890113117],[-46.140840718,-23.892105933999996],[-46.148177617,-23.893775679999997],[-46.152095790999994,-23.90112563],[-46.150582297,-23.905854625999996],[-46.14713657,-23.904819429],[-46.146176415999996,-23.905776065],[-46.155728716999995,-23.909256152999994],[-46.15651378599999,-23.907024180999997],[-46.160650999999994,-23.906510347],[-46.167134225,-23.911045229999996],[-46.16859047700001,-23.915089807],[-46.172155578,-23.917067869000004],[-46.174225760000006,-23.921368012],[-46.17887126499999,-23.924183812],[-46.18054329899999,-23.933093627],[-46.17835405999999,-23.939027703],[-46.173865628,-23.94155976],[-46.17022264,-23.937864070999996],[-46.16833848499999,-23.937736432],[-46.16559339199999,-23.944157281999992],[-46.160411051,-23.945524285],[-46.16701049299999,-23.947007224],[-46.172567486999995,-23.95787264999999],[-46.181903128,-23.961175887],[-46.184704259,-23.965379309999996],[-46.18459172399999,-23.971255997],[-46.18702170899999,-23.972792513999995],[-46.185766779999994,-23.974964132999997],[-46.187247423,-23.9774306],[-46.184810764,-23.978807951000004],[-46.186619491,-23.982632103000004],[-46.184205068,-23.98295584],[-46.186047168,-23.984518814],[-46.18627415600001,-23.987090082999995],[-46.18171472,-23.989138972999992],[-46.18224294699999,-23.99108628899999],[-46.185289109,-23.992137267],[-46.187894074,-23.989941795],[-46.191284874,-23.989939913000004],[-46.19570871199999,-23.993987260999997],[-46.200363046999996,-23.995111065000003],[-46.19968914799999,-23.997666950999996],[-46.202490423,-24.000607472],[-46.206684474,-24.000247105],[-46.20777460199999,-23.998976043999996],[-46.202709944999995,-23.994128474],[-46.203666127999995,-23.991310251999998],[-46.21190027699999,-23.986407762999992],[-46.227919103,-23.988172629999994],[-46.24739758,-23.993858127000006],[-46.248055206,-23.995844147999996],[-46.252377362999994,-23.996612484],[-46.25565480200001,-23.999609368999995],[-46.259269599999996,-24.000135702999994],[-46.265198026,-24.004051885],[-46.26744395699999,-24.009072528000004],[-46.26527708799999,-24.010061713999995],[-46.262981165999996,-24.014077026],[-46.265905020999995,-24.014381859999993],[-46.268114139,-24.012941392999995],[-46.270411001,-24.013725433999998],[-46.274907434999996,-24.016284213],[-46.27921327400001,-24.02130925799999],[-46.280252096,-24.026852809],[-46.277738898,-24.030265708999995],[-46.27794493799999,-24.035802436999997],[-46.28195779799999,-24.038380708999995],[-46.28306118399999,-24.043269372999994],[-46.289298895,-24.044835899],[-46.287579671,-24.04245116],[-46.289821118999996,-24.039810927],[-46.28684209899999,-24.038256286],[-46.28915073299999,-24.036690476999997],[-46.284718861,-24.032385227999995],[-46.284514045,-24.029325528999998],[-46.285806777000005,-24.028548632999996],[-46.284078682,-24.026474830999998],[-46.286136651999996,-24.024196095999997],[-46.28931166000001,-24.025662368000006],[-46.292123043,-24.023145895999996],[-46.290823714,-24.019705112999997],[-46.29496554,-24.015986766999994],[-46.299497694,-24.016100359],[-46.304562006000005,-24.019484571],[-46.311180367999995,-24.028664846999998],[-46.312660892,-24.02704314],[-46.311996289999996,-24.022569732999997],[-46.313374872999994,-24.02061852699999],[-46.31526696899999,-24.02025995],[-46.319257247,-24.02459762899999],[-46.321424136,-24.022678015999993],[-46.324362684,-24.022252576],[-46.322332416,-24.009721326],[-46.32347497599999,-24.009099695999993],[-46.320145063999995,-24.003001251999997],[-46.321947878,-24.000037158999998],[-46.319363355,-23.997265923999997],[-46.316040187999995,-23.996987455000003],[-46.31442957899999,-23.998548320999998],[-46.308341094,-23.995735751999998],[-46.305665953,-23.991179711999994],[-46.31745908399999,-23.979053242000006],[-46.325531538999996,-23.974658886999997],[-46.332327846999995,-23.972723168999998],[-46.347328512999994,-23.970552486999996],[-46.349698197,-23.970840882],[-46.35026859999999,-23.972510915],[-46.357743784,-23.970954388999992],[-46.365959909999994,-23.972863060999998],[-46.36868776099999,-23.974857141],[-46.369832699,-23.977602623999996],[-46.367850307,-23.978485488999993],[-46.367263290000004,-23.981132817999995],[-46.368886568,-23.981882302999992],[-46.372488837,-23.980182853],[-46.371725368999996,-23.974912058],[-46.373908434,-23.971282012999996],[-46.377887025,-23.969518228],[-46.383796821999994,-23.971841367],[-46.38582169699999,-23.974366374999995],[-46.38863593899999,-23.974775651],[-46.38874503699999,-23.976289442],[-46.384017742999994,-23.978378204000002],[-46.380977820999995,-23.977257856000005],[-46.38043231,-23.979203281],[-46.37850163699999,-23.979868290000002],[-46.37880451899999,-23.984174443999997],[-46.374575534,-23.985401841],[-46.375217858,-23.988866301999998],[-46.378271122,-23.992349538],[-46.377995985,-23.993781887],[-46.384163075,-23.99557384099999],[-46.386915036999994,-23.995153538],[-46.391877298999994,-23.998608459999996],[-46.391535006999995,-24.001789842000004],[-46.388745477,-24.005226199999996],[-46.392253745999994,-24.00794963899999],[-46.39115583299999,-24.012981943],[-46.38649556099999,-24.014588636999996],[-46.383665092,-24.018434446],[-46.390125289,-24.017008834000006],[-46.391569708,-24.021529152000003],[-46.39026810399999,-24.023826755000005],[-46.398905432,-24.033519082999998],[-46.401717355,-24.032170302999994],[-46.399402246,-24.028363436],[-46.399411386999994,-24.019178004999997],[-46.40814965999999,-24.015842435],[-46.41559499699999,-24.015659144999994],[-46.445472564,-24.021113230000005],[-46.48425597000001,-24.034875690999996],[-46.549444899,-24.063600616],[-46.635091423999995,-24.104478922999995],[-46.788846374,-24.187245823999998],[-46.79389321199999,-24.193876487999994],[-46.80026709799999,-24.195117464999996],[-46.80161253899999,-24.197550687999996],[-46.804517775,-24.198360268],[-46.80481251199999,-24.200358755999996],[-46.808454958,-24.201377999999995],[-46.810690152,-24.200649416],[-46.810439833000004,-24.201975388],[-46.81197497499999,-24.202573909999998],[-46.811952879,-24.201332468999993],[-46.814620417,-24.201251628],[-46.820292586,-24.204243428],[-46.853314790999995,-24.223875250999996],[-46.931563116,-24.274713509],[-46.971834433,-24.305053644999994],[-46.995738564,-24.327413341999993],[-47.00247299299999,-24.337309679999997],[-47.00092862999999,-24.340484442999994],[-46.99953394599999,-24.34051312],[-47.001714877,-24.344519086000002],[-47.000074955,-24.346547551999993],[-46.999994666999996,-24.349626651999994],[-46.998871386999994,-24.350822375000003],[-46.995999960999995,-24.350524401],[-46.99867055899999,-24.35163083599999],[-47.002481681,-24.362065939999994],[-47.006936606,-24.366907670000003],[-47.009342565,-24.367213418000002],[-47.018239425999994,-24.378836065000005],[-47.016320731,-24.387383055],[-47.008479445999996,-24.388658435],[-47.010816165,-24.390372403999994],[-47.009366814,-24.396633621000003],[-47.001290292,-24.398261993],[-47.001742183999994,-24.400471306999997],[-47.005013535,-24.401638047999995],[-47.003712232,-24.409479303000005],[-47.00932059299999,-24.410172319999997],[-47.009005800999994,-24.412464538999995],[-47.007309129,-24.413040614],[-47.008373205,-24.414519267],[-47.01171939499999,-24.414343871],[-47.014749658,-24.412196267],[-47.02147495,-24.417007464999994],[-47.020159354,-24.419332320999995],[-47.021496248999995,-24.422591029],[-47.028830745,-24.427097191],[-47.03731280099999,-24.426910615],[-47.045356297,-24.430462005000003],[-47.04693641099999,-24.429932042000004],[-47.048985795,-24.431473808000003],[-47.04837921099999,-24.432651475999997],[-47.053278885,-24.433100386000003],[-47.109537106999994,-24.468003136000004],[-47.140843407,-24.489543233000003],[-47.185202071,-24.524477305999998],[-47.188239208999995,-24.528419155999995],[-47.18839087399999,-24.530101787999996],[-47.186165544999994,-24.532602425],[-47.189016578,-24.536065904999997],[-47.193722961,-24.535724228],[-47.200555049,-24.539595417999998],[-47.224517116,-24.556995635000003],[-47.22790341399999,-24.560623315999997],[-47.224243718,-24.566893629999996],[-47.227026094,-24.571251955],[-47.23443035,-24.572344025],[-47.23629439,-24.571343706],[-47.24199201999999,-24.574979940999995],[-47.24500935,-24.573970204],[-47.28090772899999,-24.593781658999998],[-47.37527478999999,-24.650078041],[-47.38994801199999,-24.66008067099999],[-47.405223160999995,-24.672870857],[-47.413293263,-24.674499454],[-47.42030072199999,-24.678265949],[-47.420982325,-24.682280950999996],[-47.424809335999996,-24.685141267],[-47.510369774999994,-24.728957835999992],[-47.561029258999994,-24.757909499999997],[-47.591915045,-24.777861963],[-47.623042557,-24.799140216],[-47.71586209,-24.868372575],[-47.80026704099999,-24.936752157000004],[-47.84292227000001,-24.976604957],[-47.871741792,-25.011571823999994],[-47.883042165999996,-25.031035818],[-47.88690550799999,-25.051266942],[-47.90952155400001,-25.052946115999998],[-47.908718738,-25.063435005999995],[-47.905929154,-25.06331754],[-47.90237805499999,-25.065670559],[-47.904076047,-25.099987778000003],[-47.90158240499999,-25.103590073],[-47.896091741,-25.104015071999992],[-47.894654423,-25.105485107999996],[-47.895308542,-25.108192104],[-47.89816436099999,-25.108610706999997],[-47.902091608999996,-25.111953886000002],[-47.904228962,-25.116015116999996],[-47.90833666299999,-25.118533857],[-47.916003524,-25.138395983999995],[-47.914966320999994,-25.140637250999998],[-47.916257142,-25.143693418000005],[-47.918797451,-25.144728049],[-47.919319164,-25.152989417],[-47.916998760999995,-25.156502629],[-47.91246976499999,-25.155797912],[-47.91387249499999,-25.159154082999997],[-47.926486645999994,-25.161690043999993],[-47.930856287,-25.164267376000005],[-47.931780193,-25.166199866],[-47.936345591,-25.167362213],[-47.945991963999994,-25.174320552999998],[-47.97157245499999,-25.196458958000004],[-47.972188908999996,-25.199718019000002],[-47.97888505899999,-25.202545768000004],[-47.98367545999999,-25.206257599999997],[-48.046876143999995,-25.258530076],[-48.0703953,-25.281194356],[-48.099474454,-25.312321298999997],[-48.100385212999996,-25.307285403999995],[-48.09845883399999,-25.299676671999997],[-48.083109154999995,-25.28199716],[-48.05748433099999,-25.263275023],[-48.051158223,-25.252335458],[-48.03070146,-25.238767798999998],[-48.024694315,-25.232763993999995],[-48.02393809899999,-25.229143286999992],[-48.029943245999995,-25.226201822000004],[-48.026911225000006,-25.221993461000004],[-48.027550199000004,-25.220508773],[-48.032250321,-25.218467787999998],[-48.04029963199999,-25.218744504999993],[-48.044162404,-25.220965988999996],[-48.045522905,-25.226340867999998],[-48.04716190599999,-25.226749392999995],[-48.057446634,-25.218334339000002],[-48.058390374000005,-25.222222827999992],[-48.057204089,-25.226036482999998],[-48.059331138,-25.227560167999997],[-48.059525152999996,-25.229458942000004],[-48.056995511,-25.23308204],[-48.058695826,-25.238142152999995],[-48.062106085,-25.240085182],[-48.075106125999994,-25.240633048999996],[-48.08141117,-25.244182931000005],[-48.083667475999995,-25.243372548],[-48.083917827,-25.240625004],[-48.08559392,-25.240316709999995],[-48.089720172,-25.241846000999992],[-48.092411435,-25.240036128],[-48.09858210299999,-25.241253418000003],[-48.10035574,-25.24379087399999],[-48.106285248999995,-25.243929977000004],[-48.108720772,-25.245687115000003],[-48.11071774900001,-25.24975381],[-48.11488360399999,-25.250701971000005],[-48.124466788999996,-25.242606153],[-48.133129097,-25.239821814000003],[-48.151238222,-25.228127438],[-48.162720314999994,-25.209836621999997],[-48.165723443,-25.209013597],[-48.17145962099999,-25.210480628],[-48.175196148,-25.209377596999992],[-48.182520336,-25.204998797000002],[-48.191361332999996,-25.196241323999995],[-48.193363229,-25.189865561],[-48.178394622999996,-25.182058696999995],[-48.178716839,-25.179610047],[-48.175998927,-25.177938113999996],[-48.17244393,-25.171654111999995],[-48.166638635,-25.166008591999997],[-48.168717451,-25.156542726000005],[-48.162197492999994,-25.154201220999997],[-48.15850197599999,-25.14990686799999],[-48.156885809,-25.144652509000004],[-48.163774862,-25.145696395999995],[-48.171334220999995,-25.142258581999993],[-48.17713298899999,-25.13573771],[-48.181641506,-25.133835749999996],[-48.181692182999996,-25.129220231],[-48.186998637,-25.12532663],[-48.18938832,-25.117636209999997],[-48.194586772,-25.113510778],[-48.194827616999994,-25.106491745],[-48.204500501,-25.099663493],[-48.203995285999994,-25.093549527],[-48.212891094,-25.083367234],[-48.21014127,-25.080246113999998],[-48.21605429099999,-25.076671558999998],[-48.213282999,-25.073143874999996],[-48.21516624899999,-25.067875910999994],[-48.212098983999994,-25.05918507499999],[-48.21512249999999,-25.050463451999992],[-48.215562382,-25.042552549000003],[-48.21525489199999,-25.040804043],[-48.210278109,-25.03637836],[-48.208645216,-25.031944762],[-48.209467341999996,-25.027184149999997],[-48.214943017,-25.029674094],[-48.225306444999994,-25.022507657],[-48.228386474,-25.023006515000002],[-48.23155433099999,-25.020786883],[-48.23111415399999,-25.019430967],[-48.232999994,-25.017892323999995],[-48.23195005899999,-25.015358266999993],[-48.22335644799999,-25.009124291],[-48.226976907,-25.006771937],[-48.228943803,-25.008576497999996],[-48.233470523,-25.006941053000002],[-48.229470905,-25.001350826],[-48.23386488,-25.000701778999996],[-48.236307038999996,-24.998178555],[-48.235392432999994,-24.995583311],[-48.23647010799999,-24.994143425999994],[-48.23969284,-24.99141760599999],[-48.24577560299999,-24.989391784],[-48.248522527,-24.985340453000006],[-48.250281058999995,-24.977417787],[-48.252301854,-24.978064829],[-48.252055111999994,-24.979742796999997],[-48.259280213,-24.986650543],[-48.257740749,-24.988923706000005],[-48.258813399,-24.990051935000004],[-48.254803932,-24.996497931],[-48.259915391,-24.997656435999996],[-48.263331895,-24.992804488999997],[-48.266855101999994,-24.996538232000002],[-48.269585775,-24.997534797],[-48.268173839999996,-25.001222112000004],[-48.277565489,-25.015996108999996],[-48.275374278,-25.027711692],[-48.277917061,-25.03297436099999],[-48.284627691999994,-25.03919228],[-48.287524301999994,-25.039969164],[-48.289693549,-25.037701823999996],[-48.28966633299999,-25.029917024999996],[-48.292818003,-25.024424323999998],[-48.29730962399999,-25.023453713999995],[-48.299196692,-25.02563736999999],[-48.296471832,-25.029673486],[-48.29777723,-25.033601812000004],[-48.299221619,-25.035410869],[-48.302664525999994,-25.034500389],[-48.307461728999996,-25.035482662999996],[-48.30724799499999,-25.044124093999997],[-48.308615209,-25.046704941999995],[-48.311553683,-25.048148012999995],[-48.314328601,-25.046975139999997],[-48.31777387899999,-25.056548086999992],[-48.33038470299999,-25.069705213],[-48.333670865,-25.070573554999996],[-48.335669467,-25.067525488],[-48.335760203,-25.063410592999997],[-48.333710478,-25.057569697999995],[-48.32434937099999,-25.054388777],[-48.326421155999995,-25.050730806],[-48.323169689,-25.042319474999996],[-48.32414102599999,-25.036748334],[-48.33247013399999,-25.036138227999995],[-48.337056343,-25.039704195999995],[-48.33908014099999,-25.036030236],[-48.342614642,-25.037648319999995],[-48.346971569000004,-25.035240786999992],[-48.351227777999995,-25.036489392999997],[-48.352061454,-25.032372938],[-48.350311982,-25.028662011000005],[-48.354748369,-25.019962159999995],[-48.35804723,-25.016723029999998],[-48.365111506,-25.013902324],[-48.373360160999994,-25.004685027999994],[-48.377616063,-25.003089617999997],[-48.378637824,-24.997028270999998],[-48.38466999999999,-24.995312295999994],[-48.39094565599999,-24.991216713999997],[-48.394720899999996,-24.991061502000008],[-48.395499435,-24.988569932],[-48.41115266,-24.980231682999996],[-48.413604566,-24.98254984],[-48.413696272,-24.98603799299999],[-48.41703486,-24.989367693000002],[-48.42270035199999,-24.990967207999997],[-48.42878165399999,-24.990082757999996],[-48.434454721,-24.991298735],[-48.441501866,-24.995758799],[-48.444810276,-24.996344539999992],[-48.449183831999996,-25.000856227000003],[-48.462830257,-25.005675151],[-48.466700061,-25.009489018000007],[-48.474049300999994,-25.012552387999996],[-48.480882424,-25.036988098],[-48.48553262400001,-25.042137089999997],[-48.485951579,-25.045377470000002],[-48.48329192799999,-25.053192280999998],[-48.491430386,-25.053404234],[-48.49394177199999,-25.056678753000007],[-48.498405952,-25.059106272],[-48.506397512999996,-25.067636021999995],[-48.51251281799999,-25.083814383999997],[-48.513998656,-25.085707099],[-48.519727898,-25.084754301000004],[-48.521282324,-25.085935717000005],[-48.522545234,-25.089002876000002],[-48.521899292,-25.091959288],[-48.527057626,-25.09611304],[-48.52858379800001,-25.100789318],[-48.54128405099999,-25.097480717000003],[-48.556007858,-25.08655256199999],[-48.556508509,-25.083183724],[-48.559875924,-25.077960986],[-48.557938537999995,-25.063972536999998],[-48.558903198,-25.061542344000003],[-48.56167215499999,-25.060364683000003],[-48.561956853,-25.058927962000006],[-48.565314279,-25.058301874],[-48.56901782199999,-25.054308926],[-48.569070061,-25.051062259000002],[-48.573475268,-25.050913093999995],[-48.579632848,-25.053127412000002],[-48.58266168099999,-25.051646105],[-48.58302899699999,-25.050003980999993],[-48.58139238599999,-25.049301891],[-48.58065771,-25.046822288],[-48.58380524099999,-25.041584447],[-48.58153858299999,-25.034857211],[-48.58569512399999,-25.030306752999994],[-48.589583676000004,-25.029689077],[-48.588004194,-25.027737711000004],[-48.590686709,-25.026523656],[-48.58831676999999,-25.023931652],[-48.588869473,-25.019705698999996],[-48.599247174,-25.019272027],[-48.597211156,-25.015416395],[-48.600831332,-25.010505666],[-48.600027722,-25.006110484999997],[-48.595203313,-24.996134188999992],[-48.591550008,-24.996671692999996],[-48.58923269899999,-24.994809904999997],[-48.590415506,-24.988912673],[-48.588460238,-24.986439307999994],[-48.5801343,-24.986941115000004],[-48.576287321,-24.984436745999997],[-48.57472824599999,-24.980085547999998],[-48.571061756999995,-24.977945896],[-48.56737089999999,-24.972266873],[-48.567945955,-24.960017204000003],[-48.572671087,-24.954929421999992],[-48.570462599,-24.951606016000007],[-48.56432259399999,-24.951466537999995],[-48.56298147100001,-24.950325903000003],[-48.56893592499999,-24.94689608099999],[-48.569674813,-24.943481599999995],[-48.56286764699999,-24.939429335000003],[-48.56683929199999,-24.935393515000005],[-48.567371038,-24.931435157999992],[-48.57017932899999,-24.931541654],[-48.56936312,-24.92828954],[-48.571589122,-24.924731508999994],[-48.571262552,-24.920008852],[-48.567663197,-24.919941196000003],[-48.565224136,-24.917729198],[-48.567171092,-24.914342514000005],[-48.567143604,-24.903871194],[-48.572834483,-24.902881388],[-48.572060224,-24.895013128000002],[-48.56728405,-24.893947846],[-48.563724676,-24.894926695],[-48.560923478,-24.900695563],[-48.559307194000006,-24.901183196000005],[-48.55609086799999,-24.892803145000002],[-48.559434904999996,-24.889241397999996],[-48.55834394099999,-24.884585924000007],[-48.554863641,-24.881721253],[-48.549005241,-24.882328142],[-48.544785575,-24.878963806],[-48.545424087,-24.877014018999997],[-48.54705421999999,-24.879827714999994],[-48.549390128,-24.879163847999997],[-48.546840527,-24.873770283999995],[-48.549730091,-24.867496334000002],[-48.5666761,-24.863957730000006],[-48.564471366999996,-24.856173565999992],[-48.567814068,-24.847499567],[-48.563949562,-24.836944097000003],[-48.564472138999996,-24.834280655],[-48.561334514,-24.826532933],[-48.555754272,-24.823793071999997],[-48.559198965,-24.821090752000003],[-48.555393589,-24.810114351999996],[-48.555753979,-24.806203797999995],[-48.548890797999995,-24.797213696],[-48.53650721799999,-24.78954746],[-48.534420511,-24.786651514999992],[-48.53080730999999,-24.786446176],[-48.52730411499999,-24.783223144999997],[-48.516724132,-24.780182053999994],[-48.51581406300001,-24.776827528],[-48.517809253,-24.774398111999997],[-48.51670080299999,-24.768560226],[-48.512085359,-24.763963354999994],[-48.50729196299999,-24.764791104999993],[-48.508493324,-24.757226853],[-48.50769848099999,-24.752372159000004],[-48.501896833,-24.745975736],[-48.503973702,-24.740138188000003],[-48.503199656,-24.739092822],[-48.499306312,-24.738967586999994],[-48.503805869999994,-24.734946746],[-48.506618134,-24.735805535],[-48.509472791,-24.740150019999994],[-48.511502351999994,-24.740566127],[-48.522474654999996,-24.736067853999995],[-48.527861351,-24.739289134999996],[-48.53084004499999,-24.738389371],[-48.531782795,-24.736766567999993],[-48.529174653999995,-24.731589785999997],[-48.530639247,-24.730134477000004],[-48.537752189,-24.726263221999993],[-48.54259223999999,-24.725971249999994],[-48.545750682,-24.721854801],[-48.544584621,-24.717960056000003],[-48.55181044399999,-24.716617807000006],[-48.552110909999996,-24.709609571],[-48.560113445,-24.710709081999997],[-48.561695814,-24.707147743999997],[-48.56472926,-24.706237448999996],[-48.569197303,-24.700811557999998],[-48.567505305999994,-24.698102325999997],[-48.568313747999994,-24.695612914000005],[-48.571195885,-24.69394357099999],[-48.57220280999999,-24.690638552],[-48.575196995999995,-24.689513349999995],[-48.579028947999994,-24.685538436],[-48.58075097199999,-24.671568906999997],[-48.58203494599999,-24.670701585],[-48.584666896,-24.67178619],[-48.586528278,-24.678579008],[-48.589253011,-24.680530304],[-48.593372204,-24.674293356999996],[-48.604029798999996,-24.668296784],[-48.61145190199999,-24.670883743999998],[-48.616619715999995,-24.668673218],[-48.618447074,-24.672160980000005],[-48.62817352399999,-24.680510744999992],[-48.630812195,-24.679830642999995],[-48.631060728,-24.677300879],[-48.63781072,-24.677668266000005],[-48.645314508,-24.681525184],[-48.64108776300001,-24.686497048999996],[-48.64164204099999,-24.689667489000005],[-48.658173131999995,-24.692047986999995],[-48.657780704,-24.694310725],[-48.66081366299999,-24.699135468],[-48.66116805,-24.704136176999995],[-48.659345531999996,-24.705981801999997],[-48.66048732099999,-24.706756889],[-48.664446766,-24.706538188000003],[-48.668509352,-24.703370096999997],[-48.675008923,-24.701792469999997],[-48.677195233,-24.69841106699999],[-48.67150921399999,-24.698669072999998],[-48.677059277999994,-24.692526797999996],[-48.67211184799999,-24.687308721000004],[-48.674950114999994,-24.684053013],[-48.67147322499999,-24.679301951000003],[-48.676892001999995,-24.675371324999997],[-48.67622357300001,-24.673421196],[-48.6787241,-24.670888024],[-48.68467603999999,-24.670891038],[-48.689668184000006,-24.667872098],[-48.694087511000006,-24.670683483],[-48.69346988899999,-24.673448923999995],[-48.68828246799999,-24.677464905],[-48.690842399999994,-24.683983846000004],[-48.68869810199999,-24.690722701],[-48.689891115,-24.693852180000004],[-48.69256153,-24.693353960999996],[-48.69939458499999,-24.685314951999995],[-48.701142578,-24.680375501],[-48.703812021,-24.680382052000002],[-48.707423524,-24.683594205000002],[-48.718589892,-24.68301476],[-48.72636297199999,-24.684816703000006],[-48.730119879,-24.687011667],[-48.734536348,-24.68448166199999],[-48.739976217999995,-24.686924997],[-48.744749861,-24.693249686000005],[-48.752420032,-24.695180111999996],[-48.755746236,-24.69278683],[-48.753169589,-24.687714743],[-48.75308643799999,-24.682393404],[-48.75728647299999,-24.679854316999997],[-48.758872096999994,-24.680275870999996],[-48.76905576,-24.695278643000005],[-48.775291522,-24.695238168999996],[-48.77865160699999,-24.69673224799999],[-48.782176292,-24.688058141],[-48.788206748,-24.681189366],[-48.79469813199999,-24.678478702999996],[-48.795593462999996,-24.676446933999998],[-48.80078102699999,-24.67486047199999],[-48.803786666,-24.676622637000005],[-48.809679318,-24.67581648099999],[-48.811923939,-24.67414258999999],[-48.81636375,-24.664108629],[-48.819144223,-24.663572187],[-48.820787706,-24.657291839999996],[-48.822836848,-24.655296332999995],[-48.827314386,-24.654453327999995],[-48.832283256000004,-24.656885083],[-48.840400885,-24.664976806999995],[-48.844367079,-24.664213066000006],[-48.84976294799999,-24.657789404000003],[-48.853308977,-24.656162983000005],[-48.855008261,-24.655706867],[-48.85850494,-24.657699941999997],[-48.859198552,-24.659100811000002],[-48.856338847,-24.66470324],[-48.847236351,-24.671119131999998],[-48.847876076,-24.673878226999996],[-48.85190112099999,-24.675005379],[-48.85387373799999,-24.675145714],[-48.859567528999996,-24.670169064000003],[-48.86539470799999,-24.667326170999996],[-48.869541644,-24.669674367],[-48.878468584,-24.668191651999994],[-48.88497782099999,-24.670439662],[-48.89066212099999,-24.669313409999997],[-48.909928533,-24.670715773],[-48.912786430999994,-24.673508187999996],[-48.910191454,-24.677947126999992],[-48.91267359,-24.681869141999996],[-48.915260364,-24.682912399000003],[-48.922427047,-24.675186873],[-48.931023579999994,-24.675652016000004],[-48.942474575,-24.672276074999996],[-48.949598836,-24.674846933],[-48.95510176399999,-24.684087659],[-48.958452863,-24.685283197999997],[-48.961032905,-24.684513184],[-48.96061926,-24.679592957999997],[-48.96328942699999,-24.67321529799999],[-48.974926805,-24.671666980999998],[-48.97442988699999,-24.666833544],[-48.978626967,-24.664974341999997],[-48.98785879599999,-24.665902213999995],[-48.98939897499999,-24.656642873],[-48.99092883,-24.655243878],[-49.00070715,-24.655342541999996],[-49.009427035,-24.660369342999996],[-49.010676697,-24.655975527000003],[-49.007333523999996,-24.649220575999998],[-49.005402505999996,-24.639132642],[-49.004486,-24.637802999000005],[-48.999266539,-24.637855111999997],[-49.000709932999996,-24.635349583999993],[-49.004677735,-24.633238886000008],[-49.00836285599999,-24.634563143],[-49.015036732999995,-24.641876677000006],[-49.01837477699999,-24.642616504000006],[-49.021091185,-24.641987596000003],[-49.03220878999999,-24.63383138],[-49.040033628,-24.636846528],[-49.04228687599999,-24.640573375999992],[-49.04098274999999,-24.643281744],[-49.038515264,-24.643767014999998],[-49.03506781899999,-24.640821215],[-49.032874633,-24.641942225999998],[-49.034567589999995,-24.650049994999996],[-49.039508053999995,-24.653364690000004],[-49.03739972799999,-24.660419706999996],[-49.04550824199999,-24.666099943000003],[-49.04483829499999,-24.669038109999995],[-49.04625535899999,-24.672698746],[-49.051845687,-24.680695236],[-49.064404703,-24.686025422999997],[-49.070150387,-24.683964877000005],[-49.07140555299999,-24.677730577000002],[-49.074674873999996,-24.673416474],[-49.07983268,-24.672608803000003],[-49.084405492,-24.672975167000004],[-49.085244309,-24.679933670999997],[-49.097087156,-24.681874084999997],[-49.100093809,-24.676325038999995],[-49.105590938,-24.67471169],[-49.108940821,-24.676548536999995],[-49.108874678,-24.685848454000006],[-49.111594637,-24.68835230699999],[-49.118347182,-24.686238773999992],[-49.12237421199999,-24.682450704],[-49.12617319799999,-24.684176327],[-49.131429851,-24.680932482000003],[-49.133487901,-24.676596606999997],[-49.136071285999996,-24.675247126],[-49.14815116999999,-24.675276550999996],[-49.153945656,-24.672005449],[-49.162523056,-24.671383233],[-49.169847708999995,-24.675603876999997],[-49.174842538,-24.672135122],[-49.180544532,-24.671652994],[-49.187123021999994,-24.673698109999997],[-49.194459763999994,-24.683057508],[-49.205011391999996,-24.685962386],[-49.206350099999995,-24.688949899999994],[-49.20484539,-24.697504727],[-49.209854262,-24.701847212000004],[-49.214830695,-24.702227959999995],[-49.22325880199999,-24.69858488099999],[-49.23704130899999,-24.699110061999995],[-49.244437938999994,-24.696758865],[-49.257399582,-24.696450041000002],[-49.262758611,-24.692538374999998],[-49.27568111499999,-24.694375944],[-49.28798185899999,-24.684411562],[-49.29416251399999,-24.675882523999995],[-49.30376270299999,-24.673012353000008],[-49.305397609,-24.673649759000007],[-49.30501816299999,-24.669033919],[-49.312015435,-24.663532669999995],[-49.30815169000001,-24.660861273000002],[-49.307182137,-24.657982720000007],[-49.302620791,-24.658131513],[-49.299883543,-24.654042074999996],[-49.3016669,-24.649832404000005],[-49.305511743,-24.648961357000005],[-49.309735109,-24.645761106999995],[-49.306375763999995,-24.642851867999994],[-49.310674007,-24.640194173999994],[-49.313707932999996,-24.642062227],[-49.31642813799999,-24.638998449999995],[-49.31337741000001,-24.637990197],[-49.312871005,-24.634327063],[-49.314456117,-24.633429586],[-49.314071246999994,-24.632066403],[-49.31159688099999,-24.630290542999997],[-49.307075589,-24.621738133],[-49.314624606,-24.6142646],[-49.31226988,-24.610801679999998],[-49.31409638099999,-24.608273091],[-49.31190306399999,-24.605120568],[-49.31312797700001,-24.604703713000003],[-49.31224087399999,-24.603614995999997],[-49.30840231199999,-24.603485781],[-49.309202684999995,-24.602214399999998],[-49.303597066,-24.59694868],[-49.31656528399999,-24.587975084999997],[-49.315933305,-24.586710343999997],[-49.31235237399999,-24.586069717999997],[-49.312771993,-24.582527233999993],[-49.31087221699999,-24.580995415],[-49.31259894499999,-24.578877164],[-49.311711406,-24.574625699999995],[-49.31376435399999,-24.572285143],[-49.313548244,-24.569988406999993],[-49.317677742,-24.566639479999992],[-49.317676213999995,-24.564054082],[-49.314638487,-24.562451027999998],[-49.31598936299999,-24.555508877999998],[-49.309786105,-24.553413042999995],[-49.309816252,-24.549927833],[-49.3070724,-24.549922852000005],[-49.305573085999995,-24.546391932],[-49.3028266,-24.550127263000004],[-49.297090113,-24.549609826999998],[-49.295728184999994,-24.552094188000005],[-49.292531128,-24.552890026999997],[-49.292259819,-24.544301474],[-49.283671874,-24.540826049],[-49.280272024999995,-24.5372649],[-49.280346195,-24.534704992999995],[-49.283792471,-24.533677528000002],[-49.287963096999995,-24.527064200999995],[-49.286848420999995,-24.523233521000005],[-49.288343860999994,-24.522836987999998],[-49.286236676,-24.518259188999995],[-49.28711699299999,-24.514203314],[-49.289568212999995,-24.513418486999996],[-49.289704128,-24.510494225999995],[-49.294726168,-24.506401395],[-49.29646197899999,-24.501895489],[-49.29526082499999,-24.499902514000002],[-49.291491709999995,-24.499901516],[-49.29000961199999,-24.497794378],[-49.284284481,-24.49482097],[-49.281128048,-24.495123465999992],[-49.269573664999996,-24.492310137999997],[-49.271341911,-24.490179078000004],[-49.270218646,-24.484618598999997],[-49.27122033799999,-24.483332937000004],[-49.269818662999995,-24.481278618999994],[-49.265457870999995,-24.479329092999993],[-49.263851215,-24.474427278999997],[-49.259113121,-24.472793815999996],[-49.254568237,-24.473919558999995],[-49.253428336999995,-24.473009321],[-49.25373756999999,-24.470453622],[-49.24898515500001,-24.471505383999993],[-49.24692266999999,-24.469097964999996],[-49.249122936,-24.466526124000005],[-49.24892724,-24.464673975],[-49.24849059299999,-24.463399213999995],[-49.245317406999995,-24.465109312999992],[-49.245336436,-24.458413651000004],[-49.251263869,-24.457437499999997],[-49.253548922,-24.455744471999996],[-49.251677669,-24.451571157999997],[-49.253444914999996,-24.449552033999996],[-49.250517805,-24.445419520999994],[-49.25323261399999,-24.435936572],[-49.240683208,-24.422014793],[-49.240516596999996,-24.419072192999995],[-49.23554919,-24.409552062999992],[-49.237850277999996,-24.404472846000004],[-49.24309667799999,-24.401888656],[-49.24739883000001,-24.406299398999998],[-49.250234436,-24.413864895],[-49.25347715499999,-24.409443581],[-49.253500278999994,-24.405038491999996],[-49.24767589299999,-24.392717697],[-49.23945663599999,-24.384502064],[-49.23781905199999,-24.379020065999995],[-49.231647812,-24.375061360000004],[-49.223459819999995,-24.36348542],[-49.216154583,-24.355890337999995],[-49.20846084600001,-24.352259854000007],[-49.206566086,-24.348383389],[-49.201111832,-24.345106569],[-49.20121061099999,-24.342700239999996],[-49.205946489,-24.338254047999996],[-49.224287222,-24.340228391999993],[-49.231212665,-24.330395243],[-49.236059473999994,-24.329604306999997],[-49.24470221799999,-24.332175213999996],[-49.245771411999996,-24.330791722000004],[-49.248875731,-24.330512594999995],[-49.250458216999995,-24.328789759],[-49.249404595,-24.325457348],[-49.250436597,-24.319364319000005],[-49.253046829999995,-24.319052111],[-49.255554206,-24.316660362999997],[-49.258157272,-24.316855874999998],[-49.26112472799999,-24.312402952],[-49.269821126,-24.307175001000008],[-49.273499933,-24.308391814000004],[-49.27471199499999,-24.305481143],[-49.278199982,-24.306394657],[-49.281116919000006,-24.309657696999995],[-49.283808881999995,-24.308062921],[-49.282905526,-24.307090898],[-49.286099613,-24.304072143999996],[-49.287000831,-24.299058245999994],[-49.28916530699999,-24.298072173],[-49.290793021999995,-24.293726447],[-49.288712559,-24.291793971],[-49.29387265,-24.289389056000005],[-49.29675734,-24.290259867],[-49.29867406999999,-24.287808465999998],[-49.29904054,-24.286370363999996],[-49.296573366,-24.287528329],[-49.295206027,-24.285430459999997],[-49.29814670500001,-24.283057514],[-49.29793189099999,-24.279825073999994],[-49.30123497499999,-24.276303879000004],[-49.298709867,-24.268056518000005],[-49.302177061,-24.262530598],[-49.302624128999994,-24.25914018],[-49.30836868,-24.260208858999995],[-49.308673586999994,-24.258669725],[-49.306178198,-24.256917401999996],[-49.305374066999995,-24.251430972],[-49.308058560999996,-24.250690228],[-49.31168634299999,-24.246933639],[-49.31270587899999,-24.243396795000002],[-49.319623713,-24.243806478999996],[-49.31982395,-24.238102238000003],[-49.321207114,-24.238774342999992],[-49.322677989,-24.235976402999995],[-49.334740186000005,-24.231036993],[-49.336908004,-24.227555577999997],[-49.35067723099999,-24.220800878999995],[-49.355957823,-24.214512275999994],[-49.35683988299999,-24.211543320999997],[-49.355762426000005,-24.209073712999995],[-49.34154414,-24.20312201100001],[-49.344986676999994,-24.198565035999998],[-49.346509423,-24.192413525],[-49.34345905399999,-24.18774334],[-49.33982588899999,-24.174794528],[-49.340345345,-24.157179347000007],[-49.33893197399999,-24.154381873],[-49.335012483999996,-24.153060658],[-49.332459397,-24.150120787000002],[-49.336795359999996,-24.144909511],[-49.336566257,-24.137581853000007],[-49.338465484,-24.136935243999993],[-49.340479515,-24.138886567000004],[-49.34187574100001,-24.138388556],[-49.343527312999996,-24.135081819999996],[-49.361427904,-24.128111574999995],[-49.364933113,-24.12385569699999],[-49.364928033,-24.122088022000003],[-49.36215552699999,-24.120095118],[-49.364687593999996,-24.118415077000005],[-49.36832141399999,-24.118140352],[-49.370846522,-24.114383449999995],[-49.377993087,-24.118092936],[-49.383180926,-24.115108019000004],[-49.386932841,-24.115870625],[-49.389099955,-24.119628667000004],[-49.393948597999994,-24.114103416],[-49.403928875999995,-24.109298691999992],[-49.409152569,-24.10825622500001],[-49.405002534,-24.103575880999998],[-49.40470459699999,-24.102151612999997],[-49.40781815,-24.097927614],[-49.404684244,-24.097257251000002],[-49.404882147,-24.095849351999995],[-49.410298176000005,-24.094668703999996],[-49.412210656999996,-24.092861971999994],[-49.414684699999995,-24.094980205],[-49.416261995999996,-24.094304078],[-49.41570823599999,-24.092768436000004],[-49.41926202599999,-24.090820595],[-49.42198782599999,-24.09217144699999],[-49.427012024,-24.087278039],[-49.43001074399999,-24.088535987999997],[-49.431843832999995,-24.085601332],[-49.431536924999996,-24.081083006999997],[-49.42901264599999,-24.078037386],[-49.435389877999995,-24.075094819999993],[-49.43281667299999,-24.073608230999994],[-49.429786201,-24.068708754],[-49.434872906,-24.067617859999995],[-49.43898290399999,-24.068747842999993],[-49.44020304899999,-24.062956379],[-49.437823455,-24.058786342],[-49.44984773699999,-24.056421684000004],[-49.45754014,-24.049485219000005],[-49.457654047,-24.045137862999997],[-49.462657305,-24.038167358],[-49.461264035999996,-24.03304611899999],[-49.46344306999999,-24.027435776],[-49.469584256999994,-24.025750278000007],[-49.473759338,-24.02731495],[-49.474942469999995,-24.024143704000004],[-49.47438170299999,-24.020059736000004],[-49.479604867,-24.019439610999992],[-49.48156740799999,-24.024056314000006],[-49.487153713999994,-24.024599833999996],[-49.487596384,-24.022108163000006],[-49.49004510299999,-24.020113226999996],[-49.490154919,-24.018659557000007],[-49.486155391,-24.016632887999993],[-49.487349524,-24.01535974500001],[-49.49151707,-24.015447881],[-49.49206877999999,-24.014264857999997],[-49.48965746099999,-24.012633569],[-49.483486881999994,-24.011922028],[-49.480571045,-24.006171397],[-49.48142232899999,-24.005224276],[-49.486180605,-24.006575947999995],[-49.487206002,-24.003994113000005],[-49.486404972,-24.000438728],[-49.489303771,-23.999085861999998],[-49.492269897999996,-23.993378625000005],[-49.498124783,-23.993808256000005],[-49.493684659,-23.977595831000002],[-49.50060067,-23.969489496],[-49.50447351299999,-23.967718732000005],[-49.507242375,-23.967393720999993],[-49.510770244,-23.971956235000004],[-49.516756803999996,-23.970122486],[-49.513706484,-23.964397405000007],[-49.509114575,-23.963920497999997],[-49.50563592899999,-23.961084379999996],[-49.499667546000005,-23.959209755],[-49.505668846,-23.954844099000006],[-49.502913412999995,-23.948542201],[-49.503922222,-23.947173315999994],[-49.510246849,-23.947859770999994],[-49.513875835,-23.944422354],[-49.519791013,-23.947025997999997],[-49.521099741,-23.946101797],[-49.52446645,-23.935153081000003],[-49.523321949999996,-23.934417164999992],[-49.514357090999994,-23.937763946],[-49.510372239,-23.937155863],[-49.50838199099999,-23.932539279],[-49.509600733,-23.931343498],[-49.514580372999994,-23.931603481999996],[-49.515400312999994,-23.930482623999996],[-49.51160466399999,-23.925899887999996],[-49.516904894,-23.923352561000005],[-49.523597211,-23.91623360000001],[-49.526989744999995,-23.922429334999997],[-49.530761409,-23.922511768999996],[-49.530901714,-23.928103994000004],[-49.532208047999994,-23.930105904],[-49.536934526,-23.927538272999996],[-49.54018572599999,-23.927328345999992],[-49.546433361,-23.923110702],[-49.556989652999995,-23.922730730999998],[-49.55362586799999,-23.916543524],[-49.554464533,-23.91529725099999],[-49.56317185299999,-23.912342386],[-49.569518705,-23.899464963],[-49.575205402,-23.8994661],[-49.577378069,-23.897438278999992],[-49.575797298,-23.882992729999998],[-49.57360145,-23.877954966000004],[-49.57468341999999,-23.877048902],[-49.57801172999999,-23.879554691999996],[-49.58534861399999,-23.890429021000003],[-49.58835255,-23.886188476000004],[-49.591928095,-23.874856157000004],[-49.602463791999995,-23.868281897999992],[-49.601961595999995,-23.862861069999997],[-49.59920756399999,-23.859781956],[-49.599718075999995,-23.857089652999996],[-49.608823249,-23.853936504],[-49.610736502,-23.851694927],[-49.60890567,-23.848587069],[-49.597545459,-23.849373006],[-49.595481762,-23.846799232],[-49.595995847,-23.845596534],[-49.607619920999994,-23.840622312],[-49.608037904999996,-23.839379554000004],[-49.59852889,-23.836792174000003],[-49.58667306699999,-23.842260412],[-49.586662780000005,-23.840785830000005],[-49.592663358,-23.837050233],[-49.594011301,-23.832825674999995],[-49.593007699,-23.830301957000003],[-49.587494039,-23.82713949399999],[-49.572678364999994,-23.827046795000005],[-49.56821213599999,-23.821057847999995],[-49.563707758,-23.819540084999996],[-49.560891494,-23.815914473000003],[-49.56006893899999,-23.81193071599999],[-49.563104503999995,-23.801931440000004],[-49.55968176499999,-23.793608373000005],[-49.565822788,-23.78077143099999],[-49.570023236999994,-23.779668093000005],[-49.570547409,-23.77836664299999],[-49.566489968,-23.777804431999996],[-49.56654510799999,-23.7719289],[-49.56237879999999,-23.768861640999997],[-49.56382400999999,-23.764197731999996],[-49.56050475699999,-23.761306612],[-49.57346282599999,-23.75603962],[-49.570918916,-23.753609699],[-49.56601796399999,-23.752997311000005],[-49.563812627999994,-23.750081404],[-49.56760826400001,-23.740135098],[-49.56732363799999,-23.736778604],[-49.564049705,-23.732219259999997],[-49.561475202,-23.731661683000002],[-49.55524040099999,-23.737234432],[-49.551324113,-23.738734029999996],[-49.548792565,-23.736292473999995],[-49.54882375999999,-23.732420663999996],[-49.55468232,-23.72535965999999],[-49.555516112999996,-23.722130760999995],[-49.553044926,-23.711087781000003],[-49.54919918899999,-23.704016388999996],[-49.551011122,-23.702396027],[-49.554337804000006,-23.702654936999995],[-49.55572259699999,-23.701043350000006],[-49.554212097,-23.696762043000003],[-49.557401021,-23.69352848],[-49.55631192599999,-23.690960822],[-49.55880453899999,-23.689743211],[-49.560084824,-23.692112236000003],[-49.56132980100001,-23.692078469],[-49.563500354999995,-23.687942486999997],[-49.561736227000004,-23.685696162999992],[-49.566845705,-23.685753876999996],[-49.568121023,-23.688041160999987],[-49.569099965999996,-23.685052338000002],[-49.57585323499999,-23.680405309999994],[-49.574633153,-23.675926444999998],[-49.576822,-23.676376785000002],[-49.578482743,-23.678984439999994],[-49.579876066,-23.678328484999998],[-49.581691313,-23.671086828999996],[-49.583192825999994,-23.670271291],[-49.58259913399999,-23.666204477],[-49.580211743,-23.664587903999994],[-49.58260924499999,-23.663151101],[-49.585737548,-23.663841865000002],[-49.58530734599999,-23.658875489999996],[-49.602133843,-23.652116067000005],[-49.60338149399999,-23.643525169999997],[-49.617145244999996,-23.639585895999993],[-49.60824629999999,-23.634073185999995],[-49.608242287,-23.627620279],[-49.606352109,-23.623714677000002],[-49.613597454,-23.623125327],[-49.613574521,-23.619727505999993],[-49.61557482,-23.616748069],[-49.613603355,-23.614718162000006],[-49.614213447,-23.613473812],[-49.619931957999995,-23.612202155],[-49.621171581,-23.607047535],[-49.618909261999995,-23.594330976999995],[-49.616159653,-23.590981989999996],[-49.60999073899999,-23.589943998],[-49.602016975,-23.582696688],[-49.601177292,-23.575231696],[-49.60698734,-23.568284152999993],[-49.607989629,-23.565232433999995],[-49.60001437199999,-23.558390994999996],[-49.598743794,-23.554637751999998],[-49.598765842999995,-23.552992969],[-49.60434420299999,-23.547555838000005],[-49.605717179,-23.541664868000012],[-49.600514427,-23.537254158000007],[-49.600206222,-23.535624384],[-49.611432107,-23.528614649],[-49.62421705999999,-23.523302595000004],[-49.628275602,-23.517086425],[-49.62937035000001,-23.511827484999998],[-49.627265928999996,-23.508430327999996],[-49.621751077,-23.505944097999997],[-49.61483524,-23.510294302000002],[-49.612816834,-23.508272258999995],[-49.613593475,-23.50597372],[-49.618305895,-23.501721223999997],[-49.62109670699999,-23.492098970999997],[-49.616042788,-23.490030607],[-49.613399603,-23.486831335000005],[-49.612702882,-23.482868498],[-49.615572801999996,-23.47349726399999],[-49.61488027299999,-23.472200953],[-49.603289414,-23.478423636000002],[-49.599857204,-23.478500933999992],[-49.598576822999995,-23.477157374999997],[-49.602572495,-23.470639539],[-49.601221051,-23.461262464],[-49.59790402899999,-23.457915221999993],[-49.602264440999996,-23.453869409],[-49.60318602,-23.451292567000003],[-49.59815788099999,-23.446171991999996],[-49.595640131,-23.440382378000002],[-49.590106567,-23.435870954000002],[-49.579986831999996,-23.436738816],[-49.57791082899999,-23.437737881],[-49.57561913299999,-23.443584361],[-49.57295141899999,-23.443943963999995],[-49.569019052,-23.440304153],[-49.572375034,-23.436234363999993],[-49.56726248299999,-23.429305399999997],[-49.566624145,-23.426420090999997],[-49.56914578899999,-23.425457054999992],[-49.575542992,-23.431395942000005],[-49.580804574999995,-23.431718068],[-49.581789976,-23.428954764999997],[-49.578376473999995,-23.421545588999997],[-49.580292971,-23.414198613999996],[-49.58932695,-23.416142901999997],[-49.593436108,-23.406706937999996],[-49.603676037,-23.407812013999994],[-49.604742963,-23.402840799],[-49.599485731,-23.400482782],[-49.598516462999996,-23.398186566999996],[-49.607850282,-23.393342818000004],[-49.611631131,-23.394495850999995],[-49.615297249,-23.397674911999996],[-49.62101170399999,-23.397419327],[-49.620606876,-23.388718425],[-49.612805644999995,-23.387850562],[-49.60110005599999,-23.383967562],[-49.598014021999994,-23.384925301999996],[-49.592473458,-23.389574262999993],[-49.590402466,-23.382792471],[-49.595989491999994,-23.37601958599999],[-49.595412115,-23.367091445999993],[-49.601657143,-23.362615194],[-49.604156923999994,-23.358947461999993],[-49.61180664599999,-23.354653485999997],[-49.62093060099999,-23.356773169000004],[-49.633436734,-23.356421146],[-49.637095806,-23.351619853000003],[-49.637901369999994,-23.342552064000003],[-49.636213045999995,-23.339771970000005],[-49.631294335999996,-23.344178156],[-49.629417587999995,-23.343757276],[-49.62169446899999,-23.331889587999996],[-49.623278547,-23.31843664],[-49.628736466,-23.311185809000005],[-49.631397409,-23.304415687999995],[-49.63088029,-23.299475697],[-49.625802887,-23.286650120000004],[-49.626462017,-23.282916633000006],[-49.629149265,-23.276754082999993],[-49.635171684,-23.271306312],[-49.640066961,-23.256324431000003],[-49.647103836,-23.25171200700001],[-49.644479691,-23.240235808000005],[-49.651575132,-23.236947126000004],[-49.653066455,-23.234459645],[-49.654767248999995,-23.228284064999997],[-49.6524018,-23.219000854],[-49.653751562,-23.212036974999993],[-49.661456404,-23.201633499000003],[-49.663196770999996,-23.194199876000006],[-49.66670508799999,-23.188779335999996],[-49.671282274,-23.184535210000004],[-49.67770799099999,-23.174942584],[-49.682519758,-23.175137384000003],[-49.68326594199999,-23.173611360999992],[-49.678822964999995,-23.168239479999997],[-49.678319869999996,-23.165061654999995],[-49.68332344,-23.163775581000003],[-49.688459092,-23.165404693],[-49.697489893,-23.164983241000005],[-49.701211168,-23.159506245],[-49.703544362,-23.158308068000004],[-49.701368707,-23.153080457999994],[-49.705818623999996,-23.155496893],[-49.711271923,-23.156201144],[-49.714598148,-23.153910446],[-49.716493243,-23.148393257],[-49.730488775,-23.141446136999992],[-49.73490511699999,-23.132889286],[-49.730046942,-23.126057467],[-49.726157036,-23.116903557999994],[-49.72555095199999,-23.10943814399999],[-49.728327026,-23.10689328699999],[-49.73533160499999,-23.104561567999998],[-49.74023931399999,-23.099168332999994],[-49.74529590699999,-23.099442297999996],[-49.75138196899999,-23.097757409999996],[-49.754981426,-23.102657686999997],[-49.762948185999996,-23.105575955],[-49.778673063,-23.101296323999996],[-49.789179061,-23.103345549],[-49.791715526999994,-23.102426155],[-49.795572648,-23.094590125999996],[-49.799465363,-23.093395788],[-49.80660349699999,-23.094334106],[-49.81390659299999,-23.078626824999997],[-49.826987779,-23.07487126299999],[-49.83365857799999,-23.065942942000007],[-49.841437045,-23.070464512],[-49.85057579899999,-23.073255077],[-49.857887989,-23.070976902999995],[-49.867415281,-23.071691854],[-49.873238765,-23.06898107899999],[-49.879050031,-23.059685383999998],[-49.880541059,-23.059417710999995],[-49.88260488,-23.063770826000006],[-49.885329101,-23.065068373999996],[-49.89924313899999,-23.054017105000003],[-49.907396288,-23.05307554399999],[-49.91160219799999,-23.051118641000002],[-49.915903347,-23.034787509999997],[-49.91340845599999,-23.030107252],[-49.91267830899999,-23.022257257],[-49.909301901999996,-23.013572874],[-49.901483104,-23.007464374999998],[-49.89958541,-23.002005327],[-49.913006454,-22.990904919],[-49.91955955,-22.99043865499999],[-49.93075960699999,-22.983031197999995],[-49.940051116999996,-22.982626337],[-49.95450191599999,-22.978420488],[-49.960605097,-22.970558209999997],[-49.969332595999994,-22.96447845],[-49.974198288,-22.954496783999996],[-49.965657099,-22.944634977],[-49.961377778,-22.93086301],[-49.962049484,-22.923313108],[-49.965744573,-22.914140303999996],[-49.975209676,-22.904494711],[-49.98616492499999,-22.897504763],[-49.989483045,-22.896739202999996],[-49.995590938999996,-22.89798636900001],[-49.998852988,-22.901749898999995],[-49.991854067999995,-22.916622196000002],[-49.990407537,-22.923482218999997],[-49.99196376,-22.92772577199999],[-49.994873688,-22.929719145000004],[-50.00163089,-22.92935264],[-50.006057897,-22.926929099000002],[-50.01212053300001,-22.918397043999995],[-50.014633986,-22.911250486999997],[-50.016240464,-22.910335151],[-50.034385164999996,-22.909033982],[-50.037268004999994,-22.908147505],[-50.043796907,-22.902620628999998],[-50.04785266599999,-22.901964110999998],[-50.052739361,-22.905268514000003],[-50.058922061000004,-22.918982926],[-50.067470441,-22.927515304000003],[-50.071549789,-22.928123649999993],[-50.08086904999999,-22.921794128999995],[-50.089405915,-22.921959119000004],[-50.092825809,-22.922504722999996],[-50.115409772,-22.939791235999998],[-50.12106717399999,-22.941341174],[-50.130101348,-22.94117547],[-50.148053566,-22.935128304],[-50.151432948,-22.935159642],[-50.157305371999996,-22.938839419999994],[-50.164892172,-22.946409205],[-50.175262741999994,-22.949294407],[-50.183393372,-22.95377330399999],[-50.194837257,-22.951558438999996],[-50.20389191299999,-22.952786433],[-50.212994221,-22.948465057],[-50.21688210399999,-22.947899470000003],[-50.22753220999999,-22.95347397599999],[-50.237537602,-22.954146227],[-50.240982078,-22.9530394],[-50.244163648999994,-22.949550029],[-50.245968507,-22.940104780999995],[-50.247611146,-22.937798408000003],[-50.257408137999995,-22.936523544],[-50.273387882,-22.93100133799999],[-50.28409642999999,-22.937310985999996],[-50.300446162,-22.937936639],[-50.306190871999995,-22.946212361000004],[-50.318495322,-22.950682577],[-50.336158762,-22.950396509999994],[-50.3401866,-22.948072942000003],[-50.34541391199999,-22.934573715999996],[-50.35905140399999,-22.922515975999996],[-50.359249489,-22.916058813999992],[-50.37907459899999,-22.905405568999992],[-50.38714282200001,-22.907831555999994],[-50.398191277,-22.90718929],[-50.41894763,-22.913933077],[-50.420150762,-22.917570794],[-50.41894205599999,-22.934082209999993],[-50.42571246599999,-22.944185484],[-50.430302459,-22.946407401999988],[-50.43988913799999,-22.942330030999997],[-50.448353006999994,-22.941526987000003],[-50.459425028,-22.945201243],[-50.48273944999999,-22.936934535999992],[-50.486122434,-22.936861457999996],[-50.491413650999995,-22.93766821599999],[-50.499675454999995,-22.943628264000004],[-50.506078979,-22.94537711],[-50.511019186,-22.944638843999996],[-50.524440334,-22.937868925000004],[-50.526772855,-22.934822125999997],[-50.53001038600001,-22.919149545000003],[-50.534766182999995,-22.914311168999998],[-50.54049350300001,-22.912128920000004],[-50.554399892,-22.911648818999996],[-50.56733452,-22.905656916999998],[-50.577057192999995,-22.903944493999997],[-50.58880849799999,-22.910446365999995],[-50.60380838599999,-22.923178532000005],[-50.608524061999994,-22.924154002],[-50.612717034,-22.922547828],[-50.617112863,-22.914382792999994],[-50.62031545799999,-22.912160063],[-50.637296699,-22.906937151999998],[-50.648506638,-22.897084898999996],[-50.66158543699999,-22.895477469999992],[-50.672557211,-22.898220896999998],[-50.679941973,-22.903210225999995],[-50.687851538,-22.917111717000004],[-50.69350343199999,-22.923553719],[-50.702718985999994,-22.942144747000004],[-50.711216156999996,-22.95474442],[-50.72952677899999,-22.962498570000005],[-50.736369966,-22.963351013000008],[-50.745223147999994,-22.959983482],[-50.75032993999999,-22.951499075999994],[-50.75866206,-22.947654404999998],[-50.770906377,-22.947650903999996],[-50.777946991,-22.946323608999997],[-50.789113637,-22.950407523999996],[-50.795935031,-22.951179367],[-50.803991984,-22.945736612],[-50.80614623,-22.94029933299999],[-50.805172489,-22.936085423],[-50.800498916,-22.928313535],[-50.797528915,-22.914959090000004],[-50.793138082,-22.905117262999998],[-50.79295170099999,-22.894353509999995],[-50.797817057,-22.888552352],[-50.817013101,-22.879541018],[-50.82080796299999,-22.874014372999998],[-50.823750272999995,-22.865779867999997],[-50.825791709,-22.866093872],[-50.830665402,-22.862173271999996],[-50.834727258,-22.85399230799999],[-50.83762582199999,-22.840132359],[-50.842387134,-22.831398472999997],[-50.85447255599999,-22.819968414],[-50.876030568999994,-22.80647949999999],[-50.88871894999999,-22.796531238000004],[-50.89533338999999,-22.794300161999995],[-50.919054034999995,-22.795930508999998],[-50.92769191899999,-22.797749882999998],[-50.937346991999995,-22.804799146999997],[-50.940695287,-22.805325229999998],[-50.945636393,-22.80393228899999],[-50.959250072,-22.787906380000003],[-50.97188962799999,-22.782447835000003],[-50.97867808099999,-22.782609754999996],[-50.98619252,-22.785991252],[-50.994585432,-22.792149488000003],[-51.00554855800001,-22.793821426],[-51.01114210499999,-22.792296958000005],[-51.05761500799999,-22.766057092000004],[-51.066585986,-22.764589062999995],[-51.075361494999996,-22.765930841],[-51.089950921,-22.762707490999993],[-51.099125758999996,-22.763176507],[-51.117098309,-22.76023886999999],[-51.12792314299999,-22.759992556],[-51.149582110999994,-22.755053732000004],[-51.164412797999994,-22.748962849999998],[-51.18253464299999,-22.732262824000003],[-51.187015804,-22.72989212],[-51.205449292999994,-22.727448772999995],[-51.228335959,-22.716017185000002],[-51.237761381,-22.705757923],[-51.242880289,-22.689576240999997],[-51.258704382,-22.671875972000002],[-51.265199856,-22.667697405],[-51.272792894999995,-22.666212525000002],[-51.281427594,-22.666477355999994],[-51.297191654,-22.673206205000003],[-51.306494967999996,-22.674490235999993],[-51.33931634899999,-22.665364935999996],[-51.35341414199999,-22.663413685999995],[-51.362198623999994,-22.659912054999996],[-51.373649238,-22.658132861999995],[-51.378176009,-22.659523459999996],[-51.38610313,-22.665373804999994],[-51.40201628599999,-22.667905493999996],[-51.409982818,-22.664968264999995],[-51.416425361,-22.658701332],[-51.42472559699999,-22.653510806],[-51.43656037099999,-22.65208421299999],[-51.44641022199999,-22.652952323],[-51.453096085,-22.655750533999992],[-51.466035602,-22.672353357000002],[-51.471904082,-22.677186812999995],[-51.49890180799999,-22.690529337000005],[-51.51218990299999,-22.691972568999997],[-51.519810028,-22.687926067],[-51.531838320999995,-22.687157065999997],[-51.54349532799999,-22.689516509000004],[-51.552243278,-22.695389009999992],[-51.559569158,-22.697179343999995],[-51.577343751,-22.68921709],[-51.59147777900001,-22.685198753],[-51.615842202,-22.662593438999995],[-51.627878628999994,-22.658240644999992],[-51.64638605399999,-22.656341078999997],[-51.662350547,-22.65724412],[-51.681092599,-22.660738279999993],[-51.69917087500001,-22.669368566000003],[-51.705842891,-22.670360392],[-51.71817363699999,-22.669021088999997],[-51.722680327999996,-22.666014820000008],[-51.72586737699999,-22.661464847000005],[-51.733036676,-22.628614413],[-51.735704576,-22.624292539],[-51.74546088299999,-22.624580930000004],[-51.75162435,-22.618081983],[-51.77162057999999,-22.614126910000003],[-51.78141795,-22.615842020999995],[-51.78756842899999,-22.619329493],[-51.818100261999994,-22.623294382999994],[-51.82621568399999,-22.62730536799999],[-51.83869076599999,-22.628533900999997],[-51.847096113999996,-22.632226024],[-51.86862425399999,-22.630445569999992],[-51.87897276199999,-22.624353011000007],[-51.890044704999994,-22.613406058999995],[-51.892123645999995,-22.609660517],[-51.909498081,-22.594677859],[-51.916821332999994,-22.586105714999995],[-51.930981101,-22.575997437999998],[-51.934376278,-22.571414286000003],[-51.940512627,-22.567342751],[-51.96087482099999,-22.563456435999996],[-51.991183191,-22.55076667399999],[-51.996852645,-22.546053339999997],[-52.002595014,-22.545500076000003],[-52.01265110899999,-22.541696226999996],[-52.02535777799999,-22.539741293000002],[-52.051877847,-22.539326331999998],[-52.060047757,-22.537765587],[-52.08961738899999,-22.521249929999996],[-52.109212428,-22.516295164000006],[-52.11862131299999,-22.516834995000004],[-52.127602243999995,-22.519923030999994],[-52.13888082300001,-22.531265248999997],[-52.148761936,-22.549253528999998],[-52.15195627100001,-22.568556568999995],[-52.156872488,-22.577314116999997],[-52.160965408,-22.589450859999996],[-52.162492291999996,-22.601175444],[-52.161937418,-22.610874912],[-52.156854026,-22.628681892],[-52.15571171599999,-22.641377790999996],[-52.156677982,-22.644718931999996],[-52.166849598999995,-22.650325709000004],[-52.19718176899999,-22.658930254],[-52.205464527,-22.663923991999997],[-52.21357321699999,-22.671958428000003],[-52.222577222000005,-22.675535358],[-52.22737628,-22.670884029000003],[-52.228546216,-22.664614063000002],[-52.228099122,-22.642516923],[-52.230858266,-22.633520183000005],[-52.235077486,-22.625679567999995],[-52.240132022,-22.619883613],[-52.250413112,-22.615426387999996],[-52.278694674,-22.620390232999995],[-52.300435589,-22.635444962000005],[-52.30537454000001,-22.63681702099999],[-52.313136445,-22.636512413],[-52.32693476899999,-22.633134462],[-52.368611097999995,-22.629336840999997],[-52.380490791,-22.626544843999994],[-52.41270064399999,-22.613447736000005],[-52.433045838999995,-22.607166480999993],[-52.437629672999996,-22.606848674000002],[-52.451548022,-22.609531165],[-52.467634270999994,-22.615878245999998],[-52.49013234899999,-22.630651854],[-52.50267684799999,-22.634555701],[-52.51178114,-22.630319655000005],[-52.523494267,-22.619896551],[-52.538938512,-22.615749944000004],[-52.545377196,-22.611743466000007],[-52.553886610999996,-22.600724628],[-52.567128751999995,-22.589247375999996],[-52.571546303,-22.582895567999998],[-52.575774097,-22.571973596999992],[-52.584922847,-22.565933151000003],[-52.58934444199999,-22.566096592],[-52.611357389999995,-22.574471577000004],[-52.619948910999994,-22.580307524],[-52.630082726,-22.590549448],[-52.64416455599999,-22.597539593000008],[-52.663037581999994,-22.611917706000003],[-52.697105379,-22.627006571999996],[-52.70825136500001,-22.628061851000005],[-52.717995779999995,-22.627536890999995],[-52.726904258999994,-22.625242308],[-52.750301812,-22.612368863],[-52.782863851,-22.602061650999996],[-52.815439665,-22.59704316599999],[-52.84486211099999,-22.609221770999998],[-52.858362803000006,-22.608001008000002],[-52.905362502,-22.572207290999994],[-52.92474261899999,-22.565623982],[-52.972424983,-22.570484295],[-52.984858495999994,-22.576349724999996],[-53.011672991999994,-22.598794962999992],[-53.019835876,-22.60166034199999],[-53.030807026,-22.608411373],[-53.038525382,-22.618413567999998],[-53.055797902,-22.632622734000005],[-53.074723901999995,-22.64134036299999],[-53.083942964,-22.655074157],[-53.08778689999999,-22.65844487],[-53.09458246599999,-22.637978678],[-53.108706167,-22.615039827999993],[-53.109857846,-22.604301109],[-53.107862307,-22.595511541999997],[-53.097789046,-22.582476259999996],[-53.088647476999995,-22.565849206000003],[-53.073806463,-22.548857565],[-53.058002404,-22.536929952],[-53.039801006,-22.527395631000005],[-53.01436119699999,-22.520665766999997],[-53.00705744300001,-22.513047022000002],[-52.99857914799999,-22.493181288],[-52.98824585199999,-22.486878340000004],[-52.88583698099999,-22.452873619999988],[-52.857842711,-22.441482692999998],[-52.854761226,-22.439112378999997],[-52.839886871999994,-22.415310986999998],[-52.808210356000004,-22.388284824000003],[-52.798330858,-22.37827340400001],[-52.745835005,-22.343312984000004],[-52.72426863999999,-22.335107945],[-52.695134120999995,-22.314610624],[-52.65027654,-22.30100102],[-52.64003563699999,-22.292988238999996],[-52.633380424,-22.284986109],[-52.623356421,-22.279015581999996],[-52.60199138299999,-22.271951402],[-52.597520669999994,-22.268788030999996],[-52.586939226999995,-22.25675048600001],[-52.579187167,-22.251952787],[-52.57101913099999,-22.248427737000004],[-52.54207954799999,-22.24026631],[-52.523233904,-22.229021885],[-52.512388516,-22.225580737999994],[-52.503435571,-22.225384892000005],[-52.487714257,-22.217206042999997],[-52.48421643,-22.213254261000003],[-52.47996567799999,-22.200881777],[-52.460675206999994,-22.188743411],[-52.445741861,-22.176946940999994],[-52.433027805,-22.163364880999996],[-52.415018886,-22.14882595],[-52.40818834,-22.141635244999996],[-52.401679448,-22.12635719],[-52.396403836999994,-22.118867082],[-52.391906422999995,-22.114678901],[-52.37721795899999,-22.106678218999992],[-52.355131168,-22.077231436],[-52.345434789,-22.061975385],[-52.33919181699999,-22.047826440000005],[-52.326437960999996,-22.002300406999996],[-52.32804500499999,-21.999959538],[-52.32560137699999,-21.996098549000003],[-52.319019393000005,-21.972131912],[-52.308811906,-21.951919628999995],[-52.301484668,-21.942168615000003],[-52.28027232499999,-21.922824829999993],[-52.27496324999999,-21.914941910999996],[-52.26904607899999,-21.914496994],[-52.263697051,-21.912299198],[-52.258184109999995,-21.90592403899999],[-52.24840609299999,-21.902280420000004],[-52.23343298199999,-21.883753982999995],[-52.20672880499999,-21.862138947],[-52.19056138999999,-21.846144653999996],[-52.183602918999995,-21.826365852999995],[-52.18398437,-21.814460509],[-52.170962115,-21.786398292000005],[-52.161261818,-21.770773715999997],[-52.147791958000006,-21.759588828],[-52.14004880099999,-21.755730206000003],[-52.125450953,-21.751829891000003],[-52.122098889,-21.749461858999993],[-52.112014416,-21.749599056],[-52.102865193,-21.745291225999996],[-52.099593078999995,-21.737619058],[-52.093866201,-21.730514442999997],[-52.076492427999995,-21.714880189999995],[-52.055825419,-21.677158813],[-52.05071122399999,-21.665766637999997],[-52.048340311,-21.656342081],[-52.049520352,-21.643089112],[-52.052092257999995,-21.636594170999995],[-52.062790026,-21.620597694999994],[-52.068875607,-21.59810751],[-52.072426472,-21.593101293000004],[-52.082824585999994,-21.584238755999998],[-52.09153137199999,-21.580694225999995],[-52.09876728199999,-21.574985634999997],[-52.102164144,-21.569813512999996],[-52.103401882,-21.564557172999994],[-52.10229339799999,-21.554840578000007],[-52.095962363,-21.542063617999997],[-52.087924663,-21.532899706],[-52.080322871999996,-21.52156207799999],[-52.077789404,-21.515222541000004],[-52.066452394,-21.504591561],[-52.062041741,-21.503268464],[-52.021841642999995,-21.510914989000003],[-52.000367606,-21.516626478999996],[-51.996933109,-21.515861327],[-51.967903323,-21.501762082999992],[-51.963528119,-21.496019819],[-51.952858647,-21.474432494]]],[[[-46.163300599,-24.330471092999996],[-46.160712565,-24.327669968],[-46.162976925,-24.331318668],[-46.163300599,-24.330471092999996]]],[[[-46.183382313,-24.321320924],[-46.180065965,-24.318077917],[-46.179863768999994,-24.319220338],[-46.183382313,-24.321320924]]],[[[-45.688487748,-24.091916334999997],[-45.688641038,-24.098050278999995],[-45.684366424,-24.096374261],[-45.68268301,-24.097517828],[-45.679848865,-24.096803884999996],[-45.680082162999994,-24.097988318000002],[-45.68460386299999,-24.102149890999996],[-45.691089098999996,-24.105547388],[-45.698662149,-24.106365955999994],[-45.700481291,-24.10782430999999],[-45.70027262199999,-24.109539031],[-45.706276964,-24.113172075],[-45.70658990799999,-24.110459327000004],[-45.70319562899999,-24.110789826999994],[-45.701975397,-24.109678512999995],[-45.703983691,-24.105907080999998],[-45.700978909,-24.106231958999995],[-45.697770272,-24.100958538000008],[-45.69257799599999,-24.097491159],[-45.691311274,-24.090901844],[-45.688487748,-24.091916334999997]]],[[[-45.702286488999995,-24.095587989999988],[-45.701609985999994,-24.095859579000003],[-45.702498822,-24.096585461999993],[-45.702286488999995,-24.095587989999988]]],[[[-45.70531667699999,-24.093885871],[-45.704235978,-24.093536427000004],[-45.704245547,-24.093883163999994],[-45.70531667699999,-24.093885871]]],[[[-45.659098924999995,-24.088946408],[-45.658313786,-24.088689633],[-45.65903621199999,-24.089266882999993],[-45.659098924999995,-24.088946408]]],[[[-45.66347435899999,-24.083654466],[-45.663184705999996,-24.082539534],[-45.663179814,-24.083797905],[-45.66347435899999,-24.083654466]]],[[[-45.71714239899999,-24.079924721000005],[-45.716144927,-24.079954347999998],[-45.717117709,-24.080245689000005],[-45.71714239899999,-24.079924721000005]]],[[[-45.718283072,-24.076917490999993],[-45.716609096999996,-24.076300243999995],[-45.717952228,-24.077584119],[-45.718283072,-24.076917490999993]]],[[[-45.65605176,-24.076920386999998],[-45.65536666,-24.074919547],[-45.654177542999996,-24.074915915],[-45.65605176,-24.076920386999998]]],[[[-46.216530633999994,-24.007586943],[-46.217740516,-24.010271392999996],[-46.21951529199999,-24.010544001000007],[-46.216530633999994,-24.007586943]]],[[[-46.180196944,-23.971234291999995],[-46.18135678499999,-23.975337493],[-46.18422851399999,-23.97503802199999],[-46.182936188,-23.971471691],[-46.180196944,-23.971234291999995]]],[[[-46.17605491999999,-23.970215680000003],[-46.177164113,-23.970476957999995],[-46.175931855,-23.969680232999995],[-46.17605491999999,-23.970215680000003]]],[[[-46.16782916199999,-23.966357491000004],[-46.16583416,-23.967409392999993],[-46.16807717799999,-23.967773556999994],[-46.16782916199999,-23.966357491000004]]],[[[-46.169952134,-23.927057253999997],[-46.17020531499999,-23.927923141999997],[-46.17048487299999,-23.927873620999996],[-46.169952134,-23.927057253999997]]],[[[-46.167371691,-23.914788222999995],[-46.167947119999994,-23.915949162999997],[-46.16832858699999,-23.914805171999994],[-46.167371691,-23.914788222999995]]],[[[-46.135917905999996,-23.891852912],[-46.13680095299999,-23.89335593299999],[-46.13759758999999,-23.892379523999995],[-46.135917905999996,-23.891852912]]],[[[-46.128731485,-23.885271977],[-46.130153156999995,-23.884830522],[-46.130391237,-23.884866305999996],[-46.12920242999999,-23.883836689999992],[-46.128731485,-23.885271977]]],[[[-46.13417407499999,-23.872080806],[-46.135606816,-23.87268153],[-46.135925091,-23.872637366999996],[-46.135263673,-23.871354699999994],[-46.13417407499999,-23.872080806]]],[[[-45.774220482,-23.859779833999998],[-45.777082413,-23.86864906],[-45.781366541999994,-23.870934470999995],[-45.78697620700001,-23.868467169999995],[-45.78663684599999,-23.862477439],[-45.784654493999994,-23.859699676],[-45.77810453299999,-23.857768842],[-45.774220482,-23.859779833999998]]],[[[-45.523808493999994,-23.846255326],[-45.52052989199999,-23.848666819],[-45.522222539999994,-23.853782046999996],[-45.525206213999994,-23.856346857],[-45.526521832,-23.850059593],[-45.523808493999994,-23.846255326]]],[[[-45.542540685000006,-23.827741433999996],[-45.541179894,-23.828374982999996],[-45.542683457,-23.82886576],[-45.542540685000006,-23.827741433999996]]],[[[-46.02508779099999,-23.826120275999994],[-46.025893164,-23.826961633000003],[-46.026762946,-23.826703164999994],[-46.026069765,-23.825646227999993],[-46.02508779099999,-23.826120275999994]]],[[[-45.470081032,-23.823561446],[-45.469844095999996,-23.823752522999996],[-45.470165105,-23.823928314],[-45.470081032,-23.823561446]]],[[[-45.66735410900001,-23.804424675999996],[-45.67014335599999,-23.807017476000002],[-45.67148011399999,-23.807278743],[-45.67073500299999,-23.804987804000003],[-45.668067016,-23.803326083],[-45.66735410900001,-23.804424675999996]]],[[[-45.717775081,-23.799070623999995],[-45.714807156,-23.803365083],[-45.716305168999995,-23.806270214000005],[-45.71686449199999,-23.804139634],[-45.721447556,-23.804415143999996],[-45.726185281999996,-23.802295676999993],[-45.72162105599999,-23.799185209999997],[-45.717775081,-23.799070623999995]]],[[[-45.70432305200001,-23.788687907],[-45.710919673999996,-23.789902927999997],[-45.714299686,-23.793358602999998],[-45.71766255400001,-23.793544915999995],[-45.716870499,-23.791209392999995],[-45.714480994999995,-23.790676967999996],[-45.711093016999996,-23.78715984899999],[-45.707404366999995,-23.788359130000003],[-45.70466994299999,-23.786896421],[-45.70432305200001,-23.788687907]]],[[[-45.800400057,-23.772856711],[-45.799223645999994,-23.773410776999995],[-45.800637806,-23.773550904],[-45.800400057,-23.772856711]]],[[[-45.74694907100001,-23.771528436],[-45.74652869999999,-23.771840226999995],[-45.74725344899999,-23.771880064000005],[-45.74694907100001,-23.771528436]]],[[[-45.75376140099999,-23.769755284999995],[-45.75339271099999,-23.769463728999998],[-45.75352909099999,-23.769773531999995],[-45.75376140099999,-23.769755284999995]]],[[[-45.300663373,-23.922388376],[-45.300307838,-23.922610584999997],[-45.30088558199999,-23.922734033999998],[-45.300663373,-23.922388376]]],[[[-45.29693490499999,-23.919506543],[-45.297299399,-23.9204624],[-45.29817633099999,-23.920744568999996],[-45.298088971000006,-23.920352291999993],[-45.29693490499999,-23.919506543]]],[[[-45.296495719,-23.919351519000003],[-45.296406835000006,-23.91813677599999],[-45.296036486000006,-23.918240473999997],[-45.296495719,-23.919351519000003]]],[[[-45.325456965,-23.919489781999996],[-45.323155867,-23.914630810999995],[-45.32256331,-23.914482671999995],[-45.325456965,-23.919489781999996]]],[[[-45.262286121,-23.888755851999996],[-45.264145664,-23.889963766],[-45.26509480299999,-23.888884141999995],[-45.262925847999995,-23.887810266],[-45.262286121,-23.888755851999996]]],[[[-45.258945942,-23.889148291],[-45.259975954999994,-23.888735434],[-45.25854572699999,-23.888265967999995],[-45.258945942,-23.889148291]]],[[[-45.28634323400001,-23.860866095],[-45.285735861999996,-23.859626663],[-45.285538343,-23.859740235999993],[-45.28634323400001,-23.860866095]]],[[[-45.41773489399999,-23.853058046],[-45.417064442999994,-23.853330832],[-45.417915891,-23.853194271],[-45.41773489399999,-23.853058046]]],[[[-45.278984941,-23.850955697000003],[-45.276945251,-23.850783708],[-45.277269110999995,-23.851494852999995],[-45.278984941,-23.850955697000003]]],[[[-45.333571878,-23.722577471999998],[-45.318597695,-23.723482451],[-45.317126785,-23.726546371],[-45.314639489,-23.72606144],[-45.313047679,-23.729622957999997],[-45.308628159,-23.731687854],[-45.30055196299999,-23.731598068],[-45.298440547999995,-23.734416425],[-45.29322833799999,-23.733165765999996],[-45.293435886,-23.735496106000003],[-45.291067927,-23.737342638000005],[-45.286246847,-23.73649017999999],[-45.283039842,-23.73431852],[-45.276949957999996,-23.734880575],[-45.274269017,-23.738637996],[-45.271687594999996,-23.738837911],[-45.270536223,-23.74049525099999],[-45.267653149999994,-23.739703672999994],[-45.267255623,-23.743328031],[-45.263083136,-23.741560482],[-45.26190544499999,-23.745010900999993],[-45.25587418,-23.74988787],[-45.26005342799999,-23.757836804000004],[-45.25759855,-23.762184573999996],[-45.24863762499999,-23.763638095000008],[-45.247219979,-23.761355366],[-45.245836707,-23.761491298],[-45.238507156999994,-23.767498586000002],[-45.237924797999995,-23.770144966999997],[-45.233982931999996,-23.773458178],[-45.234333472,-23.776510179],[-45.229833213999996,-23.776332734],[-45.235159598,-23.782108203],[-45.232531953999995,-23.78506817899999],[-45.237512784,-23.795588897999995],[-45.235400696999996,-23.796631994000006],[-45.236733265,-23.801836681999994],[-45.240918711,-23.804992794],[-45.242203771,-23.807749092000005],[-45.24107630999999,-23.812161686],[-45.236855283,-23.810497587000004],[-45.238580457999994,-23.812395143000003],[-45.236851531999996,-23.813773767999997],[-45.238817187,-23.819165196],[-45.241246869,-23.821464690999992],[-45.245879695999996,-23.821975881999997],[-45.24838609299999,-23.824830162],[-45.243450427,-23.827887769999997],[-45.244654407,-23.831724148],[-45.23828036399999,-23.830390475999998],[-45.237841516,-23.83244025699999],[-45.239356626,-23.834298306999997],[-45.244168226,-23.836166848000005],[-45.241583113,-23.837155077],[-45.241290205999995,-23.838714068999998],[-45.238007396,-23.838468215],[-45.232639017,-23.835617958],[-45.226807941,-23.837110975999995],[-45.233015541,-23.842065681000005],[-45.238543852999996,-23.84304358199999],[-45.244468411,-23.837320085999995],[-45.247109423999994,-23.838387981],[-45.255332771,-23.836051853999997],[-45.256319079,-23.837379288000005],[-45.25866049799999,-23.836369415999997],[-45.266561069,-23.838657585],[-45.26907305899999,-23.837223392999988],[-45.27388164199999,-23.83869899800001],[-45.275723936999995,-23.841368738000003],[-45.280716588999994,-23.843968234000005],[-45.281683442,-23.849725121],[-45.28440200299999,-23.848805678],[-45.28688931799999,-23.851527766999997],[-45.288889463,-23.858431461000006],[-45.287930395,-23.862264437000007],[-45.286058540999996,-23.862095021],[-45.28542744599999,-23.863263497999995],[-45.28782825799999,-23.865453250000005],[-45.290917446,-23.866013611],[-45.290421828,-23.868237839999992],[-45.289343434,-23.867953900999996],[-45.29041962699999,-23.869442144999997],[-45.288854007,-23.873698040999997],[-45.282221828,-23.874298811999996],[-45.276400262,-23.872694511],[-45.275454832,-23.873862164999995],[-45.27244130099999,-23.873162669999996],[-45.270422678,-23.874437871999998],[-45.268791465,-23.879482375999995],[-45.27012200499999,-23.880485114999995],[-45.27261385999999,-23.879891502000003],[-45.27523970899999,-23.883299739000005],[-45.276983472999994,-23.882911848999996],[-45.277864498,-23.88424347699999],[-45.276898773,-23.885631235],[-45.274202345999996,-23.885915156999996],[-45.27510803999999,-23.889949895999994],[-45.272863782,-23.892324882999993],[-45.267840999,-23.893133084000006],[-45.264139124,-23.892098767],[-45.262659082999996,-23.893157344],[-45.261521533,-23.892141805999994],[-45.25944896899999,-23.894890238],[-45.25474213299999,-23.896315567000002],[-45.25227648199999,-23.900345056],[-45.249560318,-23.900842585],[-45.24847834199999,-23.903237202999996],[-45.244175556,-23.900942465000004],[-45.24548548999999,-23.896277367999993],[-45.241369763,-23.892190177999993],[-45.240346293,-23.894363473999995],[-45.23586615699999,-23.897249921000004],[-45.234877704999995,-23.900616793999998],[-45.228967112999996,-23.89833799299999],[-45.22640840999999,-23.902410019],[-45.223195743000005,-23.903416498],[-45.226309584,-23.907845872],[-45.23456481499999,-23.906390477000002],[-45.237899991,-23.90891702099999],[-45.23761172,-23.916502963],[-45.23553101,-23.919202561999995],[-45.237946424,-23.925319417999994],[-45.232240948,-23.93099112799999],[-45.236958922999996,-23.934889772999995],[-45.236603771,-23.936512864],[-45.234783257,-23.937168157],[-45.23575416399999,-23.943910743],[-45.232228123,-23.944625963999997],[-45.22651163599999,-23.942712916999998],[-45.234888683,-23.949898020999996],[-45.23748317399999,-23.958540832999997],[-45.240545021,-23.962737558],[-45.25170631099999,-23.968053872999995],[-45.25487485699999,-23.965979661999995],[-45.264143654,-23.966430505999995],[-45.268527894,-23.965284454],[-45.26849378199999,-23.962226090999994],[-45.270572207,-23.962253703],[-45.27336241,-23.959661406999995],[-45.27325406899999,-23.957575075000005],[-45.279515933,-23.953562721999997],[-45.280491476,-23.948358619999997],[-45.28597457899999,-23.943852015999997],[-45.287203794,-23.941308021],[-45.281802237,-23.935872057999998],[-45.280125074,-23.928477046],[-45.283676622,-23.921822526000003],[-45.28842255699999,-23.918771940999996],[-45.28817679699999,-23.91685229999999],[-45.28998369799999,-23.916134491999994],[-45.291686502999994,-23.910312987],[-45.297545697,-23.91240914099999],[-45.30109319,-23.915735964],[-45.30311118099999,-23.915239823999997],[-45.301684645,-23.912847458999995],[-45.304133304,-23.910862825999992],[-45.30272416299999,-23.909972157],[-45.304211152,-23.907955732],[-45.309094505,-23.912179253000005],[-45.311275863999995,-23.911645556],[-45.313603565,-23.913943847000002],[-45.32053322099999,-23.916511015999998],[-45.321368068,-23.914371368999994],[-45.325804219,-23.911921268],[-45.328574970999995,-23.915405318],[-45.332464331,-23.916051764],[-45.338969093,-23.920418105999993],[-45.33905827499999,-23.924147149],[-45.34040850499999,-23.925402853999998],[-45.340075803,-23.924532490999997],[-45.345116614,-23.923507031999996],[-45.34297325699999,-23.919948537999996],[-45.347502897999995,-23.916081747999996],[-45.35138307199999,-23.919343778000002],[-45.351945398999995,-23.922518441999998],[-45.35729371099999,-23.92780117399999],[-45.361116063,-23.928302458],[-45.36428584699999,-23.930450285],[-45.374076036,-23.931292430999996],[-45.38102371499999,-23.929949138],[-45.388507374,-23.932296256],[-45.398148227,-23.932604966999996],[-45.404573308,-23.934727345999995],[-45.407872467,-23.93850042999999],[-45.422702557,-23.93843157099999],[-45.426744254,-23.939414478],[-45.428061317,-23.941180774],[-45.428042002,-23.939308423999993],[-45.432202896999996,-23.939100971999995],[-45.43476468899999,-23.936451477999995],[-45.438580344,-23.936790836],[-45.444322337,-23.934145568999995],[-45.44753496199999,-23.927764547000002],[-45.45055210499999,-23.926747400999993],[-45.451409136,-23.922448908],[-45.455743603,-23.920059825999992],[-45.456003792,-23.917494772],[-45.460388011999996,-23.914199709000002],[-45.459365201999994,-23.910618361999997],[-45.46070239,-23.909046739000004],[-45.458844001,-23.905698590999997],[-45.460032524,-23.903035154999998],[-45.459481102,-23.898588668],[-45.46099520399999,-23.896469466000006],[-45.461498072999994,-23.891276863],[-45.460392145,-23.890238106],[-45.46193459,-23.888146982],[-45.458943848,-23.887152286999996],[-45.45766185,-23.884659035999995],[-45.451688282,-23.884900486000003],[-45.448325656,-23.881891333999995],[-45.44775369599999,-23.879447717],[-45.444196696999995,-23.877789859999996],[-45.444607051999995,-23.875797498999997],[-45.44104224899999,-23.871529708999997],[-45.43487259799999,-23.870202983],[-45.432419587,-23.867318003],[-45.431888087,-23.862112543],[-45.430072184,-23.860175589],[-45.42659669199999,-23.858912664000005],[-45.423337757,-23.860079317999993],[-45.41762172399999,-23.859356775999995],[-45.414288623,-23.854322004],[-45.414424342,-23.851341109999996],[-45.412789751999995,-23.848744857999996],[-45.413754337,-23.847834982],[-45.409473510999995,-23.846112607999995],[-45.407546152,-23.84337987399999],[-45.406338942999994,-23.844366784],[-45.402431234999995,-23.842340085999993],[-45.392595803,-23.831575981999997],[-45.38699528,-23.82877954199999],[-45.376344304,-23.818359702],[-45.375885333999996,-23.819856983999994],[-45.372681615,-23.819433340999993],[-45.370273309999995,-23.814583820999992],[-45.366712084,-23.811324894999995],[-45.364926162,-23.803599254999995],[-45.365754167,-23.796190786999997],[-45.363513080999994,-23.787391895999992],[-45.35836552999999,-23.785031063999995],[-45.358977589999995,-23.77717769199999],[-45.352401476,-23.772905668],[-45.35224904499999,-23.76815658499999],[-45.348871697999996,-23.765350778000002],[-45.35137700000001,-23.759311],[-45.34934754999999,-23.753670596999996],[-45.350271078999995,-23.752152431999995],[-45.34780427100001,-23.748040369000005],[-45.349389777999995,-23.742539860999997],[-45.34336595,-23.736634738],[-45.34147356599999,-23.727789462999993],[-45.333571878,-23.722577471999998]]],[[[-45.443955468,-23.831303286],[-45.443174686,-23.831994834999993],[-45.443714541,-23.832222378],[-45.443955468,-23.831303286]]],[[[-45.393300909,-23.830260609],[-45.392185225,-23.828782302999997],[-45.391742332,-23.828692346999993],[-45.393300909,-23.830260609]]],[[[-45.412977106,-23.827943472999994],[-45.412770743,-23.828284864],[-45.41336945,-23.82836639],[-45.412977106,-23.827943472999994]]],[[[-45.153070155,-23.826630740999995],[-45.15331686299999,-23.828510022],[-45.155892009,-23.828605002999996],[-45.15447292799999,-23.826288136000002],[-45.153070155,-23.826630740999995]]],[[[-45.406363302,-23.816399890000003],[-45.40626903799999,-23.816180788],[-45.406149296,-23.816310720000004],[-45.406363302,-23.816399890000003]]],[[[-45.40752759699999,-23.814873822999996],[-45.406732717,-23.814927325],[-45.406480496,-23.815431766999996],[-45.40752759699999,-23.814873822999996]]],[[[-45.40630470499999,-23.813696789999998],[-45.405711094,-23.813918438999988],[-45.405774785999995,-23.81424709099999],[-45.40630470499999,-23.813696789999998]]],[[[-45.226737494,-23.811436916999998],[-45.226115277,-23.813290401999993],[-45.228326109,-23.814444703],[-45.229437773,-23.812211566],[-45.226737494,-23.811436916999998]]],[[[-45.13783595899999,-23.789875660000003],[-45.140415873,-23.794766031000005],[-45.14012228399999,-23.797065531],[-45.136470183,-23.798277648],[-45.13077437799999,-23.797903865000002],[-45.124165893999994,-23.800524215999996],[-45.12313304799999,-23.802923458],[-45.117571519,-23.802689357000002],[-45.114932472,-23.803805915999998],[-45.116878570999994,-23.806244886999995],[-45.117188029,-23.812272905999993],[-45.121303196,-23.813789933999995],[-45.124490943999994,-23.81092171599999],[-45.132418308999995,-23.809306945],[-45.147062095,-23.81761918300001],[-45.147940638,-23.813691498999994],[-45.1520481,-23.810816184000004],[-45.156449718999994,-23.810453727],[-45.15697346099999,-23.804328222999995],[-45.157609098,-23.803251174],[-45.161314481,-23.803005112999998],[-45.160654694,-23.801779389999993],[-45.14800401,-23.791398795999996],[-45.13783595899999,-23.789875660000003]]],[[[-45.28861097499999,-23.592593784],[-45.285375210999995,-23.594307565999998],[-45.280999787,-23.592816774999996],[-45.279906499,-23.595858113],[-45.28279621499999,-23.598912713999997],[-45.28272535199999,-23.601107281999997],[-45.285087126,-23.599346866999998],[-45.289651554,-23.602021278999995],[-45.29557467,-23.601616706999994],[-45.295653382,-23.598682410999995],[-45.293390853999995,-23.595166962999997],[-45.28861097499999,-23.592593784]]],[[[-45.309419422,-23.585927483999996],[-45.309976348,-23.58716573],[-45.310513418,-23.58612975],[-45.309419422,-23.585927483999996]]],[[[-45.31236620999999,-23.58411808],[-45.312111281,-23.581692297000004],[-45.310948472,-23.581284008999994],[-45.310450597999996,-23.583745750000002],[-45.31236620999999,-23.58411808]]],[[[-45.15488451299999,-23.560881671],[-45.15142933,-23.564001514],[-45.152036695,-23.565631136],[-45.150113208,-23.565541966],[-45.14869429699999,-23.567613346],[-45.146385865,-23.567265112000005],[-45.144645156,-23.569528884],[-45.145202844,-23.571338326999992],[-45.14705312299999,-23.571792597000005],[-45.151494705999994,-23.568231964],[-45.157292852,-23.573614402999993],[-45.158006151,-23.570707742],[-45.16268031,-23.569962929],[-45.163313958,-23.567558026],[-45.158478474,-23.562447563999996],[-45.157965984,-23.560172671],[-45.15488451299999,-23.560881671]]],[[[-45.150772855999996,-23.558227753000004],[-45.151797392000006,-23.559405086999995],[-45.151553293999996,-23.558029434],[-45.150772855999996,-23.558227753000004]]],[[[-45.155575672999994,-23.550301781],[-45.15504730999999,-23.550020316],[-45.155353463999994,-23.550765951],[-45.155575672999994,-23.550301781]]],[[[-45.215327301,-23.548939887000007],[-45.216261194999994,-23.550815763],[-45.218821646,-23.550856273],[-45.218139089999994,-23.549621855],[-45.215327301,-23.548939887000007]]],[[[-45.154718303,-23.548330605999993],[-45.15570181700001,-23.547824578999993],[-45.155852107,-23.547230712000008],[-45.154860511,-23.546897636000004],[-45.154718303,-23.548330605999993]]],[[[-45.154390557999996,-23.533957069999992],[-45.153827629,-23.533512652000002],[-45.154197977,-23.534164465999996],[-45.154390557999996,-23.533957069999992]]],[[[-45.211172605,-23.532350281999992],[-45.21064104999999,-23.533548235000005],[-45.213793968,-23.533131290999997],[-45.214294342,-23.531886079000003],[-45.211172605,-23.532350281999992]]],[[[-45.102618985,-23.499286166999998],[-45.101950263999996,-23.499020967],[-45.102234387,-23.499637572],[-45.102618985,-23.499286166999998]]],[[[-45.01754487,-23.738752640999998],[-45.01363816800001,-23.741713033999993],[-45.016690069999996,-23.748961348000005],[-45.008440027,-23.747496652],[-45.007027145,-23.75169637799999],[-45.010094759000005,-23.758330096000005],[-45.01475122000001,-23.761257728000004],[-45.01495839999999,-23.759615509999996],[-45.018765327,-23.758584713],[-45.016754653,-23.754934593000005],[-45.01727292699999,-23.750707282000004],[-45.021632865,-23.74913835499999],[-45.02384788999999,-23.746275827999995],[-45.021974828,-23.743518281999997],[-45.023237439999996,-23.740469617],[-45.01754487,-23.738752640999998]]],[[[-45.029720457,-23.736495339],[-45.032852804,-23.739641887999994],[-45.033863764,-23.738995674999998],[-45.029720457,-23.736495339]]],[[[-45.02000666899999,-23.735522634999995],[-45.022516087999996,-23.739952573999997],[-45.024320255,-23.739989451999993],[-45.02537968099999,-23.737167538999994],[-45.02092518,-23.734382420000003],[-45.02000666899999,-23.735522634999995]]],[[[-45.076503809,-23.562377606999995],[-45.075869048,-23.56330257899999],[-45.078771947999996,-23.564705066999995],[-45.07928791199999,-23.563118155],[-45.076503809,-23.562377606999995]]],[[[-45.024331089,-23.549979532999995],[-45.024573282000006,-23.549715241],[-45.024392079,-23.549663089999992],[-45.024331089,-23.549979532999995]]],[[[-45.024430791,-23.544373984000003],[-45.026164382,-23.547625333],[-45.03212341399999,-23.549039152999995],[-45.032985404,-23.548219412000005],[-45.026336522,-23.544115322],[-45.024430791,-23.544373984000003]]],[[[-45.080673726,-23.526167032],[-45.078175229,-23.528776069999992],[-45.076315249,-23.529087772000004],[-45.07775144399999,-23.53610512699999],[-45.069872231,-23.539613981999995],[-45.064061422,-23.538628281],[-45.06068688599999,-23.534043221999994],[-45.060917902,-23.530117943999997],[-45.059201931,-23.526856202999994],[-45.05311906200001,-23.528381033999995],[-45.050848192,-23.527663296],[-45.04824708699999,-23.531214577],[-45.04455114100001,-23.531503198999992],[-45.045460415,-23.534518096],[-45.040131203,-23.533162748],[-45.03926273199999,-23.534301873],[-45.04081068,-23.541187136999994],[-45.046160023,-23.543027192],[-45.049730009,-23.545963418000003],[-45.05671550299999,-23.545545647000004],[-45.05946720899999,-23.550116206],[-45.065216317,-23.55551145800001],[-45.06702931,-23.555174163],[-45.070368343999995,-23.557323281000006],[-45.07238707799999,-23.556831961999993],[-45.077700556,-23.561239391000004],[-45.08190257,-23.554013157],[-45.077650547,-23.546209994],[-45.079635235999994,-23.545390574000006],[-45.079832135,-23.540857071],[-45.083577749,-23.538767552000003],[-45.082613447,-23.535730060999995],[-45.079700782,-23.533704261999997],[-45.080673726,-23.526167032]]],[[[-45.02314401400001,-23.543403424],[-45.022961309,-23.54364044699999],[-45.02321808399999,-23.543650322999998],[-45.02314401400001,-23.543403424]]],[[[-45.041877741,-23.518722748999995],[-45.04121915699999,-23.516377991],[-45.03989746399999,-23.516971188000003],[-45.041877741,-23.518722748999995]]],[[[-45.052473275,-23.468639331999995],[-45.05262693499999,-23.468218366999995],[-45.052177159,-23.468082314000004],[-45.052473275,-23.468639331999995]]],[[[-45.05827074599999,-23.467843821],[-45.0584084,-23.468346416999996],[-45.05879735199999,-23.468136735000005],[-45.05827074599999,-23.467843821]]],[[[-44.90160389,-23.426408024],[-44.90582921199999,-23.426571850999995],[-44.90115311999999,-23.424263773999996],[-44.90160389,-23.426408024]]],[[[-44.859979716,-23.421658814999997],[-44.861173128999994,-23.423701581999993],[-44.861867794,-23.422882716],[-44.859979716,-23.421658814999997]]],[[[-44.852468759999994,-23.408688521999995],[-44.853672252,-23.416361744],[-44.849541264,-23.420977195000003],[-44.85238839499999,-23.422641660999997],[-44.85359675899999,-23.426600967999995],[-44.857701184,-23.424301271999994],[-44.85964211499999,-23.425129902],[-44.854364110999995,-23.420119714000002],[-44.855752003,-23.416428437999997],[-44.85394828599999,-23.414857126],[-44.852468759999994,-23.408688521999995]]],[[[-45.00862309199999,-23.413687338],[-45.008138347,-23.413166486],[-45.00812671,-23.413611612999993],[-45.00862309199999,-23.413687338]]],[[[-44.93593099,-23.412324809],[-44.93587639399999,-23.412589989],[-44.93610257699999,-23.412543193],[-44.93593099,-23.412324809]]],[[[-44.850502477,-23.405202726000002],[-44.85036339,-23.403880035],[-44.849391622999995,-23.404001723],[-44.849533325,-23.404837546],[-44.850502477,-23.405202726000002]]],[[[-44.89694820999999,-23.403155295999998],[-44.897834743,-23.402726328],[-44.897468171,-23.402279162],[-44.89694820999999,-23.403155295999998]]],[[[-44.856591949,-23.399935828],[-44.85558889199999,-23.398710452999993],[-44.854734254,-23.399118371999993],[-44.856591949,-23.399935828]]],[[[-44.851339671,-23.399918342999992],[-44.85013089099999,-23.402080092999995],[-44.85208037799999,-23.403197716999994],[-44.854196414,-23.398100346],[-44.847188357,-23.39452792],[-44.846687,-23.396304081000004],[-44.851339671,-23.399918342999992]]],[[[-44.93871538100001,-23.39079062199999],[-44.938357908,-23.390912813000003],[-44.938872669999995,-23.391110397999995],[-44.93871538100001,-23.39079062199999]]],[[[-44.888252744999996,-23.389536375000002],[-44.88868737899999,-23.38846962199999],[-44.887069285,-23.388698911],[-44.887024677,-23.388852938999996],[-44.888252744999996,-23.389536375000002]]],[[[-44.936599591000004,-23.388435239],[-44.938809845,-23.388893698000004],[-44.938930056,-23.387776647],[-44.936078959,-23.386909942999996],[-44.936599591000004,-23.388435239]]],[[[-44.94658150099999,-23.382779889],[-44.940386268999994,-23.383432995999993],[-44.942070196,-23.38646439],[-44.95074420099999,-23.388567630000004],[-44.94687132999999,-23.384680353999997],[-44.94658150099999,-23.382779889]]],[[[-44.935222543,-23.38463948299999],[-44.935035357,-23.384891664],[-44.935284938,-23.384912461999992],[-44.935222543,-23.38463948299999]]],[[[-44.887364922,-23.384526609999995],[-44.888509759,-23.385584403999996],[-44.889305633,-23.38556429],[-44.88882579,-23.383718255999998],[-44.887364922,-23.384526609999995]]],[[[-44.902789082,-23.375244058],[-44.89765781999999,-23.37620091999999],[-44.90209280999999,-23.377686183999995],[-44.903756374,-23.379750400999992],[-44.907121409,-23.380237010999995],[-44.906365804,-23.377567177999996],[-44.902789082,-23.375244058]]],[[[-44.892512639,-23.353159026],[-44.893051081,-23.352852291],[-44.892537866,-23.352654879999996],[-44.892512639,-23.353159026]]],[[[-44.902579182,-23.351634338],[-44.903788090999996,-23.353215892999998],[-44.904864863,-23.352684306999993],[-44.903613117999996,-23.351078611],[-44.902579182,-23.351634338]]],[[[-44.908103929,-23.337231278000004],[-44.908938179,-23.336407536000003],[-44.908566995,-23.336237596999997],[-44.908103929,-23.337231278000004]]]]}}]}
